StartNumber,SecondAoA,SecondGapSize,SecondGapAngle,ThirdAoA,ThirdGapSize,ThirdGapAngle
132,13.95675054,71.71504191,149.3232189,49.85049085,110.6514818,134.340923
133,-1.743908369,24.21734392,149.7073737,27.49546643,59.51314618,116.635649
134,-1.653812712,23.07676284,146.3279797,26.30343566,55.39209068,115.6636013
135,2.682381753,36.58112008,147.1433653,32.83684094,70.72177195,120.8472712
136,4.505652968,43.17054114,149.6636501,36.43731317,80.01331466,123.7187515
137,-0.639157813,26.83394243,147.94283,28.38984689,60.84049878,117.3305086
