WO,,,,,,
156,21.95864659,36.85977107,106.2995943,59.96606685,7.403739919,112.5274557
157,23.16870399,39.01597415,106.2336695,55.63662852,7.40182331,111.1680131
158,29.59999962,8.903859479,101.8238189,59.9659886,7.40182331,106.3839647
159,22.02872693,36.68732373,106.7051882,59.96606685,7.40182331,112.6965196
160,23.22436729,38.98793435,106.4051532,55.5503183,7.405445863,111.162254
