4/24/2026 1:08:16 PM,4,Info,WT8-GUI,83109313,,Autoconvert of C:\Data\_Facility\DE9956_Ohio State University FSAE_aero_3_240426_092310\P1.dat complete.
4/24/2026 1:08:20 PM,4,Info,WT8-GUI,83109314,,Autoconvert of C:\Data\_Facility\DE9956_Ohio State University FSAE_aero_3_240426_092310\C1.dat complete.
4/24/2026 1:08:27 PM,202,Warning,WT8-GUI,83109315,HM,Overscaled Channel detected at Tag AI_Volts_Shunt_000
4/24/2026 1:08:27 PM,202,Warning,WT8-GUI,83109316,HM,Overscaled Channel detected at Tag AI_Volts_Shunt_001
4/24/2026 1:08:27 PM,202,Warning,WT8-GUI,83109317,HM,Overscaled Channel detected at Tag AI_Volts_Shunt_003
4/24/2026 1:08:27 PM,202,Warning,WT8-GUI,83109318,HM,Overscaled Channel detected at Tag AI_Volts_Shunt_004
4/24/2026 1:08:27 PM,202,Warning,WT8-GUI,83109319,HM,Overscaled Channel detected at Tag AI_TK_026
4/24/2026 1:08:27 PM,202,Warning,WT8-GUI,83109320,HM,Overscaled Channel detected at Tag AI_TK_027
4/24/2026 1:08:27 PM,202,Warning,WT8-GUI,83109321,HM,Overscaled Channel detected at Tag AI_TK_028
4/24/2026 1:08:27 PM,202,Warning,WT8-GUI,83109322,HM,Overscaled Channel detected at Tag AI_TK_003
4/24/2026 1:08:27 PM,202,Warning,WT8-GUI,83109323,HM,Overscaled Channel detected at Tag AI_TT_002
4/24/2026 1:08:27 PM,202,Warning,WT8-GUI,83109324,HM,Overscaled Channel detected at Tag AI_TT_029
4/24/2026 1:08:27 PM,202,Warning,WT8-GUI,83109325,HM,Overscaled Channel detected at Tag AI_TT_030
4/24/2026 1:08:27 PM,202,Warning,WT8-GUI,83109326,HM,Overscaled Channel detected at Tag AI_TT_003
4/24/2026 1:08:27 PM,202,Warning,WT8-GUI,83109327,HM,Overscaled Channel detected at Tag AI_TT_007
4/24/2026 1:08:27 PM,202,Warning,WT8-GUI,83109328,HM,Overscaled Channel detected at Tag AI_TT_008
4/24/2026 1:08:27 PM,202,Warning,WT8-GUI,83109329,HM,Overscaled Channel detected at Tag AI_Volts_Shunt_006
4/24/2026 1:08:27 PM,202,Warning,WT8-GUI,83109330,HM,Overscaled Channel detected at Tag AI_Volts_Shunt_007
4/24/2026 1:08:27 PM,202,Warning,WT8-GUI,83109331,HM,Overscaled Channel detected at Tag AI_Volts_Shunt_008
4/24/2026 1:08:27 PM,202,Warning,WT8-GUI,83109332,HM,Overscaled Channel detected at Tag AI_Volts_Shunt_009
4/24/2026 1:08:27 PM,202,Warning,WT8-GUI,83109333,HM,Overscaled Channel detected at Tag AI_TK_015
4/24/2026 1:08:27 PM,202,Warning,WT8-GUI,83109334,HM,Overscaled Channel detected at Tag AI_TK_016
4/24/2026 1:08:27 PM,202,Warning,WT8-GUI,83109335,HM,Overscaled Channel detected at Tag AI_TK_017
4/24/2026 1:08:27 PM,202,Warning,WT8-GUI,83109336,HM,Overscaled Channel detected at Tag AI_TK_018
4/24/2026 1:08:27 PM,202,Warning,WT8-GUI,83109337,HM,Overscaled Channel detected at Tag AI_TK_001
4/24/2026 1:08:27 PM,202,Warning,WT8-GUI,83109338,HM,Overscaled Channel detected at Tag AI_TK_019
4/24/2026 1:08:27 PM,202,Warning,WT8-GUI,83109339,HM,Overscaled Channel detected at Tag AI_TK_020
4/24/2026 1:08:27 PM,202,Warning,WT8-GUI,83109340,HM,Overscaled Channel detected at Tag AI_TK_021
4/24/2026 1:08:27 PM,202,Warning,WT8-GUI,83109341,HM,Overscaled Channel detected at Tag AI_TK_022
4/24/2026 1:08:27 PM,202,Warning,WT8-GUI,83109342,HM,Overscaled Channel detected at Tag AI_TT_019
4/24/2026 1:08:27 PM,202,Warning,WT8-GUI,83109343,HM,Overscaled Channel detected at Tag AI_TK_000
4/24/2026 1:08:27 PM,202,Warning,WT8-GUI,83109344,HM,Overscaled Channel detected at Tag AI_TK_009
4/24/2026 1:08:27 PM,202,Warning,WT8-GUI,83109345,HM,Overscaled Channel detected at Tag AI_TK_010
4/24/2026 1:08:27 PM,202,Warning,WT8-GUI,83109346,HM,Overscaled Channel detected at Tag AI_TK_011
4/24/2026 1:08:27 PM,202,Warning,WT8-GUI,83109347,HM,Overscaled Channel detected at Tag AI_TK_012
4/24/2026 1:08:27 PM,202,Warning,WT8-GUI,83109348,HM,Overscaled Channel detected at Tag AI_TK_013
4/24/2026 1:08:27 PM,202,Warning,WT8-GUI,83109349,HM,Overscaled Channel detected at Tag AI_TK_014
4/24/2026 1:08:27 PM,202,Warning,WT8-GUI,83109350,HM,Overscaled Channel detected at Tag AI_TK_023
4/24/2026 1:08:27 PM,202,Warning,WT8-GUI,83109351,HM,Overscaled Channel detected at Tag AI_TK_024
4/24/2026 1:08:27 PM,202,Warning,WT8-GUI,83109352,HM,Overscaled Channel detected at Tag AI_TK_025
4/24/2026 1:08:27 PM,202,Warning,WT8-GUI,83109353,HM,Overscaled Channel detected at Tag AI_TK_002
4/24/2026 1:08:27 PM,202,Warning,WT8-GUI,83109354,HM,Overscaled Channel detected at Tag AI_TK_029
4/24/2026 1:08:27 PM,202,Warning,WT8-GUI,83109355,HM,Overscaled Channel detected at Tag AI_TK_030
4/24/2026 1:08:27 PM,202,Warning,WT8-GUI,83109356,HM,Overscaled Channel detected at Tag AI_TK_004
4/24/2026 1:08:27 PM,202,Warning,WT8-GUI,83109357,HM,Overscaled Channel detected at Tag AI_TK_005
4/24/2026 1:08:27 PM,202,Warning,WT8-GUI,83109358,HM,Overscaled Channel detected at Tag AI_TK_006
4/24/2026 1:08:27 PM,202,Warning,WT8-GUI,83109359,HM,Overscaled Channel detected at Tag AI_TK_007
4/24/2026 1:08:27 PM,202,Warning,WT8-GUI,83109360,HM,Overscaled Channel detected at Tag AI_TK_008
4/24/2026 1:08:27 PM,202,Warning,WT8-GUI,83109361,HM,Overscaled Channel detected at Tag AI_Volts_Shunt_010
4/24/2026 1:08:27 PM,202,Warning,WT8-GUI,83109362,HM,Overscaled Channel detected at Tag AI_Volts_Shunt_011
4/24/2026 1:08:27 PM,202,Warning,WT8-GUI,83109363,HM,Overscaled Channel detected at Tag AI_Volts_Shunt_012
4/24/2026 1:08:27 PM,202,Warning,WT8-GUI,83109364,HM,Overscaled Channel detected at Tag AI_Volts_Shunt_013
4/24/2026 1:08:27 PM,202,Warning,WT8-GUI,83109365,HM,Overscaled Channel detected at Tag AI_Volts_Shunt_014
4/24/2026 1:08:27 PM,202,Warning,WT8-GUI,83109366,HM,Overscaled Channel detected at Tag AI_Volts_Shunt_015
4/24/2026 1:08:27 PM,202,Warning,WT8-GUI,83109367,HM,Overscaled Channel detected at Tag AI_Strain_000
4/24/2026 1:08:27 PM,202,Warning,WT8-GUI,83109368,HM,Overscaled Channel detected at Tag AI_Strain_001
4/24/2026 1:08:27 PM,202,Warning,WT8-GUI,83109369,HM,Overscaled Channel detected at Tag AI_Strain_002
4/24/2026 1:08:27 PM,202,Warning,WT8-GUI,83109370,HM,Overscaled Channel detected at Tag AI_Strain_003
4/24/2026 1:08:27 PM,202,Warning,WT8-GUI,83109371,HM,Overscaled Channel detected at Tag AI_Strain_004
4/24/2026 1:08:27 PM,202,Warning,WT8-GUI,83109372,HM,Overscaled Channel detected at Tag AI_Strain_005
4/24/2026 1:08:27 PM,202,Warning,WT8-GUI,83109373,HM,Overscaled Channel detected at Tag AI_Strain_006
4/24/2026 1:08:27 PM,202,Warning,WT8-GUI,83109374,HM,Overscaled Channel detected at Tag AI_Strain_007
4/24/2026 1:08:27 PM,202,Warning,WT8-GUI,83109375,HM,Overscaled Channel detected at Tag AI_TT_000
4/24/2026 1:08:27 PM,202,Warning,WT8-GUI,83109376,HM,Overscaled Channel detected at Tag AI_TT_009
4/24/2026 1:08:27 PM,202,Warning,WT8-GUI,83109377,HM,Overscaled Channel detected at Tag AI_TT_010
4/24/2026 1:08:27 PM,202,Warning,WT8-GUI,83109378,HM,Overscaled Channel detected at Tag AI_TT_011
4/24/2026 1:08:27 PM,202,Warning,WT8-GUI,83109379,HM,Overscaled Channel detected at Tag AI_TT_012
4/24/2026 1:08:27 PM,202,Warning,WT8-GUI,83109380,HM,Overscaled Channel detected at Tag AI_TT_013
4/24/2026 1:08:27 PM,202,Warning,WT8-GUI,83109381,HM,Overscaled Channel detected at Tag AI_TT_014
4/24/2026 1:08:27 PM,202,Warning,WT8-GUI,83109382,HM,Overscaled Channel detected at Tag AI_TT_015
4/24/2026 1:08:27 PM,202,Warning,WT8-GUI,83109383,HM,Overscaled Channel detected at Tag AI_TT_016
4/24/2026 1:08:27 PM,202,Warning,WT8-GUI,83109384,HM,Overscaled Channel detected at Tag AI_TT_017
4/24/2026 1:08:27 PM,202,Warning,WT8-GUI,83109385,HM,Overscaled Channel detected at Tag AI_TT_018
4/24/2026 1:08:27 PM,202,Warning,WT8-GUI,83109386,HM,Overscaled Channel detected at Tag AI_TT_001
4/24/2026 1:08:27 PM,202,Warning,WT8-GUI,83109387,HM,Overscaled Channel detected at Tag AI_TT_020
4/24/2026 1:08:27 PM,202,Warning,WT8-GUI,83109388,HM,Overscaled Channel detected at Tag AI_TT_021
4/24/2026 1:08:27 PM,202,Warning,WT8-GUI,83109389,HM,Overscaled Channel detected at Tag AI_TT_022
4/24/2026 1:08:27 PM,202,Warning,WT8-GUI,83109390,HM,Overscaled Channel detected at Tag AI_TT_023
4/24/2026 1:08:27 PM,202,Warning,WT8-GUI,83109391,HM,Overscaled Channel detected at Tag AI_TT_024
4/24/2026 1:08:27 PM,202,Warning,WT8-GUI,83109392,HM,Overscaled Channel detected at Tag AI_TT_025
4/24/2026 1:08:27 PM,202,Warning,WT8-GUI,83109393,HM,Overscaled Channel detected at Tag AI_TT_026
4/24/2026 1:08:27 PM,202,Warning,WT8-GUI,83109394,HM,Overscaled Channel detected at Tag AI_TT_027
4/24/2026 1:08:27 PM,202,Warning,WT8-GUI,83109395,HM,Overscaled Channel detected at Tag AI_TT_028
4/24/2026 1:08:27 PM,202,Warning,WT8-GUI,83109396,HM,Overscaled Channel detected at Tag AI_TT_004
4/24/2026 1:08:27 PM,202,Warning,WT8-GUI,83109397,HM,Overscaled Channel detected at Tag AI_TT_005
4/24/2026 1:08:27 PM,202,Warning,WT8-GUI,83109398,HM,Overscaled Channel detected at Tag AI_TT_006
4/24/2026 1:08:43 PM,97,Info,WT8-GUI,83109399,DATASTORE,"Group 1 (Record 1) data storage initiated:  Duration Continuous, Samples to Average 1, Rate 0 min 1.00 secs ."
4/24/2026 1:09:10 PM,301005,Warning,WT8-GUI,83109400,OPC,OPC Server Graybox.Simulator.1 on host localhost has not updated data in 226 minute(s).
4/24/2026 1:09:27 PM,202,Warning,WT8-GUI,83109401,HM,Overscaled Channel detected at Tag AI_Volts_Shunt_000
4/24/2026 1:09:27 PM,202,Warning,WT8-GUI,83109402,HM,Overscaled Channel detected at Tag AI_Volts_Shunt_001
4/24/2026 1:09:27 PM,202,Warning,WT8-GUI,83109403,HM,Overscaled Channel detected at Tag AI_Volts_Shunt_003
4/24/2026 1:09:27 PM,202,Warning,WT8-GUI,83109404,HM,Overscaled Channel detected at Tag AI_Volts_Shunt_004
4/24/2026 1:09:27 PM,202,Warning,WT8-GUI,83109405,HM,Overscaled Channel detected at Tag AI_TK_026
4/24/2026 1:09:27 PM,202,Warning,WT8-GUI,83109406,HM,Overscaled Channel detected at Tag AI_TK_027
4/24/2026 1:09:27 PM,202,Warning,WT8-GUI,83109407,HM,Overscaled Channel detected at Tag AI_TK_028
4/24/2026 1:09:27 PM,202,Warning,WT8-GUI,83109408,HM,Overscaled Channel detected at Tag AI_TK_003
4/24/2026 1:09:27 PM,202,Warning,WT8-GUI,83109409,HM,Overscaled Channel detected at Tag AI_TT_002
4/24/2026 1:09:27 PM,202,Warning,WT8-GUI,83109410,HM,Overscaled Channel detected at Tag AI_TT_029
4/24/2026 1:09:27 PM,202,Warning,WT8-GUI,83109411,HM,Overscaled Channel detected at Tag AI_TT_030
4/24/2026 1:09:27 PM,202,Warning,WT8-GUI,83109412,HM,Overscaled Channel detected at Tag AI_TT_003
4/24/2026 1:09:27 PM,202,Warning,WT8-GUI,83109413,HM,Overscaled Channel detected at Tag AI_TT_007
4/24/2026 1:09:27 PM,202,Warning,WT8-GUI,83109414,HM,Overscaled Channel detected at Tag AI_TT_008
4/24/2026 1:09:27 PM,202,Warning,WT8-GUI,83109415,HM,Overscaled Channel detected at Tag AI_Volts_Shunt_006
4/24/2026 1:09:27 PM,202,Warning,WT8-GUI,83109416,HM,Overscaled Channel detected at Tag AI_Volts_Shunt_007
4/24/2026 1:09:27 PM,202,Warning,WT8-GUI,83109417,HM,Overscaled Channel detected at Tag AI_Volts_Shunt_008
4/24/2026 1:09:27 PM,202,Warning,WT8-GUI,83109418,HM,Overscaled Channel detected at Tag AI_Volts_Shunt_009
4/24/2026 1:09:27 PM,202,Warning,WT8-GUI,83109419,HM,Overscaled Channel detected at Tag AI_TK_015
4/24/2026 1:09:27 PM,202,Warning,WT8-GUI,83109420,HM,Overscaled Channel detected at Tag AI_TK_016
4/24/2026 1:09:27 PM,202,Warning,WT8-GUI,83109421,HM,Overscaled Channel detected at Tag AI_TK_017
4/24/2026 1:09:27 PM,202,Warning,WT8-GUI,83109422,HM,Overscaled Channel detected at Tag AI_TK_018
4/24/2026 1:09:27 PM,202,Warning,WT8-GUI,83109423,HM,Overscaled Channel detected at Tag AI_TK_001
4/24/2026 1:09:27 PM,202,Warning,WT8-GUI,83109424,HM,Overscaled Channel detected at Tag AI_TK_019
4/24/2026 1:09:27 PM,202,Warning,WT8-GUI,83109425,HM,Overscaled Channel detected at Tag AI_TK_020
4/24/2026 1:09:27 PM,202,Warning,WT8-GUI,83109426,HM,Overscaled Channel detected at Tag AI_TK_021
4/24/2026 1:09:27 PM,202,Warning,WT8-GUI,83109427,HM,Overscaled Channel detected at Tag AI_TK_022
4/24/2026 1:09:27 PM,202,Warning,WT8-GUI,83109428,HM,Overscaled Channel detected at Tag AI_TT_019
4/24/2026 1:09:27 PM,202,Warning,WT8-GUI,83109429,HM,Overscaled Channel detected at Tag AI_TK_000
4/24/2026 1:09:27 PM,202,Warning,WT8-GUI,83109430,HM,Overscaled Channel detected at Tag AI_TK_009
4/24/2026 1:09:27 PM,202,Warning,WT8-GUI,83109431,HM,Overscaled Channel detected at Tag AI_TK_010
4/24/2026 1:09:27 PM,202,Warning,WT8-GUI,83109432,HM,Overscaled Channel detected at Tag AI_TK_011
4/24/2026 1:09:27 PM,202,Warning,WT8-GUI,83109433,HM,Overscaled Channel detected at Tag AI_TK_012
4/24/2026 1:09:27 PM,202,Warning,WT8-GUI,83109434,HM,Overscaled Channel detected at Tag AI_TK_013
4/24/2026 1:09:27 PM,202,Warning,WT8-GUI,83109435,HM,Overscaled Channel detected at Tag AI_TK_014
4/24/2026 1:09:27 PM,202,Warning,WT8-GUI,83109436,HM,Overscaled Channel detected at Tag AI_TK_023
4/24/2026 1:09:27 PM,202,Warning,WT8-GUI,83109437,HM,Overscaled Channel detected at Tag AI_TK_024
4/24/2026 1:09:27 PM,202,Warning,WT8-GUI,83109438,HM,Overscaled Channel detected at Tag AI_TK_025
4/24/2026 1:09:27 PM,202,Warning,WT8-GUI,83109439,HM,Overscaled Channel detected at Tag AI_TK_002
4/24/2026 1:09:27 PM,202,Warning,WT8-GUI,83109440,HM,Overscaled Channel detected at Tag AI_TK_029
4/24/2026 1:09:27 PM,202,Warning,WT8-GUI,83109441,HM,Overscaled Channel detected at Tag AI_TK_030
4/24/2026 1:09:27 PM,202,Warning,WT8-GUI,83109442,HM,Overscaled Channel detected at Tag AI_TK_004
4/24/2026 1:09:27 PM,202,Warning,WT8-GUI,83109443,HM,Overscaled Channel detected at Tag AI_TK_005
4/24/2026 1:09:27 PM,202,Warning,WT8-GUI,83109444,HM,Overscaled Channel detected at Tag AI_TK_006
4/24/2026 1:09:27 PM,202,Warning,WT8-GUI,83109445,HM,Overscaled Channel detected at Tag AI_TK_007
4/24/2026 1:09:27 PM,202,Warning,WT8-GUI,83109446,HM,Overscaled Channel detected at Tag AI_TK_008
4/24/2026 1:09:27 PM,202,Warning,WT8-GUI,83109447,HM,Overscaled Channel detected at Tag AI_Volts_Shunt_010
4/24/2026 1:09:27 PM,202,Warning,WT8-GUI,83109448,HM,Overscaled Channel detected at Tag AI_Volts_Shunt_011
4/24/2026 1:09:27 PM,202,Warning,WT8-GUI,83109449,HM,Overscaled Channel detected at Tag AI_Volts_Shunt_012
4/24/2026 1:09:27 PM,202,Warning,WT8-GUI,83109450,HM,Overscaled Channel detected at Tag AI_Volts_Shunt_013
4/24/2026 1:09:27 PM,202,Warning,WT8-GUI,83109451,HM,Overscaled Channel detected at Tag AI_Volts_Shunt_014
4/24/2026 1:09:27 PM,202,Warning,WT8-GUI,83109452,HM,Overscaled Channel detected at Tag AI_Volts_Shunt_015
4/24/2026 1:09:27 PM,202,Warning,WT8-GUI,83109453,HM,Overscaled Channel detected at Tag AI_Strain_000
4/24/2026 1:09:27 PM,202,Warning,WT8-GUI,83109454,HM,Overscaled Channel detected at Tag AI_Strain_001
4/24/2026 1:09:27 PM,202,Warning,WT8-GUI,83109455,HM,Overscaled Channel detected at Tag AI_Strain_002
4/24/2026 1:09:27 PM,202,Warning,WT8-GUI,83109456,HM,Overscaled Channel detected at Tag AI_Strain_003
4/24/2026 1:09:27 PM,202,Warning,WT8-GUI,83109457,HM,Overscaled Channel detected at Tag AI_Strain_004
4/24/2026 1:09:27 PM,202,Warning,WT8-GUI,83109458,HM,Overscaled Channel detected at Tag AI_Strain_005
4/24/2026 1:09:27 PM,202,Warning,WT8-GUI,83109459,HM,Overscaled Channel detected at Tag AI_Strain_006
4/24/2026 1:09:27 PM,202,Warning,WT8-GUI,83109460,HM,Overscaled Channel detected at Tag AI_Strain_007
4/24/2026 1:09:27 PM,202,Warning,WT8-GUI,83109461,HM,Overscaled Channel detected at Tag AI_TT_000
4/24/2026 1:09:27 PM,202,Warning,WT8-GUI,83109462,HM,Overscaled Channel detected at Tag AI_TT_009
4/24/2026 1:09:27 PM,202,Warning,WT8-GUI,83109463,HM,Overscaled Channel detected at Tag AI_TT_010
4/24/2026 1:09:27 PM,202,Warning,WT8-GUI,83109464,HM,Overscaled Channel detected at Tag AI_TT_011
4/24/2026 1:09:27 PM,202,Warning,WT8-GUI,83109465,HM,Overscaled Channel detected at Tag AI_TT_012
4/24/2026 1:09:27 PM,202,Warning,WT8-GUI,83109466,HM,Overscaled Channel detected at Tag AI_TT_013
4/24/2026 1:09:27 PM,202,Warning,WT8-GUI,83109467,HM,Overscaled Channel detected at Tag AI_TT_014
4/24/2026 1:09:27 PM,202,Warning,WT8-GUI,83109468,HM,Overscaled Channel detected at Tag AI_TT_015
4/24/2026 1:09:27 PM,202,Warning,WT8-GUI,83109469,HM,Overscaled Channel detected at Tag AI_TT_016
4/24/2026 1:09:27 PM,202,Warning,WT8-GUI,83109470,HM,Overscaled Channel detected at Tag AI_TT_017
4/24/2026 1:09:27 PM,202,Warning,WT8-GUI,83109471,HM,Overscaled Channel detected at Tag AI_TT_018
4/24/2026 1:09:27 PM,202,Warning,WT8-GUI,83109472,HM,Overscaled Channel detected at Tag AI_TT_001
4/24/2026 1:09:27 PM,202,Warning,WT8-GUI,83109473,HM,Overscaled Channel detected at Tag AI_TT_020
4/24/2026 1:09:27 PM,202,Warning,WT8-GUI,83109474,HM,Overscaled Channel detected at Tag AI_TT_021
4/24/2026 1:09:27 PM,202,Warning,WT8-GUI,83109475,HM,Overscaled Channel detected at Tag AI_TT_022
4/24/2026 1:09:27 PM,202,Warning,WT8-GUI,83109476,HM,Overscaled Channel detected at Tag AI_TT_023
4/24/2026 1:09:27 PM,202,Warning,WT8-GUI,83109477,HM,Overscaled Channel detected at Tag AI_TT_024
4/24/2026 1:09:27 PM,202,Warning,WT8-GUI,83109478,HM,Overscaled Channel detected at Tag AI_TT_025
4/24/2026 1:09:27 PM,202,Warning,WT8-GUI,83109479,HM,Overscaled Channel detected at Tag AI_TT_026
4/24/2026 1:09:27 PM,202,Warning,WT8-GUI,83109480,HM,Overscaled Channel detected at Tag AI_TT_027
4/24/2026 1:09:27 PM,202,Warning,WT8-GUI,83109481,HM,Overscaled Channel detected at Tag AI_TT_028
4/24/2026 1:09:27 PM,202,Warning,WT8-GUI,83109482,HM,Overscaled Channel detected at Tag AI_TT_004
4/24/2026 1:09:27 PM,202,Warning,WT8-GUI,83109483,HM,Overscaled Channel detected at Tag AI_TT_005
4/24/2026 1:09:27 PM,202,Warning,WT8-GUI,83109484,HM,Overscaled Channel detected at Tag AI_TT_006
4/24/2026 1:10:10 PM,301005,Warning,WT8-GUI,83109485,OPC,OPC Server Graybox.Simulator.1 on host localhost has not updated data in 227 minute(s).
4/24/2026 1:10:27 PM,202,Warning,WT8-GUI,83109486,HM,Overscaled Channel detected at Tag AI_Volts_Shunt_000
4/24/2026 1:10:27 PM,202,Warning,WT8-GUI,83109487,HM,Overscaled Channel detected at Tag AI_Volts_Shunt_001
4/24/2026 1:10:27 PM,202,Warning,WT8-GUI,83109488,HM,Overscaled Channel detected at Tag AI_Volts_Shunt_003
4/24/2026 1:10:27 PM,202,Warning,WT8-GUI,83109489,HM,Overscaled Channel detected at Tag AI_Volts_Shunt_004
4/24/2026 1:10:27 PM,202,Warning,WT8-GUI,83109490,HM,Overscaled Channel detected at Tag AI_TK_026
4/24/2026 1:10:27 PM,202,Warning,WT8-GUI,83109491,HM,Overscaled Channel detected at Tag AI_TK_027
4/24/2026 1:10:27 PM,202,Warning,WT8-GUI,83109492,HM,Overscaled Channel detected at Tag AI_TK_028
4/24/2026 1:10:27 PM,202,Warning,WT8-GUI,83109493,HM,Overscaled Channel detected at Tag AI_TK_003
4/24/2026 1:10:27 PM,202,Warning,WT8-GUI,83109494,HM,Overscaled Channel detected at Tag AI_TT_002
4/24/2026 1:10:27 PM,202,Warning,WT8-GUI,83109495,HM,Overscaled Channel detected at Tag AI_TT_029
4/24/2026 1:10:27 PM,202,Warning,WT8-GUI,83109496,HM,Overscaled Channel detected at Tag AI_TT_030
4/24/2026 1:10:27 PM,202,Warning,WT8-GUI,83109497,HM,Overscaled Channel detected at Tag AI_TT_003
4/24/2026 1:10:27 PM,202,Warning,WT8-GUI,83109498,HM,Overscaled Channel detected at Tag AI_TT_007
4/24/2026 1:10:27 PM,202,Warning,WT8-GUI,83109499,HM,Overscaled Channel detected at Tag AI_TT_008
4/24/2026 1:10:27 PM,202,Warning,WT8-GUI,83109500,HM,Overscaled Channel detected at Tag AI_Volts_Shunt_006
4/24/2026 1:10:27 PM,202,Warning,WT8-GUI,83109501,HM,Overscaled Channel detected at Tag AI_Volts_Shunt_007
4/24/2026 1:10:27 PM,202,Warning,WT8-GUI,83109502,HM,Overscaled Channel detected at Tag AI_Volts_Shunt_008
4/24/2026 1:10:27 PM,202,Warning,WT8-GUI,83109503,HM,Overscaled Channel detected at Tag AI_Volts_Shunt_009
4/24/2026 1:10:27 PM,202,Warning,WT8-GUI,83109504,HM,Overscaled Channel detected at Tag AI_TK_000
4/24/2026 1:10:27 PM,202,Warning,WT8-GUI,83109505,HM,Overscaled Channel detected at Tag AI_TK_009
4/24/2026 1:10:27 PM,202,Warning,WT8-GUI,83109506,HM,Overscaled Channel detected at Tag AI_TK_010
4/24/2026 1:10:27 PM,202,Warning,WT8-GUI,83109507,HM,Overscaled Channel detected at Tag AI_TK_011
4/24/2026 1:10:27 PM,202,Warning,WT8-GUI,83109508,HM,Overscaled Channel detected at Tag AI_TK_012
4/24/2026 1:10:27 PM,202,Warning,WT8-GUI,83109509,HM,Overscaled Channel detected at Tag AI_TK_013
4/24/2026 1:10:27 PM,202,Warning,WT8-GUI,83109510,HM,Overscaled Channel detected at Tag AI_TK_014
4/24/2026 1:10:27 PM,202,Warning,WT8-GUI,83109511,HM,Overscaled Channel detected at Tag AI_TK_015
4/24/2026 1:10:27 PM,202,Warning,WT8-GUI,83109512,HM,Overscaled Channel detected at Tag AI_TK_016
4/24/2026 1:10:27 PM,202,Warning,WT8-GUI,83109513,HM,Overscaled Channel detected at Tag AI_TK_017
4/24/2026 1:10:27 PM,202,Warning,WT8-GUI,83109514,HM,Overscaled Channel detected at Tag AI_TK_018
4/24/2026 1:10:27 PM,202,Warning,WT8-GUI,83109515,HM,Overscaled Channel detected at Tag AI_TK_001
4/24/2026 1:10:27 PM,202,Warning,WT8-GUI,83109516,HM,Overscaled Channel detected at Tag AI_TK_019
4/24/2026 1:10:27 PM,202,Warning,WT8-GUI,83109517,HM,Overscaled Channel detected at Tag AI_TK_020
4/24/2026 1:10:27 PM,202,Warning,WT8-GUI,83109518,HM,Overscaled Channel detected at Tag AI_TK_021
4/24/2026 1:10:27 PM,202,Warning,WT8-GUI,83109519,HM,Overscaled Channel detected at Tag AI_TK_022
4/24/2026 1:10:27 PM,202,Warning,WT8-GUI,83109520,HM,Overscaled Channel detected at Tag AI_TK_023
4/24/2026 1:10:27 PM,202,Warning,WT8-GUI,83109521,HM,Overscaled Channel detected at Tag AI_TK_024
4/24/2026 1:10:27 PM,202,Warning,WT8-GUI,83109522,HM,Overscaled Channel detected at Tag AI_TK_025
4/24/2026 1:10:27 PM,202,Warning,WT8-GUI,83109523,HM,Overscaled Channel detected at Tag AI_TK_002
4/24/2026 1:10:27 PM,202,Warning,WT8-GUI,83109524,HM,Overscaled Channel detected at Tag AI_TK_029
4/24/2026 1:10:27 PM,202,Warning,WT8-GUI,83109525,HM,Overscaled Channel detected at Tag AI_TK_030
4/24/2026 1:10:27 PM,202,Warning,WT8-GUI,83109526,HM,Overscaled Channel detected at Tag AI_TK_004
4/24/2026 1:10:27 PM,202,Warning,WT8-GUI,83109527,HM,Overscaled Channel detected at Tag AI_TK_005
4/24/2026 1:10:27 PM,202,Warning,WT8-GUI,83109528,HM,Overscaled Channel detected at Tag AI_TK_006
4/24/2026 1:10:27 PM,202,Warning,WT8-GUI,83109529,HM,Overscaled Channel detected at Tag AI_TK_007
4/24/2026 1:10:27 PM,202,Warning,WT8-GUI,83109530,HM,Overscaled Channel detected at Tag AI_TK_008
4/24/2026 1:10:27 PM,202,Warning,WT8-GUI,83109531,HM,Overscaled Channel detected at Tag AI_Volts_Shunt_010
4/24/2026 1:10:27 PM,202,Warning,WT8-GUI,83109532,HM,Overscaled Channel detected at Tag AI_Volts_Shunt_011
4/24/2026 1:10:27 PM,202,Warning,WT8-GUI,83109533,HM,Overscaled Channel detected at Tag AI_Volts_Shunt_012
4/24/2026 1:10:27 PM,202,Warning,WT8-GUI,83109534,HM,Overscaled Channel detected at Tag AI_Volts_Shunt_013
4/24/2026 1:10:27 PM,202,Warning,WT8-GUI,83109535,HM,Overscaled Channel detected at Tag AI_Volts_Shunt_014
4/24/2026 1:10:27 PM,202,Warning,WT8-GUI,83109536,HM,Overscaled Channel detected at Tag AI_Volts_Shunt_015
4/24/2026 1:10:27 PM,202,Warning,WT8-GUI,83109537,HM,Overscaled Channel detected at Tag AI_Strain_000
4/24/2026 1:10:27 PM,202,Warning,WT8-GUI,83109538,HM,Overscaled Channel detected at Tag AI_Strain_001
4/24/2026 1:10:27 PM,202,Warning,WT8-GUI,83109539,HM,Overscaled Channel detected at Tag AI_Strain_002
4/24/2026 1:10:27 PM,202,Warning,WT8-GUI,83109540,HM,Overscaled Channel detected at Tag AI_Strain_003
4/24/2026 1:10:27 PM,202,Warning,WT8-GUI,83109541,HM,Overscaled Channel detected at Tag AI_Strain_004
4/24/2026 1:10:27 PM,202,Warning,WT8-GUI,83109542,HM,Overscaled Channel detected at Tag AI_Strain_005
4/24/2026 1:10:27 PM,202,Warning,WT8-GUI,83109543,HM,Overscaled Channel detected at Tag AI_Strain_006
4/24/2026 1:10:27 PM,202,Warning,WT8-GUI,83109544,HM,Overscaled Channel detected at Tag AI_Strain_007
4/24/2026 1:10:27 PM,202,Warning,WT8-GUI,83109545,HM,Overscaled Channel detected at Tag AI_TT_000
4/24/2026 1:10:27 PM,202,Warning,WT8-GUI,83109546,HM,Overscaled Channel detected at Tag AI_TT_009
4/24/2026 1:10:27 PM,202,Warning,WT8-GUI,83109547,HM,Overscaled Channel detected at Tag AI_TT_010
4/24/2026 1:10:27 PM,202,Warning,WT8-GUI,83109548,HM,Overscaled Channel detected at Tag AI_TT_011
4/24/2026 1:10:27 PM,202,Warning,WT8-GUI,83109549,HM,Overscaled Channel detected at Tag AI_TT_012
4/24/2026 1:10:27 PM,202,Warning,WT8-GUI,83109550,HM,Overscaled Channel detected at Tag AI_TT_013
4/24/2026 1:10:27 PM,202,Warning,WT8-GUI,83109551,HM,Overscaled Channel detected at Tag AI_TT_014
4/24/2026 1:10:27 PM,202,Warning,WT8-GUI,83109552,HM,Overscaled Channel detected at Tag AI_TT_015
4/24/2026 1:10:27 PM,202,Warning,WT8-GUI,83109553,HM,Overscaled Channel detected at Tag AI_TT_016
4/24/2026 1:10:27 PM,202,Warning,WT8-GUI,83109554,HM,Overscaled Channel detected at Tag AI_TT_017
4/24/2026 1:10:27 PM,202,Warning,WT8-GUI,83109555,HM,Overscaled Channel detected at Tag AI_TT_018
4/24/2026 1:10:27 PM,202,Warning,WT8-GUI,83109556,HM,Overscaled Channel detected at Tag AI_TT_001
4/24/2026 1:10:27 PM,202,Warning,WT8-GUI,83109557,HM,Overscaled Channel detected at Tag AI_TT_019
4/24/2026 1:10:27 PM,202,Warning,WT8-GUI,83109558,HM,Overscaled Channel detected at Tag AI_TT_020
4/24/2026 1:10:27 PM,202,Warning,WT8-GUI,83109559,HM,Overscaled Channel detected at Tag AI_TT_021
4/24/2026 1:10:27 PM,202,Warning,WT8-GUI,83109560,HM,Overscaled Channel detected at Tag AI_TT_022
4/24/2026 1:10:27 PM,202,Warning,WT8-GUI,83109561,HM,Overscaled Channel detected at Tag AI_TT_023
4/24/2026 1:10:27 PM,202,Warning,WT8-GUI,83109562,HM,Overscaled Channel detected at Tag AI_TT_024
4/24/2026 1:10:27 PM,202,Warning,WT8-GUI,83109563,HM,Overscaled Channel detected at Tag AI_TT_025
4/24/2026 1:10:27 PM,202,Warning,WT8-GUI,83109564,HM,Overscaled Channel detected at Tag AI_TT_026
4/24/2026 1:10:27 PM,202,Warning,WT8-GUI,83109565,HM,Overscaled Channel detected at Tag AI_TT_027
4/24/2026 1:10:27 PM,202,Warning,WT8-GUI,83109566,HM,Overscaled Channel detected at Tag AI_TT_028
4/24/2026 1:10:27 PM,202,Warning,WT8-GUI,83109567,HM,Overscaled Channel detected at Tag AI_TT_004
4/24/2026 1:10:27 PM,202,Warning,WT8-GUI,83109568,HM,Overscaled Channel detected at Tag AI_TT_005
4/24/2026 1:10:27 PM,202,Warning,WT8-GUI,83109569,HM,Overscaled Channel detected at Tag AI_TT_006
4/24/2026 1:11:10 PM,301005,Warning,WT8-GUI,83109570,OPC,OPC Server Graybox.Simulator.1 on host localhost has not updated data in 228 minute(s).
4/24/2026 1:11:27 PM,202,Warning,WT8-GUI,83109571,HM,Overscaled Channel detected at Tag AI_Volts_Shunt_000
4/24/2026 1:11:27 PM,202,Warning,WT8-GUI,83109572,HM,Overscaled Channel detected at Tag AI_Volts_Shunt_001
4/24/2026 1:11:27 PM,202,Warning,WT8-GUI,83109573,HM,Overscaled Channel detected at Tag AI_Volts_Shunt_003
4/24/2026 1:11:27 PM,202,Warning,WT8-GUI,83109574,HM,Overscaled Channel detected at Tag AI_Volts_Shunt_004
4/24/2026 1:11:27 PM,202,Warning,WT8-GUI,83109575,HM,Overscaled Channel detected at Tag AI_TK_026
4/24/2026 1:11:27 PM,202,Warning,WT8-GUI,83109576,HM,Overscaled Channel detected at Tag AI_TK_027
4/24/2026 1:11:27 PM,202,Warning,WT8-GUI,83109577,HM,Overscaled Channel detected at Tag AI_TK_028
4/24/2026 1:11:27 PM,202,Warning,WT8-GUI,83109578,HM,Overscaled Channel detected at Tag AI_TK_003
4/24/2026 1:11:27 PM,202,Warning,WT8-GUI,83109579,HM,Overscaled Channel detected at Tag AI_TT_002
4/24/2026 1:11:27 PM,202,Warning,WT8-GUI,83109580,HM,Overscaled Channel detected at Tag AI_TT_029
4/24/2026 1:11:27 PM,202,Warning,WT8-GUI,83109581,HM,Overscaled Channel detected at Tag AI_TT_030
4/24/2026 1:11:27 PM,202,Warning,WT8-GUI,83109582,HM,Overscaled Channel detected at Tag AI_TT_003
4/24/2026 1:11:27 PM,202,Warning,WT8-GUI,83109583,HM,Overscaled Channel detected at Tag AI_TT_007
4/24/2026 1:11:27 PM,202,Warning,WT8-GUI,83109584,HM,Overscaled Channel detected at Tag AI_TT_008
4/24/2026 1:11:27 PM,202,Warning,WT8-GUI,83109585,HM,Overscaled Channel detected at Tag AI_Volts_Shunt_006
4/24/2026 1:11:27 PM,202,Warning,WT8-GUI,83109586,HM,Overscaled Channel detected at Tag AI_Volts_Shunt_007
4/24/2026 1:11:27 PM,202,Warning,WT8-GUI,83109587,HM,Overscaled Channel detected at Tag AI_Volts_Shunt_008
4/24/2026 1:11:27 PM,202,Warning,WT8-GUI,83109588,HM,Overscaled Channel detected at Tag AI_Volts_Shunt_009
4/24/2026 1:11:27 PM,202,Warning,WT8-GUI,83109589,HM,Overscaled Channel detected at Tag AI_TK_000
4/24/2026 1:11:27 PM,202,Warning,WT8-GUI,83109590,HM,Overscaled Channel detected at Tag AI_TK_009
4/24/2026 1:11:27 PM,202,Warning,WT8-GUI,83109591,HM,Overscaled Channel detected at Tag AI_TK_010
4/24/2026 1:11:27 PM,202,Warning,WT8-GUI,83109592,HM,Overscaled Channel detected at Tag AI_TK_011
4/24/2026 1:11:27 PM,202,Warning,WT8-GUI,83109593,HM,Overscaled Channel detected at Tag AI_TK_012
4/24/2026 1:11:27 PM,202,Warning,WT8-GUI,83109594,HM,Overscaled Channel detected at Tag AI_TK_013
4/24/2026 1:11:27 PM,202,Warning,WT8-GUI,83109595,HM,Overscaled Channel detected at Tag AI_TK_014
4/24/2026 1:11:27 PM,202,Warning,WT8-GUI,83109596,HM,Overscaled Channel detected at Tag AI_TK_015
4/24/2026 1:11:27 PM,202,Warning,WT8-GUI,83109597,HM,Overscaled Channel detected at Tag AI_TK_016
4/24/2026 1:11:27 PM,202,Warning,WT8-GUI,83109598,HM,Overscaled Channel detected at Tag AI_TK_017
4/24/2026 1:11:27 PM,202,Warning,WT8-GUI,83109599,HM,Overscaled Channel detected at Tag AI_TK_018
4/24/2026 1:11:27 PM,202,Warning,WT8-GUI,83109600,HM,Overscaled Channel detected at Tag AI_TK_001
4/24/2026 1:11:27 PM,202,Warning,WT8-GUI,83109601,HM,Overscaled Channel detected at Tag AI_TK_019
4/24/2026 1:11:27 PM,202,Warning,WT8-GUI,83109602,HM,Overscaled Channel detected at Tag AI_TK_020
4/24/2026 1:11:27 PM,202,Warning,WT8-GUI,83109603,HM,Overscaled Channel detected at Tag AI_TK_021
4/24/2026 1:11:27 PM,202,Warning,WT8-GUI,83109604,HM,Overscaled Channel detected at Tag AI_TK_022
4/24/2026 1:11:27 PM,202,Warning,WT8-GUI,83109605,HM,Overscaled Channel detected at Tag AI_TK_023
4/24/2026 1:11:27 PM,202,Warning,WT8-GUI,83109606,HM,Overscaled Channel detected at Tag AI_TK_024
4/24/2026 1:11:27 PM,202,Warning,WT8-GUI,83109607,HM,Overscaled Channel detected at Tag AI_TK_025
4/24/2026 1:11:27 PM,202,Warning,WT8-GUI,83109608,HM,Overscaled Channel detected at Tag AI_TK_002
4/24/2026 1:11:27 PM,202,Warning,WT8-GUI,83109609,HM,Overscaled Channel detected at Tag AI_TK_029
4/24/2026 1:11:27 PM,202,Warning,WT8-GUI,83109610,HM,Overscaled Channel detected at Tag AI_TK_030
4/24/2026 1:11:27 PM,202,Warning,WT8-GUI,83109611,HM,Overscaled Channel detected at Tag AI_TK_004
4/24/2026 1:11:27 PM,202,Warning,WT8-GUI,83109612,HM,Overscaled Channel detected at Tag AI_TK_005
4/24/2026 1:11:27 PM,202,Warning,WT8-GUI,83109613,HM,Overscaled Channel detected at Tag AI_TK_006
4/24/2026 1:11:27 PM,202,Warning,WT8-GUI,83109614,HM,Overscaled Channel detected at Tag AI_TK_007
4/24/2026 1:11:27 PM,202,Warning,WT8-GUI,83109615,HM,Overscaled Channel detected at Tag AI_TK_008
4/24/2026 1:11:27 PM,202,Warning,WT8-GUI,83109616,HM,Overscaled Channel detected at Tag AI_Volts_Shunt_010
4/24/2026 1:11:27 PM,202,Warning,WT8-GUI,83109617,HM,Overscaled Channel detected at Tag AI_Volts_Shunt_011
4/24/2026 1:11:27 PM,202,Warning,WT8-GUI,83109618,HM,Overscaled Channel detected at Tag AI_Volts_Shunt_012
4/24/2026 1:11:27 PM,202,Warning,WT8-GUI,83109619,HM,Overscaled Channel detected at Tag AI_Volts_Shunt_013
4/24/2026 1:11:27 PM,202,Warning,WT8-GUI,83109620,HM,Overscaled Channel detected at Tag AI_Volts_Shunt_014
4/24/2026 1:11:27 PM,202,Warning,WT8-GUI,83109621,HM,Overscaled Channel detected at Tag AI_Volts_Shunt_015
4/24/2026 1:11:27 PM,202,Warning,WT8-GUI,83109622,HM,Overscaled Channel detected at Tag AI_Strain_000
4/24/2026 1:11:27 PM,202,Warning,WT8-GUI,83109623,HM,Overscaled Channel detected at Tag AI_Strain_001
4/24/2026 1:11:27 PM,202,Warning,WT8-GUI,83109624,HM,Overscaled Channel detected at Tag AI_Strain_002
4/24/2026 1:11:27 PM,202,Warning,WT8-GUI,83109625,HM,Overscaled Channel detected at Tag AI_Strain_003
4/24/2026 1:11:27 PM,202,Warning,WT8-GUI,83109626,HM,Overscaled Channel detected at Tag AI_Strain_004
4/24/2026 1:11:27 PM,202,Warning,WT8-GUI,83109627,HM,Overscaled Channel detected at Tag AI_Strain_005
4/24/2026 1:11:27 PM,202,Warning,WT8-GUI,83109628,HM,Overscaled Channel detected at Tag AI_Strain_006
4/24/2026 1:11:27 PM,202,Warning,WT8-GUI,83109629,HM,Overscaled Channel detected at Tag AI_Strain_007
4/24/2026 1:11:27 PM,202,Warning,WT8-GUI,83109630,HM,Overscaled Channel detected at Tag AI_TT_000
4/24/2026 1:11:27 PM,202,Warning,WT8-GUI,83109631,HM,Overscaled Channel detected at Tag AI_TT_009
4/24/2026 1:11:27 PM,202,Warning,WT8-GUI,83109632,HM,Overscaled Channel detected at Tag AI_TT_010
4/24/2026 1:11:27 PM,202,Warning,WT8-GUI,83109633,HM,Overscaled Channel detected at Tag AI_TT_011
4/24/2026 1:11:27 PM,202,Warning,WT8-GUI,83109634,HM,Overscaled Channel detected at Tag AI_TT_012
4/24/2026 1:11:27 PM,202,Warning,WT8-GUI,83109635,HM,Overscaled Channel detected at Tag AI_TT_013
4/24/2026 1:11:27 PM,202,Warning,WT8-GUI,83109636,HM,Overscaled Channel detected at Tag AI_TT_014
4/24/2026 1:11:27 PM,202,Warning,WT8-GUI,83109637,HM,Overscaled Channel detected at Tag AI_TT_015
4/24/2026 1:11:27 PM,202,Warning,WT8-GUI,83109638,HM,Overscaled Channel detected at Tag AI_TT_016
4/24/2026 1:11:27 PM,202,Warning,WT8-GUI,83109639,HM,Overscaled Channel detected at Tag AI_TT_017
4/24/2026 1:11:27 PM,202,Warning,WT8-GUI,83109640,HM,Overscaled Channel detected at Tag AI_TT_018
4/24/2026 1:11:27 PM,202,Warning,WT8-GUI,83109641,HM,Overscaled Channel detected at Tag AI_TT_001
4/24/2026 1:11:27 PM,202,Warning,WT8-GUI,83109642,HM,Overscaled Channel detected at Tag AI_TT_019
4/24/2026 1:11:27 PM,202,Warning,WT8-GUI,83109643,HM,Overscaled Channel detected at Tag AI_TT_020
4/24/2026 1:11:27 PM,202,Warning,WT8-GUI,83109644,HM,Overscaled Channel detected at Tag AI_TT_021
4/24/2026 1:11:27 PM,202,Warning,WT8-GUI,83109645,HM,Overscaled Channel detected at Tag AI_TT_022
4/24/2026 1:11:27 PM,202,Warning,WT8-GUI,83109646,HM,Overscaled Channel detected at Tag AI_TT_023
4/24/2026 1:11:27 PM,202,Warning,WT8-GUI,83109647,HM,Overscaled Channel detected at Tag AI_TT_024
4/24/2026 1:11:27 PM,202,Warning,WT8-GUI,83109648,HM,Overscaled Channel detected at Tag AI_TT_025
4/24/2026 1:11:27 PM,202,Warning,WT8-GUI,83109649,HM,Overscaled Channel detected at Tag AI_TT_026
4/24/2026 1:11:27 PM,202,Warning,WT8-GUI,83109650,HM,Overscaled Channel detected at Tag AI_TT_027
4/24/2026 1:11:27 PM,202,Warning,WT8-GUI,83109651,HM,Overscaled Channel detected at Tag AI_TT_028
4/24/2026 1:11:27 PM,202,Warning,WT8-GUI,83109652,HM,Overscaled Channel detected at Tag AI_TT_004
4/24/2026 1:11:27 PM,202,Warning,WT8-GUI,83109653,HM,Overscaled Channel detected at Tag AI_TT_005
4/24/2026 1:11:27 PM,202,Warning,WT8-GUI,83109654,HM,Overscaled Channel detected at Tag AI_TT_006
4/24/2026 1:12:10 PM,301005,Warning,WT8-GUI,83109655,OPC,OPC Server Graybox.Simulator.1 on host localhost has not updated data in 229 minute(s).
4/24/2026 1:12:27 PM,202,Warning,WT8-GUI,83109656,HM,Overscaled Channel detected at Tag AI_Volts_Shunt_000
4/24/2026 1:12:27 PM,202,Warning,WT8-GUI,83109657,HM,Overscaled Channel detected at Tag AI_Volts_Shunt_001
4/24/2026 1:12:27 PM,202,Warning,WT8-GUI,83109658,HM,Overscaled Channel detected at Tag AI_Volts_Shunt_003
4/24/2026 1:12:27 PM,202,Warning,WT8-GUI,83109659,HM,Overscaled Channel detected at Tag AI_Volts_Shunt_004
4/24/2026 1:12:27 PM,202,Warning,WT8-GUI,83109660,HM,Overscaled Channel detected at Tag AI_TK_026
4/24/2026 1:12:27 PM,202,Warning,WT8-GUI,83109661,HM,Overscaled Channel detected at Tag AI_TK_027
4/24/2026 1:12:27 PM,202,Warning,WT8-GUI,83109662,HM,Overscaled Channel detected at Tag AI_TK_028
4/24/2026 1:12:27 PM,202,Warning,WT8-GUI,83109663,HM,Overscaled Channel detected at Tag AI_TK_003
4/24/2026 1:12:27 PM,202,Warning,WT8-GUI,83109664,HM,Overscaled Channel detected at Tag AI_TT_002
4/24/2026 1:12:27 PM,202,Warning,WT8-GUI,83109665,HM,Overscaled Channel detected at Tag AI_TT_029
4/24/2026 1:12:27 PM,202,Warning,WT8-GUI,83109666,HM,Overscaled Channel detected at Tag AI_TT_030
4/24/2026 1:12:27 PM,202,Warning,WT8-GUI,83109667,HM,Overscaled Channel detected at Tag AI_TT_003
4/24/2026 1:12:27 PM,202,Warning,WT8-GUI,83109668,HM,Overscaled Channel detected at Tag AI_TT_007
4/24/2026 1:12:27 PM,202,Warning,WT8-GUI,83109669,HM,Overscaled Channel detected at Tag AI_TT_008
4/24/2026 1:12:27 PM,202,Warning,WT8-GUI,83109670,HM,Overscaled Channel detected at Tag AI_Volts_Shunt_006
4/24/2026 1:12:27 PM,202,Warning,WT8-GUI,83109671,HM,Overscaled Channel detected at Tag AI_Volts_Shunt_007
4/24/2026 1:12:27 PM,202,Warning,WT8-GUI,83109672,HM,Overscaled Channel detected at Tag AI_Volts_Shunt_008
4/24/2026 1:12:27 PM,202,Warning,WT8-GUI,83109673,HM,Overscaled Channel detected at Tag AI_Volts_Shunt_009
4/24/2026 1:12:27 PM,202,Warning,WT8-GUI,83109674,HM,Overscaled Channel detected at Tag AI_TK_018
4/24/2026 1:12:27 PM,202,Warning,WT8-GUI,83109675,HM,Overscaled Channel detected at Tag AI_TK_001
4/24/2026 1:12:27 PM,202,Warning,WT8-GUI,83109676,HM,Overscaled Channel detected at Tag AI_TK_019
4/24/2026 1:12:27 PM,202,Warning,WT8-GUI,83109677,HM,Overscaled Channel detected at Tag AI_TK_020
4/24/2026 1:12:27 PM,202,Warning,WT8-GUI,83109678,HM,Overscaled Channel detected at Tag AI_TK_021
4/24/2026 1:12:27 PM,202,Warning,WT8-GUI,83109679,HM,Overscaled Channel detected at Tag AI_TK_022
4/24/2026 1:12:27 PM,202,Warning,WT8-GUI,83109680,HM,Overscaled Channel detected at Tag AI_TK_023
4/24/2026 1:12:27 PM,202,Warning,WT8-GUI,83109681,HM,Overscaled Channel detected at Tag AI_TK_024
4/24/2026 1:12:27 PM,202,Warning,WT8-GUI,83109682,HM,Overscaled Channel detected at Tag AI_TK_025
4/24/2026 1:12:27 PM,202,Warning,WT8-GUI,83109683,HM,Overscaled Channel detected at Tag AI_TK_002
4/24/2026 1:12:27 PM,202,Warning,WT8-GUI,83109684,HM,Overscaled Channel detected at Tag AI_TK_029
4/24/2026 1:12:27 PM,202,Warning,WT8-GUI,83109685,HM,Overscaled Channel detected at Tag AI_TK_030
4/24/2026 1:12:27 PM,202,Warning,WT8-GUI,83109686,HM,Overscaled Channel detected at Tag AI_TK_004
4/24/2026 1:12:27 PM,202,Warning,WT8-GUI,83109687,HM,Overscaled Channel detected at Tag AI_TK_005
4/24/2026 1:12:27 PM,202,Warning,WT8-GUI,83109688,HM,Overscaled Channel detected at Tag AI_TK_006
4/24/2026 1:12:27 PM,202,Warning,WT8-GUI,83109689,HM,Overscaled Channel detected at Tag AI_TK_007
4/24/2026 1:12:27 PM,202,Warning,WT8-GUI,83109690,HM,Overscaled Channel detected at Tag AI_TK_008
4/24/2026 1:12:27 PM,202,Warning,WT8-GUI,83109691,HM,Overscaled Channel detected at Tag AI_TT_020
4/24/2026 1:12:27 PM,202,Warning,WT8-GUI,83109692,HM,Overscaled Channel detected at Tag AI_TT_021
4/24/2026 1:12:27 PM,202,Warning,WT8-GUI,83109693,HM,Overscaled Channel detected at Tag AI_TT_022
4/24/2026 1:12:27 PM,202,Warning,WT8-GUI,83109694,HM,Overscaled Channel detected at Tag AI_TT_023
4/24/2026 1:12:27 PM,202,Warning,WT8-GUI,83109695,HM,Overscaled Channel detected at Tag AI_TT_024
4/24/2026 1:12:27 PM,202,Warning,WT8-GUI,83109696,HM,Overscaled Channel detected at Tag AI_TT_025
4/24/2026 1:12:27 PM,202,Warning,WT8-GUI,83109697,HM,Overscaled Channel detected at Tag AI_TT_026
4/24/2026 1:12:27 PM,202,Warning,WT8-GUI,83109698,HM,Overscaled Channel detected at Tag AI_TT_027
4/24/2026 1:12:27 PM,202,Warning,WT8-GUI,83109699,HM,Overscaled Channel detected at Tag AI_TT_028
4/24/2026 1:12:27 PM,202,Warning,WT8-GUI,83109700,HM,Overscaled Channel detected at Tag AI_TK_000
4/24/2026 1:12:27 PM,202,Warning,WT8-GUI,83109701,HM,Overscaled Channel detected at Tag AI_TK_009
4/24/2026 1:12:27 PM,202,Warning,WT8-GUI,83109702,HM,Overscaled Channel detected at Tag AI_TK_010
4/24/2026 1:12:27 PM,202,Warning,WT8-GUI,83109703,HM,Overscaled Channel detected at Tag AI_TK_011
4/24/2026 1:12:27 PM,202,Warning,WT8-GUI,83109704,HM,Overscaled Channel detected at Tag AI_TK_012
4/24/2026 1:12:27 PM,202,Warning,WT8-GUI,83109705,HM,Overscaled Channel detected at Tag AI_TK_013
4/24/2026 1:12:27 PM,202,Warning,WT8-GUI,83109706,HM,Overscaled Channel detected at Tag AI_TK_014
4/24/2026 1:12:27 PM,202,Warning,WT8-GUI,83109707,HM,Overscaled Channel detected at Tag AI_TK_015
4/24/2026 1:12:27 PM,202,Warning,WT8-GUI,83109708,HM,Overscaled Channel detected at Tag AI_TK_016
4/24/2026 1:12:27 PM,202,Warning,WT8-GUI,83109709,HM,Overscaled Channel detected at Tag AI_TK_017
4/24/2026 1:12:27 PM,202,Warning,WT8-GUI,83109710,HM,Overscaled Channel detected at Tag AI_Volts_Shunt_010
4/24/2026 1:12:27 PM,202,Warning,WT8-GUI,83109711,HM,Overscaled Channel detected at Tag AI_Volts_Shunt_011
4/24/2026 1:12:27 PM,202,Warning,WT8-GUI,83109712,HM,Overscaled Channel detected at Tag AI_Volts_Shunt_012
4/24/2026 1:12:27 PM,202,Warning,WT8-GUI,83109713,HM,Overscaled Channel detected at Tag AI_Volts_Shunt_013
4/24/2026 1:12:27 PM,202,Warning,WT8-GUI,83109714,HM,Overscaled Channel detected at Tag AI_Volts_Shunt_014
4/24/2026 1:12:27 PM,202,Warning,WT8-GUI,83109715,HM,Overscaled Channel detected at Tag AI_Volts_Shunt_015
4/24/2026 1:12:27 PM,202,Warning,WT8-GUI,83109716,HM,Overscaled Channel detected at Tag AI_Strain_000
4/24/2026 1:12:27 PM,202,Warning,WT8-GUI,83109717,HM,Overscaled Channel detected at Tag AI_Strain_001
4/24/2026 1:12:27 PM,202,Warning,WT8-GUI,83109718,HM,Overscaled Channel detected at Tag AI_Strain_002
4/24/2026 1:12:27 PM,202,Warning,WT8-GUI,83109719,HM,Overscaled Channel detected at Tag AI_Strain_003
4/24/2026 1:12:27 PM,202,Warning,WT8-GUI,83109720,HM,Overscaled Channel detected at Tag AI_Strain_004
4/24/2026 1:12:27 PM,202,Warning,WT8-GUI,83109721,HM,Overscaled Channel detected at Tag AI_Strain_005
4/24/2026 1:12:27 PM,202,Warning,WT8-GUI,83109722,HM,Overscaled Channel detected at Tag AI_Strain_006
4/24/2026 1:12:27 PM,202,Warning,WT8-GUI,83109723,HM,Overscaled Channel detected at Tag AI_Strain_007
4/24/2026 1:12:27 PM,202,Warning,WT8-GUI,83109724,HM,Overscaled Channel detected at Tag AI_TT_000
4/24/2026 1:12:27 PM,202,Warning,WT8-GUI,83109725,HM,Overscaled Channel detected at Tag AI_TT_009
4/24/2026 1:12:27 PM,202,Warning,WT8-GUI,83109726,HM,Overscaled Channel detected at Tag AI_TT_010
4/24/2026 1:12:27 PM,202,Warning,WT8-GUI,83109727,HM,Overscaled Channel detected at Tag AI_TT_011
4/24/2026 1:12:27 PM,202,Warning,WT8-GUI,83109728,HM,Overscaled Channel detected at Tag AI_TT_012
4/24/2026 1:12:27 PM,202,Warning,WT8-GUI,83109729,HM,Overscaled Channel detected at Tag AI_TT_013
4/24/2026 1:12:27 PM,202,Warning,WT8-GUI,83109730,HM,Overscaled Channel detected at Tag AI_TT_014
4/24/2026 1:12:27 PM,202,Warning,WT8-GUI,83109731,HM,Overscaled Channel detected at Tag AI_TT_015
4/24/2026 1:12:27 PM,202,Warning,WT8-GUI,83109732,HM,Overscaled Channel detected at Tag AI_TT_016
4/24/2026 1:12:27 PM,202,Warning,WT8-GUI,83109733,HM,Overscaled Channel detected at Tag AI_TT_017
4/24/2026 1:12:27 PM,202,Warning,WT8-GUI,83109734,HM,Overscaled Channel detected at Tag AI_TT_018
4/24/2026 1:12:27 PM,202,Warning,WT8-GUI,83109735,HM,Overscaled Channel detected at Tag AI_TT_001
4/24/2026 1:12:27 PM,202,Warning,WT8-GUI,83109736,HM,Overscaled Channel detected at Tag AI_TT_019
4/24/2026 1:12:27 PM,202,Warning,WT8-GUI,83109737,HM,Overscaled Channel detected at Tag AI_TT_004
4/24/2026 1:12:27 PM,202,Warning,WT8-GUI,83109738,HM,Overscaled Channel detected at Tag AI_TT_005
4/24/2026 1:12:27 PM,202,Warning,WT8-GUI,83109739,HM,Overscaled Channel detected at Tag AI_TT_006
4/24/2026 1:13:10 PM,301005,Warning,WT8-GUI,83109740,OPC,OPC Server Graybox.Simulator.1 on host localhost has not updated data in 230 minute(s).
4/24/2026 1:13:27 PM,202,Warning,WT8-GUI,83109741,HM,Overscaled Channel detected at Tag AI_Volts_Shunt_000
4/24/2026 1:13:27 PM,202,Warning,WT8-GUI,83109742,HM,Overscaled Channel detected at Tag AI_Volts_Shunt_001
4/24/2026 1:13:27 PM,202,Warning,WT8-GUI,83109743,HM,Overscaled Channel detected at Tag AI_Volts_Shunt_003
4/24/2026 1:13:27 PM,202,Warning,WT8-GUI,83109744,HM,Overscaled Channel detected at Tag AI_Volts_Shunt_004
4/24/2026 1:13:27 PM,202,Warning,WT8-GUI,83109745,HM,Overscaled Channel detected at Tag AI_TK_026
4/24/2026 1:13:27 PM,202,Warning,WT8-GUI,83109746,HM,Overscaled Channel detected at Tag AI_TK_027
4/24/2026 1:13:27 PM,202,Warning,WT8-GUI,83109747,HM,Overscaled Channel detected at Tag AI_TK_028
4/24/2026 1:13:27 PM,202,Warning,WT8-GUI,83109748,HM,Overscaled Channel detected at Tag AI_TK_003
4/24/2026 1:13:27 PM,202,Warning,WT8-GUI,83109749,HM,Overscaled Channel detected at Tag AI_TT_002
4/24/2026 1:13:27 PM,202,Warning,WT8-GUI,83109750,HM,Overscaled Channel detected at Tag AI_TT_029
4/24/2026 1:13:27 PM,202,Warning,WT8-GUI,83109751,HM,Overscaled Channel detected at Tag AI_TT_030
4/24/2026 1:13:27 PM,202,Warning,WT8-GUI,83109752,HM,Overscaled Channel detected at Tag AI_TT_003
4/24/2026 1:13:27 PM,202,Warning,WT8-GUI,83109753,HM,Overscaled Channel detected at Tag AI_TT_007
4/24/2026 1:13:27 PM,202,Warning,WT8-GUI,83109754,HM,Overscaled Channel detected at Tag AI_TT_008
4/24/2026 1:13:27 PM,202,Warning,WT8-GUI,83109755,HM,Overscaled Channel detected at Tag AI_Volts_Shunt_006
4/24/2026 1:13:27 PM,202,Warning,WT8-GUI,83109756,HM,Overscaled Channel detected at Tag AI_Volts_Shunt_007
4/24/2026 1:13:27 PM,202,Warning,WT8-GUI,83109757,HM,Overscaled Channel detected at Tag AI_Volts_Shunt_008
4/24/2026 1:13:27 PM,202,Warning,WT8-GUI,83109758,HM,Overscaled Channel detected at Tag AI_Volts_Shunt_009
4/24/2026 1:13:27 PM,202,Warning,WT8-GUI,83109759,HM,Overscaled Channel detected at Tag AI_TK_018
4/24/2026 1:13:27 PM,202,Warning,WT8-GUI,83109760,HM,Overscaled Channel detected at Tag AI_TK_001
4/24/2026 1:13:27 PM,202,Warning,WT8-GUI,83109761,HM,Overscaled Channel detected at Tag AI_TK_019
4/24/2026 1:13:27 PM,202,Warning,WT8-GUI,83109762,HM,Overscaled Channel detected at Tag AI_TK_020
4/24/2026 1:13:27 PM,202,Warning,WT8-GUI,83109763,HM,Overscaled Channel detected at Tag AI_TK_021
4/24/2026 1:13:27 PM,202,Warning,WT8-GUI,83109764,HM,Overscaled Channel detected at Tag AI_TK_022
4/24/2026 1:13:27 PM,202,Warning,WT8-GUI,83109765,HM,Overscaled Channel detected at Tag AI_TK_023
4/24/2026 1:13:27 PM,202,Warning,WT8-GUI,83109766,HM,Overscaled Channel detected at Tag AI_TK_024
4/24/2026 1:13:27 PM,202,Warning,WT8-GUI,83109767,HM,Overscaled Channel detected at Tag AI_TK_025
4/24/2026 1:13:27 PM,202,Warning,WT8-GUI,83109768,HM,Overscaled Channel detected at Tag AI_TK_002
4/24/2026 1:13:27 PM,202,Warning,WT8-GUI,83109769,HM,Overscaled Channel detected at Tag AI_TK_029
4/24/2026 1:13:27 PM,202,Warning,WT8-GUI,83109770,HM,Overscaled Channel detected at Tag AI_TK_030
4/24/2026 1:13:27 PM,202,Warning,WT8-GUI,83109771,HM,Overscaled Channel detected at Tag AI_TK_004
4/24/2026 1:13:27 PM,202,Warning,WT8-GUI,83109772,HM,Overscaled Channel detected at Tag AI_TK_005
4/24/2026 1:13:27 PM,202,Warning,WT8-GUI,83109773,HM,Overscaled Channel detected at Tag AI_TK_006
4/24/2026 1:13:27 PM,202,Warning,WT8-GUI,83109774,HM,Overscaled Channel detected at Tag AI_TK_007
4/24/2026 1:13:27 PM,202,Warning,WT8-GUI,83109775,HM,Overscaled Channel detected at Tag AI_TK_008
4/24/2026 1:13:27 PM,202,Warning,WT8-GUI,83109776,HM,Overscaled Channel detected at Tag AI_TT_020
4/24/2026 1:13:27 PM,202,Warning,WT8-GUI,83109777,HM,Overscaled Channel detected at Tag AI_TT_021
4/24/2026 1:13:27 PM,202,Warning,WT8-GUI,83109778,HM,Overscaled Channel detected at Tag AI_TT_022
4/24/2026 1:13:27 PM,202,Warning,WT8-GUI,83109779,HM,Overscaled Channel detected at Tag AI_TT_023
4/24/2026 1:13:27 PM,202,Warning,WT8-GUI,83109780,HM,Overscaled Channel detected at Tag AI_TT_024
4/24/2026 1:13:27 PM,202,Warning,WT8-GUI,83109781,HM,Overscaled Channel detected at Tag AI_TT_025
4/24/2026 1:13:27 PM,202,Warning,WT8-GUI,83109782,HM,Overscaled Channel detected at Tag AI_TT_026
4/24/2026 1:13:27 PM,202,Warning,WT8-GUI,83109783,HM,Overscaled Channel detected at Tag AI_TT_027
4/24/2026 1:13:27 PM,202,Warning,WT8-GUI,83109784,HM,Overscaled Channel detected at Tag AI_TT_028
4/24/2026 1:13:27 PM,202,Warning,WT8-GUI,83109785,HM,Overscaled Channel detected at Tag AI_TK_000
4/24/2026 1:13:27 PM,202,Warning,WT8-GUI,83109786,HM,Overscaled Channel detected at Tag AI_TK_009
4/24/2026 1:13:27 PM,202,Warning,WT8-GUI,83109787,HM,Overscaled Channel detected at Tag AI_TK_010
4/24/2026 1:13:27 PM,202,Warning,WT8-GUI,83109788,HM,Overscaled Channel detected at Tag AI_TK_011
4/24/2026 1:13:27 PM,202,Warning,WT8-GUI,83109789,HM,Overscaled Channel detected at Tag AI_TK_012
4/24/2026 1:13:27 PM,202,Warning,WT8-GUI,83109790,HM,Overscaled Channel detected at Tag AI_TK_013
4/24/2026 1:13:27 PM,202,Warning,WT8-GUI,83109791,HM,Overscaled Channel detected at Tag AI_TK_014
4/24/2026 1:13:27 PM,202,Warning,WT8-GUI,83109792,HM,Overscaled Channel detected at Tag AI_TK_015
4/24/2026 1:13:27 PM,202,Warning,WT8-GUI,83109793,HM,Overscaled Channel detected at Tag AI_TK_016
4/24/2026 1:13:27 PM,202,Warning,WT8-GUI,83109794,HM,Overscaled Channel detected at Tag AI_TK_017
4/24/2026 1:13:27 PM,202,Warning,WT8-GUI,83109795,HM,Overscaled Channel detected at Tag AI_Volts_Shunt_010
4/24/2026 1:13:27 PM,202,Warning,WT8-GUI,83109796,HM,Overscaled Channel detected at Tag AI_Volts_Shunt_011
4/24/2026 1:13:27 PM,202,Warning,WT8-GUI,83109797,HM,Overscaled Channel detected at Tag AI_Volts_Shunt_012
4/24/2026 1:13:27 PM,202,Warning,WT8-GUI,83109798,HM,Overscaled Channel detected at Tag AI_Volts_Shunt_013
4/24/2026 1:13:27 PM,202,Warning,WT8-GUI,83109799,HM,Overscaled Channel detected at Tag AI_Volts_Shunt_014
4/24/2026 1:13:27 PM,202,Warning,WT8-GUI,83109800,HM,Overscaled Channel detected at Tag AI_Volts_Shunt_015
4/24/2026 1:13:27 PM,202,Warning,WT8-GUI,83109801,HM,Overscaled Channel detected at Tag AI_Strain_000
4/24/2026 1:13:27 PM,202,Warning,WT8-GUI,83109802,HM,Overscaled Channel detected at Tag AI_Strain_001
4/24/2026 1:13:27 PM,202,Warning,WT8-GUI,83109803,HM,Overscaled Channel detected at Tag AI_Strain_002
4/24/2026 1:13:27 PM,202,Warning,WT8-GUI,83109804,HM,Overscaled Channel detected at Tag AI_Strain_003
4/24/2026 1:13:27 PM,202,Warning,WT8-GUI,83109805,HM,Overscaled Channel detected at Tag AI_Strain_004
4/24/2026 1:13:27 PM,202,Warning,WT8-GUI,83109806,HM,Overscaled Channel detected at Tag AI_Strain_005
4/24/2026 1:13:27 PM,202,Warning,WT8-GUI,83109807,HM,Overscaled Channel detected at Tag AI_Strain_006
4/24/2026 1:13:27 PM,202,Warning,WT8-GUI,83109808,HM,Overscaled Channel detected at Tag AI_Strain_007
4/24/2026 1:13:27 PM,202,Warning,WT8-GUI,83109809,HM,Overscaled Channel detected at Tag AI_TT_000
4/24/2026 1:13:27 PM,202,Warning,WT8-GUI,83109810,HM,Overscaled Channel detected at Tag AI_TT_009
4/24/2026 1:13:27 PM,202,Warning,WT8-GUI,83109811,HM,Overscaled Channel detected at Tag AI_TT_010
4/24/2026 1:13:27 PM,202,Warning,WT8-GUI,83109812,HM,Overscaled Channel detected at Tag AI_TT_011
4/24/2026 1:13:27 PM,202,Warning,WT8-GUI,83109813,HM,Overscaled Channel detected at Tag AI_TT_012
4/24/2026 1:13:27 PM,202,Warning,WT8-GUI,83109814,HM,Overscaled Channel detected at Tag AI_TT_013
4/24/2026 1:13:27 PM,202,Warning,WT8-GUI,83109815,HM,Overscaled Channel detected at Tag AI_TT_014
4/24/2026 1:13:27 PM,202,Warning,WT8-GUI,83109816,HM,Overscaled Channel detected at Tag AI_TT_015
4/24/2026 1:13:27 PM,202,Warning,WT8-GUI,83109817,HM,Overscaled Channel detected at Tag AI_TT_016
4/24/2026 1:13:27 PM,202,Warning,WT8-GUI,83109818,HM,Overscaled Channel detected at Tag AI_TT_017
4/24/2026 1:13:27 PM,202,Warning,WT8-GUI,83109819,HM,Overscaled Channel detected at Tag AI_TT_018
4/24/2026 1:13:27 PM,202,Warning,WT8-GUI,83109820,HM,Overscaled Channel detected at Tag AI_TT_001
4/24/2026 1:13:27 PM,202,Warning,WT8-GUI,83109821,HM,Overscaled Channel detected at Tag AI_TT_019
4/24/2026 1:13:27 PM,202,Warning,WT8-GUI,83109822,HM,Overscaled Channel detected at Tag AI_TT_004
4/24/2026 1:13:27 PM,202,Warning,WT8-GUI,83109823,HM,Overscaled Channel detected at Tag AI_TT_005
4/24/2026 1:13:27 PM,202,Warning,WT8-GUI,83109824,HM,Overscaled Channel detected at Tag AI_TT_006
4/24/2026 1:14:10 PM,301005,Warning,WT8-GUI,83109825,OPC,OPC Server Graybox.Simulator.1 on host localhost has not updated data in 231 minute(s).
4/24/2026 1:14:27 PM,202,Warning,WT8-GUI,83109826,HM,Overscaled Channel detected at Tag AI_Volts_Shunt_000
4/24/2026 1:14:27 PM,202,Warning,WT8-GUI,83109827,HM,Overscaled Channel detected at Tag AI_Volts_Shunt_001
4/24/2026 1:14:27 PM,202,Warning,WT8-GUI,83109828,HM,Overscaled Channel detected at Tag AI_Volts_Shunt_003
4/24/2026 1:14:27 PM,202,Warning,WT8-GUI,83109829,HM,Overscaled Channel detected at Tag AI_Volts_Shunt_004
4/24/2026 1:14:27 PM,202,Warning,WT8-GUI,83109830,HM,Overscaled Channel detected at Tag AI_TK_026
4/24/2026 1:14:27 PM,202,Warning,WT8-GUI,83109831,HM,Overscaled Channel detected at Tag AI_TK_027
4/24/2026 1:14:27 PM,202,Warning,WT8-GUI,83109832,HM,Overscaled Channel detected at Tag AI_TK_028
4/24/2026 1:14:27 PM,202,Warning,WT8-GUI,83109833,HM,Overscaled Channel detected at Tag AI_TK_003
4/24/2026 1:14:27 PM,202,Warning,WT8-GUI,83109834,HM,Overscaled Channel detected at Tag AI_TT_002
4/24/2026 1:14:27 PM,202,Warning,WT8-GUI,83109835,HM,Overscaled Channel detected at Tag AI_TT_029
4/24/2026 1:14:27 PM,202,Warning,WT8-GUI,83109836,HM,Overscaled Channel detected at Tag AI_TT_030
4/24/2026 1:14:27 PM,202,Warning,WT8-GUI,83109837,HM,Overscaled Channel detected at Tag AI_TT_003
4/24/2026 1:14:27 PM,202,Warning,WT8-GUI,83109838,HM,Overscaled Channel detected at Tag AI_TT_007
4/24/2026 1:14:27 PM,202,Warning,WT8-GUI,83109839,HM,Overscaled Channel detected at Tag AI_TT_008
4/24/2026 1:14:27 PM,202,Warning,WT8-GUI,83109840,HM,Overscaled Channel detected at Tag AI_Volts_Shunt_006
4/24/2026 1:14:27 PM,202,Warning,WT8-GUI,83109841,HM,Overscaled Channel detected at Tag AI_Volts_Shunt_007
4/24/2026 1:14:27 PM,202,Warning,WT8-GUI,83109842,HM,Overscaled Channel detected at Tag AI_Volts_Shunt_008
4/24/2026 1:14:27 PM,202,Warning,WT8-GUI,83109843,HM,Overscaled Channel detected at Tag AI_Volts_Shunt_009
4/24/2026 1:14:27 PM,202,Warning,WT8-GUI,83109844,HM,Overscaled Channel detected at Tag AI_TK_018
4/24/2026 1:14:27 PM,202,Warning,WT8-GUI,83109845,HM,Overscaled Channel detected at Tag AI_TK_001
4/24/2026 1:14:27 PM,202,Warning,WT8-GUI,83109846,HM,Overscaled Channel detected at Tag AI_TK_019
4/24/2026 1:14:27 PM,202,Warning,WT8-GUI,83109847,HM,Overscaled Channel detected at Tag AI_TK_020
4/24/2026 1:14:27 PM,202,Warning,WT8-GUI,83109848,HM,Overscaled Channel detected at Tag AI_TK_021
4/24/2026 1:14:27 PM,202,Warning,WT8-GUI,83109849,HM,Overscaled Channel detected at Tag AI_TK_022
4/24/2026 1:14:27 PM,202,Warning,WT8-GUI,83109850,HM,Overscaled Channel detected at Tag AI_TK_023
4/24/2026 1:14:27 PM,202,Warning,WT8-GUI,83109851,HM,Overscaled Channel detected at Tag AI_TK_024
4/24/2026 1:14:27 PM,202,Warning,WT8-GUI,83109852,HM,Overscaled Channel detected at Tag AI_TK_025
4/24/2026 1:14:27 PM,202,Warning,WT8-GUI,83109853,HM,Overscaled Channel detected at Tag AI_TK_002
4/24/2026 1:14:27 PM,202,Warning,WT8-GUI,83109854,HM,Overscaled Channel detected at Tag AI_TK_029
4/24/2026 1:14:27 PM,202,Warning,WT8-GUI,83109855,HM,Overscaled Channel detected at Tag AI_TK_030
4/24/2026 1:14:27 PM,202,Warning,WT8-GUI,83109856,HM,Overscaled Channel detected at Tag AI_TK_004
4/24/2026 1:14:27 PM,202,Warning,WT8-GUI,83109857,HM,Overscaled Channel detected at Tag AI_TK_005
4/24/2026 1:14:27 PM,202,Warning,WT8-GUI,83109858,HM,Overscaled Channel detected at Tag AI_TK_006
4/24/2026 1:14:27 PM,202,Warning,WT8-GUI,83109859,HM,Overscaled Channel detected at Tag AI_TK_007
4/24/2026 1:14:27 PM,202,Warning,WT8-GUI,83109860,HM,Overscaled Channel detected at Tag AI_TK_008
4/24/2026 1:14:27 PM,202,Warning,WT8-GUI,83109861,HM,Overscaled Channel detected at Tag AI_TT_020
4/24/2026 1:14:27 PM,202,Warning,WT8-GUI,83109862,HM,Overscaled Channel detected at Tag AI_TT_021
4/24/2026 1:14:27 PM,202,Warning,WT8-GUI,83109863,HM,Overscaled Channel detected at Tag AI_TT_022
4/24/2026 1:14:27 PM,202,Warning,WT8-GUI,83109864,HM,Overscaled Channel detected at Tag AI_TT_023
4/24/2026 1:14:27 PM,202,Warning,WT8-GUI,83109865,HM,Overscaled Channel detected at Tag AI_TT_024
4/24/2026 1:14:27 PM,202,Warning,WT8-GUI,83109866,HM,Overscaled Channel detected at Tag AI_TT_025
4/24/2026 1:14:27 PM,202,Warning,WT8-GUI,83109867,HM,Overscaled Channel detected at Tag AI_TT_026
4/24/2026 1:14:27 PM,202,Warning,WT8-GUI,83109868,HM,Overscaled Channel detected at Tag AI_TT_027
4/24/2026 1:14:27 PM,202,Warning,WT8-GUI,83109869,HM,Overscaled Channel detected at Tag AI_TT_028
4/24/2026 1:14:27 PM,202,Warning,WT8-GUI,83109870,HM,Overscaled Channel detected at Tag AI_TK_000
4/24/2026 1:14:27 PM,202,Warning,WT8-GUI,83109871,HM,Overscaled Channel detected at Tag AI_TK_009
4/24/2026 1:14:27 PM,202,Warning,WT8-GUI,83109872,HM,Overscaled Channel detected at Tag AI_TK_010
4/24/2026 1:14:27 PM,202,Warning,WT8-GUI,83109873,HM,Overscaled Channel detected at Tag AI_TK_011
4/24/2026 1:14:27 PM,202,Warning,WT8-GUI,83109874,HM,Overscaled Channel detected at Tag AI_TK_012
4/24/2026 1:14:27 PM,202,Warning,WT8-GUI,83109875,HM,Overscaled Channel detected at Tag AI_TK_013
4/24/2026 1:14:27 PM,202,Warning,WT8-GUI,83109876,HM,Overscaled Channel detected at Tag AI_TK_014
4/24/2026 1:14:27 PM,202,Warning,WT8-GUI,83109877,HM,Overscaled Channel detected at Tag AI_TK_015
4/24/2026 1:14:27 PM,202,Warning,WT8-GUI,83109878,HM,Overscaled Channel detected at Tag AI_TK_016
4/24/2026 1:14:27 PM,202,Warning,WT8-GUI,83109879,HM,Overscaled Channel detected at Tag AI_TK_017
4/24/2026 1:14:27 PM,202,Warning,WT8-GUI,83109880,HM,Overscaled Channel detected at Tag AI_Volts_Shunt_010
4/24/2026 1:14:27 PM,202,Warning,WT8-GUI,83109881,HM,Overscaled Channel detected at Tag AI_Volts_Shunt_011
4/24/2026 1:14:27 PM,202,Warning,WT8-GUI,83109882,HM,Overscaled Channel detected at Tag AI_Volts_Shunt_012
4/24/2026 1:14:27 PM,202,Warning,WT8-GUI,83109883,HM,Overscaled Channel detected at Tag AI_Volts_Shunt_013
4/24/2026 1:14:27 PM,202,Warning,WT8-GUI,83109884,HM,Overscaled Channel detected at Tag AI_Volts_Shunt_014
4/24/2026 1:14:27 PM,202,Warning,WT8-GUI,83109885,HM,Overscaled Channel detected at Tag AI_Volts_Shunt_015
4/24/2026 1:14:27 PM,202,Warning,WT8-GUI,83109886,HM,Overscaled Channel detected at Tag AI_Strain_000
4/24/2026 1:14:27 PM,202,Warning,WT8-GUI,83109887,HM,Overscaled Channel detected at Tag AI_Strain_001
4/24/2026 1:14:27 PM,202,Warning,WT8-GUI,83109888,HM,Overscaled Channel detected at Tag AI_Strain_002
4/24/2026 1:14:27 PM,202,Warning,WT8-GUI,83109889,HM,Overscaled Channel detected at Tag AI_Strain_003
4/24/2026 1:14:27 PM,202,Warning,WT8-GUI,83109890,HM,Overscaled Channel detected at Tag AI_Strain_004
4/24/2026 1:14:27 PM,202,Warning,WT8-GUI,83109891,HM,Overscaled Channel detected at Tag AI_Strain_005
4/24/2026 1:14:27 PM,202,Warning,WT8-GUI,83109892,HM,Overscaled Channel detected at Tag AI_Strain_006
4/24/2026 1:14:27 PM,202,Warning,WT8-GUI,83109893,HM,Overscaled Channel detected at Tag AI_Strain_007
4/24/2026 1:14:27 PM,202,Warning,WT8-GUI,83109894,HM,Overscaled Channel detected at Tag AI_TT_000
4/24/2026 1:14:27 PM,202,Warning,WT8-GUI,83109895,HM,Overscaled Channel detected at Tag AI_TT_009
4/24/2026 1:14:27 PM,202,Warning,WT8-GUI,83109896,HM,Overscaled Channel detected at Tag AI_TT_010
4/24/2026 1:14:27 PM,202,Warning,WT8-GUI,83109897,HM,Overscaled Channel detected at Tag AI_TT_011
4/24/2026 1:14:27 PM,202,Warning,WT8-GUI,83109898,HM,Overscaled Channel detected at Tag AI_TT_012
4/24/2026 1:14:27 PM,202,Warning,WT8-GUI,83109899,HM,Overscaled Channel detected at Tag AI_TT_013
4/24/2026 1:14:27 PM,202,Warning,WT8-GUI,83109900,HM,Overscaled Channel detected at Tag AI_TT_014
4/24/2026 1:14:27 PM,202,Warning,WT8-GUI,83109901,HM,Overscaled Channel detected at Tag AI_TT_015
4/24/2026 1:14:27 PM,202,Warning,WT8-GUI,83109902,HM,Overscaled Channel detected at Tag AI_TT_016
4/24/2026 1:14:27 PM,202,Warning,WT8-GUI,83109903,HM,Overscaled Channel detected at Tag AI_TT_017
4/24/2026 1:14:27 PM,202,Warning,WT8-GUI,83109904,HM,Overscaled Channel detected at Tag AI_TT_018
4/24/2026 1:14:27 PM,202,Warning,WT8-GUI,83109905,HM,Overscaled Channel detected at Tag AI_TT_001
4/24/2026 1:14:27 PM,202,Warning,WT8-GUI,83109906,HM,Overscaled Channel detected at Tag AI_TT_019
4/24/2026 1:14:27 PM,202,Warning,WT8-GUI,83109907,HM,Overscaled Channel detected at Tag AI_TT_004
4/24/2026 1:14:27 PM,202,Warning,WT8-GUI,83109908,HM,Overscaled Channel detected at Tag AI_TT_005
4/24/2026 1:14:27 PM,202,Warning,WT8-GUI,83109909,HM,Overscaled Channel detected at Tag AI_TT_006
4/24/2026 1:15:10 PM,301005,Warning,WT8-GUI,83109910,OPC,OPC Server Graybox.Simulator.1 on host localhost has not updated data in 232 minute(s).
4/24/2026 1:15:27 PM,202,Warning,WT8-GUI,83109911,HM,Overscaled Channel detected at Tag AI_Volts_Shunt_000
4/24/2026 1:15:27 PM,202,Warning,WT8-GUI,83109912,HM,Overscaled Channel detected at Tag AI_Volts_Shunt_001
4/24/2026 1:15:27 PM,202,Warning,WT8-GUI,83109913,HM,Overscaled Channel detected at Tag AI_Volts_Shunt_003
4/24/2026 1:15:27 PM,202,Warning,WT8-GUI,83109914,HM,Overscaled Channel detected at Tag AI_Volts_Shunt_004
4/24/2026 1:15:27 PM,202,Warning,WT8-GUI,83109915,HM,Overscaled Channel detected at Tag AI_TK_026
4/24/2026 1:15:27 PM,202,Warning,WT8-GUI,83109916,HM,Overscaled Channel detected at Tag AI_TK_027
4/24/2026 1:15:27 PM,202,Warning,WT8-GUI,83109917,HM,Overscaled Channel detected at Tag AI_TK_028
4/24/2026 1:15:27 PM,202,Warning,WT8-GUI,83109918,HM,Overscaled Channel detected at Tag AI_TK_003
4/24/2026 1:15:27 PM,202,Warning,WT8-GUI,83109919,HM,Overscaled Channel detected at Tag AI_TT_002
4/24/2026 1:15:27 PM,202,Warning,WT8-GUI,83109920,HM,Overscaled Channel detected at Tag AI_TT_029
4/24/2026 1:15:27 PM,202,Warning,WT8-GUI,83109921,HM,Overscaled Channel detected at Tag AI_TT_030
4/24/2026 1:15:27 PM,202,Warning,WT8-GUI,83109922,HM,Overscaled Channel detected at Tag AI_TT_003
4/24/2026 1:15:27 PM,202,Warning,WT8-GUI,83109923,HM,Overscaled Channel detected at Tag AI_TT_007
4/24/2026 1:15:27 PM,202,Warning,WT8-GUI,83109924,HM,Overscaled Channel detected at Tag AI_TT_008
4/24/2026 1:15:27 PM,202,Warning,WT8-GUI,83109925,HM,Overscaled Channel detected at Tag AI_Volts_Shunt_006
4/24/2026 1:15:27 PM,202,Warning,WT8-GUI,83109926,HM,Overscaled Channel detected at Tag AI_Volts_Shunt_007
4/24/2026 1:15:27 PM,202,Warning,WT8-GUI,83109927,HM,Overscaled Channel detected at Tag AI_Volts_Shunt_008
4/24/2026 1:15:27 PM,202,Warning,WT8-GUI,83109928,HM,Overscaled Channel detected at Tag AI_Volts_Shunt_009
4/24/2026 1:15:27 PM,202,Warning,WT8-GUI,83109929,HM,Overscaled Channel detected at Tag AI_TK_018
4/24/2026 1:15:27 PM,202,Warning,WT8-GUI,83109930,HM,Overscaled Channel detected at Tag AI_TK_001
4/24/2026 1:15:27 PM,202,Warning,WT8-GUI,83109931,HM,Overscaled Channel detected at Tag AI_TK_019
4/24/2026 1:15:27 PM,202,Warning,WT8-GUI,83109932,HM,Overscaled Channel detected at Tag AI_TK_020
4/24/2026 1:15:27 PM,202,Warning,WT8-GUI,83109933,HM,Overscaled Channel detected at Tag AI_TK_021
4/24/2026 1:15:27 PM,202,Warning,WT8-GUI,83109934,HM,Overscaled Channel detected at Tag AI_TK_022
4/24/2026 1:15:27 PM,202,Warning,WT8-GUI,83109935,HM,Overscaled Channel detected at Tag AI_TK_023
4/24/2026 1:15:27 PM,202,Warning,WT8-GUI,83109936,HM,Overscaled Channel detected at Tag AI_TK_024
4/24/2026 1:15:27 PM,202,Warning,WT8-GUI,83109937,HM,Overscaled Channel detected at Tag AI_TK_025
4/24/2026 1:15:27 PM,202,Warning,WT8-GUI,83109938,HM,Overscaled Channel detected at Tag AI_TK_002
4/24/2026 1:15:27 PM,202,Warning,WT8-GUI,83109939,HM,Overscaled Channel detected at Tag AI_TK_029
4/24/2026 1:15:27 PM,202,Warning,WT8-GUI,83109940,HM,Overscaled Channel detected at Tag AI_TK_030
4/24/2026 1:15:27 PM,202,Warning,WT8-GUI,83109941,HM,Overscaled Channel detected at Tag AI_TK_004
4/24/2026 1:15:27 PM,202,Warning,WT8-GUI,83109942,HM,Overscaled Channel detected at Tag AI_TK_005
4/24/2026 1:15:27 PM,202,Warning,WT8-GUI,83109943,HM,Overscaled Channel detected at Tag AI_TK_006
4/24/2026 1:15:27 PM,202,Warning,WT8-GUI,83109944,HM,Overscaled Channel detected at Tag AI_TK_007
4/24/2026 1:15:27 PM,202,Warning,WT8-GUI,83109945,HM,Overscaled Channel detected at Tag AI_TK_008
4/24/2026 1:15:27 PM,202,Warning,WT8-GUI,83109946,HM,Overscaled Channel detected at Tag AI_TT_020
4/24/2026 1:15:27 PM,202,Warning,WT8-GUI,83109947,HM,Overscaled Channel detected at Tag AI_TT_021
4/24/2026 1:15:27 PM,202,Warning,WT8-GUI,83109948,HM,Overscaled Channel detected at Tag AI_TT_022
4/24/2026 1:15:27 PM,202,Warning,WT8-GUI,83109949,HM,Overscaled Channel detected at Tag AI_TT_023
4/24/2026 1:15:27 PM,202,Warning,WT8-GUI,83109950,HM,Overscaled Channel detected at Tag AI_TT_024
4/24/2026 1:15:27 PM,202,Warning,WT8-GUI,83109951,HM,Overscaled Channel detected at Tag AI_TT_025
4/24/2026 1:15:27 PM,202,Warning,WT8-GUI,83109952,HM,Overscaled Channel detected at Tag AI_TT_026
4/24/2026 1:15:27 PM,202,Warning,WT8-GUI,83109953,HM,Overscaled Channel detected at Tag AI_TT_027
4/24/2026 1:15:27 PM,202,Warning,WT8-GUI,83109954,HM,Overscaled Channel detected at Tag AI_TT_028
4/24/2026 1:15:27 PM,202,Warning,WT8-GUI,83109955,HM,Overscaled Channel detected at Tag AI_TK_000
4/24/2026 1:15:27 PM,202,Warning,WT8-GUI,83109956,HM,Overscaled Channel detected at Tag AI_TK_009
4/24/2026 1:15:27 PM,202,Warning,WT8-GUI,83109957,HM,Overscaled Channel detected at Tag AI_TK_010
4/24/2026 1:15:27 PM,202,Warning,WT8-GUI,83109958,HM,Overscaled Channel detected at Tag AI_TK_011
4/24/2026 1:15:27 PM,202,Warning,WT8-GUI,83109959,HM,Overscaled Channel detected at Tag AI_TK_012
4/24/2026 1:15:27 PM,202,Warning,WT8-GUI,83109960,HM,Overscaled Channel detected at Tag AI_TK_013
4/24/2026 1:15:27 PM,202,Warning,WT8-GUI,83109961,HM,Overscaled Channel detected at Tag AI_TK_014
4/24/2026 1:15:27 PM,202,Warning,WT8-GUI,83109962,HM,Overscaled Channel detected at Tag AI_TK_015
4/24/2026 1:15:27 PM,202,Warning,WT8-GUI,83109963,HM,Overscaled Channel detected at Tag AI_TK_016
4/24/2026 1:15:27 PM,202,Warning,WT8-GUI,83109964,HM,Overscaled Channel detected at Tag AI_TK_017
4/24/2026 1:15:27 PM,202,Warning,WT8-GUI,83109965,HM,Overscaled Channel detected at Tag AI_Volts_Shunt_010
4/24/2026 1:15:27 PM,202,Warning,WT8-GUI,83109966,HM,Overscaled Channel detected at Tag AI_Volts_Shunt_011
4/24/2026 1:15:27 PM,202,Warning,WT8-GUI,83109967,HM,Overscaled Channel detected at Tag AI_Volts_Shunt_012
4/24/2026 1:15:27 PM,202,Warning,WT8-GUI,83109968,HM,Overscaled Channel detected at Tag AI_Volts_Shunt_013
4/24/2026 1:15:27 PM,202,Warning,WT8-GUI,83109969,HM,Overscaled Channel detected at Tag AI_Volts_Shunt_014
4/24/2026 1:15:27 PM,202,Warning,WT8-GUI,83109970,HM,Overscaled Channel detected at Tag AI_Volts_Shunt_015
4/24/2026 1:15:27 PM,202,Warning,WT8-GUI,83109971,HM,Overscaled Channel detected at Tag AI_Strain_000
4/24/2026 1:15:27 PM,202,Warning,WT8-GUI,83109972,HM,Overscaled Channel detected at Tag AI_Strain_001
4/24/2026 1:15:27 PM,202,Warning,WT8-GUI,83109973,HM,Overscaled Channel detected at Tag AI_Strain_002
4/24/2026 1:15:27 PM,202,Warning,WT8-GUI,83109974,HM,Overscaled Channel detected at Tag AI_Strain_003
4/24/2026 1:15:27 PM,202,Warning,WT8-GUI,83109975,HM,Overscaled Channel detected at Tag AI_Strain_004
4/24/2026 1:15:27 PM,202,Warning,WT8-GUI,83109976,HM,Overscaled Channel detected at Tag AI_Strain_005
4/24/2026 1:15:27 PM,202,Warning,WT8-GUI,83109977,HM,Overscaled Channel detected at Tag AI_Strain_006
4/24/2026 1:15:27 PM,202,Warning,WT8-GUI,83109978,HM,Overscaled Channel detected at Tag AI_Strain_007
4/24/2026 1:15:27 PM,202,Warning,WT8-GUI,83109979,HM,Overscaled Channel detected at Tag AI_TT_000
4/24/2026 1:15:27 PM,202,Warning,WT8-GUI,83109980,HM,Overscaled Channel detected at Tag AI_TT_009
4/24/2026 1:15:27 PM,202,Warning,WT8-GUI,83109981,HM,Overscaled Channel detected at Tag AI_TT_010
4/24/2026 1:15:27 PM,202,Warning,WT8-GUI,83109982,HM,Overscaled Channel detected at Tag AI_TT_011
4/24/2026 1:15:27 PM,202,Warning,WT8-GUI,83109983,HM,Overscaled Channel detected at Tag AI_TT_012
4/24/2026 1:15:27 PM,202,Warning,WT8-GUI,83109984,HM,Overscaled Channel detected at Tag AI_TT_013
4/24/2026 1:15:27 PM,202,Warning,WT8-GUI,83109985,HM,Overscaled Channel detected at Tag AI_TT_014
4/24/2026 1:15:27 PM,202,Warning,WT8-GUI,83109986,HM,Overscaled Channel detected at Tag AI_TT_015
4/24/2026 1:15:27 PM,202,Warning,WT8-GUI,83109987,HM,Overscaled Channel detected at Tag AI_TT_016
4/24/2026 1:15:27 PM,202,Warning,WT8-GUI,83109988,HM,Overscaled Channel detected at Tag AI_TT_017
4/24/2026 1:15:27 PM,202,Warning,WT8-GUI,83109989,HM,Overscaled Channel detected at Tag AI_TT_018
4/24/2026 1:15:27 PM,202,Warning,WT8-GUI,83109990,HM,Overscaled Channel detected at Tag AI_TT_001
4/24/2026 1:15:27 PM,202,Warning,WT8-GUI,83109991,HM,Overscaled Channel detected at Tag AI_TT_019
4/24/2026 1:15:27 PM,202,Warning,WT8-GUI,83109992,HM,Overscaled Channel detected at Tag AI_TT_004
4/24/2026 1:15:27 PM,202,Warning,WT8-GUI,83109993,HM,Overscaled Channel detected at Tag AI_TT_005
4/24/2026 1:15:27 PM,202,Warning,WT8-GUI,83109994,HM,Overscaled Channel detected at Tag AI_TT_006
4/24/2026 1:16:10 PM,301005,Warning,WT8-GUI,83109995,OPC,OPC Server Graybox.Simulator.1 on host localhost has not updated data in 233 minute(s).
4/24/2026 1:16:27 PM,202,Warning,WT8-GUI,83109996,HM,Overscaled Channel detected at Tag AI_Volts_Shunt_000
4/24/2026 1:16:27 PM,202,Warning,WT8-GUI,83109997,HM,Overscaled Channel detected at Tag AI_Volts_Shunt_001
4/24/2026 1:16:27 PM,202,Warning,WT8-GUI,83109998,HM,Overscaled Channel detected at Tag AI_Volts_Shunt_003
4/24/2026 1:16:27 PM,202,Warning,WT8-GUI,83109999,HM,Overscaled Channel detected at Tag AI_Volts_Shunt_004
4/24/2026 1:16:27 PM,202,Warning,WT8-GUI,83110000,HM,Overscaled Channel detected at Tag AI_TK_026
4/24/2026 1:16:27 PM,202,Warning,WT8-GUI,83110001,HM,Overscaled Channel detected at Tag AI_TK_027
4/24/2026 1:16:27 PM,202,Warning,WT8-GUI,83110002,HM,Overscaled Channel detected at Tag AI_TK_028
4/24/2026 1:16:27 PM,202,Warning,WT8-GUI,83110003,HM,Overscaled Channel detected at Tag AI_TK_003
4/24/2026 1:16:27 PM,202,Warning,WT8-GUI,83110004,HM,Overscaled Channel detected at Tag AI_TT_002
4/24/2026 1:16:27 PM,202,Warning,WT8-GUI,83110005,HM,Overscaled Channel detected at Tag AI_TT_029
4/24/2026 1:16:27 PM,202,Warning,WT8-GUI,83110006,HM,Overscaled Channel detected at Tag AI_TT_030
4/24/2026 1:16:27 PM,202,Warning,WT8-GUI,83110007,HM,Overscaled Channel detected at Tag AI_TT_003
4/24/2026 1:16:27 PM,202,Warning,WT8-GUI,83110008,HM,Overscaled Channel detected at Tag AI_TT_007
4/24/2026 1:16:27 PM,202,Warning,WT8-GUI,83110009,HM,Overscaled Channel detected at Tag AI_TT_008
4/24/2026 1:16:27 PM,202,Warning,WT8-GUI,83110010,HM,Overscaled Channel detected at Tag AI_Volts_Shunt_006
4/24/2026 1:16:27 PM,202,Warning,WT8-GUI,83110011,HM,Overscaled Channel detected at Tag AI_Volts_Shunt_007
4/24/2026 1:16:27 PM,202,Warning,WT8-GUI,83110012,HM,Overscaled Channel detected at Tag AI_Volts_Shunt_008
4/24/2026 1:16:27 PM,202,Warning,WT8-GUI,83110013,HM,Overscaled Channel detected at Tag AI_Volts_Shunt_009
4/24/2026 1:16:27 PM,202,Warning,WT8-GUI,83110014,HM,Overscaled Channel detected at Tag AI_TK_018
4/24/2026 1:16:27 PM,202,Warning,WT8-GUI,83110015,HM,Overscaled Channel detected at Tag AI_TK_001
4/24/2026 1:16:27 PM,202,Warning,WT8-GUI,83110016,HM,Overscaled Channel detected at Tag AI_TK_019
4/24/2026 1:16:27 PM,202,Warning,WT8-GUI,83110017,HM,Overscaled Channel detected at Tag AI_TK_020
4/24/2026 1:16:27 PM,202,Warning,WT8-GUI,83110018,HM,Overscaled Channel detected at Tag AI_TK_021
4/24/2026 1:16:27 PM,202,Warning,WT8-GUI,83110019,HM,Overscaled Channel detected at Tag AI_TK_022
4/24/2026 1:16:27 PM,202,Warning,WT8-GUI,83110020,HM,Overscaled Channel detected at Tag AI_TK_023
4/24/2026 1:16:27 PM,202,Warning,WT8-GUI,83110021,HM,Overscaled Channel detected at Tag AI_TK_024
4/24/2026 1:16:27 PM,202,Warning,WT8-GUI,83110022,HM,Overscaled Channel detected at Tag AI_TK_025
4/24/2026 1:16:27 PM,202,Warning,WT8-GUI,83110023,HM,Overscaled Channel detected at Tag AI_TK_002
4/24/2026 1:16:27 PM,202,Warning,WT8-GUI,83110024,HM,Overscaled Channel detected at Tag AI_TK_029
4/24/2026 1:16:27 PM,202,Warning,WT8-GUI,83110025,HM,Overscaled Channel detected at Tag AI_TK_030
4/24/2026 1:16:27 PM,202,Warning,WT8-GUI,83110026,HM,Overscaled Channel detected at Tag AI_TK_004
4/24/2026 1:16:27 PM,202,Warning,WT8-GUI,83110027,HM,Overscaled Channel detected at Tag AI_TK_005
4/24/2026 1:16:27 PM,202,Warning,WT8-GUI,83110028,HM,Overscaled Channel detected at Tag AI_TK_006
4/24/2026 1:16:27 PM,202,Warning,WT8-GUI,83110029,HM,Overscaled Channel detected at Tag AI_TK_007
4/24/2026 1:16:27 PM,202,Warning,WT8-GUI,83110030,HM,Overscaled Channel detected at Tag AI_TK_008
4/24/2026 1:16:27 PM,202,Warning,WT8-GUI,83110031,HM,Overscaled Channel detected at Tag AI_Volts_Shunt_010
4/24/2026 1:16:27 PM,202,Warning,WT8-GUI,83110032,HM,Overscaled Channel detected at Tag AI_Volts_Shunt_011
4/24/2026 1:16:27 PM,202,Warning,WT8-GUI,83110033,HM,Overscaled Channel detected at Tag AI_TT_020
4/24/2026 1:16:27 PM,202,Warning,WT8-GUI,83110034,HM,Overscaled Channel detected at Tag AI_TT_021
4/24/2026 1:16:27 PM,202,Warning,WT8-GUI,83110035,HM,Overscaled Channel detected at Tag AI_TT_022
4/24/2026 1:16:27 PM,202,Warning,WT8-GUI,83110036,HM,Overscaled Channel detected at Tag AI_TT_023
4/24/2026 1:16:27 PM,202,Warning,WT8-GUI,83110037,HM,Overscaled Channel detected at Tag AI_TT_024
4/24/2026 1:16:27 PM,202,Warning,WT8-GUI,83110038,HM,Overscaled Channel detected at Tag AI_TT_025
4/24/2026 1:16:27 PM,202,Warning,WT8-GUI,83110039,HM,Overscaled Channel detected at Tag AI_TT_026
4/24/2026 1:16:27 PM,202,Warning,WT8-GUI,83110040,HM,Overscaled Channel detected at Tag AI_TT_027
4/24/2026 1:16:27 PM,202,Warning,WT8-GUI,83110041,HM,Overscaled Channel detected at Tag AI_TT_028
4/24/2026 1:16:27 PM,202,Warning,WT8-GUI,83110042,HM,Overscaled Channel detected at Tag AI_TK_000
4/24/2026 1:16:27 PM,202,Warning,WT8-GUI,83110043,HM,Overscaled Channel detected at Tag AI_TK_009
4/24/2026 1:16:27 PM,202,Warning,WT8-GUI,83110044,HM,Overscaled Channel detected at Tag AI_TK_010
4/24/2026 1:16:27 PM,202,Warning,WT8-GUI,83110045,HM,Overscaled Channel detected at Tag AI_TK_011
4/24/2026 1:16:27 PM,202,Warning,WT8-GUI,83110046,HM,Overscaled Channel detected at Tag AI_TK_012
4/24/2026 1:16:27 PM,202,Warning,WT8-GUI,83110047,HM,Overscaled Channel detected at Tag AI_TK_013
4/24/2026 1:16:27 PM,202,Warning,WT8-GUI,83110048,HM,Overscaled Channel detected at Tag AI_TK_014
4/24/2026 1:16:27 PM,202,Warning,WT8-GUI,83110049,HM,Overscaled Channel detected at Tag AI_TK_015
4/24/2026 1:16:27 PM,202,Warning,WT8-GUI,83110050,HM,Overscaled Channel detected at Tag AI_TK_016
4/24/2026 1:16:27 PM,202,Warning,WT8-GUI,83110051,HM,Overscaled Channel detected at Tag AI_TK_017
4/24/2026 1:16:27 PM,202,Warning,WT8-GUI,83110052,HM,Overscaled Channel detected at Tag AI_Volts_Shunt_012
4/24/2026 1:16:27 PM,202,Warning,WT8-GUI,83110053,HM,Overscaled Channel detected at Tag AI_Volts_Shunt_013
4/24/2026 1:16:27 PM,202,Warning,WT8-GUI,83110054,HM,Overscaled Channel detected at Tag AI_Volts_Shunt_014
4/24/2026 1:16:27 PM,202,Warning,WT8-GUI,83110055,HM,Overscaled Channel detected at Tag AI_Volts_Shunt_015
4/24/2026 1:16:27 PM,202,Warning,WT8-GUI,83110056,HM,Overscaled Channel detected at Tag AI_Strain_000
4/24/2026 1:16:27 PM,202,Warning,WT8-GUI,83110057,HM,Overscaled Channel detected at Tag AI_Strain_001
4/24/2026 1:16:27 PM,202,Warning,WT8-GUI,83110058,HM,Overscaled Channel detected at Tag AI_Strain_002
4/24/2026 1:16:27 PM,202,Warning,WT8-GUI,83110059,HM,Overscaled Channel detected at Tag AI_Strain_003
4/24/2026 1:16:27 PM,202,Warning,WT8-GUI,83110060,HM,Overscaled Channel detected at Tag AI_Strain_004
4/24/2026 1:16:27 PM,202,Warning,WT8-GUI,83110061,HM,Overscaled Channel detected at Tag AI_Strain_005
4/24/2026 1:16:27 PM,202,Warning,WT8-GUI,83110062,HM,Overscaled Channel detected at Tag AI_Strain_006
4/24/2026 1:16:27 PM,202,Warning,WT8-GUI,83110063,HM,Overscaled Channel detected at Tag AI_Strain_007
4/24/2026 1:16:27 PM,202,Warning,WT8-GUI,83110064,HM,Overscaled Channel detected at Tag AI_TT_000
4/24/2026 1:16:27 PM,202,Warning,WT8-GUI,83110065,HM,Overscaled Channel detected at Tag AI_TT_009
4/24/2026 1:16:27 PM,202,Warning,WT8-GUI,83110066,HM,Overscaled Channel detected at Tag AI_TT_010
4/24/2026 1:16:27 PM,202,Warning,WT8-GUI,83110067,HM,Overscaled Channel detected at Tag AI_TT_011
4/24/2026 1:16:27 PM,202,Warning,WT8-GUI,83110068,HM,Overscaled Channel detected at Tag AI_TT_012
4/24/2026 1:16:27 PM,202,Warning,WT8-GUI,83110069,HM,Overscaled Channel detected at Tag AI_TT_013
4/24/2026 1:16:27 PM,202,Warning,WT8-GUI,83110070,HM,Overscaled Channel detected at Tag AI_TT_014
4/24/2026 1:16:27 PM,202,Warning,WT8-GUI,83110071,HM,Overscaled Channel detected at Tag AI_TT_015
4/24/2026 1:16:27 PM,202,Warning,WT8-GUI,83110072,HM,Overscaled Channel detected at Tag AI_TT_016
4/24/2026 1:16:27 PM,202,Warning,WT8-GUI,83110073,HM,Overscaled Channel detected at Tag AI_TT_017
4/24/2026 1:16:27 PM,202,Warning,WT8-GUI,83110074,HM,Overscaled Channel detected at Tag AI_TT_018
4/24/2026 1:16:27 PM,202,Warning,WT8-GUI,83110075,HM,Overscaled Channel detected at Tag AI_TT_001
4/24/2026 1:16:27 PM,202,Warning,WT8-GUI,83110076,HM,Overscaled Channel detected at Tag AI_TT_019
4/24/2026 1:16:27 PM,202,Warning,WT8-GUI,83110077,HM,Overscaled Channel detected at Tag AI_TT_004
4/24/2026 1:16:27 PM,202,Warning,WT8-GUI,83110078,HM,Overscaled Channel detected at Tag AI_TT_005
4/24/2026 1:16:27 PM,202,Warning,WT8-GUI,83110079,HM,Overscaled Channel detected at Tag AI_TT_006
4/24/2026 1:17:10 PM,301005,Warning,WT8-GUI,83110080,OPC,OPC Server Graybox.Simulator.1 on host localhost has not updated data in 234 minute(s).
4/24/2026 1:17:27 PM,202,Warning,WT8-GUI,83110081,HM,Overscaled Channel detected at Tag AI_Volts_Shunt_000
4/24/2026 1:17:27 PM,202,Warning,WT8-GUI,83110082,HM,Overscaled Channel detected at Tag AI_Volts_Shunt_001
4/24/2026 1:17:27 PM,202,Warning,WT8-GUI,83110083,HM,Overscaled Channel detected at Tag AI_Volts_Shunt_003
4/24/2026 1:17:27 PM,202,Warning,WT8-GUI,83110084,HM,Overscaled Channel detected at Tag AI_Volts_Shunt_004
4/24/2026 1:17:27 PM,202,Warning,WT8-GUI,83110085,HM,Overscaled Channel detected at Tag AI_TK_026
4/24/2026 1:17:27 PM,202,Warning,WT8-GUI,83110086,HM,Overscaled Channel detected at Tag AI_TK_027
4/24/2026 1:17:27 PM,202,Warning,WT8-GUI,83110087,HM,Overscaled Channel detected at Tag AI_TK_028
4/24/2026 1:17:27 PM,202,Warning,WT8-GUI,83110088,HM,Overscaled Channel detected at Tag AI_TK_003
4/24/2026 1:17:27 PM,202,Warning,WT8-GUI,83110089,HM,Overscaled Channel detected at Tag AI_TT_002
4/24/2026 1:17:27 PM,202,Warning,WT8-GUI,83110090,HM,Overscaled Channel detected at Tag AI_TT_029
4/24/2026 1:17:27 PM,202,Warning,WT8-GUI,83110091,HM,Overscaled Channel detected at Tag AI_TT_030
4/24/2026 1:17:27 PM,202,Warning,WT8-GUI,83110092,HM,Overscaled Channel detected at Tag AI_TT_003
4/24/2026 1:17:27 PM,202,Warning,WT8-GUI,83110093,HM,Overscaled Channel detected at Tag AI_TT_007
4/24/2026 1:17:27 PM,202,Warning,WT8-GUI,83110094,HM,Overscaled Channel detected at Tag AI_TT_008
4/24/2026 1:17:27 PM,202,Warning,WT8-GUI,83110095,HM,Overscaled Channel detected at Tag AI_Volts_Shunt_006
4/24/2026 1:17:27 PM,202,Warning,WT8-GUI,83110096,HM,Overscaled Channel detected at Tag AI_Volts_Shunt_007
4/24/2026 1:17:27 PM,202,Warning,WT8-GUI,83110097,HM,Overscaled Channel detected at Tag AI_Volts_Shunt_008
4/24/2026 1:17:27 PM,202,Warning,WT8-GUI,83110098,HM,Overscaled Channel detected at Tag AI_Volts_Shunt_009
4/24/2026 1:17:27 PM,202,Warning,WT8-GUI,83110099,HM,Overscaled Channel detected at Tag AI_TK_018
4/24/2026 1:17:27 PM,202,Warning,WT8-GUI,83110100,HM,Overscaled Channel detected at Tag AI_TK_001
4/24/2026 1:17:27 PM,202,Warning,WT8-GUI,83110101,HM,Overscaled Channel detected at Tag AI_TK_019
4/24/2026 1:17:27 PM,202,Warning,WT8-GUI,83110102,HM,Overscaled Channel detected at Tag AI_TK_020
4/24/2026 1:17:27 PM,202,Warning,WT8-GUI,83110103,HM,Overscaled Channel detected at Tag AI_TK_021
4/24/2026 1:17:27 PM,202,Warning,WT8-GUI,83110104,HM,Overscaled Channel detected at Tag AI_TK_022
4/24/2026 1:17:27 PM,202,Warning,WT8-GUI,83110105,HM,Overscaled Channel detected at Tag AI_TK_023
4/24/2026 1:17:27 PM,202,Warning,WT8-GUI,83110106,HM,Overscaled Channel detected at Tag AI_TK_024
4/24/2026 1:17:27 PM,202,Warning,WT8-GUI,83110107,HM,Overscaled Channel detected at Tag AI_TK_025
4/24/2026 1:17:27 PM,202,Warning,WT8-GUI,83110108,HM,Overscaled Channel detected at Tag AI_TK_002
4/24/2026 1:17:27 PM,202,Warning,WT8-GUI,83110109,HM,Overscaled Channel detected at Tag AI_TK_029
4/24/2026 1:17:27 PM,202,Warning,WT8-GUI,83110110,HM,Overscaled Channel detected at Tag AI_TK_030
4/24/2026 1:17:27 PM,202,Warning,WT8-GUI,83110111,HM,Overscaled Channel detected at Tag AI_TK_004
4/24/2026 1:17:27 PM,202,Warning,WT8-GUI,83110112,HM,Overscaled Channel detected at Tag AI_TK_005
4/24/2026 1:17:27 PM,202,Warning,WT8-GUI,83110113,HM,Overscaled Channel detected at Tag AI_TK_006
4/24/2026 1:17:27 PM,202,Warning,WT8-GUI,83110114,HM,Overscaled Channel detected at Tag AI_TK_007
4/24/2026 1:17:27 PM,202,Warning,WT8-GUI,83110115,HM,Overscaled Channel detected at Tag AI_TK_008
4/24/2026 1:17:27 PM,202,Warning,WT8-GUI,83110116,HM,Overscaled Channel detected at Tag AI_Volts_Shunt_010
4/24/2026 1:17:27 PM,202,Warning,WT8-GUI,83110117,HM,Overscaled Channel detected at Tag AI_Volts_Shunt_011
4/24/2026 1:17:27 PM,202,Warning,WT8-GUI,83110118,HM,Overscaled Channel detected at Tag AI_TT_020
4/24/2026 1:17:27 PM,202,Warning,WT8-GUI,83110119,HM,Overscaled Channel detected at Tag AI_TT_021
4/24/2026 1:17:27 PM,202,Warning,WT8-GUI,83110120,HM,Overscaled Channel detected at Tag AI_TT_022
4/24/2026 1:17:27 PM,202,Warning,WT8-GUI,83110121,HM,Overscaled Channel detected at Tag AI_TT_023
4/24/2026 1:17:27 PM,202,Warning,WT8-GUI,83110122,HM,Overscaled Channel detected at Tag AI_TT_024
4/24/2026 1:17:27 PM,202,Warning,WT8-GUI,83110123,HM,Overscaled Channel detected at Tag AI_TT_025
4/24/2026 1:17:27 PM,202,Warning,WT8-GUI,83110124,HM,Overscaled Channel detected at Tag AI_TT_026
4/24/2026 1:17:27 PM,202,Warning,WT8-GUI,83110125,HM,Overscaled Channel detected at Tag AI_TT_027
4/24/2026 1:17:27 PM,202,Warning,WT8-GUI,83110126,HM,Overscaled Channel detected at Tag AI_TT_028
4/24/2026 1:17:27 PM,202,Warning,WT8-GUI,83110127,HM,Overscaled Channel detected at Tag AI_TK_000
4/24/2026 1:17:27 PM,202,Warning,WT8-GUI,83110128,HM,Overscaled Channel detected at Tag AI_TK_009
4/24/2026 1:17:27 PM,202,Warning,WT8-GUI,83110129,HM,Overscaled Channel detected at Tag AI_TK_010
4/24/2026 1:17:27 PM,202,Warning,WT8-GUI,83110130,HM,Overscaled Channel detected at Tag AI_TK_011
4/24/2026 1:17:27 PM,202,Warning,WT8-GUI,83110131,HM,Overscaled Channel detected at Tag AI_TK_012
4/24/2026 1:17:27 PM,202,Warning,WT8-GUI,83110132,HM,Overscaled Channel detected at Tag AI_TK_013
4/24/2026 1:17:27 PM,202,Warning,WT8-GUI,83110133,HM,Overscaled Channel detected at Tag AI_TK_014
4/24/2026 1:17:27 PM,202,Warning,WT8-GUI,83110134,HM,Overscaled Channel detected at Tag AI_TK_015
4/24/2026 1:17:27 PM,202,Warning,WT8-GUI,83110135,HM,Overscaled Channel detected at Tag AI_TK_016
4/24/2026 1:17:27 PM,202,Warning,WT8-GUI,83110136,HM,Overscaled Channel detected at Tag AI_TK_017
4/24/2026 1:17:27 PM,202,Warning,WT8-GUI,83110137,HM,Overscaled Channel detected at Tag AI_Volts_Shunt_012
4/24/2026 1:17:27 PM,202,Warning,WT8-GUI,83110138,HM,Overscaled Channel detected at Tag AI_Volts_Shunt_013
4/24/2026 1:17:27 PM,202,Warning,WT8-GUI,83110139,HM,Overscaled Channel detected at Tag AI_Volts_Shunt_014
4/24/2026 1:17:27 PM,202,Warning,WT8-GUI,83110140,HM,Overscaled Channel detected at Tag AI_Volts_Shunt_015
4/24/2026 1:17:27 PM,202,Warning,WT8-GUI,83110141,HM,Overscaled Channel detected at Tag AI_Strain_000
4/24/2026 1:17:27 PM,202,Warning,WT8-GUI,83110142,HM,Overscaled Channel detected at Tag AI_Strain_001
4/24/2026 1:17:27 PM,202,Warning,WT8-GUI,83110143,HM,Overscaled Channel detected at Tag AI_Strain_002
4/24/2026 1:17:27 PM,202,Warning,WT8-GUI,83110144,HM,Overscaled Channel detected at Tag AI_Strain_003
4/24/2026 1:17:27 PM,202,Warning,WT8-GUI,83110145,HM,Overscaled Channel detected at Tag AI_Strain_004
4/24/2026 1:17:27 PM,202,Warning,WT8-GUI,83110146,HM,Overscaled Channel detected at Tag AI_Strain_005
4/24/2026 1:17:27 PM,202,Warning,WT8-GUI,83110147,HM,Overscaled Channel detected at Tag AI_Strain_006
4/24/2026 1:17:27 PM,202,Warning,WT8-GUI,83110148,HM,Overscaled Channel detected at Tag AI_Strain_007
4/24/2026 1:17:27 PM,202,Warning,WT8-GUI,83110149,HM,Overscaled Channel detected at Tag AI_TT_000
4/24/2026 1:17:27 PM,202,Warning,WT8-GUI,83110150,HM,Overscaled Channel detected at Tag AI_TT_009
4/24/2026 1:17:27 PM,202,Warning,WT8-GUI,83110151,HM,Overscaled Channel detected at Tag AI_TT_010
4/24/2026 1:17:27 PM,202,Warning,WT8-GUI,83110152,HM,Overscaled Channel detected at Tag AI_TT_011
4/24/2026 1:17:27 PM,202,Warning,WT8-GUI,83110153,HM,Overscaled Channel detected at Tag AI_TT_012
4/24/2026 1:17:27 PM,202,Warning,WT8-GUI,83110154,HM,Overscaled Channel detected at Tag AI_TT_013
4/24/2026 1:17:27 PM,202,Warning,WT8-GUI,83110155,HM,Overscaled Channel detected at Tag AI_TT_014
4/24/2026 1:17:27 PM,202,Warning,WT8-GUI,83110156,HM,Overscaled Channel detected at Tag AI_TT_015
4/24/2026 1:17:27 PM,202,Warning,WT8-GUI,83110157,HM,Overscaled Channel detected at Tag AI_TT_016
4/24/2026 1:17:27 PM,202,Warning,WT8-GUI,83110158,HM,Overscaled Channel detected at Tag AI_TT_017
4/24/2026 1:17:27 PM,202,Warning,WT8-GUI,83110159,HM,Overscaled Channel detected at Tag AI_TT_018
4/24/2026 1:17:27 PM,202,Warning,WT8-GUI,83110160,HM,Overscaled Channel detected at Tag AI_TT_001
4/24/2026 1:17:27 PM,202,Warning,WT8-GUI,83110161,HM,Overscaled Channel detected at Tag AI_TT_019
4/24/2026 1:17:27 PM,202,Warning,WT8-GUI,83110162,HM,Overscaled Channel detected at Tag AI_TT_004
4/24/2026 1:17:27 PM,202,Warning,WT8-GUI,83110163,HM,Overscaled Channel detected at Tag AI_TT_005
4/24/2026 1:17:27 PM,202,Warning,WT8-GUI,83110164,HM,Overscaled Channel detected at Tag AI_TT_006
4/24/2026 1:18:10 PM,301005,Warning,WT8-GUI,83110165,OPC,OPC Server Graybox.Simulator.1 on host localhost has not updated data in 235 minute(s).
4/24/2026 1:18:27 PM,202,Warning,WT8-GUI,83110166,HM,Overscaled Channel detected at Tag AI_Volts_Shunt_000
4/24/2026 1:18:27 PM,202,Warning,WT8-GUI,83110167,HM,Overscaled Channel detected at Tag AI_Volts_Shunt_001
4/24/2026 1:18:27 PM,202,Warning,WT8-GUI,83110168,HM,Overscaled Channel detected at Tag AI_Volts_Shunt_003
4/24/2026 1:18:27 PM,202,Warning,WT8-GUI,83110169,HM,Overscaled Channel detected at Tag AI_Volts_Shunt_004
4/24/2026 1:18:27 PM,202,Warning,WT8-GUI,83110170,HM,Overscaled Channel detected at Tag AI_TK_026
4/24/2026 1:18:27 PM,202,Warning,WT8-GUI,83110171,HM,Overscaled Channel detected at Tag AI_TK_027
4/24/2026 1:18:27 PM,202,Warning,WT8-GUI,83110172,HM,Overscaled Channel detected at Tag AI_TK_028
4/24/2026 1:18:27 PM,202,Warning,WT8-GUI,83110173,HM,Overscaled Channel detected at Tag AI_TK_003
4/24/2026 1:18:27 PM,202,Warning,WT8-GUI,83110174,HM,Overscaled Channel detected at Tag AI_TT_002
4/24/2026 1:18:27 PM,202,Warning,WT8-GUI,83110175,HM,Overscaled Channel detected at Tag AI_TT_029
4/24/2026 1:18:27 PM,202,Warning,WT8-GUI,83110176,HM,Overscaled Channel detected at Tag AI_TT_030
4/24/2026 1:18:27 PM,202,Warning,WT8-GUI,83110177,HM,Overscaled Channel detected at Tag AI_TT_003
4/24/2026 1:18:27 PM,202,Warning,WT8-GUI,83110178,HM,Overscaled Channel detected at Tag AI_TT_007
4/24/2026 1:18:27 PM,202,Warning,WT8-GUI,83110179,HM,Overscaled Channel detected at Tag AI_TT_008
4/24/2026 1:18:27 PM,202,Warning,WT8-GUI,83110180,HM,Overscaled Channel detected at Tag AI_Volts_Shunt_006
4/24/2026 1:18:27 PM,202,Warning,WT8-GUI,83110181,HM,Overscaled Channel detected at Tag AI_Volts_Shunt_007
4/24/2026 1:18:27 PM,202,Warning,WT8-GUI,83110182,HM,Overscaled Channel detected at Tag AI_Volts_Shunt_008
4/24/2026 1:18:27 PM,202,Warning,WT8-GUI,83110183,HM,Overscaled Channel detected at Tag AI_Volts_Shunt_009
4/24/2026 1:18:27 PM,202,Warning,WT8-GUI,83110184,HM,Overscaled Channel detected at Tag AI_TK_018
4/24/2026 1:18:27 PM,202,Warning,WT8-GUI,83110185,HM,Overscaled Channel detected at Tag AI_TK_001
4/24/2026 1:18:27 PM,202,Warning,WT8-GUI,83110186,HM,Overscaled Channel detected at Tag AI_TK_019
4/24/2026 1:18:27 PM,202,Warning,WT8-GUI,83110187,HM,Overscaled Channel detected at Tag AI_TK_020
4/24/2026 1:18:27 PM,202,Warning,WT8-GUI,83110188,HM,Overscaled Channel detected at Tag AI_TK_021
4/24/2026 1:18:27 PM,202,Warning,WT8-GUI,83110189,HM,Overscaled Channel detected at Tag AI_TK_022
4/24/2026 1:18:27 PM,202,Warning,WT8-GUI,83110190,HM,Overscaled Channel detected at Tag AI_TK_023
4/24/2026 1:18:27 PM,202,Warning,WT8-GUI,83110191,HM,Overscaled Channel detected at Tag AI_TK_024
4/24/2026 1:18:27 PM,202,Warning,WT8-GUI,83110192,HM,Overscaled Channel detected at Tag AI_TK_025
4/24/2026 1:18:27 PM,202,Warning,WT8-GUI,83110193,HM,Overscaled Channel detected at Tag AI_TK_002
4/24/2026 1:18:27 PM,202,Warning,WT8-GUI,83110194,HM,Overscaled Channel detected at Tag AI_TK_029
4/24/2026 1:18:27 PM,202,Warning,WT8-GUI,83110195,HM,Overscaled Channel detected at Tag AI_TK_030
4/24/2026 1:18:27 PM,202,Warning,WT8-GUI,83110196,HM,Overscaled Channel detected at Tag AI_TK_004
4/24/2026 1:18:27 PM,202,Warning,WT8-GUI,83110197,HM,Overscaled Channel detected at Tag AI_TK_005
4/24/2026 1:18:27 PM,202,Warning,WT8-GUI,83110198,HM,Overscaled Channel detected at Tag AI_TK_006
4/24/2026 1:18:27 PM,202,Warning,WT8-GUI,83110199,HM,Overscaled Channel detected at Tag AI_TK_007
4/24/2026 1:18:27 PM,202,Warning,WT8-GUI,83110200,HM,Overscaled Channel detected at Tag AI_TK_008
4/24/2026 1:18:27 PM,202,Warning,WT8-GUI,83110201,HM,Overscaled Channel detected at Tag AI_Volts_Shunt_010
4/24/2026 1:18:27 PM,202,Warning,WT8-GUI,83110202,HM,Overscaled Channel detected at Tag AI_Volts_Shunt_011
4/24/2026 1:18:27 PM,202,Warning,WT8-GUI,83110203,HM,Overscaled Channel detected at Tag AI_TT_020
4/24/2026 1:18:27 PM,202,Warning,WT8-GUI,83110204,HM,Overscaled Channel detected at Tag AI_TT_021
4/24/2026 1:18:27 PM,202,Warning,WT8-GUI,83110205,HM,Overscaled Channel detected at Tag AI_TT_022
4/24/2026 1:18:27 PM,202,Warning,WT8-GUI,83110206,HM,Overscaled Channel detected at Tag AI_TT_023
4/24/2026 1:18:27 PM,202,Warning,WT8-GUI,83110207,HM,Overscaled Channel detected at Tag AI_TT_024
4/24/2026 1:18:27 PM,202,Warning,WT8-GUI,83110208,HM,Overscaled Channel detected at Tag AI_TT_025
4/24/2026 1:18:27 PM,202,Warning,WT8-GUI,83110209,HM,Overscaled Channel detected at Tag AI_TT_026
4/24/2026 1:18:27 PM,202,Warning,WT8-GUI,83110210,HM,Overscaled Channel detected at Tag AI_TT_027
4/24/2026 1:18:27 PM,202,Warning,WT8-GUI,83110211,HM,Overscaled Channel detected at Tag AI_TT_028
4/24/2026 1:18:27 PM,202,Warning,WT8-GUI,83110212,HM,Overscaled Channel detected at Tag AI_TK_000
4/24/2026 1:18:27 PM,202,Warning,WT8-GUI,83110213,HM,Overscaled Channel detected at Tag AI_TK_009
4/24/2026 1:18:27 PM,202,Warning,WT8-GUI,83110214,HM,Overscaled Channel detected at Tag AI_TK_010
4/24/2026 1:18:27 PM,202,Warning,WT8-GUI,83110215,HM,Overscaled Channel detected at Tag AI_TK_011
4/24/2026 1:18:27 PM,202,Warning,WT8-GUI,83110216,HM,Overscaled Channel detected at Tag AI_TK_012
4/24/2026 1:18:27 PM,202,Warning,WT8-GUI,83110217,HM,Overscaled Channel detected at Tag AI_TK_013
4/24/2026 1:18:27 PM,202,Warning,WT8-GUI,83110218,HM,Overscaled Channel detected at Tag AI_TK_014
4/24/2026 1:18:27 PM,202,Warning,WT8-GUI,83110219,HM,Overscaled Channel detected at Tag AI_TK_015
4/24/2026 1:18:27 PM,202,Warning,WT8-GUI,83110220,HM,Overscaled Channel detected at Tag AI_TK_016
4/24/2026 1:18:27 PM,202,Warning,WT8-GUI,83110221,HM,Overscaled Channel detected at Tag AI_TK_017
4/24/2026 1:18:27 PM,202,Warning,WT8-GUI,83110222,HM,Overscaled Channel detected at Tag AI_Volts_Shunt_012
4/24/2026 1:18:27 PM,202,Warning,WT8-GUI,83110223,HM,Overscaled Channel detected at Tag AI_Volts_Shunt_013
4/24/2026 1:18:27 PM,202,Warning,WT8-GUI,83110224,HM,Overscaled Channel detected at Tag AI_Volts_Shunt_014
4/24/2026 1:18:27 PM,202,Warning,WT8-GUI,83110225,HM,Overscaled Channel detected at Tag AI_Volts_Shunt_015
4/24/2026 1:18:27 PM,202,Warning,WT8-GUI,83110226,HM,Overscaled Channel detected at Tag AI_Strain_000
4/24/2026 1:18:27 PM,202,Warning,WT8-GUI,83110227,HM,Overscaled Channel detected at Tag AI_Strain_001
4/24/2026 1:18:27 PM,202,Warning,WT8-GUI,83110228,HM,Overscaled Channel detected at Tag AI_Strain_002
4/24/2026 1:18:27 PM,202,Warning,WT8-GUI,83110229,HM,Overscaled Channel detected at Tag AI_Strain_003
4/24/2026 1:18:27 PM,202,Warning,WT8-GUI,83110230,HM,Overscaled Channel detected at Tag AI_Strain_004
4/24/2026 1:18:27 PM,202,Warning,WT8-GUI,83110231,HM,Overscaled Channel detected at Tag AI_Strain_005
4/24/2026 1:18:27 PM,202,Warning,WT8-GUI,83110232,HM,Overscaled Channel detected at Tag AI_Strain_006
4/24/2026 1:18:27 PM,202,Warning,WT8-GUI,83110233,HM,Overscaled Channel detected at Tag AI_Strain_007
4/24/2026 1:18:27 PM,202,Warning,WT8-GUI,83110234,HM,Overscaled Channel detected at Tag AI_TT_000
4/24/2026 1:18:27 PM,202,Warning,WT8-GUI,83110235,HM,Overscaled Channel detected at Tag AI_TT_009
4/24/2026 1:18:27 PM,202,Warning,WT8-GUI,83110236,HM,Overscaled Channel detected at Tag AI_TT_010
4/24/2026 1:18:27 PM,202,Warning,WT8-GUI,83110237,HM,Overscaled Channel detected at Tag AI_TT_011
4/24/2026 1:18:27 PM,202,Warning,WT8-GUI,83110238,HM,Overscaled Channel detected at Tag AI_TT_012
4/24/2026 1:18:27 PM,202,Warning,WT8-GUI,83110239,HM,Overscaled Channel detected at Tag AI_TT_013
4/24/2026 1:18:27 PM,202,Warning,WT8-GUI,83110240,HM,Overscaled Channel detected at Tag AI_TT_014
4/24/2026 1:18:27 PM,202,Warning,WT8-GUI,83110241,HM,Overscaled Channel detected at Tag AI_TT_015
4/24/2026 1:18:27 PM,202,Warning,WT8-GUI,83110242,HM,Overscaled Channel detected at Tag AI_TT_016
4/24/2026 1:18:27 PM,202,Warning,WT8-GUI,83110243,HM,Overscaled Channel detected at Tag AI_TT_017
4/24/2026 1:18:27 PM,202,Warning,WT8-GUI,83110244,HM,Overscaled Channel detected at Tag AI_TT_018
4/24/2026 1:18:27 PM,202,Warning,WT8-GUI,83110245,HM,Overscaled Channel detected at Tag AI_TT_001
4/24/2026 1:18:27 PM,202,Warning,WT8-GUI,83110246,HM,Overscaled Channel detected at Tag AI_TT_019
4/24/2026 1:18:27 PM,202,Warning,WT8-GUI,83110247,HM,Overscaled Channel detected at Tag AI_TT_004
4/24/2026 1:18:27 PM,202,Warning,WT8-GUI,83110248,HM,Overscaled Channel detected at Tag AI_TT_005
4/24/2026 1:18:27 PM,202,Warning,WT8-GUI,83110249,HM,Overscaled Channel detected at Tag AI_TT_006
4/24/2026 1:19:10 PM,301005,Warning,WT8-GUI,83110250,OPC,OPC Server Graybox.Simulator.1 on host localhost has not updated data in 236 minute(s).
4/24/2026 1:19:27 PM,202,Warning,WT8-GUI,83110251,HM,Overscaled Channel detected at Tag AI_Volts_Shunt_000
4/24/2026 1:19:27 PM,202,Warning,WT8-GUI,83110252,HM,Overscaled Channel detected at Tag AI_Volts_Shunt_001
4/24/2026 1:19:27 PM,202,Warning,WT8-GUI,83110253,HM,Overscaled Channel detected at Tag AI_Volts_Shunt_003
4/24/2026 1:19:27 PM,202,Warning,WT8-GUI,83110254,HM,Overscaled Channel detected at Tag AI_Volts_Shunt_004
4/24/2026 1:19:27 PM,202,Warning,WT8-GUI,83110255,HM,Overscaled Channel detected at Tag AI_TK_026
4/24/2026 1:19:27 PM,202,Warning,WT8-GUI,83110256,HM,Overscaled Channel detected at Tag AI_TK_027
4/24/2026 1:19:27 PM,202,Warning,WT8-GUI,83110257,HM,Overscaled Channel detected at Tag AI_TK_028
4/24/2026 1:19:27 PM,202,Warning,WT8-GUI,83110258,HM,Overscaled Channel detected at Tag AI_TK_003
4/24/2026 1:19:27 PM,202,Warning,WT8-GUI,83110259,HM,Overscaled Channel detected at Tag AI_TT_002
4/24/2026 1:19:27 PM,202,Warning,WT8-GUI,83110260,HM,Overscaled Channel detected at Tag AI_TT_029
4/24/2026 1:19:27 PM,202,Warning,WT8-GUI,83110261,HM,Overscaled Channel detected at Tag AI_TT_030
4/24/2026 1:19:27 PM,202,Warning,WT8-GUI,83110262,HM,Overscaled Channel detected at Tag AI_TT_003
4/24/2026 1:19:27 PM,202,Warning,WT8-GUI,83110263,HM,Overscaled Channel detected at Tag AI_TT_007
4/24/2026 1:19:27 PM,202,Warning,WT8-GUI,83110264,HM,Overscaled Channel detected at Tag AI_TT_008
4/24/2026 1:19:27 PM,202,Warning,WT8-GUI,83110265,HM,Overscaled Channel detected at Tag AI_Volts_Shunt_006
4/24/2026 1:19:27 PM,202,Warning,WT8-GUI,83110266,HM,Overscaled Channel detected at Tag AI_Volts_Shunt_007
4/24/2026 1:19:27 PM,202,Warning,WT8-GUI,83110267,HM,Overscaled Channel detected at Tag AI_Volts_Shunt_008
4/24/2026 1:19:27 PM,202,Warning,WT8-GUI,83110268,HM,Overscaled Channel detected at Tag AI_Volts_Shunt_009
4/24/2026 1:19:27 PM,202,Warning,WT8-GUI,83110269,HM,Overscaled Channel detected at Tag AI_TK_018
4/24/2026 1:19:27 PM,202,Warning,WT8-GUI,83110270,HM,Overscaled Channel detected at Tag AI_TK_001
4/24/2026 1:19:27 PM,202,Warning,WT8-GUI,83110271,HM,Overscaled Channel detected at Tag AI_TK_019
4/24/2026 1:19:27 PM,202,Warning,WT8-GUI,83110272,HM,Overscaled Channel detected at Tag AI_TK_020
4/24/2026 1:19:27 PM,202,Warning,WT8-GUI,83110273,HM,Overscaled Channel detected at Tag AI_TK_021
4/24/2026 1:19:27 PM,202,Warning,WT8-GUI,83110274,HM,Overscaled Channel detected at Tag AI_TK_022
4/24/2026 1:19:27 PM,202,Warning,WT8-GUI,83110275,HM,Overscaled Channel detected at Tag AI_TK_023
4/24/2026 1:19:27 PM,202,Warning,WT8-GUI,83110276,HM,Overscaled Channel detected at Tag AI_TK_024
4/24/2026 1:19:27 PM,202,Warning,WT8-GUI,83110277,HM,Overscaled Channel detected at Tag AI_TK_025
4/24/2026 1:19:27 PM,202,Warning,WT8-GUI,83110278,HM,Overscaled Channel detected at Tag AI_TK_002
4/24/2026 1:19:27 PM,202,Warning,WT8-GUI,83110279,HM,Overscaled Channel detected at Tag AI_TK_029
4/24/2026 1:19:27 PM,202,Warning,WT8-GUI,83110280,HM,Overscaled Channel detected at Tag AI_TK_030
4/24/2026 1:19:27 PM,202,Warning,WT8-GUI,83110281,HM,Overscaled Channel detected at Tag AI_TK_004
4/24/2026 1:19:27 PM,202,Warning,WT8-GUI,83110282,HM,Overscaled Channel detected at Tag AI_TK_005
4/24/2026 1:19:27 PM,202,Warning,WT8-GUI,83110283,HM,Overscaled Channel detected at Tag AI_TK_006
4/24/2026 1:19:27 PM,202,Warning,WT8-GUI,83110284,HM,Overscaled Channel detected at Tag AI_TK_007
4/24/2026 1:19:27 PM,202,Warning,WT8-GUI,83110285,HM,Overscaled Channel detected at Tag AI_TK_008
4/24/2026 1:19:27 PM,202,Warning,WT8-GUI,83110286,HM,Overscaled Channel detected at Tag AI_Volts_Shunt_010
4/24/2026 1:19:27 PM,202,Warning,WT8-GUI,83110287,HM,Overscaled Channel detected at Tag AI_Volts_Shunt_011
4/24/2026 1:19:27 PM,202,Warning,WT8-GUI,83110288,HM,Overscaled Channel detected at Tag AI_TT_020
4/24/2026 1:19:27 PM,202,Warning,WT8-GUI,83110289,HM,Overscaled Channel detected at Tag AI_TT_021
4/24/2026 1:19:27 PM,202,Warning,WT8-GUI,83110290,HM,Overscaled Channel detected at Tag AI_TT_022
4/24/2026 1:19:27 PM,202,Warning,WT8-GUI,83110291,HM,Overscaled Channel detected at Tag AI_TT_023
4/24/2026 1:19:27 PM,202,Warning,WT8-GUI,83110292,HM,Overscaled Channel detected at Tag AI_TT_024
4/24/2026 1:19:27 PM,202,Warning,WT8-GUI,83110293,HM,Overscaled Channel detected at Tag AI_TT_025
4/24/2026 1:19:27 PM,202,Warning,WT8-GUI,83110294,HM,Overscaled Channel detected at Tag AI_TT_026
4/24/2026 1:19:27 PM,202,Warning,WT8-GUI,83110295,HM,Overscaled Channel detected at Tag AI_TT_027
4/24/2026 1:19:27 PM,202,Warning,WT8-GUI,83110296,HM,Overscaled Channel detected at Tag AI_TT_028
4/24/2026 1:19:27 PM,202,Warning,WT8-GUI,83110297,HM,Overscaled Channel detected at Tag AI_TK_000
4/24/2026 1:19:27 PM,202,Warning,WT8-GUI,83110298,HM,Overscaled Channel detected at Tag AI_TK_009
4/24/2026 1:19:27 PM,202,Warning,WT8-GUI,83110299,HM,Overscaled Channel detected at Tag AI_TK_010
4/24/2026 1:19:27 PM,202,Warning,WT8-GUI,83110300,HM,Overscaled Channel detected at Tag AI_TK_011
4/24/2026 1:19:27 PM,202,Warning,WT8-GUI,83110301,HM,Overscaled Channel detected at Tag AI_TK_012
4/24/2026 1:19:27 PM,202,Warning,WT8-GUI,83110302,HM,Overscaled Channel detected at Tag AI_TK_013
4/24/2026 1:19:27 PM,202,Warning,WT8-GUI,83110303,HM,Overscaled Channel detected at Tag AI_TK_014
4/24/2026 1:19:27 PM,202,Warning,WT8-GUI,83110304,HM,Overscaled Channel detected at Tag AI_TK_015
4/24/2026 1:19:27 PM,202,Warning,WT8-GUI,83110305,HM,Overscaled Channel detected at Tag AI_TK_016
4/24/2026 1:19:27 PM,202,Warning,WT8-GUI,83110306,HM,Overscaled Channel detected at Tag AI_TK_017
4/24/2026 1:19:27 PM,202,Warning,WT8-GUI,83110307,HM,Overscaled Channel detected at Tag AI_Volts_Shunt_012
4/24/2026 1:19:27 PM,202,Warning,WT8-GUI,83110308,HM,Overscaled Channel detected at Tag AI_Volts_Shunt_013
4/24/2026 1:19:27 PM,202,Warning,WT8-GUI,83110309,HM,Overscaled Channel detected at Tag AI_Volts_Shunt_014
4/24/2026 1:19:27 PM,202,Warning,WT8-GUI,83110310,HM,Overscaled Channel detected at Tag AI_Volts_Shunt_015
4/24/2026 1:19:27 PM,202,Warning,WT8-GUI,83110311,HM,Overscaled Channel detected at Tag AI_Strain_000
4/24/2026 1:19:27 PM,202,Warning,WT8-GUI,83110312,HM,Overscaled Channel detected at Tag AI_Strain_001
4/24/2026 1:19:27 PM,202,Warning,WT8-GUI,83110313,HM,Overscaled Channel detected at Tag AI_Strain_002
4/24/2026 1:19:27 PM,202,Warning,WT8-GUI,83110314,HM,Overscaled Channel detected at Tag AI_Strain_003
4/24/2026 1:19:27 PM,202,Warning,WT8-GUI,83110315,HM,Overscaled Channel detected at Tag AI_Strain_004
4/24/2026 1:19:27 PM,202,Warning,WT8-GUI,83110316,HM,Overscaled Channel detected at Tag AI_Strain_005
4/24/2026 1:19:27 PM,202,Warning,WT8-GUI,83110317,HM,Overscaled Channel detected at Tag AI_Strain_006
4/24/2026 1:19:27 PM,202,Warning,WT8-GUI,83110318,HM,Overscaled Channel detected at Tag AI_Strain_007
4/24/2026 1:19:27 PM,202,Warning,WT8-GUI,83110319,HM,Overscaled Channel detected at Tag AI_TT_000
4/24/2026 1:19:27 PM,202,Warning,WT8-GUI,83110320,HM,Overscaled Channel detected at Tag AI_TT_009
4/24/2026 1:19:27 PM,202,Warning,WT8-GUI,83110321,HM,Overscaled Channel detected at Tag AI_TT_010
4/24/2026 1:19:27 PM,202,Warning,WT8-GUI,83110322,HM,Overscaled Channel detected at Tag AI_TT_011
4/24/2026 1:19:27 PM,202,Warning,WT8-GUI,83110323,HM,Overscaled Channel detected at Tag AI_TT_012
4/24/2026 1:19:27 PM,202,Warning,WT8-GUI,83110324,HM,Overscaled Channel detected at Tag AI_TT_013
4/24/2026 1:19:27 PM,202,Warning,WT8-GUI,83110325,HM,Overscaled Channel detected at Tag AI_TT_014
4/24/2026 1:19:27 PM,202,Warning,WT8-GUI,83110326,HM,Overscaled Channel detected at Tag AI_TT_015
4/24/2026 1:19:27 PM,202,Warning,WT8-GUI,83110327,HM,Overscaled Channel detected at Tag AI_TT_016
4/24/2026 1:19:27 PM,202,Warning,WT8-GUI,83110328,HM,Overscaled Channel detected at Tag AI_TT_017
4/24/2026 1:19:27 PM,202,Warning,WT8-GUI,83110329,HM,Overscaled Channel detected at Tag AI_TT_018
4/24/2026 1:19:27 PM,202,Warning,WT8-GUI,83110330,HM,Overscaled Channel detected at Tag AI_TT_001
4/24/2026 1:19:27 PM,202,Warning,WT8-GUI,83110331,HM,Overscaled Channel detected at Tag AI_TT_019
4/24/2026 1:19:27 PM,202,Warning,WT8-GUI,83110332,HM,Overscaled Channel detected at Tag AI_TT_004
4/24/2026 1:19:27 PM,202,Warning,WT8-GUI,83110333,HM,Overscaled Channel detected at Tag AI_TT_005
4/24/2026 1:19:27 PM,202,Warning,WT8-GUI,83110334,HM,Overscaled Channel detected at Tag AI_TT_006
4/24/2026 1:20:10 PM,301005,Warning,WT8-GUI,83110335,OPC,OPC Server Graybox.Simulator.1 on host localhost has not updated data in 237 minute(s).
4/24/2026 1:20:27 PM,202,Warning,WT8-GUI,83110336,HM,Overscaled Channel detected at Tag AI_Volts_Shunt_000
4/24/2026 1:20:27 PM,202,Warning,WT8-GUI,83110337,HM,Overscaled Channel detected at Tag AI_Volts_Shunt_001
4/24/2026 1:20:27 PM,202,Warning,WT8-GUI,83110338,HM,Overscaled Channel detected at Tag AI_Volts_Shunt_003
4/24/2026 1:20:27 PM,202,Warning,WT8-GUI,83110339,HM,Overscaled Channel detected at Tag AI_Volts_Shunt_004
4/24/2026 1:20:27 PM,202,Warning,WT8-GUI,83110340,HM,Overscaled Channel detected at Tag AI_TK_026
4/24/2026 1:20:27 PM,202,Warning,WT8-GUI,83110341,HM,Overscaled Channel detected at Tag AI_TK_027
4/24/2026 1:20:27 PM,202,Warning,WT8-GUI,83110342,HM,Overscaled Channel detected at Tag AI_TK_028
4/24/2026 1:20:27 PM,202,Warning,WT8-GUI,83110343,HM,Overscaled Channel detected at Tag AI_TK_003
4/24/2026 1:20:27 PM,202,Warning,WT8-GUI,83110344,HM,Overscaled Channel detected at Tag AI_TT_002
4/24/2026 1:20:27 PM,202,Warning,WT8-GUI,83110345,HM,Overscaled Channel detected at Tag AI_TT_029
4/24/2026 1:20:27 PM,202,Warning,WT8-GUI,83110346,HM,Overscaled Channel detected at Tag AI_TT_030
4/24/2026 1:20:27 PM,202,Warning,WT8-GUI,83110347,HM,Overscaled Channel detected at Tag AI_Volts_Shunt_006
4/24/2026 1:20:27 PM,202,Warning,WT8-GUI,83110348,HM,Overscaled Channel detected at Tag AI_Volts_Shunt_007
4/24/2026 1:20:27 PM,202,Warning,WT8-GUI,83110349,HM,Overscaled Channel detected at Tag AI_Volts_Shunt_008
4/24/2026 1:20:27 PM,202,Warning,WT8-GUI,83110350,HM,Overscaled Channel detected at Tag AI_Volts_Shunt_009
4/24/2026 1:20:27 PM,202,Warning,WT8-GUI,83110351,HM,Overscaled Channel detected at Tag AI_TT_003
4/24/2026 1:20:27 PM,202,Warning,WT8-GUI,83110352,HM,Overscaled Channel detected at Tag AI_TT_007
4/24/2026 1:20:27 PM,202,Warning,WT8-GUI,83110353,HM,Overscaled Channel detected at Tag AI_TT_008
4/24/2026 1:20:27 PM,202,Warning,WT8-GUI,83110354,HM,Overscaled Channel detected at Tag AI_TK_018
4/24/2026 1:20:27 PM,202,Warning,WT8-GUI,83110355,HM,Overscaled Channel detected at Tag AI_TK_001
4/24/2026 1:20:27 PM,202,Warning,WT8-GUI,83110356,HM,Overscaled Channel detected at Tag AI_TK_019
4/24/2026 1:20:27 PM,202,Warning,WT8-GUI,83110357,HM,Overscaled Channel detected at Tag AI_TK_020
4/24/2026 1:20:27 PM,202,Warning,WT8-GUI,83110358,HM,Overscaled Channel detected at Tag AI_TK_021
4/24/2026 1:20:27 PM,202,Warning,WT8-GUI,83110359,HM,Overscaled Channel detected at Tag AI_TK_022
4/24/2026 1:20:27 PM,202,Warning,WT8-GUI,83110360,HM,Overscaled Channel detected at Tag AI_TK_023
4/24/2026 1:20:27 PM,202,Warning,WT8-GUI,83110361,HM,Overscaled Channel detected at Tag AI_TK_024
4/24/2026 1:20:27 PM,202,Warning,WT8-GUI,83110362,HM,Overscaled Channel detected at Tag AI_TK_025
4/24/2026 1:20:27 PM,202,Warning,WT8-GUI,83110363,HM,Overscaled Channel detected at Tag AI_TK_002
4/24/2026 1:20:27 PM,202,Warning,WT8-GUI,83110364,HM,Overscaled Channel detected at Tag AI_TK_029
4/24/2026 1:20:27 PM,202,Warning,WT8-GUI,83110365,HM,Overscaled Channel detected at Tag AI_TK_030
4/24/2026 1:20:27 PM,202,Warning,WT8-GUI,83110366,HM,Overscaled Channel detected at Tag AI_TK_004
4/24/2026 1:20:27 PM,202,Warning,WT8-GUI,83110367,HM,Overscaled Channel detected at Tag AI_TK_005
4/24/2026 1:20:27 PM,202,Warning,WT8-GUI,83110368,HM,Overscaled Channel detected at Tag AI_TK_006
4/24/2026 1:20:27 PM,202,Warning,WT8-GUI,83110369,HM,Overscaled Channel detected at Tag AI_TK_007
4/24/2026 1:20:27 PM,202,Warning,WT8-GUI,83110370,HM,Overscaled Channel detected at Tag AI_TK_008
4/24/2026 1:20:27 PM,202,Warning,WT8-GUI,83110371,HM,Overscaled Channel detected at Tag AI_Volts_Shunt_010
4/24/2026 1:20:27 PM,202,Warning,WT8-GUI,83110372,HM,Overscaled Channel detected at Tag AI_Volts_Shunt_011
4/24/2026 1:20:27 PM,202,Warning,WT8-GUI,83110373,HM,Overscaled Channel detected at Tag AI_TT_020
4/24/2026 1:20:27 PM,202,Warning,WT8-GUI,83110374,HM,Overscaled Channel detected at Tag AI_TT_021
4/24/2026 1:20:27 PM,202,Warning,WT8-GUI,83110375,HM,Overscaled Channel detected at Tag AI_TT_022
4/24/2026 1:20:27 PM,202,Warning,WT8-GUI,83110376,HM,Overscaled Channel detected at Tag AI_TT_023
4/24/2026 1:20:27 PM,202,Warning,WT8-GUI,83110377,HM,Overscaled Channel detected at Tag AI_TT_024
4/24/2026 1:20:27 PM,202,Warning,WT8-GUI,83110378,HM,Overscaled Channel detected at Tag AI_TT_025
4/24/2026 1:20:27 PM,202,Warning,WT8-GUI,83110379,HM,Overscaled Channel detected at Tag AI_TT_026
4/24/2026 1:20:27 PM,202,Warning,WT8-GUI,83110380,HM,Overscaled Channel detected at Tag AI_TT_027
4/24/2026 1:20:27 PM,202,Warning,WT8-GUI,83110381,HM,Overscaled Channel detected at Tag AI_TT_028
4/24/2026 1:20:27 PM,202,Warning,WT8-GUI,83110382,HM,Overscaled Channel detected at Tag AI_TK_000
4/24/2026 1:20:27 PM,202,Warning,WT8-GUI,83110383,HM,Overscaled Channel detected at Tag AI_TK_009
4/24/2026 1:20:27 PM,202,Warning,WT8-GUI,83110384,HM,Overscaled Channel detected at Tag AI_TK_010
4/24/2026 1:20:27 PM,202,Warning,WT8-GUI,83110385,HM,Overscaled Channel detected at Tag AI_TK_011
4/24/2026 1:20:27 PM,202,Warning,WT8-GUI,83110386,HM,Overscaled Channel detected at Tag AI_TK_012
4/24/2026 1:20:27 PM,202,Warning,WT8-GUI,83110387,HM,Overscaled Channel detected at Tag AI_TK_013
4/24/2026 1:20:27 PM,202,Warning,WT8-GUI,83110388,HM,Overscaled Channel detected at Tag AI_TK_014
4/24/2026 1:20:27 PM,202,Warning,WT8-GUI,83110389,HM,Overscaled Channel detected at Tag AI_TK_015
4/24/2026 1:20:27 PM,202,Warning,WT8-GUI,83110390,HM,Overscaled Channel detected at Tag AI_TK_016
4/24/2026 1:20:27 PM,202,Warning,WT8-GUI,83110391,HM,Overscaled Channel detected at Tag AI_TK_017
4/24/2026 1:20:27 PM,202,Warning,WT8-GUI,83110392,HM,Overscaled Channel detected at Tag AI_Volts_Shunt_012
4/24/2026 1:20:27 PM,202,Warning,WT8-GUI,83110393,HM,Overscaled Channel detected at Tag AI_Volts_Shunt_013
4/24/2026 1:20:27 PM,202,Warning,WT8-GUI,83110394,HM,Overscaled Channel detected at Tag AI_Volts_Shunt_014
4/24/2026 1:20:27 PM,202,Warning,WT8-GUI,83110395,HM,Overscaled Channel detected at Tag AI_Volts_Shunt_015
4/24/2026 1:20:27 PM,202,Warning,WT8-GUI,83110396,HM,Overscaled Channel detected at Tag AI_Strain_000
4/24/2026 1:20:27 PM,202,Warning,WT8-GUI,83110397,HM,Overscaled Channel detected at Tag AI_Strain_001
4/24/2026 1:20:27 PM,202,Warning,WT8-GUI,83110398,HM,Overscaled Channel detected at Tag AI_Strain_002
4/24/2026 1:20:27 PM,202,Warning,WT8-GUI,83110399,HM,Overscaled Channel detected at Tag AI_Strain_003
4/24/2026 1:20:27 PM,202,Warning,WT8-GUI,83110400,HM,Overscaled Channel detected at Tag AI_Strain_004
4/24/2026 1:20:27 PM,202,Warning,WT8-GUI,83110401,HM,Overscaled Channel detected at Tag AI_Strain_005
4/24/2026 1:20:27 PM,202,Warning,WT8-GUI,83110402,HM,Overscaled Channel detected at Tag AI_Strain_006
4/24/2026 1:20:27 PM,202,Warning,WT8-GUI,83110403,HM,Overscaled Channel detected at Tag AI_Strain_007
4/24/2026 1:20:27 PM,202,Warning,WT8-GUI,83110404,HM,Overscaled Channel detected at Tag AI_TT_000
4/24/2026 1:20:27 PM,202,Warning,WT8-GUI,83110405,HM,Overscaled Channel detected at Tag AI_TT_009
4/24/2026 1:20:27 PM,202,Warning,WT8-GUI,83110406,HM,Overscaled Channel detected at Tag AI_TT_010
4/24/2026 1:20:27 PM,202,Warning,WT8-GUI,83110407,HM,Overscaled Channel detected at Tag AI_TT_011
4/24/2026 1:20:27 PM,202,Warning,WT8-GUI,83110408,HM,Overscaled Channel detected at Tag AI_TT_012
4/24/2026 1:20:27 PM,202,Warning,WT8-GUI,83110409,HM,Overscaled Channel detected at Tag AI_TT_013
4/24/2026 1:20:27 PM,202,Warning,WT8-GUI,83110410,HM,Overscaled Channel detected at Tag AI_TT_014
4/24/2026 1:20:27 PM,202,Warning,WT8-GUI,83110411,HM,Overscaled Channel detected at Tag AI_TT_015
4/24/2026 1:20:27 PM,202,Warning,WT8-GUI,83110412,HM,Overscaled Channel detected at Tag AI_TT_016
4/24/2026 1:20:27 PM,202,Warning,WT8-GUI,83110413,HM,Overscaled Channel detected at Tag AI_TT_017
4/24/2026 1:20:27 PM,202,Warning,WT8-GUI,83110414,HM,Overscaled Channel detected at Tag AI_TT_018
4/24/2026 1:20:27 PM,202,Warning,WT8-GUI,83110415,HM,Overscaled Channel detected at Tag AI_TT_001
4/24/2026 1:20:27 PM,202,Warning,WT8-GUI,83110416,HM,Overscaled Channel detected at Tag AI_TT_019
4/24/2026 1:20:27 PM,202,Warning,WT8-GUI,83110417,HM,Overscaled Channel detected at Tag AI_TT_004
4/24/2026 1:20:27 PM,202,Warning,WT8-GUI,83110418,HM,Overscaled Channel detected at Tag AI_TT_005
4/24/2026 1:20:27 PM,202,Warning,WT8-GUI,83110419,HM,Overscaled Channel detected at Tag AI_TT_006
4/24/2026 1:21:10 PM,301005,Warning,WT8-GUI,83110420,OPC,OPC Server Graybox.Simulator.1 on host localhost has not updated data in 238 minute(s).
4/24/2026 1:21:27 PM,202,Warning,WT8-GUI,83110421,HM,Overscaled Channel detected at Tag AI_Volts_Shunt_000
4/24/2026 1:21:27 PM,202,Warning,WT8-GUI,83110422,HM,Overscaled Channel detected at Tag AI_Volts_Shunt_001
4/24/2026 1:21:27 PM,202,Warning,WT8-GUI,83110423,HM,Overscaled Channel detected at Tag AI_Volts_Shunt_003
4/24/2026 1:21:27 PM,202,Warning,WT8-GUI,83110424,HM,Overscaled Channel detected at Tag AI_Volts_Shunt_004
4/24/2026 1:21:27 PM,202,Warning,WT8-GUI,83110425,HM,Overscaled Channel detected at Tag AI_TK_026
4/24/2026 1:21:27 PM,202,Warning,WT8-GUI,83110426,HM,Overscaled Channel detected at Tag AI_TK_027
4/24/2026 1:21:27 PM,202,Warning,WT8-GUI,83110427,HM,Overscaled Channel detected at Tag AI_TK_028
4/24/2026 1:21:27 PM,202,Warning,WT8-GUI,83110428,HM,Overscaled Channel detected at Tag AI_TK_003
4/24/2026 1:21:27 PM,202,Warning,WT8-GUI,83110429,HM,Overscaled Channel detected at Tag AI_TT_002
4/24/2026 1:21:27 PM,202,Warning,WT8-GUI,83110430,HM,Overscaled Channel detected at Tag AI_TT_029
4/24/2026 1:21:27 PM,202,Warning,WT8-GUI,83110431,HM,Overscaled Channel detected at Tag AI_TT_030
4/24/2026 1:21:27 PM,202,Warning,WT8-GUI,83110432,HM,Overscaled Channel detected at Tag AI_Volts_Shunt_006
4/24/2026 1:21:27 PM,202,Warning,WT8-GUI,83110433,HM,Overscaled Channel detected at Tag AI_Volts_Shunt_007
4/24/2026 1:21:27 PM,202,Warning,WT8-GUI,83110434,HM,Overscaled Channel detected at Tag AI_Volts_Shunt_008
4/24/2026 1:21:27 PM,202,Warning,WT8-GUI,83110435,HM,Overscaled Channel detected at Tag AI_Volts_Shunt_009
4/24/2026 1:21:27 PM,202,Warning,WT8-GUI,83110436,HM,Overscaled Channel detected at Tag AI_TT_003
4/24/2026 1:21:27 PM,202,Warning,WT8-GUI,83110437,HM,Overscaled Channel detected at Tag AI_TT_007
4/24/2026 1:21:27 PM,202,Warning,WT8-GUI,83110438,HM,Overscaled Channel detected at Tag AI_TT_008
4/24/2026 1:21:27 PM,202,Warning,WT8-GUI,83110439,HM,Overscaled Channel detected at Tag AI_TK_018
4/24/2026 1:21:27 PM,202,Warning,WT8-GUI,83110440,HM,Overscaled Channel detected at Tag AI_TK_001
4/24/2026 1:21:27 PM,202,Warning,WT8-GUI,83110441,HM,Overscaled Channel detected at Tag AI_TK_019
4/24/2026 1:21:27 PM,202,Warning,WT8-GUI,83110442,HM,Overscaled Channel detected at Tag AI_TK_020
4/24/2026 1:21:27 PM,202,Warning,WT8-GUI,83110443,HM,Overscaled Channel detected at Tag AI_TK_021
4/24/2026 1:21:27 PM,202,Warning,WT8-GUI,83110444,HM,Overscaled Channel detected at Tag AI_TK_022
4/24/2026 1:21:27 PM,202,Warning,WT8-GUI,83110445,HM,Overscaled Channel detected at Tag AI_TK_023
4/24/2026 1:21:27 PM,202,Warning,WT8-GUI,83110446,HM,Overscaled Channel detected at Tag AI_TK_024
4/24/2026 1:21:27 PM,202,Warning,WT8-GUI,83110447,HM,Overscaled Channel detected at Tag AI_TK_025
4/24/2026 1:21:27 PM,202,Warning,WT8-GUI,83110448,HM,Overscaled Channel detected at Tag AI_TK_002
4/24/2026 1:21:27 PM,202,Warning,WT8-GUI,83110449,HM,Overscaled Channel detected at Tag AI_TK_029
4/24/2026 1:21:27 PM,202,Warning,WT8-GUI,83110450,HM,Overscaled Channel detected at Tag AI_TK_030
4/24/2026 1:21:27 PM,202,Warning,WT8-GUI,83110451,HM,Overscaled Channel detected at Tag AI_TK_004
4/24/2026 1:21:27 PM,202,Warning,WT8-GUI,83110452,HM,Overscaled Channel detected at Tag AI_TK_005
4/24/2026 1:21:27 PM,202,Warning,WT8-GUI,83110453,HM,Overscaled Channel detected at Tag AI_TK_006
4/24/2026 1:21:27 PM,202,Warning,WT8-GUI,83110454,HM,Overscaled Channel detected at Tag AI_TK_007
4/24/2026 1:21:27 PM,202,Warning,WT8-GUI,83110455,HM,Overscaled Channel detected at Tag AI_TK_008
4/24/2026 1:21:27 PM,202,Warning,WT8-GUI,83110456,HM,Overscaled Channel detected at Tag AI_Volts_Shunt_010
4/24/2026 1:21:27 PM,202,Warning,WT8-GUI,83110457,HM,Overscaled Channel detected at Tag AI_Volts_Shunt_011
4/24/2026 1:21:27 PM,202,Warning,WT8-GUI,83110458,HM,Overscaled Channel detected at Tag AI_TT_020
4/24/2026 1:21:27 PM,202,Warning,WT8-GUI,83110459,HM,Overscaled Channel detected at Tag AI_TT_021
4/24/2026 1:21:27 PM,202,Warning,WT8-GUI,83110460,HM,Overscaled Channel detected at Tag AI_TT_022
4/24/2026 1:21:27 PM,202,Warning,WT8-GUI,83110461,HM,Overscaled Channel detected at Tag AI_TT_023
4/24/2026 1:21:27 PM,202,Warning,WT8-GUI,83110462,HM,Overscaled Channel detected at Tag AI_TT_024
4/24/2026 1:21:27 PM,202,Warning,WT8-GUI,83110463,HM,Overscaled Channel detected at Tag AI_TT_025
4/24/2026 1:21:27 PM,202,Warning,WT8-GUI,83110464,HM,Overscaled Channel detected at Tag AI_TT_026
4/24/2026 1:21:27 PM,202,Warning,WT8-GUI,83110465,HM,Overscaled Channel detected at Tag AI_TT_027
4/24/2026 1:21:27 PM,202,Warning,WT8-GUI,83110466,HM,Overscaled Channel detected at Tag AI_TT_028
4/24/2026 1:21:27 PM,202,Warning,WT8-GUI,83110467,HM,Overscaled Channel detected at Tag AI_TK_000
4/24/2026 1:21:27 PM,202,Warning,WT8-GUI,83110468,HM,Overscaled Channel detected at Tag AI_TK_009
4/24/2026 1:21:27 PM,202,Warning,WT8-GUI,83110469,HM,Overscaled Channel detected at Tag AI_TK_010
4/24/2026 1:21:27 PM,202,Warning,WT8-GUI,83110470,HM,Overscaled Channel detected at Tag AI_TK_011
4/24/2026 1:21:27 PM,202,Warning,WT8-GUI,83110471,HM,Overscaled Channel detected at Tag AI_TK_012
4/24/2026 1:21:27 PM,202,Warning,WT8-GUI,83110472,HM,Overscaled Channel detected at Tag AI_TK_013
4/24/2026 1:21:27 PM,202,Warning,WT8-GUI,83110473,HM,Overscaled Channel detected at Tag AI_TK_014
4/24/2026 1:21:27 PM,202,Warning,WT8-GUI,83110474,HM,Overscaled Channel detected at Tag AI_TK_015
4/24/2026 1:21:27 PM,202,Warning,WT8-GUI,83110475,HM,Overscaled Channel detected at Tag AI_TK_016
4/24/2026 1:21:27 PM,202,Warning,WT8-GUI,83110476,HM,Overscaled Channel detected at Tag AI_TK_017
4/24/2026 1:21:27 PM,202,Warning,WT8-GUI,83110477,HM,Overscaled Channel detected at Tag AI_Volts_Shunt_012
4/24/2026 1:21:27 PM,202,Warning,WT8-GUI,83110478,HM,Overscaled Channel detected at Tag AI_Volts_Shunt_013
4/24/2026 1:21:27 PM,202,Warning,WT8-GUI,83110479,HM,Overscaled Channel detected at Tag AI_Volts_Shunt_014
4/24/2026 1:21:27 PM,202,Warning,WT8-GUI,83110480,HM,Overscaled Channel detected at Tag AI_Volts_Shunt_015
4/24/2026 1:21:27 PM,202,Warning,WT8-GUI,83110481,HM,Overscaled Channel detected at Tag AI_Strain_000
4/24/2026 1:21:27 PM,202,Warning,WT8-GUI,83110482,HM,Overscaled Channel detected at Tag AI_Strain_001
4/24/2026 1:21:27 PM,202,Warning,WT8-GUI,83110483,HM,Overscaled Channel detected at Tag AI_Strain_002
4/24/2026 1:21:27 PM,202,Warning,WT8-GUI,83110484,HM,Overscaled Channel detected at Tag AI_Strain_003
4/24/2026 1:21:27 PM,202,Warning,WT8-GUI,83110485,HM,Overscaled Channel detected at Tag AI_Strain_004
4/24/2026 1:21:27 PM,202,Warning,WT8-GUI,83110486,HM,Overscaled Channel detected at Tag AI_Strain_005
4/24/2026 1:21:27 PM,202,Warning,WT8-GUI,83110487,HM,Overscaled Channel detected at Tag AI_Strain_006
4/24/2026 1:21:27 PM,202,Warning,WT8-GUI,83110488,HM,Overscaled Channel detected at Tag AI_Strain_007
4/24/2026 1:21:27 PM,202,Warning,WT8-GUI,83110489,HM,Overscaled Channel detected at Tag AI_TT_000
4/24/2026 1:21:27 PM,202,Warning,WT8-GUI,83110490,HM,Overscaled Channel detected at Tag AI_TT_009
4/24/2026 1:21:27 PM,202,Warning,WT8-GUI,83110491,HM,Overscaled Channel detected at Tag AI_TT_010
4/24/2026 1:21:27 PM,202,Warning,WT8-GUI,83110492,HM,Overscaled Channel detected at Tag AI_TT_011
4/24/2026 1:21:27 PM,202,Warning,WT8-GUI,83110493,HM,Overscaled Channel detected at Tag AI_TT_012
4/24/2026 1:21:27 PM,202,Warning,WT8-GUI,83110494,HM,Overscaled Channel detected at Tag AI_TT_013
4/24/2026 1:21:27 PM,202,Warning,WT8-GUI,83110495,HM,Overscaled Channel detected at Tag AI_TT_014
4/24/2026 1:21:27 PM,202,Warning,WT8-GUI,83110496,HM,Overscaled Channel detected at Tag AI_TT_015
4/24/2026 1:21:27 PM,202,Warning,WT8-GUI,83110497,HM,Overscaled Channel detected at Tag AI_TT_016
4/24/2026 1:21:27 PM,202,Warning,WT8-GUI,83110498,HM,Overscaled Channel detected at Tag AI_TT_017
4/24/2026 1:21:27 PM,202,Warning,WT8-GUI,83110499,HM,Overscaled Channel detected at Tag AI_TT_018
4/24/2026 1:21:27 PM,202,Warning,WT8-GUI,83110500,HM,Overscaled Channel detected at Tag AI_TT_001
4/24/2026 1:21:27 PM,202,Warning,WT8-GUI,83110501,HM,Overscaled Channel detected at Tag AI_TT_019
4/24/2026 1:21:27 PM,202,Warning,WT8-GUI,83110502,HM,Overscaled Channel detected at Tag AI_TT_004
4/24/2026 1:21:27 PM,202,Warning,WT8-GUI,83110503,HM,Overscaled Channel detected at Tag AI_TT_005
4/24/2026 1:21:27 PM,202,Warning,WT8-GUI,83110504,HM,Overscaled Channel detected at Tag AI_TT_006
4/24/2026 1:22:10 PM,301005,Warning,WT8-GUI,83110505,OPC,OPC Server Graybox.Simulator.1 on host localhost has not updated data in 239 minute(s).
4/24/2026 1:22:27 PM,202,Warning,WT8-GUI,83110506,HM,Overscaled Channel detected at Tag AI_Volts_Shunt_000
4/24/2026 1:22:27 PM,202,Warning,WT8-GUI,83110507,HM,Overscaled Channel detected at Tag AI_Volts_Shunt_001
4/24/2026 1:22:27 PM,202,Warning,WT8-GUI,83110508,HM,Overscaled Channel detected at Tag AI_Volts_Shunt_003
4/24/2026 1:22:27 PM,202,Warning,WT8-GUI,83110509,HM,Overscaled Channel detected at Tag AI_Volts_Shunt_004
4/24/2026 1:22:27 PM,202,Warning,WT8-GUI,83110510,HM,Overscaled Channel detected at Tag AI_TK_026
4/24/2026 1:22:27 PM,202,Warning,WT8-GUI,83110511,HM,Overscaled Channel detected at Tag AI_TK_027
4/24/2026 1:22:27 PM,202,Warning,WT8-GUI,83110512,HM,Overscaled Channel detected at Tag AI_TK_028
4/24/2026 1:22:27 PM,202,Warning,WT8-GUI,83110513,HM,Overscaled Channel detected at Tag AI_TK_003
4/24/2026 1:22:27 PM,202,Warning,WT8-GUI,83110514,HM,Overscaled Channel detected at Tag AI_TT_002
4/24/2026 1:22:27 PM,202,Warning,WT8-GUI,83110515,HM,Overscaled Channel detected at Tag AI_TT_029
4/24/2026 1:22:27 PM,202,Warning,WT8-GUI,83110516,HM,Overscaled Channel detected at Tag AI_TT_030
4/24/2026 1:22:27 PM,202,Warning,WT8-GUI,83110517,HM,Overscaled Channel detected at Tag AI_TT_003
4/24/2026 1:22:27 PM,202,Warning,WT8-GUI,83110518,HM,Overscaled Channel detected at Tag AI_TT_007
4/24/2026 1:22:27 PM,202,Warning,WT8-GUI,83110519,HM,Overscaled Channel detected at Tag AI_TT_008
4/24/2026 1:22:27 PM,202,Warning,WT8-GUI,83110520,HM,Overscaled Channel detected at Tag AI_Volts_Shunt_006
4/24/2026 1:22:27 PM,202,Warning,WT8-GUI,83110521,HM,Overscaled Channel detected at Tag AI_Volts_Shunt_007
4/24/2026 1:22:27 PM,202,Warning,WT8-GUI,83110522,HM,Overscaled Channel detected at Tag AI_Volts_Shunt_008
4/24/2026 1:22:27 PM,202,Warning,WT8-GUI,83110523,HM,Overscaled Channel detected at Tag AI_Volts_Shunt_009
4/24/2026 1:22:27 PM,202,Warning,WT8-GUI,83110524,HM,Overscaled Channel detected at Tag AI_TK_018
4/24/2026 1:22:27 PM,202,Warning,WT8-GUI,83110525,HM,Overscaled Channel detected at Tag AI_TK_001
4/24/2026 1:22:27 PM,202,Warning,WT8-GUI,83110526,HM,Overscaled Channel detected at Tag AI_TK_019
4/24/2026 1:22:27 PM,202,Warning,WT8-GUI,83110527,HM,Overscaled Channel detected at Tag AI_TK_020
4/24/2026 1:22:27 PM,202,Warning,WT8-GUI,83110528,HM,Overscaled Channel detected at Tag AI_TK_021
4/24/2026 1:22:27 PM,202,Warning,WT8-GUI,83110529,HM,Overscaled Channel detected at Tag AI_TK_022
4/24/2026 1:22:27 PM,202,Warning,WT8-GUI,83110530,HM,Overscaled Channel detected at Tag AI_TK_023
4/24/2026 1:22:27 PM,202,Warning,WT8-GUI,83110531,HM,Overscaled Channel detected at Tag AI_TK_024
4/24/2026 1:22:27 PM,202,Warning,WT8-GUI,83110532,HM,Overscaled Channel detected at Tag AI_TK_025
4/24/2026 1:22:27 PM,202,Warning,WT8-GUI,83110533,HM,Overscaled Channel detected at Tag AI_TK_002
4/24/2026 1:22:27 PM,202,Warning,WT8-GUI,83110534,HM,Overscaled Channel detected at Tag AI_TK_029
4/24/2026 1:22:27 PM,202,Warning,WT8-GUI,83110535,HM,Overscaled Channel detected at Tag AI_TK_030
4/24/2026 1:22:27 PM,202,Warning,WT8-GUI,83110536,HM,Overscaled Channel detected at Tag AI_TK_004
4/24/2026 1:22:27 PM,202,Warning,WT8-GUI,83110537,HM,Overscaled Channel detected at Tag AI_TK_005
4/24/2026 1:22:27 PM,202,Warning,WT8-GUI,83110538,HM,Overscaled Channel detected at Tag AI_TK_006
4/24/2026 1:22:27 PM,202,Warning,WT8-GUI,83110539,HM,Overscaled Channel detected at Tag AI_TK_007
4/24/2026 1:22:27 PM,202,Warning,WT8-GUI,83110540,HM,Overscaled Channel detected at Tag AI_TK_008
4/24/2026 1:22:27 PM,202,Warning,WT8-GUI,83110541,HM,Overscaled Channel detected at Tag AI_Volts_Shunt_010
4/24/2026 1:22:27 PM,202,Warning,WT8-GUI,83110542,HM,Overscaled Channel detected at Tag AI_Volts_Shunt_011
4/24/2026 1:22:27 PM,202,Warning,WT8-GUI,83110543,HM,Overscaled Channel detected at Tag AI_TT_020
4/24/2026 1:22:27 PM,202,Warning,WT8-GUI,83110544,HM,Overscaled Channel detected at Tag AI_TT_021
4/24/2026 1:22:27 PM,202,Warning,WT8-GUI,83110545,HM,Overscaled Channel detected at Tag AI_TT_022
4/24/2026 1:22:27 PM,202,Warning,WT8-GUI,83110546,HM,Overscaled Channel detected at Tag AI_TT_023
4/24/2026 1:22:27 PM,202,Warning,WT8-GUI,83110547,HM,Overscaled Channel detected at Tag AI_TT_024
4/24/2026 1:22:27 PM,202,Warning,WT8-GUI,83110548,HM,Overscaled Channel detected at Tag AI_TT_025
4/24/2026 1:22:27 PM,202,Warning,WT8-GUI,83110549,HM,Overscaled Channel detected at Tag AI_TT_026
4/24/2026 1:22:27 PM,202,Warning,WT8-GUI,83110550,HM,Overscaled Channel detected at Tag AI_TT_027
4/24/2026 1:22:27 PM,202,Warning,WT8-GUI,83110551,HM,Overscaled Channel detected at Tag AI_TT_028
4/24/2026 1:22:27 PM,202,Warning,WT8-GUI,83110552,HM,Overscaled Channel detected at Tag AI_TK_000
4/24/2026 1:22:27 PM,202,Warning,WT8-GUI,83110553,HM,Overscaled Channel detected at Tag AI_TK_009
4/24/2026 1:22:27 PM,202,Warning,WT8-GUI,83110554,HM,Overscaled Channel detected at Tag AI_TK_010
4/24/2026 1:22:27 PM,202,Warning,WT8-GUI,83110555,HM,Overscaled Channel detected at Tag AI_TK_011
4/24/2026 1:22:27 PM,202,Warning,WT8-GUI,83110556,HM,Overscaled Channel detected at Tag AI_TK_012
4/24/2026 1:22:27 PM,202,Warning,WT8-GUI,83110557,HM,Overscaled Channel detected at Tag AI_TK_013
4/24/2026 1:22:27 PM,202,Warning,WT8-GUI,83110558,HM,Overscaled Channel detected at Tag AI_TK_014
4/24/2026 1:22:27 PM,202,Warning,WT8-GUI,83110559,HM,Overscaled Channel detected at Tag AI_TK_015
4/24/2026 1:22:27 PM,202,Warning,WT8-GUI,83110560,HM,Overscaled Channel detected at Tag AI_TK_016
4/24/2026 1:22:27 PM,202,Warning,WT8-GUI,83110561,HM,Overscaled Channel detected at Tag AI_TK_017
4/24/2026 1:22:27 PM,202,Warning,WT8-GUI,83110562,HM,Overscaled Channel detected at Tag AI_Volts_Shunt_012
4/24/2026 1:22:27 PM,202,Warning,WT8-GUI,83110563,HM,Overscaled Channel detected at Tag AI_Volts_Shunt_013
4/24/2026 1:22:27 PM,202,Warning,WT8-GUI,83110564,HM,Overscaled Channel detected at Tag AI_Volts_Shunt_014
4/24/2026 1:22:27 PM,202,Warning,WT8-GUI,83110565,HM,Overscaled Channel detected at Tag AI_Volts_Shunt_015
4/24/2026 1:22:27 PM,202,Warning,WT8-GUI,83110566,HM,Overscaled Channel detected at Tag AI_Strain_000
4/24/2026 1:22:27 PM,202,Warning,WT8-GUI,83110567,HM,Overscaled Channel detected at Tag AI_Strain_001
4/24/2026 1:22:27 PM,202,Warning,WT8-GUI,83110568,HM,Overscaled Channel detected at Tag AI_Strain_002
4/24/2026 1:22:27 PM,202,Warning,WT8-GUI,83110569,HM,Overscaled Channel detected at Tag AI_Strain_003
4/24/2026 1:22:27 PM,202,Warning,WT8-GUI,83110570,HM,Overscaled Channel detected at Tag AI_Strain_004
4/24/2026 1:22:27 PM,202,Warning,WT8-GUI,83110571,HM,Overscaled Channel detected at Tag AI_Strain_005
4/24/2026 1:22:27 PM,202,Warning,WT8-GUI,83110572,HM,Overscaled Channel detected at Tag AI_Strain_006
4/24/2026 1:22:27 PM,202,Warning,WT8-GUI,83110573,HM,Overscaled Channel detected at Tag AI_Strain_007
4/24/2026 1:22:27 PM,202,Warning,WT8-GUI,83110574,HM,Overscaled Channel detected at Tag AI_TT_000
4/24/2026 1:22:27 PM,202,Warning,WT8-GUI,83110575,HM,Overscaled Channel detected at Tag AI_TT_009
4/24/2026 1:22:27 PM,202,Warning,WT8-GUI,83110576,HM,Overscaled Channel detected at Tag AI_TT_010
4/24/2026 1:22:27 PM,202,Warning,WT8-GUI,83110577,HM,Overscaled Channel detected at Tag AI_TT_011
4/24/2026 1:22:27 PM,202,Warning,WT8-GUI,83110578,HM,Overscaled Channel detected at Tag AI_TT_012
4/24/2026 1:22:27 PM,202,Warning,WT8-GUI,83110579,HM,Overscaled Channel detected at Tag AI_TT_013
4/24/2026 1:22:27 PM,202,Warning,WT8-GUI,83110580,HM,Overscaled Channel detected at Tag AI_TT_014
4/24/2026 1:22:27 PM,202,Warning,WT8-GUI,83110581,HM,Overscaled Channel detected at Tag AI_TT_015
4/24/2026 1:22:27 PM,202,Warning,WT8-GUI,83110582,HM,Overscaled Channel detected at Tag AI_TT_016
4/24/2026 1:22:27 PM,202,Warning,WT8-GUI,83110583,HM,Overscaled Channel detected at Tag AI_TT_017
4/24/2026 1:22:27 PM,202,Warning,WT8-GUI,83110584,HM,Overscaled Channel detected at Tag AI_TT_018
4/24/2026 1:22:27 PM,202,Warning,WT8-GUI,83110585,HM,Overscaled Channel detected at Tag AI_TT_001
4/24/2026 1:22:27 PM,202,Warning,WT8-GUI,83110586,HM,Overscaled Channel detected at Tag AI_TT_019
4/24/2026 1:22:27 PM,202,Warning,WT8-GUI,83110587,HM,Overscaled Channel detected at Tag AI_TT_004
4/24/2026 1:22:27 PM,202,Warning,WT8-GUI,83110588,HM,Overscaled Channel detected at Tag AI_TT_005
4/24/2026 1:22:27 PM,202,Warning,WT8-GUI,83110589,HM,Overscaled Channel detected at Tag AI_TT_006
4/24/2026 1:23:10 PM,301005,Warning,WT8-GUI,83110590,OPC,OPC Server Graybox.Simulator.1 on host localhost has not updated data in 240 minute(s).
4/24/2026 1:23:27 PM,202,Warning,WT8-GUI,83110591,HM,Overscaled Channel detected at Tag AI_Volts_Shunt_000
4/24/2026 1:23:27 PM,202,Warning,WT8-GUI,83110592,HM,Overscaled Channel detected at Tag AI_Volts_Shunt_001
4/24/2026 1:23:27 PM,202,Warning,WT8-GUI,83110593,HM,Overscaled Channel detected at Tag AI_Volts_Shunt_003
4/24/2026 1:23:27 PM,202,Warning,WT8-GUI,83110594,HM,Overscaled Channel detected at Tag AI_Volts_Shunt_004
4/24/2026 1:23:27 PM,202,Warning,WT8-GUI,83110595,HM,Overscaled Channel detected at Tag AI_TK_026
4/24/2026 1:23:27 PM,202,Warning,WT8-GUI,83110596,HM,Overscaled Channel detected at Tag AI_TK_027
4/24/2026 1:23:27 PM,202,Warning,WT8-GUI,83110597,HM,Overscaled Channel detected at Tag AI_TK_028
4/24/2026 1:23:27 PM,202,Warning,WT8-GUI,83110598,HM,Overscaled Channel detected at Tag AI_TK_003
4/24/2026 1:23:27 PM,202,Warning,WT8-GUI,83110599,HM,Overscaled Channel detected at Tag AI_TT_002
4/24/2026 1:23:27 PM,202,Warning,WT8-GUI,83110600,HM,Overscaled Channel detected at Tag AI_TT_029
4/24/2026 1:23:27 PM,202,Warning,WT8-GUI,83110601,HM,Overscaled Channel detected at Tag AI_TT_030
4/24/2026 1:23:27 PM,202,Warning,WT8-GUI,83110602,HM,Overscaled Channel detected at Tag AI_TT_003
4/24/2026 1:23:27 PM,202,Warning,WT8-GUI,83110603,HM,Overscaled Channel detected at Tag AI_TT_007
4/24/2026 1:23:27 PM,202,Warning,WT8-GUI,83110604,HM,Overscaled Channel detected at Tag AI_TT_008
4/24/2026 1:23:27 PM,202,Warning,WT8-GUI,83110605,HM,Overscaled Channel detected at Tag AI_Volts_Shunt_006
4/24/2026 1:23:27 PM,202,Warning,WT8-GUI,83110606,HM,Overscaled Channel detected at Tag AI_Volts_Shunt_007
4/24/2026 1:23:27 PM,202,Warning,WT8-GUI,83110607,HM,Overscaled Channel detected at Tag AI_Volts_Shunt_008
4/24/2026 1:23:27 PM,202,Warning,WT8-GUI,83110608,HM,Overscaled Channel detected at Tag AI_Volts_Shunt_009
4/24/2026 1:23:27 PM,202,Warning,WT8-GUI,83110609,HM,Overscaled Channel detected at Tag AI_TK_018
4/24/2026 1:23:27 PM,202,Warning,WT8-GUI,83110610,HM,Overscaled Channel detected at Tag AI_TK_001
4/24/2026 1:23:27 PM,202,Warning,WT8-GUI,83110611,HM,Overscaled Channel detected at Tag AI_TK_019
4/24/2026 1:23:27 PM,202,Warning,WT8-GUI,83110612,HM,Overscaled Channel detected at Tag AI_TK_020
4/24/2026 1:23:27 PM,202,Warning,WT8-GUI,83110613,HM,Overscaled Channel detected at Tag AI_TK_021
4/24/2026 1:23:27 PM,202,Warning,WT8-GUI,83110614,HM,Overscaled Channel detected at Tag AI_TK_022
4/24/2026 1:23:27 PM,202,Warning,WT8-GUI,83110615,HM,Overscaled Channel detected at Tag AI_TK_023
4/24/2026 1:23:27 PM,202,Warning,WT8-GUI,83110616,HM,Overscaled Channel detected at Tag AI_TK_024
4/24/2026 1:23:27 PM,202,Warning,WT8-GUI,83110617,HM,Overscaled Channel detected at Tag AI_TK_025
4/24/2026 1:23:27 PM,202,Warning,WT8-GUI,83110618,HM,Overscaled Channel detected at Tag AI_TK_002
4/24/2026 1:23:27 PM,202,Warning,WT8-GUI,83110619,HM,Overscaled Channel detected at Tag AI_TK_029
4/24/2026 1:23:27 PM,202,Warning,WT8-GUI,83110620,HM,Overscaled Channel detected at Tag AI_TK_030
4/24/2026 1:23:27 PM,202,Warning,WT8-GUI,83110621,HM,Overscaled Channel detected at Tag AI_TK_004
4/24/2026 1:23:27 PM,202,Warning,WT8-GUI,83110622,HM,Overscaled Channel detected at Tag AI_TK_005
4/24/2026 1:23:27 PM,202,Warning,WT8-GUI,83110623,HM,Overscaled Channel detected at Tag AI_TK_006
4/24/2026 1:23:27 PM,202,Warning,WT8-GUI,83110624,HM,Overscaled Channel detected at Tag AI_TK_007
4/24/2026 1:23:27 PM,202,Warning,WT8-GUI,83110625,HM,Overscaled Channel detected at Tag AI_TK_008
4/24/2026 1:23:27 PM,202,Warning,WT8-GUI,83110626,HM,Overscaled Channel detected at Tag AI_Volts_Shunt_010
4/24/2026 1:23:27 PM,202,Warning,WT8-GUI,83110627,HM,Overscaled Channel detected at Tag AI_Volts_Shunt_011
4/24/2026 1:23:27 PM,202,Warning,WT8-GUI,83110628,HM,Overscaled Channel detected at Tag AI_TT_020
4/24/2026 1:23:27 PM,202,Warning,WT8-GUI,83110629,HM,Overscaled Channel detected at Tag AI_TT_021
4/24/2026 1:23:27 PM,202,Warning,WT8-GUI,83110630,HM,Overscaled Channel detected at Tag AI_TT_022
4/24/2026 1:23:27 PM,202,Warning,WT8-GUI,83110631,HM,Overscaled Channel detected at Tag AI_TT_023
4/24/2026 1:23:27 PM,202,Warning,WT8-GUI,83110632,HM,Overscaled Channel detected at Tag AI_TT_024
4/24/2026 1:23:27 PM,202,Warning,WT8-GUI,83110633,HM,Overscaled Channel detected at Tag AI_TT_025
4/24/2026 1:23:27 PM,202,Warning,WT8-GUI,83110634,HM,Overscaled Channel detected at Tag AI_TT_026
4/24/2026 1:23:27 PM,202,Warning,WT8-GUI,83110635,HM,Overscaled Channel detected at Tag AI_TT_027
4/24/2026 1:23:27 PM,202,Warning,WT8-GUI,83110636,HM,Overscaled Channel detected at Tag AI_TT_028
4/24/2026 1:23:27 PM,202,Warning,WT8-GUI,83110637,HM,Overscaled Channel detected at Tag AI_TK_000
4/24/2026 1:23:27 PM,202,Warning,WT8-GUI,83110638,HM,Overscaled Channel detected at Tag AI_TK_009
4/24/2026 1:23:27 PM,202,Warning,WT8-GUI,83110639,HM,Overscaled Channel detected at Tag AI_TK_010
4/24/2026 1:23:27 PM,202,Warning,WT8-GUI,83110640,HM,Overscaled Channel detected at Tag AI_TK_011
4/24/2026 1:23:27 PM,202,Warning,WT8-GUI,83110641,HM,Overscaled Channel detected at Tag AI_TK_012
4/24/2026 1:23:27 PM,202,Warning,WT8-GUI,83110642,HM,Overscaled Channel detected at Tag AI_TK_013
4/24/2026 1:23:27 PM,202,Warning,WT8-GUI,83110643,HM,Overscaled Channel detected at Tag AI_TK_014
4/24/2026 1:23:27 PM,202,Warning,WT8-GUI,83110644,HM,Overscaled Channel detected at Tag AI_TK_015
4/24/2026 1:23:27 PM,202,Warning,WT8-GUI,83110645,HM,Overscaled Channel detected at Tag AI_TK_016
4/24/2026 1:23:27 PM,202,Warning,WT8-GUI,83110646,HM,Overscaled Channel detected at Tag AI_TK_017
4/24/2026 1:23:27 PM,202,Warning,WT8-GUI,83110647,HM,Overscaled Channel detected at Tag AI_Volts_Shunt_012
4/24/2026 1:23:27 PM,202,Warning,WT8-GUI,83110648,HM,Overscaled Channel detected at Tag AI_Volts_Shunt_013
4/24/2026 1:23:27 PM,202,Warning,WT8-GUI,83110649,HM,Overscaled Channel detected at Tag AI_Volts_Shunt_014
4/24/2026 1:23:27 PM,202,Warning,WT8-GUI,83110650,HM,Overscaled Channel detected at Tag AI_Volts_Shunt_015
4/24/2026 1:23:27 PM,202,Warning,WT8-GUI,83110651,HM,Overscaled Channel detected at Tag AI_Strain_000
4/24/2026 1:23:27 PM,202,Warning,WT8-GUI,83110652,HM,Overscaled Channel detected at Tag AI_Strain_001
4/24/2026 1:23:27 PM,202,Warning,WT8-GUI,83110653,HM,Overscaled Channel detected at Tag AI_Strain_002
4/24/2026 1:23:27 PM,202,Warning,WT8-GUI,83110654,HM,Overscaled Channel detected at Tag AI_Strain_003
4/24/2026 1:23:27 PM,202,Warning,WT8-GUI,83110655,HM,Overscaled Channel detected at Tag AI_Strain_004
4/24/2026 1:23:27 PM,202,Warning,WT8-GUI,83110656,HM,Overscaled Channel detected at Tag AI_Strain_005
4/24/2026 1:23:27 PM,202,Warning,WT8-GUI,83110657,HM,Overscaled Channel detected at Tag AI_Strain_006
4/24/2026 1:23:27 PM,202,Warning,WT8-GUI,83110658,HM,Overscaled Channel detected at Tag AI_Strain_007
4/24/2026 1:23:27 PM,202,Warning,WT8-GUI,83110659,HM,Overscaled Channel detected at Tag AI_TT_000
4/24/2026 1:23:27 PM,202,Warning,WT8-GUI,83110660,HM,Overscaled Channel detected at Tag AI_TT_009
4/24/2026 1:23:27 PM,202,Warning,WT8-GUI,83110661,HM,Overscaled Channel detected at Tag AI_TT_010
4/24/2026 1:23:27 PM,202,Warning,WT8-GUI,83110662,HM,Overscaled Channel detected at Tag AI_TT_011
4/24/2026 1:23:27 PM,202,Warning,WT8-GUI,83110663,HM,Overscaled Channel detected at Tag AI_TT_012
4/24/2026 1:23:27 PM,202,Warning,WT8-GUI,83110664,HM,Overscaled Channel detected at Tag AI_TT_013
4/24/2026 1:23:27 PM,202,Warning,WT8-GUI,83110665,HM,Overscaled Channel detected at Tag AI_TT_014
4/24/2026 1:23:27 PM,202,Warning,WT8-GUI,83110666,HM,Overscaled Channel detected at Tag AI_TT_015
4/24/2026 1:23:27 PM,202,Warning,WT8-GUI,83110667,HM,Overscaled Channel detected at Tag AI_TT_016
4/24/2026 1:23:27 PM,202,Warning,WT8-GUI,83110668,HM,Overscaled Channel detected at Tag AI_TT_017
4/24/2026 1:23:27 PM,202,Warning,WT8-GUI,83110669,HM,Overscaled Channel detected at Tag AI_TT_018
4/24/2026 1:23:27 PM,202,Warning,WT8-GUI,83110670,HM,Overscaled Channel detected at Tag AI_TT_001
4/24/2026 1:23:27 PM,202,Warning,WT8-GUI,83110671,HM,Overscaled Channel detected at Tag AI_TT_019
4/24/2026 1:23:27 PM,202,Warning,WT8-GUI,83110672,HM,Overscaled Channel detected at Tag AI_TT_004
4/24/2026 1:23:27 PM,202,Warning,WT8-GUI,83110673,HM,Overscaled Channel detected at Tag AI_TT_005
4/24/2026 1:23:27 PM,202,Warning,WT8-GUI,83110674,HM,Overscaled Channel detected at Tag AI_TT_006
4/24/2026 1:24:10 PM,301005,Warning,WT8-GUI,83110675,OPC,OPC Server Graybox.Simulator.1 on host localhost has not updated data in 241 minute(s).
4/24/2026 1:24:27 PM,202,Warning,WT8-GUI,83110676,HM,Overscaled Channel detected at Tag AI_Volts_Shunt_000
4/24/2026 1:24:27 PM,202,Warning,WT8-GUI,83110677,HM,Overscaled Channel detected at Tag AI_Volts_Shunt_001
4/24/2026 1:24:27 PM,202,Warning,WT8-GUI,83110678,HM,Overscaled Channel detected at Tag AI_Volts_Shunt_003
4/24/2026 1:24:27 PM,202,Warning,WT8-GUI,83110679,HM,Overscaled Channel detected at Tag AI_Volts_Shunt_004
4/24/2026 1:24:27 PM,202,Warning,WT8-GUI,83110680,HM,Overscaled Channel detected at Tag AI_TK_026
4/24/2026 1:24:27 PM,202,Warning,WT8-GUI,83110681,HM,Overscaled Channel detected at Tag AI_TK_027
4/24/2026 1:24:27 PM,202,Warning,WT8-GUI,83110682,HM,Overscaled Channel detected at Tag AI_TK_028
4/24/2026 1:24:27 PM,202,Warning,WT8-GUI,83110683,HM,Overscaled Channel detected at Tag AI_TK_003
4/24/2026 1:24:27 PM,202,Warning,WT8-GUI,83110684,HM,Overscaled Channel detected at Tag AI_TT_002
4/24/2026 1:24:27 PM,202,Warning,WT8-GUI,83110685,HM,Overscaled Channel detected at Tag AI_TT_029
4/24/2026 1:24:27 PM,202,Warning,WT8-GUI,83110686,HM,Overscaled Channel detected at Tag AI_TT_030
4/24/2026 1:24:27 PM,202,Warning,WT8-GUI,83110687,HM,Overscaled Channel detected at Tag AI_TT_003
4/24/2026 1:24:27 PM,202,Warning,WT8-GUI,83110688,HM,Overscaled Channel detected at Tag AI_TT_007
4/24/2026 1:24:27 PM,202,Warning,WT8-GUI,83110689,HM,Overscaled Channel detected at Tag AI_TT_008
4/24/2026 1:24:27 PM,202,Warning,WT8-GUI,83110690,HM,Overscaled Channel detected at Tag AI_Volts_Shunt_006
4/24/2026 1:24:27 PM,202,Warning,WT8-GUI,83110691,HM,Overscaled Channel detected at Tag AI_Volts_Shunt_007
4/24/2026 1:24:27 PM,202,Warning,WT8-GUI,83110692,HM,Overscaled Channel detected at Tag AI_Volts_Shunt_008
4/24/2026 1:24:27 PM,202,Warning,WT8-GUI,83110693,HM,Overscaled Channel detected at Tag AI_Volts_Shunt_009
4/24/2026 1:24:27 PM,202,Warning,WT8-GUI,83110694,HM,Overscaled Channel detected at Tag AI_TK_018
4/24/2026 1:24:27 PM,202,Warning,WT8-GUI,83110695,HM,Overscaled Channel detected at Tag AI_TK_001
4/24/2026 1:24:27 PM,202,Warning,WT8-GUI,83110696,HM,Overscaled Channel detected at Tag AI_TK_019
4/24/2026 1:24:27 PM,202,Warning,WT8-GUI,83110697,HM,Overscaled Channel detected at Tag AI_TK_020
4/24/2026 1:24:27 PM,202,Warning,WT8-GUI,83110698,HM,Overscaled Channel detected at Tag AI_TK_021
4/24/2026 1:24:27 PM,202,Warning,WT8-GUI,83110699,HM,Overscaled Channel detected at Tag AI_TK_022
4/24/2026 1:24:27 PM,202,Warning,WT8-GUI,83110700,HM,Overscaled Channel detected at Tag AI_TK_023
4/24/2026 1:24:27 PM,202,Warning,WT8-GUI,83110701,HM,Overscaled Channel detected at Tag AI_TK_024
4/24/2026 1:24:27 PM,202,Warning,WT8-GUI,83110702,HM,Overscaled Channel detected at Tag AI_TK_025
4/24/2026 1:24:27 PM,202,Warning,WT8-GUI,83110703,HM,Overscaled Channel detected at Tag AI_TK_002
4/24/2026 1:24:27 PM,202,Warning,WT8-GUI,83110704,HM,Overscaled Channel detected at Tag AI_TK_029
4/24/2026 1:24:27 PM,202,Warning,WT8-GUI,83110705,HM,Overscaled Channel detected at Tag AI_TK_030
4/24/2026 1:24:27 PM,202,Warning,WT8-GUI,83110706,HM,Overscaled Channel detected at Tag AI_TK_004
4/24/2026 1:24:27 PM,202,Warning,WT8-GUI,83110707,HM,Overscaled Channel detected at Tag AI_TK_005
4/24/2026 1:24:27 PM,202,Warning,WT8-GUI,83110708,HM,Overscaled Channel detected at Tag AI_TK_006
4/24/2026 1:24:27 PM,202,Warning,WT8-GUI,83110709,HM,Overscaled Channel detected at Tag AI_TK_007
4/24/2026 1:24:27 PM,202,Warning,WT8-GUI,83110710,HM,Overscaled Channel detected at Tag AI_TK_008
4/24/2026 1:24:27 PM,202,Warning,WT8-GUI,83110711,HM,Overscaled Channel detected at Tag AI_Volts_Shunt_010
4/24/2026 1:24:27 PM,202,Warning,WT8-GUI,83110712,HM,Overscaled Channel detected at Tag AI_Volts_Shunt_011
4/24/2026 1:24:27 PM,202,Warning,WT8-GUI,83110713,HM,Overscaled Channel detected at Tag AI_TT_020
4/24/2026 1:24:27 PM,202,Warning,WT8-GUI,83110714,HM,Overscaled Channel detected at Tag AI_TT_021
4/24/2026 1:24:27 PM,202,Warning,WT8-GUI,83110715,HM,Overscaled Channel detected at Tag AI_TT_022
4/24/2026 1:24:27 PM,202,Warning,WT8-GUI,83110716,HM,Overscaled Channel detected at Tag AI_TT_023
4/24/2026 1:24:27 PM,202,Warning,WT8-GUI,83110717,HM,Overscaled Channel detected at Tag AI_TT_024
4/24/2026 1:24:27 PM,202,Warning,WT8-GUI,83110718,HM,Overscaled Channel detected at Tag AI_TT_025
4/24/2026 1:24:27 PM,202,Warning,WT8-GUI,83110719,HM,Overscaled Channel detected at Tag AI_TT_026
4/24/2026 1:24:27 PM,202,Warning,WT8-GUI,83110720,HM,Overscaled Channel detected at Tag AI_TT_027
4/24/2026 1:24:27 PM,202,Warning,WT8-GUI,83110721,HM,Overscaled Channel detected at Tag AI_TT_028
4/24/2026 1:24:27 PM,202,Warning,WT8-GUI,83110722,HM,Overscaled Channel detected at Tag AI_TK_000
4/24/2026 1:24:27 PM,202,Warning,WT8-GUI,83110723,HM,Overscaled Channel detected at Tag AI_TK_009
4/24/2026 1:24:27 PM,202,Warning,WT8-GUI,83110724,HM,Overscaled Channel detected at Tag AI_TK_010
4/24/2026 1:24:27 PM,202,Warning,WT8-GUI,83110725,HM,Overscaled Channel detected at Tag AI_TK_011
4/24/2026 1:24:27 PM,202,Warning,WT8-GUI,83110726,HM,Overscaled Channel detected at Tag AI_TK_012
4/24/2026 1:24:27 PM,202,Warning,WT8-GUI,83110727,HM,Overscaled Channel detected at Tag AI_TK_013
4/24/2026 1:24:27 PM,202,Warning,WT8-GUI,83110728,HM,Overscaled Channel detected at Tag AI_TK_014
4/24/2026 1:24:27 PM,202,Warning,WT8-GUI,83110729,HM,Overscaled Channel detected at Tag AI_TK_015
4/24/2026 1:24:27 PM,202,Warning,WT8-GUI,83110730,HM,Overscaled Channel detected at Tag AI_TK_016
4/24/2026 1:24:27 PM,202,Warning,WT8-GUI,83110731,HM,Overscaled Channel detected at Tag AI_TK_017
4/24/2026 1:24:27 PM,202,Warning,WT8-GUI,83110732,HM,Overscaled Channel detected at Tag AI_Volts_Shunt_012
4/24/2026 1:24:27 PM,202,Warning,WT8-GUI,83110733,HM,Overscaled Channel detected at Tag AI_Volts_Shunt_013
4/24/2026 1:24:27 PM,202,Warning,WT8-GUI,83110734,HM,Overscaled Channel detected at Tag AI_Volts_Shunt_014
4/24/2026 1:24:27 PM,202,Warning,WT8-GUI,83110735,HM,Overscaled Channel detected at Tag AI_Volts_Shunt_015
4/24/2026 1:24:27 PM,202,Warning,WT8-GUI,83110736,HM,Overscaled Channel detected at Tag AI_Strain_000
4/24/2026 1:24:27 PM,202,Warning,WT8-GUI,83110737,HM,Overscaled Channel detected at Tag AI_Strain_001
4/24/2026 1:24:27 PM,202,Warning,WT8-GUI,83110738,HM,Overscaled Channel detected at Tag AI_Strain_002
4/24/2026 1:24:27 PM,202,Warning,WT8-GUI,83110739,HM,Overscaled Channel detected at Tag AI_Strain_003
4/24/2026 1:24:27 PM,202,Warning,WT8-GUI,83110740,HM,Overscaled Channel detected at Tag AI_Strain_004
4/24/2026 1:24:27 PM,202,Warning,WT8-GUI,83110741,HM,Overscaled Channel detected at Tag AI_Strain_005
4/24/2026 1:24:27 PM,202,Warning,WT8-GUI,83110742,HM,Overscaled Channel detected at Tag AI_Strain_006
4/24/2026 1:24:27 PM,202,Warning,WT8-GUI,83110743,HM,Overscaled Channel detected at Tag AI_Strain_007
4/24/2026 1:24:27 PM,202,Warning,WT8-GUI,83110744,HM,Overscaled Channel detected at Tag AI_TT_000
4/24/2026 1:24:27 PM,202,Warning,WT8-GUI,83110745,HM,Overscaled Channel detected at Tag AI_TT_009
4/24/2026 1:24:27 PM,202,Warning,WT8-GUI,83110746,HM,Overscaled Channel detected at Tag AI_TT_010
4/24/2026 1:24:27 PM,202,Warning,WT8-GUI,83110747,HM,Overscaled Channel detected at Tag AI_TT_011
4/24/2026 1:24:27 PM,202,Warning,WT8-GUI,83110748,HM,Overscaled Channel detected at Tag AI_TT_012
4/24/2026 1:24:27 PM,202,Warning,WT8-GUI,83110749,HM,Overscaled Channel detected at Tag AI_TT_013
4/24/2026 1:24:27 PM,202,Warning,WT8-GUI,83110750,HM,Overscaled Channel detected at Tag AI_TT_014
4/24/2026 1:24:27 PM,202,Warning,WT8-GUI,83110751,HM,Overscaled Channel detected at Tag AI_TT_015
4/24/2026 1:24:27 PM,202,Warning,WT8-GUI,83110752,HM,Overscaled Channel detected at Tag AI_TT_016
4/24/2026 1:24:27 PM,202,Warning,WT8-GUI,83110753,HM,Overscaled Channel detected at Tag AI_TT_017
4/24/2026 1:24:27 PM,202,Warning,WT8-GUI,83110754,HM,Overscaled Channel detected at Tag AI_TT_018
4/24/2026 1:24:27 PM,202,Warning,WT8-GUI,83110755,HM,Overscaled Channel detected at Tag AI_TT_001
4/24/2026 1:24:27 PM,202,Warning,WT8-GUI,83110756,HM,Overscaled Channel detected at Tag AI_TT_019
4/24/2026 1:24:27 PM,202,Warning,WT8-GUI,83110757,HM,Overscaled Channel detected at Tag AI_TT_004
4/24/2026 1:24:27 PM,202,Warning,WT8-GUI,83110758,HM,Overscaled Channel detected at Tag AI_TT_005
4/24/2026 1:24:27 PM,202,Warning,WT8-GUI,83110759,HM,Overscaled Channel detected at Tag AI_TT_006
4/24/2026 1:25:10 PM,301005,Warning,WT8-GUI,83110760,OPC,OPC Server Graybox.Simulator.1 on host localhost has not updated data in 242 minute(s).
4/24/2026 1:25:27 PM,202,Warning,WT8-GUI,83110761,HM,Overscaled Channel detected at Tag AI_Volts_Shunt_000
4/24/2026 1:25:27 PM,202,Warning,WT8-GUI,83110762,HM,Overscaled Channel detected at Tag AI_Volts_Shunt_001
4/24/2026 1:25:27 PM,202,Warning,WT8-GUI,83110763,HM,Overscaled Channel detected at Tag AI_Volts_Shunt_003
4/24/2026 1:25:27 PM,202,Warning,WT8-GUI,83110764,HM,Overscaled Channel detected at Tag AI_Volts_Shunt_004
4/24/2026 1:25:27 PM,202,Warning,WT8-GUI,83110765,HM,Overscaled Channel detected at Tag AI_TK_026
4/24/2026 1:25:27 PM,202,Warning,WT8-GUI,83110766,HM,Overscaled Channel detected at Tag AI_TK_027
4/24/2026 1:25:27 PM,202,Warning,WT8-GUI,83110767,HM,Overscaled Channel detected at Tag AI_TK_028
4/24/2026 1:25:27 PM,202,Warning,WT8-GUI,83110768,HM,Overscaled Channel detected at Tag AI_TK_003
4/24/2026 1:25:27 PM,202,Warning,WT8-GUI,83110769,HM,Overscaled Channel detected at Tag AI_TT_002
4/24/2026 1:25:27 PM,202,Warning,WT8-GUI,83110770,HM,Overscaled Channel detected at Tag AI_TT_029
4/24/2026 1:25:27 PM,202,Warning,WT8-GUI,83110771,HM,Overscaled Channel detected at Tag AI_TT_030
4/24/2026 1:25:27 PM,202,Warning,WT8-GUI,83110772,HM,Overscaled Channel detected at Tag AI_TT_003
4/24/2026 1:25:27 PM,202,Warning,WT8-GUI,83110773,HM,Overscaled Channel detected at Tag AI_TT_007
4/24/2026 1:25:27 PM,202,Warning,WT8-GUI,83110774,HM,Overscaled Channel detected at Tag AI_TT_008
4/24/2026 1:25:27 PM,202,Warning,WT8-GUI,83110775,HM,Overscaled Channel detected at Tag AI_Volts_Shunt_006
4/24/2026 1:25:27 PM,202,Warning,WT8-GUI,83110776,HM,Overscaled Channel detected at Tag AI_Volts_Shunt_007
4/24/2026 1:25:27 PM,202,Warning,WT8-GUI,83110777,HM,Overscaled Channel detected at Tag AI_Volts_Shunt_008
4/24/2026 1:25:27 PM,202,Warning,WT8-GUI,83110778,HM,Overscaled Channel detected at Tag AI_Volts_Shunt_009
4/24/2026 1:25:27 PM,202,Warning,WT8-GUI,83110779,HM,Overscaled Channel detected at Tag AI_TK_018
4/24/2026 1:25:27 PM,202,Warning,WT8-GUI,83110780,HM,Overscaled Channel detected at Tag AI_TK_001
4/24/2026 1:25:27 PM,202,Warning,WT8-GUI,83110781,HM,Overscaled Channel detected at Tag AI_TK_019
4/24/2026 1:25:27 PM,202,Warning,WT8-GUI,83110782,HM,Overscaled Channel detected at Tag AI_TK_020
4/24/2026 1:25:27 PM,202,Warning,WT8-GUI,83110783,HM,Overscaled Channel detected at Tag AI_TK_021
4/24/2026 1:25:27 PM,202,Warning,WT8-GUI,83110784,HM,Overscaled Channel detected at Tag AI_TK_022
4/24/2026 1:25:27 PM,202,Warning,WT8-GUI,83110785,HM,Overscaled Channel detected at Tag AI_TK_023
4/24/2026 1:25:27 PM,202,Warning,WT8-GUI,83110786,HM,Overscaled Channel detected at Tag AI_TK_024
4/24/2026 1:25:27 PM,202,Warning,WT8-GUI,83110787,HM,Overscaled Channel detected at Tag AI_TK_025
4/24/2026 1:25:27 PM,202,Warning,WT8-GUI,83110788,HM,Overscaled Channel detected at Tag AI_TK_002
4/24/2026 1:25:27 PM,202,Warning,WT8-GUI,83110789,HM,Overscaled Channel detected at Tag AI_TK_029
4/24/2026 1:25:27 PM,202,Warning,WT8-GUI,83110790,HM,Overscaled Channel detected at Tag AI_TK_030
4/24/2026 1:25:27 PM,202,Warning,WT8-GUI,83110791,HM,Overscaled Channel detected at Tag AI_TK_004
4/24/2026 1:25:27 PM,202,Warning,WT8-GUI,83110792,HM,Overscaled Channel detected at Tag AI_TK_005
4/24/2026 1:25:27 PM,202,Warning,WT8-GUI,83110793,HM,Overscaled Channel detected at Tag AI_TK_006
4/24/2026 1:25:27 PM,202,Warning,WT8-GUI,83110794,HM,Overscaled Channel detected at Tag AI_TK_007
4/24/2026 1:25:27 PM,202,Warning,WT8-GUI,83110795,HM,Overscaled Channel detected at Tag AI_TK_008
4/24/2026 1:25:27 PM,202,Warning,WT8-GUI,83110796,HM,Overscaled Channel detected at Tag AI_Volts_Shunt_010
4/24/2026 1:25:27 PM,202,Warning,WT8-GUI,83110797,HM,Overscaled Channel detected at Tag AI_Volts_Shunt_011
4/24/2026 1:25:27 PM,202,Warning,WT8-GUI,83110798,HM,Overscaled Channel detected at Tag AI_TT_020
4/24/2026 1:25:27 PM,202,Warning,WT8-GUI,83110799,HM,Overscaled Channel detected at Tag AI_TT_021
4/24/2026 1:25:27 PM,202,Warning,WT8-GUI,83110800,HM,Overscaled Channel detected at Tag AI_TT_022
4/24/2026 1:25:27 PM,202,Warning,WT8-GUI,83110801,HM,Overscaled Channel detected at Tag AI_TT_023
4/24/2026 1:25:27 PM,202,Warning,WT8-GUI,83110802,HM,Overscaled Channel detected at Tag AI_TT_024
4/24/2026 1:25:27 PM,202,Warning,WT8-GUI,83110803,HM,Overscaled Channel detected at Tag AI_TT_025
4/24/2026 1:25:27 PM,202,Warning,WT8-GUI,83110804,HM,Overscaled Channel detected at Tag AI_TT_026
4/24/2026 1:25:27 PM,202,Warning,WT8-GUI,83110805,HM,Overscaled Channel detected at Tag AI_TT_027
4/24/2026 1:25:27 PM,202,Warning,WT8-GUI,83110806,HM,Overscaled Channel detected at Tag AI_TT_028
4/24/2026 1:25:27 PM,202,Warning,WT8-GUI,83110807,HM,Overscaled Channel detected at Tag AI_TK_000
4/24/2026 1:25:27 PM,202,Warning,WT8-GUI,83110808,HM,Overscaled Channel detected at Tag AI_TK_009
4/24/2026 1:25:27 PM,202,Warning,WT8-GUI,83110809,HM,Overscaled Channel detected at Tag AI_TK_010
4/24/2026 1:25:27 PM,202,Warning,WT8-GUI,83110810,HM,Overscaled Channel detected at Tag AI_TK_011
4/24/2026 1:25:27 PM,202,Warning,WT8-GUI,83110811,HM,Overscaled Channel detected at Tag AI_TK_012
4/24/2026 1:25:27 PM,202,Warning,WT8-GUI,83110812,HM,Overscaled Channel detected at Tag AI_TK_013
4/24/2026 1:25:27 PM,202,Warning,WT8-GUI,83110813,HM,Overscaled Channel detected at Tag AI_TK_014
4/24/2026 1:25:27 PM,202,Warning,WT8-GUI,83110814,HM,Overscaled Channel detected at Tag AI_TK_015
4/24/2026 1:25:27 PM,202,Warning,WT8-GUI,83110815,HM,Overscaled Channel detected at Tag AI_TK_016
4/24/2026 1:25:27 PM,202,Warning,WT8-GUI,83110816,HM,Overscaled Channel detected at Tag AI_TK_017
4/24/2026 1:25:27 PM,202,Warning,WT8-GUI,83110817,HM,Overscaled Channel detected at Tag AI_Volts_Shunt_012
4/24/2026 1:25:27 PM,202,Warning,WT8-GUI,83110818,HM,Overscaled Channel detected at Tag AI_Volts_Shunt_013
4/24/2026 1:25:27 PM,202,Warning,WT8-GUI,83110819,HM,Overscaled Channel detected at Tag AI_Volts_Shunt_014
4/24/2026 1:25:27 PM,202,Warning,WT8-GUI,83110820,HM,Overscaled Channel detected at Tag AI_Volts_Shunt_015
4/24/2026 1:25:27 PM,202,Warning,WT8-GUI,83110821,HM,Overscaled Channel detected at Tag AI_Strain_000
4/24/2026 1:25:27 PM,202,Warning,WT8-GUI,83110822,HM,Overscaled Channel detected at Tag AI_Strain_001
4/24/2026 1:25:27 PM,202,Warning,WT8-GUI,83110823,HM,Overscaled Channel detected at Tag AI_Strain_002
4/24/2026 1:25:27 PM,202,Warning,WT8-GUI,83110824,HM,Overscaled Channel detected at Tag AI_Strain_003
4/24/2026 1:25:27 PM,202,Warning,WT8-GUI,83110825,HM,Overscaled Channel detected at Tag AI_Strain_004
4/24/2026 1:25:27 PM,202,Warning,WT8-GUI,83110826,HM,Overscaled Channel detected at Tag AI_Strain_005
4/24/2026 1:25:27 PM,202,Warning,WT8-GUI,83110827,HM,Overscaled Channel detected at Tag AI_Strain_006
4/24/2026 1:25:27 PM,202,Warning,WT8-GUI,83110828,HM,Overscaled Channel detected at Tag AI_Strain_007
4/24/2026 1:25:27 PM,202,Warning,WT8-GUI,83110829,HM,Overscaled Channel detected at Tag AI_TT_000
4/24/2026 1:25:27 PM,202,Warning,WT8-GUI,83110830,HM,Overscaled Channel detected at Tag AI_TT_009
4/24/2026 1:25:27 PM,202,Warning,WT8-GUI,83110831,HM,Overscaled Channel detected at Tag AI_TT_010
4/24/2026 1:25:27 PM,202,Warning,WT8-GUI,83110832,HM,Overscaled Channel detected at Tag AI_TT_011
4/24/2026 1:25:27 PM,202,Warning,WT8-GUI,83110833,HM,Overscaled Channel detected at Tag AI_TT_012
4/24/2026 1:25:27 PM,202,Warning,WT8-GUI,83110834,HM,Overscaled Channel detected at Tag AI_TT_013
4/24/2026 1:25:27 PM,202,Warning,WT8-GUI,83110835,HM,Overscaled Channel detected at Tag AI_TT_014
4/24/2026 1:25:27 PM,202,Warning,WT8-GUI,83110836,HM,Overscaled Channel detected at Tag AI_TT_015
4/24/2026 1:25:27 PM,202,Warning,WT8-GUI,83110837,HM,Overscaled Channel detected at Tag AI_TT_016
4/24/2026 1:25:27 PM,202,Warning,WT8-GUI,83110838,HM,Overscaled Channel detected at Tag AI_TT_017
4/24/2026 1:25:27 PM,202,Warning,WT8-GUI,83110839,HM,Overscaled Channel detected at Tag AI_TT_018
4/24/2026 1:25:27 PM,202,Warning,WT8-GUI,83110840,HM,Overscaled Channel detected at Tag AI_TT_001
4/24/2026 1:25:27 PM,202,Warning,WT8-GUI,83110841,HM,Overscaled Channel detected at Tag AI_TT_019
4/24/2026 1:25:27 PM,202,Warning,WT8-GUI,83110842,HM,Overscaled Channel detected at Tag AI_TT_004
4/24/2026 1:25:27 PM,202,Warning,WT8-GUI,83110843,HM,Overscaled Channel detected at Tag AI_TT_005
4/24/2026 1:25:27 PM,202,Warning,WT8-GUI,83110844,HM,Overscaled Channel detected at Tag AI_TT_006
4/24/2026 1:26:01 PM,4,Info,WT8-GUI,83110845,DATASTORE,Group 1 Storage Request  Complete
4/24/2026 1:26:10 PM,301005,Warning,WT8-GUI,83110846,OPC,OPC Server Graybox.Simulator.1 on host localhost has not updated data in 243 minute(s).
4/24/2026 1:26:11 PM,0,Debug,WT8-GUI,83110847,Custom Init,"NEW DATA FOLDER: C:\Data\_Facility\DE9956_Ohio State University FSAE_aero_4_240426_092310
Use Custom Init: 0
Custom Init: C:\Data\CustomInit\Custom_Init_Template.xls"
4/24/2026 1:26:11 PM,4,Info,WT8-GUI,83110848,DATASTORE,Group 2 ready to store data. Initialization  Complete
4/24/2026 1:26:11 PM,4,Info,WT8-GUI,83110849,DATASTORE,Group 1 ready to store data. Initialization  Complete
4/24/2026 1:26:11 PM,0,Debug,WT8-GUI,83110850,Custom Init,"NEW DATA FOLDER: C:\Data\_Facility\DE9956_Ohio State University FSAE_aero_4_240426_092310
Use Custom Init: 0
Custom Init: C:\Data\CustomInit\Custom_Init_Template.xls"
4/24/2026 1:26:12 PM,6,Info,WT8-GUI,83110851,DATASTORE,DATASTORE Inactive
4/24/2026 1:26:13 PM,2,Info,WT8-GUI,83110852,ADTMGR,ADTMGR entering Idle mode
4/24/2026 1:26:13 PM,0,Debug,WT8-GUI,83110853,"Spawn VI.vi/Ford.TestSLATE.ADTMgr.lvlib:STOPPED FUNCTION.vi/Ford.TestSLATE.ADTMgr.lvlib:Performance Functions.vi
",C:\Program Files\Jacobs\Test SLATE\Ford.TestSLATE.ConvSelectCriteria.llb\Select Convergence Criteria.vi
4/24/2026 1:26:13 PM,106,Debug,WT8-GUI,83110854,Reflective Memory,ms specified at Reflective Memory Current Value Table Write is not performing within tolerance. Actual Rate 38 ms could indicate that data has been lost and other performance issues.
4/24/2026 1:26:17 PM,4,Info,WT8-GUI,83110855,,Autoconvert of C:\Data\_Facility\DE9956_Ohio State University FSAE_aero_4_240426_092310\D1.dat complete.
4/24/2026 1:26:22 PM,4,Info,WT8-GUI,83110856,,Autoconvert of C:\Data\_Facility\DE9956_Ohio State University FSAE_aero_4_240426_092310\P1.dat complete.
4/24/2026 1:26:27 PM,202,Warning,WT8-GUI,83110857,HM,Overscaled Channel detected at Tag AI_Volts_Shunt_000
4/24/2026 1:26:27 PM,202,Warning,WT8-GUI,83110858,HM,Overscaled Channel detected at Tag AI_Volts_Shunt_001
4/24/2026 1:26:27 PM,202,Warning,WT8-GUI,83110859,HM,Overscaled Channel detected at Tag AI_Volts_Shunt_003
4/24/2026 1:26:27 PM,202,Warning,WT8-GUI,83110860,HM,Overscaled Channel detected at Tag AI_Volts_Shunt_004
4/24/2026 1:26:27 PM,4,Info,WT8-GUI,83110861,,Autoconvert of C:\Data\_Facility\DE9956_Ohio State University FSAE_aero_4_240426_092310\C1.dat complete.
4/24/2026 1:26:27 PM,202,Warning,WT8-GUI,83110862,HM,Overscaled Channel detected at Tag AI_TK_026
4/24/2026 1:26:27 PM,202,Warning,WT8-GUI,83110863,HM,Overscaled Channel detected at Tag AI_TK_027
4/24/2026 1:26:27 PM,202,Warning,WT8-GUI,83110864,HM,Overscaled Channel detected at Tag AI_TK_028
4/24/2026 1:26:27 PM,202,Warning,WT8-GUI,83110865,HM,Overscaled Channel detected at Tag AI_TK_003
4/24/2026 1:26:27 PM,202,Warning,WT8-GUI,83110866,HM,Overscaled Channel detected at Tag AI_TT_002
4/24/2026 1:26:27 PM,202,Warning,WT8-GUI,83110867,HM,Overscaled Channel detected at Tag AI_TT_029
4/24/2026 1:26:27 PM,202,Warning,WT8-GUI,83110868,HM,Overscaled Channel detected at Tag AI_TT_030
4/24/2026 1:26:27 PM,202,Warning,WT8-GUI,83110869,HM,Overscaled Channel detected at Tag AI_TT_003
4/24/2026 1:26:27 PM,202,Warning,WT8-GUI,83110870,HM,Overscaled Channel detected at Tag AI_TT_007
4/24/2026 1:26:27 PM,202,Warning,WT8-GUI,83110871,HM,Overscaled Channel detected at Tag AI_TT_008
4/24/2026 1:26:27 PM,202,Warning,WT8-GUI,83110872,HM,Overscaled Channel detected at Tag AI_Volts_Shunt_006
4/24/2026 1:26:27 PM,202,Warning,WT8-GUI,83110873,HM,Overscaled Channel detected at Tag AI_Volts_Shunt_007
4/24/2026 1:26:27 PM,202,Warning,WT8-GUI,83110874,HM,Overscaled Channel detected at Tag AI_Volts_Shunt_008
4/24/2026 1:26:27 PM,202,Warning,WT8-GUI,83110875,HM,Overscaled Channel detected at Tag AI_Volts_Shunt_009
4/24/2026 1:26:27 PM,202,Warning,WT8-GUI,83110876,HM,Overscaled Channel detected at Tag AI_TK_018
4/24/2026 1:26:27 PM,202,Warning,WT8-GUI,83110877,HM,Overscaled Channel detected at Tag AI_TK_001
4/24/2026 1:26:27 PM,202,Warning,WT8-GUI,83110878,HM,Overscaled Channel detected at Tag AI_TK_019
4/24/2026 1:26:27 PM,202,Warning,WT8-GUI,83110879,HM,Overscaled Channel detected at Tag AI_TK_020
4/24/2026 1:26:27 PM,202,Warning,WT8-GUI,83110880,HM,Overscaled Channel detected at Tag AI_TK_021
4/24/2026 1:26:27 PM,202,Warning,WT8-GUI,83110881,HM,Overscaled Channel detected at Tag AI_TK_022
4/24/2026 1:26:27 PM,202,Warning,WT8-GUI,83110882,HM,Overscaled Channel detected at Tag AI_TK_023
4/24/2026 1:26:27 PM,202,Warning,WT8-GUI,83110883,HM,Overscaled Channel detected at Tag AI_TK_024
4/24/2026 1:26:27 PM,202,Warning,WT8-GUI,83110884,HM,Overscaled Channel detected at Tag AI_TK_025
4/24/2026 1:26:27 PM,202,Warning,WT8-GUI,83110885,HM,Overscaled Channel detected at Tag AI_TK_002
4/24/2026 1:26:27 PM,202,Warning,WT8-GUI,83110886,HM,Overscaled Channel detected at Tag AI_TK_029
4/24/2026 1:26:27 PM,202,Warning,WT8-GUI,83110887,HM,Overscaled Channel detected at Tag AI_TK_030
4/24/2026 1:26:27 PM,202,Warning,WT8-GUI,83110888,HM,Overscaled Channel detected at Tag AI_TK_004
4/24/2026 1:26:27 PM,202,Warning,WT8-GUI,83110889,HM,Overscaled Channel detected at Tag AI_TK_005
4/24/2026 1:26:27 PM,202,Warning,WT8-GUI,83110890,HM,Overscaled Channel detected at Tag AI_TK_006
4/24/2026 1:26:27 PM,202,Warning,WT8-GUI,83110891,HM,Overscaled Channel detected at Tag AI_TK_007
4/24/2026 1:26:27 PM,202,Warning,WT8-GUI,83110892,HM,Overscaled Channel detected at Tag AI_TK_008
4/24/2026 1:26:27 PM,202,Warning,WT8-GUI,83110893,HM,Overscaled Channel detected at Tag AI_Volts_Shunt_010
4/24/2026 1:26:27 PM,202,Warning,WT8-GUI,83110894,HM,Overscaled Channel detected at Tag AI_Volts_Shunt_011
4/24/2026 1:26:27 PM,202,Warning,WT8-GUI,83110895,HM,Overscaled Channel detected at Tag AI_TT_020
4/24/2026 1:26:27 PM,202,Warning,WT8-GUI,83110896,HM,Overscaled Channel detected at Tag AI_TT_021
4/24/2026 1:26:27 PM,202,Warning,WT8-GUI,83110897,HM,Overscaled Channel detected at Tag AI_TT_022
4/24/2026 1:26:27 PM,202,Warning,WT8-GUI,83110898,HM,Overscaled Channel detected at Tag AI_TT_023
4/24/2026 1:26:27 PM,202,Warning,WT8-GUI,83110899,HM,Overscaled Channel detected at Tag AI_TT_024
4/24/2026 1:26:27 PM,202,Warning,WT8-GUI,83110900,HM,Overscaled Channel detected at Tag AI_TT_025
4/24/2026 1:26:27 PM,202,Warning,WT8-GUI,83110901,HM,Overscaled Channel detected at Tag AI_TT_026
4/24/2026 1:26:27 PM,202,Warning,WT8-GUI,83110902,HM,Overscaled Channel detected at Tag AI_TT_027
4/24/2026 1:26:27 PM,202,Warning,WT8-GUI,83110903,HM,Overscaled Channel detected at Tag AI_TT_028
4/24/2026 1:26:27 PM,202,Warning,WT8-GUI,83110904,HM,Overscaled Channel detected at Tag AI_TK_000
4/24/2026 1:26:27 PM,202,Warning,WT8-GUI,83110905,HM,Overscaled Channel detected at Tag AI_TK_009
4/24/2026 1:26:27 PM,202,Warning,WT8-GUI,83110906,HM,Overscaled Channel detected at Tag AI_TK_010
4/24/2026 1:26:27 PM,202,Warning,WT8-GUI,83110907,HM,Overscaled Channel detected at Tag AI_TK_011
4/24/2026 1:26:27 PM,202,Warning,WT8-GUI,83110908,HM,Overscaled Channel detected at Tag AI_TK_012
4/24/2026 1:26:27 PM,202,Warning,WT8-GUI,83110909,HM,Overscaled Channel detected at Tag AI_TK_013
4/24/2026 1:26:27 PM,202,Warning,WT8-GUI,83110910,HM,Overscaled Channel detected at Tag AI_TK_014
4/24/2026 1:26:27 PM,202,Warning,WT8-GUI,83110911,HM,Overscaled Channel detected at Tag AI_TK_015
4/24/2026 1:26:27 PM,202,Warning,WT8-GUI,83110912,HM,Overscaled Channel detected at Tag AI_TK_016
4/24/2026 1:26:27 PM,202,Warning,WT8-GUI,83110913,HM,Overscaled Channel detected at Tag AI_TK_017
4/24/2026 1:26:27 PM,202,Warning,WT8-GUI,83110914,HM,Overscaled Channel detected at Tag AI_Volts_Shunt_012
4/24/2026 1:26:27 PM,202,Warning,WT8-GUI,83110915,HM,Overscaled Channel detected at Tag AI_Volts_Shunt_013
4/24/2026 1:26:27 PM,202,Warning,WT8-GUI,83110916,HM,Overscaled Channel detected at Tag AI_Volts_Shunt_014
4/24/2026 1:26:27 PM,202,Warning,WT8-GUI,83110917,HM,Overscaled Channel detected at Tag AI_Volts_Shunt_015
4/24/2026 1:26:27 PM,202,Warning,WT8-GUI,83110918,HM,Overscaled Channel detected at Tag AI_Strain_000
4/24/2026 1:26:27 PM,202,Warning,WT8-GUI,83110919,HM,Overscaled Channel detected at Tag AI_Strain_001
4/24/2026 1:26:27 PM,202,Warning,WT8-GUI,83110920,HM,Overscaled Channel detected at Tag AI_Strain_002
4/24/2026 1:26:27 PM,202,Warning,WT8-GUI,83110921,HM,Overscaled Channel detected at Tag AI_Strain_003
4/24/2026 1:26:27 PM,202,Warning,WT8-GUI,83110922,HM,Overscaled Channel detected at Tag AI_Strain_004
4/24/2026 1:26:27 PM,202,Warning,WT8-GUI,83110923,HM,Overscaled Channel detected at Tag AI_Strain_005
4/24/2026 1:26:27 PM,202,Warning,WT8-GUI,83110924,HM,Overscaled Channel detected at Tag AI_Strain_006
4/24/2026 1:26:27 PM,202,Warning,WT8-GUI,83110925,HM,Overscaled Channel detected at Tag AI_Strain_007
4/24/2026 1:26:27 PM,202,Warning,WT8-GUI,83110926,HM,Overscaled Channel detected at Tag AI_TT_000
4/24/2026 1:26:27 PM,202,Warning,WT8-GUI,83110927,HM,Overscaled Channel detected at Tag AI_TT_009
4/24/2026 1:26:27 PM,202,Warning,WT8-GUI,83110928,HM,Overscaled Channel detected at Tag AI_TT_010
4/24/2026 1:26:27 PM,202,Warning,WT8-GUI,83110929,HM,Overscaled Channel detected at Tag AI_TT_011
4/24/2026 1:26:27 PM,202,Warning,WT8-GUI,83110930,HM,Overscaled Channel detected at Tag AI_TT_012
4/24/2026 1:26:27 PM,202,Warning,WT8-GUI,83110931,HM,Overscaled Channel detected at Tag AI_TT_013
4/24/2026 1:26:27 PM,202,Warning,WT8-GUI,83110932,HM,Overscaled Channel detected at Tag AI_TT_014
4/24/2026 1:26:27 PM,202,Warning,WT8-GUI,83110933,HM,Overscaled Channel detected at Tag AI_TT_015
4/24/2026 1:26:27 PM,202,Warning,WT8-GUI,83110934,HM,Overscaled Channel detected at Tag AI_TT_016
4/24/2026 1:26:27 PM,202,Warning,WT8-GUI,83110935,HM,Overscaled Channel detected at Tag AI_TT_017
4/24/2026 1:26:27 PM,202,Warning,WT8-GUI,83110936,HM,Overscaled Channel detected at Tag AI_TT_018
4/24/2026 1:26:27 PM,202,Warning,WT8-GUI,83110937,HM,Overscaled Channel detected at Tag AI_TT_001
4/24/2026 1:26:27 PM,202,Warning,WT8-GUI,83110938,HM,Overscaled Channel detected at Tag AI_TT_019
4/24/2026 1:26:27 PM,202,Warning,WT8-GUI,83110939,HM,Overscaled Channel detected at Tag AI_TT_004
4/24/2026 1:26:27 PM,202,Warning,WT8-GUI,83110940,HM,Overscaled Channel detected at Tag AI_TT_005
4/24/2026 1:26:27 PM,202,Warning,WT8-GUI,83110941,HM,Overscaled Channel detected at Tag AI_TT_006
4/24/2026 1:27:10 PM,301005,Warning,WT8-GUI,83110942,OPC,OPC Server Graybox.Simulator.1 on host localhost has not updated data in 244 minute(s).
4/24/2026 1:27:27 PM,202,Warning,WT8-GUI,83110943,HM,Overscaled Channel detected at Tag AI_Volts_Shunt_000
4/24/2026 1:27:27 PM,202,Warning,WT8-GUI,83110944,HM,Overscaled Channel detected at Tag AI_Volts_Shunt_001
4/24/2026 1:27:27 PM,202,Warning,WT8-GUI,83110945,HM,Overscaled Channel detected at Tag AI_Volts_Shunt_003
4/24/2026 1:27:27 PM,202,Warning,WT8-GUI,83110946,HM,Overscaled Channel detected at Tag AI_Volts_Shunt_004
4/24/2026 1:27:27 PM,202,Warning,WT8-GUI,83110947,HM,Overscaled Channel detected at Tag AI_TK_026
4/24/2026 1:27:27 PM,202,Warning,WT8-GUI,83110948,HM,Overscaled Channel detected at Tag AI_TK_027
4/24/2026 1:27:27 PM,202,Warning,WT8-GUI,83110949,HM,Overscaled Channel detected at Tag AI_TK_028
4/24/2026 1:27:27 PM,202,Warning,WT8-GUI,83110950,HM,Overscaled Channel detected at Tag AI_TK_003
4/24/2026 1:27:27 PM,202,Warning,WT8-GUI,83110951,HM,Overscaled Channel detected at Tag AI_TT_002
4/24/2026 1:27:27 PM,202,Warning,WT8-GUI,83110952,HM,Overscaled Channel detected at Tag AI_TT_029
4/24/2026 1:27:27 PM,202,Warning,WT8-GUI,83110953,HM,Overscaled Channel detected at Tag AI_TT_030
4/24/2026 1:27:27 PM,202,Warning,WT8-GUI,83110954,HM,Overscaled Channel detected at Tag AI_TT_003
4/24/2026 1:27:27 PM,202,Warning,WT8-GUI,83110955,HM,Overscaled Channel detected at Tag AI_TT_007
4/24/2026 1:27:27 PM,202,Warning,WT8-GUI,83110956,HM,Overscaled Channel detected at Tag AI_TT_008
4/24/2026 1:27:27 PM,202,Warning,WT8-GUI,83110957,HM,Overscaled Channel detected at Tag AI_Volts_Shunt_006
4/24/2026 1:27:27 PM,202,Warning,WT8-GUI,83110958,HM,Overscaled Channel detected at Tag AI_Volts_Shunt_007
4/24/2026 1:27:27 PM,202,Warning,WT8-GUI,83110959,HM,Overscaled Channel detected at Tag AI_Volts_Shunt_008
4/24/2026 1:27:27 PM,202,Warning,WT8-GUI,83110960,HM,Overscaled Channel detected at Tag AI_Volts_Shunt_009
4/24/2026 1:27:27 PM,202,Warning,WT8-GUI,83110961,HM,Overscaled Channel detected at Tag AI_TK_018
4/24/2026 1:27:27 PM,202,Warning,WT8-GUI,83110962,HM,Overscaled Channel detected at Tag AI_TK_001
4/24/2026 1:27:27 PM,202,Warning,WT8-GUI,83110963,HM,Overscaled Channel detected at Tag AI_TK_019
4/24/2026 1:27:27 PM,202,Warning,WT8-GUI,83110964,HM,Overscaled Channel detected at Tag AI_TK_020
4/24/2026 1:27:27 PM,202,Warning,WT8-GUI,83110965,HM,Overscaled Channel detected at Tag AI_TK_021
4/24/2026 1:27:27 PM,202,Warning,WT8-GUI,83110966,HM,Overscaled Channel detected at Tag AI_TK_022
4/24/2026 1:27:27 PM,202,Warning,WT8-GUI,83110967,HM,Overscaled Channel detected at Tag AI_TK_023
4/24/2026 1:27:27 PM,202,Warning,WT8-GUI,83110968,HM,Overscaled Channel detected at Tag AI_TK_024
4/24/2026 1:27:27 PM,202,Warning,WT8-GUI,83110969,HM,Overscaled Channel detected at Tag AI_TK_025
4/24/2026 1:27:27 PM,202,Warning,WT8-GUI,83110970,HM,Overscaled Channel detected at Tag AI_TK_002
4/24/2026 1:27:27 PM,202,Warning,WT8-GUI,83110971,HM,Overscaled Channel detected at Tag AI_TK_029
4/24/2026 1:27:27 PM,202,Warning,WT8-GUI,83110972,HM,Overscaled Channel detected at Tag AI_TK_030
4/24/2026 1:27:27 PM,202,Warning,WT8-GUI,83110973,HM,Overscaled Channel detected at Tag AI_TK_004
4/24/2026 1:27:27 PM,202,Warning,WT8-GUI,83110974,HM,Overscaled Channel detected at Tag AI_TK_005
4/24/2026 1:27:27 PM,202,Warning,WT8-GUI,83110975,HM,Overscaled Channel detected at Tag AI_TK_006
4/24/2026 1:27:27 PM,202,Warning,WT8-GUI,83110976,HM,Overscaled Channel detected at Tag AI_TK_007
4/24/2026 1:27:27 PM,202,Warning,WT8-GUI,83110977,HM,Overscaled Channel detected at Tag AI_TK_008
4/24/2026 1:27:27 PM,202,Warning,WT8-GUI,83110978,HM,Overscaled Channel detected at Tag AI_Volts_Shunt_010
4/24/2026 1:27:27 PM,202,Warning,WT8-GUI,83110979,HM,Overscaled Channel detected at Tag AI_Volts_Shunt_011
4/24/2026 1:27:27 PM,202,Warning,WT8-GUI,83110980,HM,Overscaled Channel detected at Tag AI_TT_020
4/24/2026 1:27:27 PM,202,Warning,WT8-GUI,83110981,HM,Overscaled Channel detected at Tag AI_TT_021
4/24/2026 1:27:27 PM,202,Warning,WT8-GUI,83110982,HM,Overscaled Channel detected at Tag AI_TT_022
4/24/2026 1:27:27 PM,202,Warning,WT8-GUI,83110983,HM,Overscaled Channel detected at Tag AI_TT_023
4/24/2026 1:27:27 PM,202,Warning,WT8-GUI,83110984,HM,Overscaled Channel detected at Tag AI_TT_024
4/24/2026 1:27:27 PM,202,Warning,WT8-GUI,83110985,HM,Overscaled Channel detected at Tag AI_TT_025
4/24/2026 1:27:27 PM,202,Warning,WT8-GUI,83110986,HM,Overscaled Channel detected at Tag AI_TT_026
4/24/2026 1:27:27 PM,202,Warning,WT8-GUI,83110987,HM,Overscaled Channel detected at Tag AI_TT_027
4/24/2026 1:27:27 PM,202,Warning,WT8-GUI,83110988,HM,Overscaled Channel detected at Tag AI_TT_028
4/24/2026 1:27:27 PM,202,Warning,WT8-GUI,83110989,HM,Overscaled Channel detected at Tag AI_Volts_Shunt_012
4/24/2026 1:27:27 PM,202,Warning,WT8-GUI,83110990,HM,Overscaled Channel detected at Tag AI_Volts_Shunt_013
4/24/2026 1:27:27 PM,202,Warning,WT8-GUI,83110991,HM,Overscaled Channel detected at Tag AI_Volts_Shunt_014
4/24/2026 1:27:27 PM,202,Warning,WT8-GUI,83110992,HM,Overscaled Channel detected at Tag AI_Volts_Shunt_015
4/24/2026 1:27:27 PM,202,Warning,WT8-GUI,83110993,HM,Overscaled Channel detected at Tag AI_Strain_000
4/24/2026 1:27:27 PM,202,Warning,WT8-GUI,83110994,HM,Overscaled Channel detected at Tag AI_Strain_001
4/24/2026 1:27:27 PM,202,Warning,WT8-GUI,83110995,HM,Overscaled Channel detected at Tag AI_Strain_002
4/24/2026 1:27:27 PM,202,Warning,WT8-GUI,83110996,HM,Overscaled Channel detected at Tag AI_Strain_003
4/24/2026 1:27:27 PM,202,Warning,WT8-GUI,83110997,HM,Overscaled Channel detected at Tag AI_Strain_004
4/24/2026 1:27:27 PM,202,Warning,WT8-GUI,83110998,HM,Overscaled Channel detected at Tag AI_Strain_005
4/24/2026 1:27:27 PM,202,Warning,WT8-GUI,83110999,HM,Overscaled Channel detected at Tag AI_Strain_006
4/24/2026 1:27:27 PM,202,Warning,WT8-GUI,83111000,HM,Overscaled Channel detected at Tag AI_Strain_007
4/24/2026 1:27:27 PM,202,Warning,WT8-GUI,83111001,HM,Overscaled Channel detected at Tag AI_TT_000
4/24/2026 1:27:27 PM,202,Warning,WT8-GUI,83111002,HM,Overscaled Channel detected at Tag AI_TT_009
4/24/2026 1:27:27 PM,202,Warning,WT8-GUI,83111003,HM,Overscaled Channel detected at Tag AI_TT_004
4/24/2026 1:27:27 PM,202,Warning,WT8-GUI,83111004,HM,Overscaled Channel detected at Tag AI_TT_005
4/24/2026 1:27:27 PM,202,Warning,WT8-GUI,83111005,HM,Overscaled Channel detected at Tag AI_TT_006
4/24/2026 1:27:27 PM,202,Warning,WT8-GUI,83111006,HM,Overscaled Channel detected at Tag AI_TK_000
4/24/2026 1:27:27 PM,202,Warning,WT8-GUI,83111007,HM,Overscaled Channel detected at Tag AI_TK_009
4/24/2026 1:27:27 PM,202,Warning,WT8-GUI,83111008,HM,Overscaled Channel detected at Tag AI_TK_010
4/24/2026 1:27:27 PM,202,Warning,WT8-GUI,83111009,HM,Overscaled Channel detected at Tag AI_TK_011
4/24/2026 1:27:27 PM,202,Warning,WT8-GUI,83111010,HM,Overscaled Channel detected at Tag AI_TK_012
4/24/2026 1:27:27 PM,202,Warning,WT8-GUI,83111011,HM,Overscaled Channel detected at Tag AI_TK_013
4/24/2026 1:27:27 PM,202,Warning,WT8-GUI,83111012,HM,Overscaled Channel detected at Tag AI_TK_014
4/24/2026 1:27:27 PM,202,Warning,WT8-GUI,83111013,HM,Overscaled Channel detected at Tag AI_TK_015
4/24/2026 1:27:27 PM,202,Warning,WT8-GUI,83111014,HM,Overscaled Channel detected at Tag AI_TK_016
4/24/2026 1:27:27 PM,202,Warning,WT8-GUI,83111015,HM,Overscaled Channel detected at Tag AI_TK_017
4/24/2026 1:27:27 PM,202,Warning,WT8-GUI,83111016,HM,Overscaled Channel detected at Tag AI_TT_010
4/24/2026 1:27:27 PM,202,Warning,WT8-GUI,83111017,HM,Overscaled Channel detected at Tag AI_TT_011
4/24/2026 1:27:27 PM,202,Warning,WT8-GUI,83111018,HM,Overscaled Channel detected at Tag AI_TT_012
4/24/2026 1:27:27 PM,202,Warning,WT8-GUI,83111019,HM,Overscaled Channel detected at Tag AI_TT_013
4/24/2026 1:27:27 PM,202,Warning,WT8-GUI,83111020,HM,Overscaled Channel detected at Tag AI_TT_014
4/24/2026 1:27:27 PM,202,Warning,WT8-GUI,83111021,HM,Overscaled Channel detected at Tag AI_TT_015
4/24/2026 1:27:27 PM,202,Warning,WT8-GUI,83111022,HM,Overscaled Channel detected at Tag AI_TT_016
4/24/2026 1:27:27 PM,202,Warning,WT8-GUI,83111023,HM,Overscaled Channel detected at Tag AI_TT_017
4/24/2026 1:27:27 PM,202,Warning,WT8-GUI,83111024,HM,Overscaled Channel detected at Tag AI_TT_018
4/24/2026 1:27:27 PM,202,Warning,WT8-GUI,83111025,HM,Overscaled Channel detected at Tag AI_TT_001
4/24/2026 1:27:27 PM,202,Warning,WT8-GUI,83111026,HM,Overscaled Channel detected at Tag AI_TT_019
4/24/2026 1:27:39 PM,3,Info,WT8-GUI,83111027,DATASTORE,DATASTORE Reload Database Settings Complete
4/24/2026 1:27:39 PM,1,Info,WT8-GUI,83111028,DATASTORE,DATASTORE Started/Initialized
4/24/2026 1:27:40 PM,0,Info,WT8-GUI,83111029,DATASTORE,Created data file C:\Data\_Facility\DE9956_Ohio State University FSAE_aero_5_240426_092310\LOG.dat
4/24/2026 1:27:40 PM,4,Info,WT8-GUI,83111030,DATASTORE,Log Storage ready to store data. Initialization  Complete
4/24/2026 1:27:40 PM,97,Info,WT8-GUI,83111031,DATASTORE,"Log (Record 1) data storage initiated:  Duration Continuous, Samples to Average 60, Rate 1 min 0.00 secs ."
4/24/2026 1:27:40 PM,0,Info,WT8-GUI,83111032,DATASTORE,Created data file C:\Data\_Facility\DE9956_Ohio State University FSAE_aero_5_240426_092310\D2.dat
4/24/2026 1:27:40 PM,4,Info,WT8-GUI,83111033,DATASTORE,Group 2 ready to store data. Initialization  Complete
4/24/2026 1:27:40 PM,0,Debug,WT8-GUI,83111034,Custom Init,"NEW DATA FOLDER: C:\Data\_Facility\DE9956_Ohio State University FSAE_aero_5_240426_092310
Use Custom Init: 0
Custom Init: C:\Data\CustomInit\Custom_Init_Template.xls"
4/24/2026 1:27:40 PM,0,Info,WT8-GUI,83111035,DATASTORE,Created data file C:\Data\_Facility\DE9956_Ohio State University FSAE_aero_5_240426_092310\D1.dat
4/24/2026 1:27:40 PM,4,Info,WT8-GUI,83111036,DATASTORE,Burst ready to store data. Initialization  Complete
4/24/2026 1:27:40 PM,0,Debug,WT8-GUI,83111037,Custom Init,"NEW DATA FOLDER: C:\Data\_Facility\DE9956_Ohio State University FSAE_aero_5_240426_092310
Use Custom Init: 0
Custom Init: C:\Data\CustomInit\Custom_Init_Template.xls"
4/24/2026 1:27:40 PM,4,Info,WT8-GUI,83111038,DATASTORE,Group 1 ready to store data. Initialization  Complete
4/24/2026 1:27:42 PM,2,Info,WT8-GUI,83111039,ADTMGR,ADTMGR entering Idle mode
4/24/2026 1:27:42 PM,0,Debug,WT8-GUI,83111040,"Spawn VI.vi/Ford.TestSLATE.ADTMgr.lvlib:STOPPED FUNCTION.vi/Ford.TestSLATE.ADTMgr.lvlib:Performance Functions.vi
",C:\Program Files\Jacobs\Test SLATE\Ford.TestSLATE.ConvSelectCriteria.llb\Select Convergence Criteria.vi
4/24/2026 1:27:45 PM,4,Info,WT8-GUI,83111041,,Autoconvert of C:\Data\_Facility\DE9956_Ohio State University FSAE_aero_4_240426_092310\Log.dat complete.
