4/24/2026 10:56:25 AM,202,Warning,WT8-GUI,83098015,HM,Overscaled Channel detected at Tag AI_Volts_Shunt_001
4/24/2026 10:56:25 AM,202,Warning,WT8-GUI,83098016,HM,Overscaled Channel detected at Tag AI_Volts_Shunt_003
4/24/2026 10:56:25 AM,202,Warning,WT8-GUI,83098017,HM,Overscaled Channel detected at Tag AI_Volts_Shunt_004
4/24/2026 10:56:25 AM,202,Warning,WT8-GUI,83098018,HM,Overscaled Channel detected at Tag AI_TK_020
4/24/2026 10:56:25 AM,202,Warning,WT8-GUI,83098019,HM,Overscaled Channel detected at Tag AI_TK_021
4/24/2026 10:56:25 AM,202,Warning,WT8-GUI,83098020,HM,Overscaled Channel detected at Tag AI_TK_022
4/24/2026 10:56:25 AM,202,Warning,WT8-GUI,83098021,HM,Overscaled Channel detected at Tag AI_TK_023
4/24/2026 10:56:25 AM,202,Warning,WT8-GUI,83098022,HM,Overscaled Channel detected at Tag AI_TK_024
4/24/2026 10:56:25 AM,202,Warning,WT8-GUI,83098023,HM,Overscaled Channel detected at Tag AI_TK_025
4/24/2026 10:56:25 AM,202,Warning,WT8-GUI,83098024,HM,Overscaled Channel detected at Tag AI_TK_026
4/24/2026 10:56:25 AM,202,Warning,WT8-GUI,83098025,HM,Overscaled Channel detected at Tag AI_TK_027
4/24/2026 10:56:25 AM,202,Warning,WT8-GUI,83098026,HM,Overscaled Channel detected at Tag AI_TK_028
4/24/2026 10:56:25 AM,202,Warning,WT8-GUI,83098027,HM,Overscaled Channel detected at Tag AI_TK_002
4/24/2026 10:56:25 AM,202,Warning,WT8-GUI,83098028,HM,Overscaled Channel detected at Tag AI_TK_029
4/24/2026 10:56:25 AM,202,Warning,WT8-GUI,83098029,HM,Overscaled Channel detected at Tag AI_TK_030
4/24/2026 10:56:25 AM,202,Warning,WT8-GUI,83098030,HM,Overscaled Channel detected at Tag AI_TK_003
4/24/2026 10:56:25 AM,202,Warning,WT8-GUI,83098031,HM,Overscaled Channel detected at Tag AI_TK_004
4/24/2026 10:56:25 AM,202,Warning,WT8-GUI,83098032,HM,Overscaled Channel detected at Tag AI_TK_005
4/24/2026 10:56:25 AM,202,Warning,WT8-GUI,83098033,HM,Overscaled Channel detected at Tag AI_TK_006
4/24/2026 10:56:25 AM,202,Warning,WT8-GUI,83098034,HM,Overscaled Channel detected at Tag AI_TK_007
4/24/2026 10:56:25 AM,202,Warning,WT8-GUI,83098035,HM,Overscaled Channel detected at Tag AI_TK_008
4/24/2026 10:56:25 AM,202,Warning,WT8-GUI,83098036,HM,Overscaled Channel detected at Tag AI_Volts_Shunt_000
4/24/2026 10:56:25 AM,202,Warning,WT8-GUI,83098037,HM,Overscaled Channel detected at Tag AI_TT_015
4/24/2026 10:56:25 AM,202,Warning,WT8-GUI,83098038,HM,Overscaled Channel detected at Tag AI_TT_016
4/24/2026 10:56:25 AM,202,Warning,WT8-GUI,83098039,HM,Overscaled Channel detected at Tag AI_TT_017
4/24/2026 10:56:25 AM,202,Warning,WT8-GUI,83098040,HM,Overscaled Channel detected at Tag AI_TT_018
4/24/2026 10:56:25 AM,202,Warning,WT8-GUI,83098041,HM,Overscaled Channel detected at Tag AI_TT_001
4/24/2026 10:56:25 AM,202,Warning,WT8-GUI,83098042,HM,Overscaled Channel detected at Tag AI_TT_019
4/24/2026 10:56:25 AM,202,Warning,WT8-GUI,83098043,HM,Overscaled Channel detected at Tag AI_TT_020
4/24/2026 10:56:25 AM,202,Warning,WT8-GUI,83098044,HM,Overscaled Channel detected at Tag AI_TT_021
4/24/2026 10:56:25 AM,202,Warning,WT8-GUI,83098045,HM,Overscaled Channel detected at Tag AI_TT_022
4/24/2026 10:56:25 AM,202,Warning,WT8-GUI,83098046,HM,Overscaled Channel detected at Tag AI_TT_023
4/24/2026 10:56:25 AM,202,Warning,WT8-GUI,83098047,HM,Overscaled Channel detected at Tag AI_TT_024
4/24/2026 10:56:25 AM,202,Warning,WT8-GUI,83098048,HM,Overscaled Channel detected at Tag AI_TT_025
4/24/2026 10:56:25 AM,202,Warning,WT8-GUI,83098049,HM,Overscaled Channel detected at Tag AI_TT_026
4/24/2026 10:56:25 AM,202,Warning,WT8-GUI,83098050,HM,Overscaled Channel detected at Tag AI_TT_027
4/24/2026 10:56:25 AM,202,Warning,WT8-GUI,83098051,HM,Overscaled Channel detected at Tag AI_TT_028
4/24/2026 10:56:25 AM,202,Warning,WT8-GUI,83098052,HM,Overscaled Channel detected at Tag AI_TT_002
4/24/2026 10:56:25 AM,202,Warning,WT8-GUI,83098053,HM,Overscaled Channel detected at Tag AI_TT_029
4/24/2026 10:56:25 AM,202,Warning,WT8-GUI,83098054,HM,Overscaled Channel detected at Tag AI_TT_030
4/24/2026 10:56:25 AM,202,Warning,WT8-GUI,83098055,HM,Overscaled Channel detected at Tag AI_TT_003
4/24/2026 10:56:25 AM,202,Warning,WT8-GUI,83098056,HM,Overscaled Channel detected at Tag AI_TT_004
4/24/2026 10:56:25 AM,202,Warning,WT8-GUI,83098057,HM,Overscaled Channel detected at Tag AI_TT_005
4/24/2026 10:56:25 AM,202,Warning,WT8-GUI,83098058,HM,Overscaled Channel detected at Tag AI_Volts_Shunt_009
4/24/2026 10:56:25 AM,202,Warning,WT8-GUI,83098059,HM,Overscaled Channel detected at Tag AI_Volts_Shunt_010
4/24/2026 10:56:25 AM,202,Warning,WT8-GUI,83098060,HM,Overscaled Channel detected at Tag AI_Volts_Shunt_011
4/24/2026 10:56:25 AM,202,Warning,WT8-GUI,83098061,HM,Overscaled Channel detected at Tag AI_Volts_Shunt_012
4/24/2026 10:56:26 AM,202,Warning,WT8-GUI,83098062,HM,Overscaled Channel detected at Tag AI_TK_000
4/24/2026 10:56:26 AM,202,Warning,WT8-GUI,83098063,HM,Overscaled Channel detected at Tag AI_TK_009
4/24/2026 10:56:26 AM,202,Warning,WT8-GUI,83098064,HM,Overscaled Channel detected at Tag AI_TK_010
4/24/2026 10:56:26 AM,202,Warning,WT8-GUI,83098065,HM,Overscaled Channel detected at Tag AI_TK_011
4/24/2026 10:56:26 AM,202,Warning,WT8-GUI,83098066,HM,Overscaled Channel detected at Tag AI_TK_012
4/24/2026 10:56:26 AM,202,Warning,WT8-GUI,83098067,HM,Overscaled Channel detected at Tag AI_TK_013
4/24/2026 10:56:26 AM,202,Warning,WT8-GUI,83098068,HM,Overscaled Channel detected at Tag AI_TK_014
4/24/2026 10:56:26 AM,202,Warning,WT8-GUI,83098069,HM,Overscaled Channel detected at Tag AI_TK_015
4/24/2026 10:56:26 AM,202,Warning,WT8-GUI,83098070,HM,Overscaled Channel detected at Tag AI_TK_016
4/24/2026 10:56:26 AM,202,Warning,WT8-GUI,83098071,HM,Overscaled Channel detected at Tag AI_TK_017
4/24/2026 10:56:26 AM,202,Warning,WT8-GUI,83098072,HM,Overscaled Channel detected at Tag AI_TK_018
4/24/2026 10:56:26 AM,202,Warning,WT8-GUI,83098073,HM,Overscaled Channel detected at Tag AI_TK_001
4/24/2026 10:56:26 AM,202,Warning,WT8-GUI,83098074,HM,Overscaled Channel detected at Tag AI_TK_019
4/24/2026 10:56:26 AM,202,Warning,WT8-GUI,83098075,HM,Overscaled Channel detected at Tag AI_Volts_Shunt_006
4/24/2026 10:56:26 AM,202,Warning,WT8-GUI,83098076,HM,Overscaled Channel detected at Tag AI_Volts_Shunt_007
4/24/2026 10:56:26 AM,202,Warning,WT8-GUI,83098077,HM,Overscaled Channel detected at Tag AI_Volts_Shunt_008
4/24/2026 10:56:26 AM,202,Warning,WT8-GUI,83098078,HM,Overscaled Channel detected at Tag AI_Volts_Shunt_013
4/24/2026 10:56:26 AM,202,Warning,WT8-GUI,83098079,HM,Overscaled Channel detected at Tag AI_Volts_Shunt_014
4/24/2026 10:56:26 AM,202,Warning,WT8-GUI,83098080,HM,Overscaled Channel detected at Tag AI_Volts_Shunt_015
4/24/2026 10:56:26 AM,202,Warning,WT8-GUI,83098081,HM,Overscaled Channel detected at Tag AI_Strain_000
4/24/2026 10:56:26 AM,202,Warning,WT8-GUI,83098082,HM,Overscaled Channel detected at Tag AI_Strain_001
4/24/2026 10:56:26 AM,202,Warning,WT8-GUI,83098083,HM,Overscaled Channel detected at Tag AI_Strain_002
4/24/2026 10:56:26 AM,202,Warning,WT8-GUI,83098084,HM,Overscaled Channel detected at Tag AI_Strain_003
4/24/2026 10:56:26 AM,202,Warning,WT8-GUI,83098085,HM,Overscaled Channel detected at Tag AI_Strain_004
4/24/2026 10:56:26 AM,202,Warning,WT8-GUI,83098086,HM,Overscaled Channel detected at Tag AI_Strain_005
4/24/2026 10:56:26 AM,202,Warning,WT8-GUI,83098087,HM,Overscaled Channel detected at Tag AI_Strain_006
4/24/2026 10:56:26 AM,202,Warning,WT8-GUI,83098088,HM,Overscaled Channel detected at Tag AI_Strain_007
4/24/2026 10:56:26 AM,202,Warning,WT8-GUI,83098089,HM,Overscaled Channel detected at Tag AI_TT_000
4/24/2026 10:56:26 AM,202,Warning,WT8-GUI,83098090,HM,Overscaled Channel detected at Tag AI_TT_009
4/24/2026 10:56:26 AM,202,Warning,WT8-GUI,83098091,HM,Overscaled Channel detected at Tag AI_TT_010
4/24/2026 10:56:26 AM,202,Warning,WT8-GUI,83098092,HM,Overscaled Channel detected at Tag AI_TT_011
4/24/2026 10:56:26 AM,202,Warning,WT8-GUI,83098093,HM,Overscaled Channel detected at Tag AI_TT_012
4/24/2026 10:56:26 AM,202,Warning,WT8-GUI,83098094,HM,Overscaled Channel detected at Tag AI_TT_013
4/24/2026 10:56:26 AM,202,Warning,WT8-GUI,83098095,HM,Overscaled Channel detected at Tag AI_TT_014
4/24/2026 10:56:26 AM,202,Warning,WT8-GUI,83098096,HM,Overscaled Channel detected at Tag AI_TT_006
4/24/2026 10:56:26 AM,202,Warning,WT8-GUI,83098097,HM,Overscaled Channel detected at Tag AI_TT_007
4/24/2026 10:56:26 AM,202,Warning,WT8-GUI,83098098,HM,Overscaled Channel detected at Tag AI_TT_008
4/24/2026 10:56:27 AM,4,Info,WT8-GUI,83098099,,Autoconvert of C:\Data\_Facility\DE9956_Ohio State University FSAE_aero_1_240426_092310\P1.dat complete.
4/24/2026 10:56:32 AM,4,Info,WT8-GUI,83098100,,Autoconvert of C:\Data\_Facility\DE9956_Ohio State University FSAE_aero_1_240426_092310\C1.dat complete.
4/24/2026 10:57:10 AM,301005,Warning,WT8-GUI,83098101,OPC,OPC Server Graybox.Simulator.1 on host localhost has not updated data in 94 minute(s).
4/24/2026 10:57:25 AM,202,Warning,WT8-GUI,83098102,HM,Overscaled Channel detected at Tag AI_Volts_Shunt_001
4/24/2026 10:57:25 AM,202,Warning,WT8-GUI,83098103,HM,Overscaled Channel detected at Tag AI_Volts_Shunt_003
4/24/2026 10:57:25 AM,202,Warning,WT8-GUI,83098104,HM,Overscaled Channel detected at Tag AI_Volts_Shunt_004
4/24/2026 10:57:25 AM,202,Warning,WT8-GUI,83098105,HM,Overscaled Channel detected at Tag AI_TK_020
4/24/2026 10:57:25 AM,202,Warning,WT8-GUI,83098106,HM,Overscaled Channel detected at Tag AI_TK_021
4/24/2026 10:57:25 AM,202,Warning,WT8-GUI,83098107,HM,Overscaled Channel detected at Tag AI_TK_022
4/24/2026 10:57:25 AM,202,Warning,WT8-GUI,83098108,HM,Overscaled Channel detected at Tag AI_TK_023
4/24/2026 10:57:25 AM,202,Warning,WT8-GUI,83098109,HM,Overscaled Channel detected at Tag AI_TK_024
4/24/2026 10:57:25 AM,202,Warning,WT8-GUI,83098110,HM,Overscaled Channel detected at Tag AI_TK_025
4/24/2026 10:57:25 AM,202,Warning,WT8-GUI,83098111,HM,Overscaled Channel detected at Tag AI_TK_026
4/24/2026 10:57:25 AM,202,Warning,WT8-GUI,83098112,HM,Overscaled Channel detected at Tag AI_TK_027
4/24/2026 10:57:25 AM,202,Warning,WT8-GUI,83098113,HM,Overscaled Channel detected at Tag AI_TK_028
4/24/2026 10:57:25 AM,202,Warning,WT8-GUI,83098114,HM,Overscaled Channel detected at Tag AI_TK_002
4/24/2026 10:57:25 AM,202,Warning,WT8-GUI,83098115,HM,Overscaled Channel detected at Tag AI_TK_029
4/24/2026 10:57:25 AM,202,Warning,WT8-GUI,83098116,HM,Overscaled Channel detected at Tag AI_TK_030
4/24/2026 10:57:25 AM,202,Warning,WT8-GUI,83098117,HM,Overscaled Channel detected at Tag AI_TK_003
4/24/2026 10:57:25 AM,202,Warning,WT8-GUI,83098118,HM,Overscaled Channel detected at Tag AI_TK_004
4/24/2026 10:57:25 AM,202,Warning,WT8-GUI,83098119,HM,Overscaled Channel detected at Tag AI_TK_005
4/24/2026 10:57:25 AM,202,Warning,WT8-GUI,83098120,HM,Overscaled Channel detected at Tag AI_TK_006
4/24/2026 10:57:25 AM,202,Warning,WT8-GUI,83098121,HM,Overscaled Channel detected at Tag AI_TK_007
4/24/2026 10:57:25 AM,202,Warning,WT8-GUI,83098122,HM,Overscaled Channel detected at Tag AI_TK_008
4/24/2026 10:57:25 AM,202,Warning,WT8-GUI,83098123,HM,Overscaled Channel detected at Tag AI_Volts_Shunt_000
4/24/2026 10:57:25 AM,202,Warning,WT8-GUI,83098124,HM,Overscaled Channel detected at Tag AI_TT_015
4/24/2026 10:57:25 AM,202,Warning,WT8-GUI,83098125,HM,Overscaled Channel detected at Tag AI_TT_016
4/24/2026 10:57:25 AM,202,Warning,WT8-GUI,83098126,HM,Overscaled Channel detected at Tag AI_TT_017
4/24/2026 10:57:25 AM,202,Warning,WT8-GUI,83098127,HM,Overscaled Channel detected at Tag AI_TT_018
4/24/2026 10:57:25 AM,202,Warning,WT8-GUI,83098128,HM,Overscaled Channel detected at Tag AI_TT_001
4/24/2026 10:57:25 AM,202,Warning,WT8-GUI,83098129,HM,Overscaled Channel detected at Tag AI_TT_019
4/24/2026 10:57:25 AM,202,Warning,WT8-GUI,83098130,HM,Overscaled Channel detected at Tag AI_TT_020
4/24/2026 10:57:25 AM,202,Warning,WT8-GUI,83098131,HM,Overscaled Channel detected at Tag AI_TT_021
4/24/2026 10:57:25 AM,202,Warning,WT8-GUI,83098132,HM,Overscaled Channel detected at Tag AI_TT_022
4/24/2026 10:57:25 AM,202,Warning,WT8-GUI,83098133,HM,Overscaled Channel detected at Tag AI_TT_023
4/24/2026 10:57:25 AM,202,Warning,WT8-GUI,83098134,HM,Overscaled Channel detected at Tag AI_TT_024
4/24/2026 10:57:25 AM,202,Warning,WT8-GUI,83098135,HM,Overscaled Channel detected at Tag AI_TT_025
4/24/2026 10:57:25 AM,202,Warning,WT8-GUI,83098136,HM,Overscaled Channel detected at Tag AI_TT_026
4/24/2026 10:57:25 AM,202,Warning,WT8-GUI,83098137,HM,Overscaled Channel detected at Tag AI_TT_027
4/24/2026 10:57:25 AM,202,Warning,WT8-GUI,83098138,HM,Overscaled Channel detected at Tag AI_TT_028
4/24/2026 10:57:25 AM,202,Warning,WT8-GUI,83098139,HM,Overscaled Channel detected at Tag AI_TT_002
4/24/2026 10:57:25 AM,202,Warning,WT8-GUI,83098140,HM,Overscaled Channel detected at Tag AI_TT_029
4/24/2026 10:57:25 AM,202,Warning,WT8-GUI,83098141,HM,Overscaled Channel detected at Tag AI_TT_030
4/24/2026 10:57:25 AM,202,Warning,WT8-GUI,83098142,HM,Overscaled Channel detected at Tag AI_TT_003
4/24/2026 10:57:25 AM,202,Warning,WT8-GUI,83098143,HM,Overscaled Channel detected at Tag AI_TT_004
4/24/2026 10:57:25 AM,202,Warning,WT8-GUI,83098144,HM,Overscaled Channel detected at Tag AI_TT_005
4/24/2026 10:57:25 AM,202,Warning,WT8-GUI,83098145,HM,Overscaled Channel detected at Tag AI_Volts_Shunt_009
4/24/2026 10:57:25 AM,202,Warning,WT8-GUI,83098146,HM,Overscaled Channel detected at Tag AI_Volts_Shunt_010
4/24/2026 10:57:25 AM,202,Warning,WT8-GUI,83098147,HM,Overscaled Channel detected at Tag AI_Volts_Shunt_011
4/24/2026 10:57:25 AM,202,Warning,WT8-GUI,83098148,HM,Overscaled Channel detected at Tag AI_Volts_Shunt_012
4/24/2026 10:57:26 AM,202,Warning,WT8-GUI,83098149,HM,Overscaled Channel detected at Tag AI_Volts_Shunt_006
4/24/2026 10:57:26 AM,202,Warning,WT8-GUI,83098150,HM,Overscaled Channel detected at Tag AI_Volts_Shunt_007
4/24/2026 10:57:26 AM,202,Warning,WT8-GUI,83098151,HM,Overscaled Channel detected at Tag AI_Volts_Shunt_008
4/24/2026 10:57:26 AM,202,Warning,WT8-GUI,83098152,HM,Overscaled Channel detected at Tag AI_Volts_Shunt_013
4/24/2026 10:57:26 AM,202,Warning,WT8-GUI,83098153,HM,Overscaled Channel detected at Tag AI_Volts_Shunt_014
4/24/2026 10:57:26 AM,202,Warning,WT8-GUI,83098154,HM,Overscaled Channel detected at Tag AI_Volts_Shunt_015
4/24/2026 10:57:26 AM,202,Warning,WT8-GUI,83098155,HM,Overscaled Channel detected at Tag AI_Strain_000
4/24/2026 10:57:26 AM,202,Warning,WT8-GUI,83098156,HM,Overscaled Channel detected at Tag AI_Strain_001
4/24/2026 10:57:26 AM,202,Warning,WT8-GUI,83098157,HM,Overscaled Channel detected at Tag AI_Strain_002
4/24/2026 10:57:26 AM,202,Warning,WT8-GUI,83098158,HM,Overscaled Channel detected at Tag AI_Strain_003
4/24/2026 10:57:26 AM,202,Warning,WT8-GUI,83098159,HM,Overscaled Channel detected at Tag AI_Strain_004
4/24/2026 10:57:26 AM,202,Warning,WT8-GUI,83098160,HM,Overscaled Channel detected at Tag AI_Strain_005
4/24/2026 10:57:26 AM,202,Warning,WT8-GUI,83098161,HM,Overscaled Channel detected at Tag AI_Strain_006
4/24/2026 10:57:26 AM,202,Warning,WT8-GUI,83098162,HM,Overscaled Channel detected at Tag AI_Strain_007
4/24/2026 10:57:26 AM,202,Warning,WT8-GUI,83098163,HM,Overscaled Channel detected at Tag AI_TT_000
4/24/2026 10:57:26 AM,202,Warning,WT8-GUI,83098164,HM,Overscaled Channel detected at Tag AI_TT_009
4/24/2026 10:57:26 AM,202,Warning,WT8-GUI,83098165,HM,Overscaled Channel detected at Tag AI_TT_010
4/24/2026 10:57:26 AM,202,Warning,WT8-GUI,83098166,HM,Overscaled Channel detected at Tag AI_TT_011
4/24/2026 10:57:26 AM,202,Warning,WT8-GUI,83098167,HM,Overscaled Channel detected at Tag AI_TT_012
4/24/2026 10:57:26 AM,202,Warning,WT8-GUI,83098168,HM,Overscaled Channel detected at Tag AI_TT_013
4/24/2026 10:57:26 AM,202,Warning,WT8-GUI,83098169,HM,Overscaled Channel detected at Tag AI_TT_014
4/24/2026 10:57:26 AM,202,Warning,WT8-GUI,83098170,HM,Overscaled Channel detected at Tag AI_TT_006
4/24/2026 10:57:26 AM,202,Warning,WT8-GUI,83098171,HM,Overscaled Channel detected at Tag AI_TT_007
4/24/2026 10:57:26 AM,202,Warning,WT8-GUI,83098172,HM,Overscaled Channel detected at Tag AI_TT_008
4/24/2026 10:57:26 AM,202,Warning,WT8-GUI,83098173,HM,Overscaled Channel detected at Tag AI_TK_000
4/24/2026 10:57:26 AM,202,Warning,WT8-GUI,83098174,HM,Overscaled Channel detected at Tag AI_TK_009
4/24/2026 10:57:26 AM,202,Warning,WT8-GUI,83098175,HM,Overscaled Channel detected at Tag AI_TK_010
4/24/2026 10:57:26 AM,202,Warning,WT8-GUI,83098176,HM,Overscaled Channel detected at Tag AI_TK_011
4/24/2026 10:57:26 AM,202,Warning,WT8-GUI,83098177,HM,Overscaled Channel detected at Tag AI_TK_012
4/24/2026 10:57:26 AM,202,Warning,WT8-GUI,83098178,HM,Overscaled Channel detected at Tag AI_TK_013
4/24/2026 10:57:26 AM,202,Warning,WT8-GUI,83098179,HM,Overscaled Channel detected at Tag AI_TK_014
4/24/2026 10:57:26 AM,202,Warning,WT8-GUI,83098180,HM,Overscaled Channel detected at Tag AI_TK_015
4/24/2026 10:57:26 AM,202,Warning,WT8-GUI,83098181,HM,Overscaled Channel detected at Tag AI_TK_016
4/24/2026 10:57:26 AM,202,Warning,WT8-GUI,83098182,HM,Overscaled Channel detected at Tag AI_TK_017
4/24/2026 10:57:26 AM,202,Warning,WT8-GUI,83098183,HM,Overscaled Channel detected at Tag AI_TK_018
4/24/2026 10:57:26 AM,202,Warning,WT8-GUI,83098184,HM,Overscaled Channel detected at Tag AI_TK_001
4/24/2026 10:57:26 AM,202,Warning,WT8-GUI,83098185,HM,Overscaled Channel detected at Tag AI_TK_019
4/24/2026 10:58:10 AM,301005,Warning,WT8-GUI,83098186,OPC,OPC Server Graybox.Simulator.1 on host localhost has not updated data in 95 minute(s).
4/24/2026 10:58:25 AM,202,Warning,WT8-GUI,83098187,HM,Overscaled Channel detected at Tag AI_Volts_Shunt_001
4/24/2026 10:58:25 AM,202,Warning,WT8-GUI,83098188,HM,Overscaled Channel detected at Tag AI_Volts_Shunt_003
4/24/2026 10:58:25 AM,202,Warning,WT8-GUI,83098189,HM,Overscaled Channel detected at Tag AI_Volts_Shunt_004
4/24/2026 10:58:25 AM,202,Warning,WT8-GUI,83098190,HM,Overscaled Channel detected at Tag AI_TK_020
4/24/2026 10:58:25 AM,202,Warning,WT8-GUI,83098191,HM,Overscaled Channel detected at Tag AI_TK_021
4/24/2026 10:58:25 AM,202,Warning,WT8-GUI,83098192,HM,Overscaled Channel detected at Tag AI_TK_022
4/24/2026 10:58:25 AM,202,Warning,WT8-GUI,83098193,HM,Overscaled Channel detected at Tag AI_TK_023
4/24/2026 10:58:25 AM,202,Warning,WT8-GUI,83098194,HM,Overscaled Channel detected at Tag AI_TK_024
4/24/2026 10:58:25 AM,202,Warning,WT8-GUI,83098195,HM,Overscaled Channel detected at Tag AI_TK_025
4/24/2026 10:58:25 AM,202,Warning,WT8-GUI,83098196,HM,Overscaled Channel detected at Tag AI_TK_026
4/24/2026 10:58:25 AM,202,Warning,WT8-GUI,83098197,HM,Overscaled Channel detected at Tag AI_TK_027
4/24/2026 10:58:25 AM,202,Warning,WT8-GUI,83098198,HM,Overscaled Channel detected at Tag AI_TK_028
4/24/2026 10:58:25 AM,202,Warning,WT8-GUI,83098199,HM,Overscaled Channel detected at Tag AI_TK_002
4/24/2026 10:58:25 AM,202,Warning,WT8-GUI,83098200,HM,Overscaled Channel detected at Tag AI_TK_029
4/24/2026 10:58:25 AM,202,Warning,WT8-GUI,83098201,HM,Overscaled Channel detected at Tag AI_TK_030
4/24/2026 10:58:25 AM,202,Warning,WT8-GUI,83098202,HM,Overscaled Channel detected at Tag AI_TK_003
4/24/2026 10:58:25 AM,202,Warning,WT8-GUI,83098203,HM,Overscaled Channel detected at Tag AI_TK_004
4/24/2026 10:58:25 AM,202,Warning,WT8-GUI,83098204,HM,Overscaled Channel detected at Tag AI_TK_005
4/24/2026 10:58:25 AM,202,Warning,WT8-GUI,83098205,HM,Overscaled Channel detected at Tag AI_TK_006
4/24/2026 10:58:25 AM,202,Warning,WT8-GUI,83098206,HM,Overscaled Channel detected at Tag AI_TK_007
4/24/2026 10:58:25 AM,202,Warning,WT8-GUI,83098207,HM,Overscaled Channel detected at Tag AI_TK_008
4/24/2026 10:58:25 AM,202,Warning,WT8-GUI,83098208,HM,Overscaled Channel detected at Tag AI_Volts_Shunt_000
4/24/2026 10:58:25 AM,202,Warning,WT8-GUI,83098209,HM,Overscaled Channel detected at Tag AI_TT_015
4/24/2026 10:58:25 AM,202,Warning,WT8-GUI,83098210,HM,Overscaled Channel detected at Tag AI_TT_016
4/24/2026 10:58:25 AM,202,Warning,WT8-GUI,83098211,HM,Overscaled Channel detected at Tag AI_TT_017
4/24/2026 10:58:25 AM,202,Warning,WT8-GUI,83098212,HM,Overscaled Channel detected at Tag AI_TT_018
4/24/2026 10:58:25 AM,202,Warning,WT8-GUI,83098213,HM,Overscaled Channel detected at Tag AI_TT_001
4/24/2026 10:58:25 AM,202,Warning,WT8-GUI,83098214,HM,Overscaled Channel detected at Tag AI_TT_019
4/24/2026 10:58:25 AM,202,Warning,WT8-GUI,83098215,HM,Overscaled Channel detected at Tag AI_TT_020
4/24/2026 10:58:25 AM,202,Warning,WT8-GUI,83098216,HM,Overscaled Channel detected at Tag AI_TT_021
4/24/2026 10:58:25 AM,202,Warning,WT8-GUI,83098217,HM,Overscaled Channel detected at Tag AI_TT_022
4/24/2026 10:58:25 AM,202,Warning,WT8-GUI,83098218,HM,Overscaled Channel detected at Tag AI_TT_023
4/24/2026 10:58:25 AM,202,Warning,WT8-GUI,83098219,HM,Overscaled Channel detected at Tag AI_TT_024
4/24/2026 10:58:25 AM,202,Warning,WT8-GUI,83098220,HM,Overscaled Channel detected at Tag AI_TT_025
4/24/2026 10:58:25 AM,202,Warning,WT8-GUI,83098221,HM,Overscaled Channel detected at Tag AI_TT_026
4/24/2026 10:58:25 AM,202,Warning,WT8-GUI,83098222,HM,Overscaled Channel detected at Tag AI_TT_027
4/24/2026 10:58:25 AM,202,Warning,WT8-GUI,83098223,HM,Overscaled Channel detected at Tag AI_TT_028
4/24/2026 10:58:25 AM,202,Warning,WT8-GUI,83098224,HM,Overscaled Channel detected at Tag AI_TT_002
4/24/2026 10:58:25 AM,202,Warning,WT8-GUI,83098225,HM,Overscaled Channel detected at Tag AI_TT_029
4/24/2026 10:58:25 AM,202,Warning,WT8-GUI,83098226,HM,Overscaled Channel detected at Tag AI_TT_030
4/24/2026 10:58:25 AM,202,Warning,WT8-GUI,83098227,HM,Overscaled Channel detected at Tag AI_TT_003
4/24/2026 10:58:25 AM,202,Warning,WT8-GUI,83098228,HM,Overscaled Channel detected at Tag AI_TT_004
4/24/2026 10:58:25 AM,202,Warning,WT8-GUI,83098229,HM,Overscaled Channel detected at Tag AI_TT_005
4/24/2026 10:58:25 AM,202,Warning,WT8-GUI,83098230,HM,Overscaled Channel detected at Tag AI_Volts_Shunt_009
4/24/2026 10:58:25 AM,202,Warning,WT8-GUI,83098231,HM,Overscaled Channel detected at Tag AI_Volts_Shunt_010
4/24/2026 10:58:25 AM,202,Warning,WT8-GUI,83098232,HM,Overscaled Channel detected at Tag AI_Volts_Shunt_011
4/24/2026 10:58:26 AM,202,Warning,WT8-GUI,83098233,HM,Overscaled Channel detected at Tag AI_Volts_Shunt_012
4/24/2026 10:58:26 AM,202,Warning,WT8-GUI,83098234,HM,Overscaled Channel detected at Tag AI_Volts_Shunt_006
4/24/2026 10:58:26 AM,202,Warning,WT8-GUI,83098235,HM,Overscaled Channel detected at Tag AI_Volts_Shunt_007
4/24/2026 10:58:26 AM,202,Warning,WT8-GUI,83098236,HM,Overscaled Channel detected at Tag AI_Volts_Shunt_008
4/24/2026 10:58:26 AM,202,Warning,WT8-GUI,83098237,HM,Overscaled Channel detected at Tag AI_Volts_Shunt_013
4/24/2026 10:58:26 AM,202,Warning,WT8-GUI,83098238,HM,Overscaled Channel detected at Tag AI_Volts_Shunt_014
4/24/2026 10:58:26 AM,202,Warning,WT8-GUI,83098239,HM,Overscaled Channel detected at Tag AI_Volts_Shunt_015
4/24/2026 10:58:26 AM,202,Warning,WT8-GUI,83098240,HM,Overscaled Channel detected at Tag AI_Strain_000
4/24/2026 10:58:26 AM,202,Warning,WT8-GUI,83098241,HM,Overscaled Channel detected at Tag AI_Strain_001
4/24/2026 10:58:26 AM,202,Warning,WT8-GUI,83098242,HM,Overscaled Channel detected at Tag AI_Strain_002
4/24/2026 10:58:26 AM,202,Warning,WT8-GUI,83098243,HM,Overscaled Channel detected at Tag AI_Strain_003
4/24/2026 10:58:26 AM,202,Warning,WT8-GUI,83098244,HM,Overscaled Channel detected at Tag AI_Strain_004
4/24/2026 10:58:26 AM,202,Warning,WT8-GUI,83098245,HM,Overscaled Channel detected at Tag AI_Strain_005
4/24/2026 10:58:26 AM,202,Warning,WT8-GUI,83098246,HM,Overscaled Channel detected at Tag AI_Strain_006
4/24/2026 10:58:26 AM,202,Warning,WT8-GUI,83098247,HM,Overscaled Channel detected at Tag AI_Strain_007
4/24/2026 10:58:26 AM,202,Warning,WT8-GUI,83098248,HM,Overscaled Channel detected at Tag AI_TT_000
4/24/2026 10:58:26 AM,202,Warning,WT8-GUI,83098249,HM,Overscaled Channel detected at Tag AI_TT_009
4/24/2026 10:58:26 AM,202,Warning,WT8-GUI,83098250,HM,Overscaled Channel detected at Tag AI_TT_010
4/24/2026 10:58:26 AM,202,Warning,WT8-GUI,83098251,HM,Overscaled Channel detected at Tag AI_TT_011
4/24/2026 10:58:26 AM,202,Warning,WT8-GUI,83098252,HM,Overscaled Channel detected at Tag AI_TT_012
4/24/2026 10:58:26 AM,202,Warning,WT8-GUI,83098253,HM,Overscaled Channel detected at Tag AI_TT_013
4/24/2026 10:58:26 AM,202,Warning,WT8-GUI,83098254,HM,Overscaled Channel detected at Tag AI_TT_014
4/24/2026 10:58:26 AM,202,Warning,WT8-GUI,83098255,HM,Overscaled Channel detected at Tag AI_TT_006
4/24/2026 10:58:26 AM,202,Warning,WT8-GUI,83098256,HM,Overscaled Channel detected at Tag AI_TT_007
4/24/2026 10:58:26 AM,202,Warning,WT8-GUI,83098257,HM,Overscaled Channel detected at Tag AI_TT_008
4/24/2026 10:58:26 AM,202,Warning,WT8-GUI,83098258,HM,Overscaled Channel detected at Tag AI_TK_000
4/24/2026 10:58:26 AM,202,Warning,WT8-GUI,83098259,HM,Overscaled Channel detected at Tag AI_TK_009
4/24/2026 10:58:26 AM,202,Warning,WT8-GUI,83098260,HM,Overscaled Channel detected at Tag AI_TK_010
4/24/2026 10:58:26 AM,202,Warning,WT8-GUI,83098261,HM,Overscaled Channel detected at Tag AI_TK_011
4/24/2026 10:58:26 AM,202,Warning,WT8-GUI,83098262,HM,Overscaled Channel detected at Tag AI_TK_012
4/24/2026 10:58:26 AM,202,Warning,WT8-GUI,83098263,HM,Overscaled Channel detected at Tag AI_TK_013
4/24/2026 10:58:26 AM,202,Warning,WT8-GUI,83098264,HM,Overscaled Channel detected at Tag AI_TK_014
4/24/2026 10:58:26 AM,202,Warning,WT8-GUI,83098265,HM,Overscaled Channel detected at Tag AI_TK_015
4/24/2026 10:58:26 AM,202,Warning,WT8-GUI,83098266,HM,Overscaled Channel detected at Tag AI_TK_016
4/24/2026 10:58:26 AM,202,Warning,WT8-GUI,83098267,HM,Overscaled Channel detected at Tag AI_TK_017
4/24/2026 10:58:26 AM,202,Warning,WT8-GUI,83098268,HM,Overscaled Channel detected at Tag AI_TK_018
4/24/2026 10:58:26 AM,202,Warning,WT8-GUI,83098269,HM,Overscaled Channel detected at Tag AI_TK_001
4/24/2026 10:58:26 AM,202,Warning,WT8-GUI,83098270,HM,Overscaled Channel detected at Tag AI_TK_019
4/24/2026 10:59:10 AM,301005,Warning,WT8-GUI,83098271,OPC,OPC Server Graybox.Simulator.1 on host localhost has not updated data in 96 minute(s).
4/24/2026 10:59:25 AM,202,Warning,WT8-GUI,83098272,HM,Overscaled Channel detected at Tag AI_Volts_Shunt_001
4/24/2026 10:59:25 AM,202,Warning,WT8-GUI,83098273,HM,Overscaled Channel detected at Tag AI_Volts_Shunt_003
4/24/2026 10:59:25 AM,202,Warning,WT8-GUI,83098274,HM,Overscaled Channel detected at Tag AI_Volts_Shunt_004
4/24/2026 10:59:25 AM,202,Warning,WT8-GUI,83098275,HM,Overscaled Channel detected at Tag AI_TK_020
4/24/2026 10:59:25 AM,202,Warning,WT8-GUI,83098276,HM,Overscaled Channel detected at Tag AI_TK_021
4/24/2026 10:59:25 AM,202,Warning,WT8-GUI,83098277,HM,Overscaled Channel detected at Tag AI_TK_022
4/24/2026 10:59:25 AM,202,Warning,WT8-GUI,83098278,HM,Overscaled Channel detected at Tag AI_TK_023
4/24/2026 10:59:25 AM,202,Warning,WT8-GUI,83098279,HM,Overscaled Channel detected at Tag AI_TK_024
4/24/2026 10:59:25 AM,202,Warning,WT8-GUI,83098280,HM,Overscaled Channel detected at Tag AI_TK_025
4/24/2026 10:59:25 AM,202,Warning,WT8-GUI,83098281,HM,Overscaled Channel detected at Tag AI_TK_026
4/24/2026 10:59:25 AM,202,Warning,WT8-GUI,83098282,HM,Overscaled Channel detected at Tag AI_TK_027
4/24/2026 10:59:25 AM,202,Warning,WT8-GUI,83098283,HM,Overscaled Channel detected at Tag AI_TK_028
4/24/2026 10:59:25 AM,202,Warning,WT8-GUI,83098284,HM,Overscaled Channel detected at Tag AI_TK_002
4/24/2026 10:59:25 AM,202,Warning,WT8-GUI,83098285,HM,Overscaled Channel detected at Tag AI_TK_029
4/24/2026 10:59:25 AM,202,Warning,WT8-GUI,83098286,HM,Overscaled Channel detected at Tag AI_TK_030
4/24/2026 10:59:25 AM,202,Warning,WT8-GUI,83098287,HM,Overscaled Channel detected at Tag AI_TK_003
4/24/2026 10:59:25 AM,202,Warning,WT8-GUI,83098288,HM,Overscaled Channel detected at Tag AI_TK_004
4/24/2026 10:59:25 AM,202,Warning,WT8-GUI,83098289,HM,Overscaled Channel detected at Tag AI_TK_005
4/24/2026 10:59:25 AM,202,Warning,WT8-GUI,83098290,HM,Overscaled Channel detected at Tag AI_TK_006
4/24/2026 10:59:25 AM,202,Warning,WT8-GUI,83098291,HM,Overscaled Channel detected at Tag AI_TK_007
4/24/2026 10:59:25 AM,202,Warning,WT8-GUI,83098292,HM,Overscaled Channel detected at Tag AI_TK_008
4/24/2026 10:59:25 AM,202,Warning,WT8-GUI,83098293,HM,Overscaled Channel detected at Tag AI_Volts_Shunt_000
4/24/2026 10:59:25 AM,202,Warning,WT8-GUI,83098294,HM,Overscaled Channel detected at Tag AI_TT_015
4/24/2026 10:59:25 AM,202,Warning,WT8-GUI,83098295,HM,Overscaled Channel detected at Tag AI_TT_016
4/24/2026 10:59:25 AM,202,Warning,WT8-GUI,83098296,HM,Overscaled Channel detected at Tag AI_TT_017
4/24/2026 10:59:25 AM,202,Warning,WT8-GUI,83098297,HM,Overscaled Channel detected at Tag AI_TT_018
4/24/2026 10:59:25 AM,202,Warning,WT8-GUI,83098298,HM,Overscaled Channel detected at Tag AI_TT_001
4/24/2026 10:59:25 AM,202,Warning,WT8-GUI,83098299,HM,Overscaled Channel detected at Tag AI_TT_019
4/24/2026 10:59:25 AM,202,Warning,WT8-GUI,83098300,HM,Overscaled Channel detected at Tag AI_TT_020
4/24/2026 10:59:25 AM,202,Warning,WT8-GUI,83098301,HM,Overscaled Channel detected at Tag AI_TT_021
4/24/2026 10:59:25 AM,202,Warning,WT8-GUI,83098302,HM,Overscaled Channel detected at Tag AI_TT_022
4/24/2026 10:59:25 AM,202,Warning,WT8-GUI,83098303,HM,Overscaled Channel detected at Tag AI_TT_023
4/24/2026 10:59:25 AM,202,Warning,WT8-GUI,83098304,HM,Overscaled Channel detected at Tag AI_TT_024
4/24/2026 10:59:25 AM,202,Warning,WT8-GUI,83098305,HM,Overscaled Channel detected at Tag AI_TT_025
4/24/2026 10:59:25 AM,202,Warning,WT8-GUI,83098306,HM,Overscaled Channel detected at Tag AI_TT_026
4/24/2026 10:59:25 AM,202,Warning,WT8-GUI,83098307,HM,Overscaled Channel detected at Tag AI_TT_027
4/24/2026 10:59:25 AM,202,Warning,WT8-GUI,83098308,HM,Overscaled Channel detected at Tag AI_TT_028
4/24/2026 10:59:25 AM,202,Warning,WT8-GUI,83098309,HM,Overscaled Channel detected at Tag AI_TT_002
4/24/2026 10:59:25 AM,202,Warning,WT8-GUI,83098310,HM,Overscaled Channel detected at Tag AI_TT_029
4/24/2026 10:59:25 AM,202,Warning,WT8-GUI,83098311,HM,Overscaled Channel detected at Tag AI_TT_030
4/24/2026 10:59:25 AM,202,Warning,WT8-GUI,83098312,HM,Overscaled Channel detected at Tag AI_TT_003
4/24/2026 10:59:25 AM,202,Warning,WT8-GUI,83098313,HM,Overscaled Channel detected at Tag AI_TT_004
4/24/2026 10:59:25 AM,202,Warning,WT8-GUI,83098314,HM,Overscaled Channel detected at Tag AI_TT_005
4/24/2026 10:59:26 AM,202,Warning,WT8-GUI,83098315,HM,Overscaled Channel detected at Tag AI_Volts_Shunt_006
4/24/2026 10:59:26 AM,202,Warning,WT8-GUI,83098316,HM,Overscaled Channel detected at Tag AI_Volts_Shunt_007
4/24/2026 10:59:26 AM,202,Warning,WT8-GUI,83098317,HM,Overscaled Channel detected at Tag AI_Volts_Shunt_008
4/24/2026 10:59:26 AM,202,Warning,WT8-GUI,83098318,HM,Overscaled Channel detected at Tag AI_Volts_Shunt_009
4/24/2026 10:59:26 AM,202,Warning,WT8-GUI,83098319,HM,Overscaled Channel detected at Tag AI_Volts_Shunt_010
4/24/2026 10:59:26 AM,202,Warning,WT8-GUI,83098320,HM,Overscaled Channel detected at Tag AI_Volts_Shunt_011
4/24/2026 10:59:26 AM,202,Warning,WT8-GUI,83098321,HM,Overscaled Channel detected at Tag AI_Volts_Shunt_012
4/24/2026 10:59:26 AM,202,Warning,WT8-GUI,83098322,HM,Overscaled Channel detected at Tag AI_Volts_Shunt_013
4/24/2026 10:59:26 AM,202,Warning,WT8-GUI,83098323,HM,Overscaled Channel detected at Tag AI_Volts_Shunt_014
4/24/2026 10:59:26 AM,202,Warning,WT8-GUI,83098324,HM,Overscaled Channel detected at Tag AI_Volts_Shunt_015
4/24/2026 10:59:26 AM,202,Warning,WT8-GUI,83098325,HM,Overscaled Channel detected at Tag AI_Strain_000
4/24/2026 10:59:26 AM,202,Warning,WT8-GUI,83098326,HM,Overscaled Channel detected at Tag AI_Strain_001
4/24/2026 10:59:26 AM,202,Warning,WT8-GUI,83098327,HM,Overscaled Channel detected at Tag AI_Strain_002
4/24/2026 10:59:26 AM,202,Warning,WT8-GUI,83098328,HM,Overscaled Channel detected at Tag AI_Strain_003
4/24/2026 10:59:26 AM,202,Warning,WT8-GUI,83098329,HM,Overscaled Channel detected at Tag AI_Strain_004
4/24/2026 10:59:26 AM,202,Warning,WT8-GUI,83098330,HM,Overscaled Channel detected at Tag AI_Strain_005
4/24/2026 10:59:26 AM,202,Warning,WT8-GUI,83098331,HM,Overscaled Channel detected at Tag AI_TK_000
4/24/2026 10:59:26 AM,202,Warning,WT8-GUI,83098332,HM,Overscaled Channel detected at Tag AI_TK_009
4/24/2026 10:59:26 AM,202,Warning,WT8-GUI,83098333,HM,Overscaled Channel detected at Tag AI_TK_010
4/24/2026 10:59:26 AM,202,Warning,WT8-GUI,83098334,HM,Overscaled Channel detected at Tag AI_TK_011
4/24/2026 10:59:26 AM,202,Warning,WT8-GUI,83098335,HM,Overscaled Channel detected at Tag AI_TK_012
4/24/2026 10:59:26 AM,202,Warning,WT8-GUI,83098336,HM,Overscaled Channel detected at Tag AI_TK_013
4/24/2026 10:59:26 AM,202,Warning,WT8-GUI,83098337,HM,Overscaled Channel detected at Tag AI_TK_014
4/24/2026 10:59:26 AM,202,Warning,WT8-GUI,83098338,HM,Overscaled Channel detected at Tag AI_TK_015
4/24/2026 10:59:26 AM,202,Warning,WT8-GUI,83098339,HM,Overscaled Channel detected at Tag AI_TK_016
4/24/2026 10:59:26 AM,202,Warning,WT8-GUI,83098340,HM,Overscaled Channel detected at Tag AI_TK_017
4/24/2026 10:59:26 AM,202,Warning,WT8-GUI,83098341,HM,Overscaled Channel detected at Tag AI_TK_018
4/24/2026 10:59:26 AM,202,Warning,WT8-GUI,83098342,HM,Overscaled Channel detected at Tag AI_TK_001
4/24/2026 10:59:26 AM,202,Warning,WT8-GUI,83098343,HM,Overscaled Channel detected at Tag AI_TK_019
4/24/2026 10:59:26 AM,202,Warning,WT8-GUI,83098344,HM,Overscaled Channel detected at Tag AI_Strain_006
4/24/2026 10:59:26 AM,202,Warning,WT8-GUI,83098345,HM,Overscaled Channel detected at Tag AI_Strain_007
4/24/2026 10:59:26 AM,202,Warning,WT8-GUI,83098346,HM,Overscaled Channel detected at Tag AI_TT_000
4/24/2026 10:59:26 AM,202,Warning,WT8-GUI,83098347,HM,Overscaled Channel detected at Tag AI_TT_009
4/24/2026 10:59:26 AM,202,Warning,WT8-GUI,83098348,HM,Overscaled Channel detected at Tag AI_TT_010
4/24/2026 10:59:26 AM,202,Warning,WT8-GUI,83098349,HM,Overscaled Channel detected at Tag AI_TT_011
4/24/2026 10:59:26 AM,202,Warning,WT8-GUI,83098350,HM,Overscaled Channel detected at Tag AI_TT_012
4/24/2026 10:59:26 AM,202,Warning,WT8-GUI,83098351,HM,Overscaled Channel detected at Tag AI_TT_013
4/24/2026 10:59:26 AM,202,Warning,WT8-GUI,83098352,HM,Overscaled Channel detected at Tag AI_TT_014
4/24/2026 10:59:26 AM,202,Warning,WT8-GUI,83098353,HM,Overscaled Channel detected at Tag AI_TT_006
4/24/2026 10:59:26 AM,202,Warning,WT8-GUI,83098354,HM,Overscaled Channel detected at Tag AI_TT_007
4/24/2026 10:59:26 AM,202,Warning,WT8-GUI,83098355,HM,Overscaled Channel detected at Tag AI_TT_008
4/24/2026 11:00:10 AM,301005,Warning,WT8-GUI,83098356,OPC,OPC Server Graybox.Simulator.1 on host localhost has not updated data in 97 minute(s).
4/24/2026 11:00:25 AM,202,Warning,WT8-GUI,83098357,HM,Overscaled Channel detected at Tag AI_Volts_Shunt_001
4/24/2026 11:00:25 AM,202,Warning,WT8-GUI,83098358,HM,Overscaled Channel detected at Tag AI_Volts_Shunt_003
4/24/2026 11:00:25 AM,202,Warning,WT8-GUI,83098359,HM,Overscaled Channel detected at Tag AI_Volts_Shunt_004
4/24/2026 11:00:25 AM,202,Warning,WT8-GUI,83098360,HM,Overscaled Channel detected at Tag AI_TK_020
4/24/2026 11:00:25 AM,202,Warning,WT8-GUI,83098361,HM,Overscaled Channel detected at Tag AI_TK_021
4/24/2026 11:00:25 AM,202,Warning,WT8-GUI,83098362,HM,Overscaled Channel detected at Tag AI_TK_022
4/24/2026 11:00:25 AM,202,Warning,WT8-GUI,83098363,HM,Overscaled Channel detected at Tag AI_TK_023
4/24/2026 11:00:25 AM,202,Warning,WT8-GUI,83098364,HM,Overscaled Channel detected at Tag AI_TK_024
4/24/2026 11:00:25 AM,202,Warning,WT8-GUI,83098365,HM,Overscaled Channel detected at Tag AI_TK_025
4/24/2026 11:00:25 AM,202,Warning,WT8-GUI,83098366,HM,Overscaled Channel detected at Tag AI_TK_026
4/24/2026 11:00:25 AM,202,Warning,WT8-GUI,83098367,HM,Overscaled Channel detected at Tag AI_TK_027
4/24/2026 11:00:25 AM,202,Warning,WT8-GUI,83098368,HM,Overscaled Channel detected at Tag AI_TK_028
4/24/2026 11:00:25 AM,202,Warning,WT8-GUI,83098369,HM,Overscaled Channel detected at Tag AI_TK_002
4/24/2026 11:00:25 AM,202,Warning,WT8-GUI,83098370,HM,Overscaled Channel detected at Tag AI_TK_029
4/24/2026 11:00:25 AM,202,Warning,WT8-GUI,83098371,HM,Overscaled Channel detected at Tag AI_TK_030
4/24/2026 11:00:25 AM,202,Warning,WT8-GUI,83098372,HM,Overscaled Channel detected at Tag AI_TK_003
4/24/2026 11:00:25 AM,202,Warning,WT8-GUI,83098373,HM,Overscaled Channel detected at Tag AI_TK_004
4/24/2026 11:00:25 AM,202,Warning,WT8-GUI,83098374,HM,Overscaled Channel detected at Tag AI_TK_005
4/24/2026 11:00:25 AM,202,Warning,WT8-GUI,83098375,HM,Overscaled Channel detected at Tag AI_TK_006
4/24/2026 11:00:25 AM,202,Warning,WT8-GUI,83098376,HM,Overscaled Channel detected at Tag AI_TK_007
4/24/2026 11:00:25 AM,202,Warning,WT8-GUI,83098377,HM,Overscaled Channel detected at Tag AI_TK_008
4/24/2026 11:00:25 AM,202,Warning,WT8-GUI,83098378,HM,Overscaled Channel detected at Tag AI_Volts_Shunt_000
4/24/2026 11:00:25 AM,202,Warning,WT8-GUI,83098379,HM,Overscaled Channel detected at Tag AI_TT_015
4/24/2026 11:00:25 AM,202,Warning,WT8-GUI,83098380,HM,Overscaled Channel detected at Tag AI_TT_016
4/24/2026 11:00:25 AM,202,Warning,WT8-GUI,83098381,HM,Overscaled Channel detected at Tag AI_TT_017
4/24/2026 11:00:25 AM,202,Warning,WT8-GUI,83098382,HM,Overscaled Channel detected at Tag AI_TT_018
4/24/2026 11:00:25 AM,202,Warning,WT8-GUI,83098383,HM,Overscaled Channel detected at Tag AI_TT_001
4/24/2026 11:00:25 AM,202,Warning,WT8-GUI,83098384,HM,Overscaled Channel detected at Tag AI_TT_019
4/24/2026 11:00:25 AM,202,Warning,WT8-GUI,83098385,HM,Overscaled Channel detected at Tag AI_TT_020
4/24/2026 11:00:25 AM,202,Warning,WT8-GUI,83098386,HM,Overscaled Channel detected at Tag AI_TT_021
4/24/2026 11:00:25 AM,202,Warning,WT8-GUI,83098387,HM,Overscaled Channel detected at Tag AI_TT_022
4/24/2026 11:00:25 AM,202,Warning,WT8-GUI,83098388,HM,Overscaled Channel detected at Tag AI_TT_023
4/24/2026 11:00:25 AM,202,Warning,WT8-GUI,83098389,HM,Overscaled Channel detected at Tag AI_TT_024
4/24/2026 11:00:25 AM,202,Warning,WT8-GUI,83098390,HM,Overscaled Channel detected at Tag AI_TT_025
4/24/2026 11:00:25 AM,202,Warning,WT8-GUI,83098391,HM,Overscaled Channel detected at Tag AI_TT_026
4/24/2026 11:00:25 AM,202,Warning,WT8-GUI,83098392,HM,Overscaled Channel detected at Tag AI_TT_027
4/24/2026 11:00:26 AM,202,Warning,WT8-GUI,83098393,HM,Overscaled Channel detected at Tag AI_TT_028
4/24/2026 11:00:26 AM,202,Warning,WT8-GUI,83098394,HM,Overscaled Channel detected at Tag AI_TT_002
4/24/2026 11:00:26 AM,202,Warning,WT8-GUI,83098395,HM,Overscaled Channel detected at Tag AI_TT_029
4/24/2026 11:00:26 AM,202,Warning,WT8-GUI,83098396,HM,Overscaled Channel detected at Tag AI_TT_030
4/24/2026 11:00:26 AM,202,Warning,WT8-GUI,83098397,HM,Overscaled Channel detected at Tag AI_TT_003
4/24/2026 11:00:26 AM,202,Warning,WT8-GUI,83098398,HM,Overscaled Channel detected at Tag AI_TT_004
4/24/2026 11:00:26 AM,202,Warning,WT8-GUI,83098399,HM,Overscaled Channel detected at Tag AI_TT_005
4/24/2026 11:00:26 AM,202,Warning,WT8-GUI,83098400,HM,Overscaled Channel detected at Tag AI_Volts_Shunt_006
4/24/2026 11:00:26 AM,202,Warning,WT8-GUI,83098401,HM,Overscaled Channel detected at Tag AI_Volts_Shunt_007
4/24/2026 11:00:26 AM,202,Warning,WT8-GUI,83098402,HM,Overscaled Channel detected at Tag AI_Volts_Shunt_008
4/24/2026 11:00:26 AM,202,Warning,WT8-GUI,83098403,HM,Overscaled Channel detected at Tag AI_Volts_Shunt_009
4/24/2026 11:00:26 AM,202,Warning,WT8-GUI,83098404,HM,Overscaled Channel detected at Tag AI_Volts_Shunt_010
4/24/2026 11:00:26 AM,202,Warning,WT8-GUI,83098405,HM,Overscaled Channel detected at Tag AI_Volts_Shunt_011
4/24/2026 11:00:26 AM,202,Warning,WT8-GUI,83098406,HM,Overscaled Channel detected at Tag AI_Volts_Shunt_012
4/24/2026 11:00:26 AM,202,Warning,WT8-GUI,83098407,HM,Overscaled Channel detected at Tag AI_Volts_Shunt_013
4/24/2026 11:00:26 AM,202,Warning,WT8-GUI,83098408,HM,Overscaled Channel detected at Tag AI_Volts_Shunt_014
4/24/2026 11:00:26 AM,202,Warning,WT8-GUI,83098409,HM,Overscaled Channel detected at Tag AI_Volts_Shunt_015
4/24/2026 11:00:26 AM,202,Warning,WT8-GUI,83098410,HM,Overscaled Channel detected at Tag AI_Strain_000
4/24/2026 11:00:26 AM,202,Warning,WT8-GUI,83098411,HM,Overscaled Channel detected at Tag AI_Strain_001
4/24/2026 11:00:26 AM,202,Warning,WT8-GUI,83098412,HM,Overscaled Channel detected at Tag AI_Strain_002
4/24/2026 11:00:26 AM,202,Warning,WT8-GUI,83098413,HM,Overscaled Channel detected at Tag AI_Strain_003
4/24/2026 11:00:26 AM,202,Warning,WT8-GUI,83098414,HM,Overscaled Channel detected at Tag AI_Strain_004
4/24/2026 11:00:26 AM,202,Warning,WT8-GUI,83098415,HM,Overscaled Channel detected at Tag AI_Strain_005
4/24/2026 11:00:26 AM,202,Warning,WT8-GUI,83098416,HM,Overscaled Channel detected at Tag AI_TK_000
4/24/2026 11:00:26 AM,202,Warning,WT8-GUI,83098417,HM,Overscaled Channel detected at Tag AI_TK_009
4/24/2026 11:00:26 AM,202,Warning,WT8-GUI,83098418,HM,Overscaled Channel detected at Tag AI_TK_010
4/24/2026 11:00:26 AM,202,Warning,WT8-GUI,83098419,HM,Overscaled Channel detected at Tag AI_TK_011
4/24/2026 11:00:26 AM,202,Warning,WT8-GUI,83098420,HM,Overscaled Channel detected at Tag AI_TK_012
4/24/2026 11:00:26 AM,202,Warning,WT8-GUI,83098421,HM,Overscaled Channel detected at Tag AI_TK_013
4/24/2026 11:00:26 AM,202,Warning,WT8-GUI,83098422,HM,Overscaled Channel detected at Tag AI_TK_014
4/24/2026 11:00:26 AM,202,Warning,WT8-GUI,83098423,HM,Overscaled Channel detected at Tag AI_TK_015
4/24/2026 11:00:26 AM,202,Warning,WT8-GUI,83098424,HM,Overscaled Channel detected at Tag AI_TK_016
4/24/2026 11:00:26 AM,202,Warning,WT8-GUI,83098425,HM,Overscaled Channel detected at Tag AI_TK_017
4/24/2026 11:00:26 AM,202,Warning,WT8-GUI,83098426,HM,Overscaled Channel detected at Tag AI_TK_018
4/24/2026 11:00:26 AM,202,Warning,WT8-GUI,83098427,HM,Overscaled Channel detected at Tag AI_TK_001
4/24/2026 11:00:26 AM,202,Warning,WT8-GUI,83098428,HM,Overscaled Channel detected at Tag AI_TK_019
4/24/2026 11:00:26 AM,202,Warning,WT8-GUI,83098429,HM,Overscaled Channel detected at Tag AI_Strain_006
4/24/2026 11:00:26 AM,202,Warning,WT8-GUI,83098430,HM,Overscaled Channel detected at Tag AI_Strain_007
4/24/2026 11:00:26 AM,202,Warning,WT8-GUI,83098431,HM,Overscaled Channel detected at Tag AI_TT_000
4/24/2026 11:00:26 AM,202,Warning,WT8-GUI,83098432,HM,Overscaled Channel detected at Tag AI_TT_009
4/24/2026 11:00:26 AM,202,Warning,WT8-GUI,83098433,HM,Overscaled Channel detected at Tag AI_TT_010
4/24/2026 11:00:26 AM,202,Warning,WT8-GUI,83098434,HM,Overscaled Channel detected at Tag AI_TT_011
4/24/2026 11:00:26 AM,202,Warning,WT8-GUI,83098435,HM,Overscaled Channel detected at Tag AI_TT_012
4/24/2026 11:00:26 AM,202,Warning,WT8-GUI,83098436,HM,Overscaled Channel detected at Tag AI_TT_013
4/24/2026 11:00:26 AM,202,Warning,WT8-GUI,83098437,HM,Overscaled Channel detected at Tag AI_TT_014
4/24/2026 11:00:26 AM,202,Warning,WT8-GUI,83098438,HM,Overscaled Channel detected at Tag AI_TT_006
4/24/2026 11:00:26 AM,202,Warning,WT8-GUI,83098439,HM,Overscaled Channel detected at Tag AI_TT_007
4/24/2026 11:00:26 AM,202,Warning,WT8-GUI,83098440,HM,Overscaled Channel detected at Tag AI_TT_008
4/24/2026 11:01:10 AM,301005,Warning,WT8-GUI,83098441,OPC,OPC Server Graybox.Simulator.1 on host localhost has not updated data in 98 minute(s).
4/24/2026 11:01:25 AM,202,Warning,WT8-GUI,83098442,HM,Overscaled Channel detected at Tag AI_Volts_Shunt_001
4/24/2026 11:01:25 AM,202,Warning,WT8-GUI,83098443,HM,Overscaled Channel detected at Tag AI_Volts_Shunt_003
4/24/2026 11:01:25 AM,202,Warning,WT8-GUI,83098444,HM,Overscaled Channel detected at Tag AI_Volts_Shunt_004
4/24/2026 11:01:25 AM,202,Warning,WT8-GUI,83098445,HM,Overscaled Channel detected at Tag AI_TK_020
4/24/2026 11:01:25 AM,202,Warning,WT8-GUI,83098446,HM,Overscaled Channel detected at Tag AI_TK_021
4/24/2026 11:01:25 AM,202,Warning,WT8-GUI,83098447,HM,Overscaled Channel detected at Tag AI_TK_022
4/24/2026 11:01:25 AM,202,Warning,WT8-GUI,83098448,HM,Overscaled Channel detected at Tag AI_TK_023
4/24/2026 11:01:25 AM,202,Warning,WT8-GUI,83098449,HM,Overscaled Channel detected at Tag AI_TK_024
4/24/2026 11:01:25 AM,202,Warning,WT8-GUI,83098450,HM,Overscaled Channel detected at Tag AI_TK_025
4/24/2026 11:01:25 AM,202,Warning,WT8-GUI,83098451,HM,Overscaled Channel detected at Tag AI_TK_026
4/24/2026 11:01:25 AM,202,Warning,WT8-GUI,83098452,HM,Overscaled Channel detected at Tag AI_TK_027
4/24/2026 11:01:25 AM,202,Warning,WT8-GUI,83098453,HM,Overscaled Channel detected at Tag AI_TK_028
4/24/2026 11:01:25 AM,202,Warning,WT8-GUI,83098454,HM,Overscaled Channel detected at Tag AI_TK_002
4/24/2026 11:01:25 AM,202,Warning,WT8-GUI,83098455,HM,Overscaled Channel detected at Tag AI_TK_029
4/24/2026 11:01:25 AM,202,Warning,WT8-GUI,83098456,HM,Overscaled Channel detected at Tag AI_TK_030
4/24/2026 11:01:25 AM,202,Warning,WT8-GUI,83098457,HM,Overscaled Channel detected at Tag AI_TK_003
4/24/2026 11:01:25 AM,202,Warning,WT8-GUI,83098458,HM,Overscaled Channel detected at Tag AI_TK_004
4/24/2026 11:01:25 AM,202,Warning,WT8-GUI,83098459,HM,Overscaled Channel detected at Tag AI_TK_005
4/24/2026 11:01:25 AM,202,Warning,WT8-GUI,83098460,HM,Overscaled Channel detected at Tag AI_TK_006
4/24/2026 11:01:25 AM,202,Warning,WT8-GUI,83098461,HM,Overscaled Channel detected at Tag AI_TK_007
4/24/2026 11:01:25 AM,202,Warning,WT8-GUI,83098462,HM,Overscaled Channel detected at Tag AI_TK_008
4/24/2026 11:01:25 AM,202,Warning,WT8-GUI,83098463,HM,Overscaled Channel detected at Tag AI_Volts_Shunt_000
4/24/2026 11:01:25 AM,202,Warning,WT8-GUI,83098464,HM,Overscaled Channel detected at Tag AI_TT_015
4/24/2026 11:01:25 AM,202,Warning,WT8-GUI,83098465,HM,Overscaled Channel detected at Tag AI_TT_016
4/24/2026 11:01:25 AM,202,Warning,WT8-GUI,83098466,HM,Overscaled Channel detected at Tag AI_TT_017
4/24/2026 11:01:25 AM,202,Warning,WT8-GUI,83098467,HM,Overscaled Channel detected at Tag AI_TT_018
4/24/2026 11:01:25 AM,202,Warning,WT8-GUI,83098468,HM,Overscaled Channel detected at Tag AI_TT_001
4/24/2026 11:01:25 AM,202,Warning,WT8-GUI,83098469,HM,Overscaled Channel detected at Tag AI_TT_019
4/24/2026 11:01:26 AM,202,Warning,WT8-GUI,83098470,HM,Overscaled Channel detected at Tag AI_TT_020
4/24/2026 11:01:26 AM,202,Warning,WT8-GUI,83098471,HM,Overscaled Channel detected at Tag AI_TT_021
4/24/2026 11:01:26 AM,202,Warning,WT8-GUI,83098472,HM,Overscaled Channel detected at Tag AI_TT_022
4/24/2026 11:01:26 AM,202,Warning,WT8-GUI,83098473,HM,Overscaled Channel detected at Tag AI_TT_023
4/24/2026 11:01:26 AM,202,Warning,WT8-GUI,83098474,HM,Overscaled Channel detected at Tag AI_TT_024
4/24/2026 11:01:26 AM,202,Warning,WT8-GUI,83098475,HM,Overscaled Channel detected at Tag AI_TT_025
4/24/2026 11:01:26 AM,202,Warning,WT8-GUI,83098476,HM,Overscaled Channel detected at Tag AI_TT_026
4/24/2026 11:01:26 AM,202,Warning,WT8-GUI,83098477,HM,Overscaled Channel detected at Tag AI_TT_027
4/24/2026 11:01:26 AM,202,Warning,WT8-GUI,83098478,HM,Overscaled Channel detected at Tag AI_TT_028
4/24/2026 11:01:26 AM,202,Warning,WT8-GUI,83098479,HM,Overscaled Channel detected at Tag AI_TT_002
4/24/2026 11:01:26 AM,202,Warning,WT8-GUI,83098480,HM,Overscaled Channel detected at Tag AI_TT_029
4/24/2026 11:01:26 AM,202,Warning,WT8-GUI,83098481,HM,Overscaled Channel detected at Tag AI_TT_030
4/24/2026 11:01:26 AM,202,Warning,WT8-GUI,83098482,HM,Overscaled Channel detected at Tag AI_TT_003
4/24/2026 11:01:26 AM,202,Warning,WT8-GUI,83098483,HM,Overscaled Channel detected at Tag AI_TT_004
4/24/2026 11:01:26 AM,202,Warning,WT8-GUI,83098484,HM,Overscaled Channel detected at Tag AI_TT_005
4/24/2026 11:01:26 AM,202,Warning,WT8-GUI,83098485,HM,Overscaled Channel detected at Tag AI_TK_000
4/24/2026 11:01:26 AM,202,Warning,WT8-GUI,83098486,HM,Overscaled Channel detected at Tag AI_TK_009
4/24/2026 11:01:26 AM,202,Warning,WT8-GUI,83098487,HM,Overscaled Channel detected at Tag AI_TK_010
4/24/2026 11:01:26 AM,202,Warning,WT8-GUI,83098488,HM,Overscaled Channel detected at Tag AI_TK_011
4/24/2026 11:01:26 AM,202,Warning,WT8-GUI,83098489,HM,Overscaled Channel detected at Tag AI_TK_012
4/24/2026 11:01:26 AM,202,Warning,WT8-GUI,83098490,HM,Overscaled Channel detected at Tag AI_TK_013
4/24/2026 11:01:26 AM,202,Warning,WT8-GUI,83098491,HM,Overscaled Channel detected at Tag AI_TK_014
4/24/2026 11:01:26 AM,202,Warning,WT8-GUI,83098492,HM,Overscaled Channel detected at Tag AI_TK_015
4/24/2026 11:01:26 AM,202,Warning,WT8-GUI,83098493,HM,Overscaled Channel detected at Tag AI_TK_016
4/24/2026 11:01:26 AM,202,Warning,WT8-GUI,83098494,HM,Overscaled Channel detected at Tag AI_TK_017
4/24/2026 11:01:26 AM,202,Warning,WT8-GUI,83098495,HM,Overscaled Channel detected at Tag AI_TK_018
4/24/2026 11:01:26 AM,202,Warning,WT8-GUI,83098496,HM,Overscaled Channel detected at Tag AI_TK_001
4/24/2026 11:01:26 AM,202,Warning,WT8-GUI,83098497,HM,Overscaled Channel detected at Tag AI_TK_019
4/24/2026 11:01:26 AM,202,Warning,WT8-GUI,83098498,HM,Overscaled Channel detected at Tag AI_Volts_Shunt_006
4/24/2026 11:01:26 AM,202,Warning,WT8-GUI,83098499,HM,Overscaled Channel detected at Tag AI_Volts_Shunt_007
4/24/2026 11:01:26 AM,202,Warning,WT8-GUI,83098500,HM,Overscaled Channel detected at Tag AI_Volts_Shunt_008
4/24/2026 11:01:26 AM,202,Warning,WT8-GUI,83098501,HM,Overscaled Channel detected at Tag AI_Volts_Shunt_009
4/24/2026 11:01:26 AM,202,Warning,WT8-GUI,83098502,HM,Overscaled Channel detected at Tag AI_Volts_Shunt_010
4/24/2026 11:01:26 AM,202,Warning,WT8-GUI,83098503,HM,Overscaled Channel detected at Tag AI_Volts_Shunt_011
4/24/2026 11:01:26 AM,202,Warning,WT8-GUI,83098504,HM,Overscaled Channel detected at Tag AI_Volts_Shunt_012
4/24/2026 11:01:26 AM,202,Warning,WT8-GUI,83098505,HM,Overscaled Channel detected at Tag AI_Volts_Shunt_013
4/24/2026 11:01:26 AM,202,Warning,WT8-GUI,83098506,HM,Overscaled Channel detected at Tag AI_Volts_Shunt_014
4/24/2026 11:01:26 AM,202,Warning,WT8-GUI,83098507,HM,Overscaled Channel detected at Tag AI_Volts_Shunt_015
4/24/2026 11:01:26 AM,202,Warning,WT8-GUI,83098508,HM,Overscaled Channel detected at Tag AI_Strain_000
4/24/2026 11:01:26 AM,202,Warning,WT8-GUI,83098509,HM,Overscaled Channel detected at Tag AI_Strain_001
4/24/2026 11:01:26 AM,202,Warning,WT8-GUI,83098510,HM,Overscaled Channel detected at Tag AI_Strain_002
4/24/2026 11:01:26 AM,202,Warning,WT8-GUI,83098511,HM,Overscaled Channel detected at Tag AI_Strain_003
4/24/2026 11:01:26 AM,202,Warning,WT8-GUI,83098512,HM,Overscaled Channel detected at Tag AI_Strain_004
4/24/2026 11:01:26 AM,202,Warning,WT8-GUI,83098513,HM,Overscaled Channel detected at Tag AI_Strain_005
4/24/2026 11:01:26 AM,202,Warning,WT8-GUI,83098514,HM,Overscaled Channel detected at Tag AI_Strain_006
4/24/2026 11:01:26 AM,202,Warning,WT8-GUI,83098515,HM,Overscaled Channel detected at Tag AI_Strain_007
4/24/2026 11:01:26 AM,202,Warning,WT8-GUI,83098516,HM,Overscaled Channel detected at Tag AI_TT_000
4/24/2026 11:01:26 AM,202,Warning,WT8-GUI,83098517,HM,Overscaled Channel detected at Tag AI_TT_009
4/24/2026 11:01:26 AM,202,Warning,WT8-GUI,83098518,HM,Overscaled Channel detected at Tag AI_TT_010
4/24/2026 11:01:26 AM,202,Warning,WT8-GUI,83098519,HM,Overscaled Channel detected at Tag AI_TT_011
4/24/2026 11:01:26 AM,202,Warning,WT8-GUI,83098520,HM,Overscaled Channel detected at Tag AI_TT_012
4/24/2026 11:01:26 AM,202,Warning,WT8-GUI,83098521,HM,Overscaled Channel detected at Tag AI_TT_013
4/24/2026 11:01:26 AM,202,Warning,WT8-GUI,83098522,HM,Overscaled Channel detected at Tag AI_TT_014
4/24/2026 11:01:26 AM,202,Warning,WT8-GUI,83098523,HM,Overscaled Channel detected at Tag AI_TT_006
4/24/2026 11:01:26 AM,202,Warning,WT8-GUI,83098524,HM,Overscaled Channel detected at Tag AI_TT_007
4/24/2026 11:01:26 AM,202,Warning,WT8-GUI,83098525,HM,Overscaled Channel detected at Tag AI_TT_008
4/24/2026 11:02:10 AM,301005,Warning,WT8-GUI,83098526,OPC,OPC Server Graybox.Simulator.1 on host localhost has not updated data in 99 minute(s).
4/24/2026 11:02:25 AM,202,Warning,WT8-GUI,83098527,HM,Overscaled Channel detected at Tag AI_Volts_Shunt_001
4/24/2026 11:02:25 AM,202,Warning,WT8-GUI,83098528,HM,Overscaled Channel detected at Tag AI_Volts_Shunt_003
4/24/2026 11:02:25 AM,202,Warning,WT8-GUI,83098529,HM,Overscaled Channel detected at Tag AI_Volts_Shunt_004
4/24/2026 11:02:25 AM,202,Warning,WT8-GUI,83098530,HM,Overscaled Channel detected at Tag AI_TK_003
4/24/2026 11:02:25 AM,202,Warning,WT8-GUI,83098531,HM,Overscaled Channel detected at Tag AI_TT_002
4/24/2026 11:02:25 AM,202,Warning,WT8-GUI,83098532,HM,Overscaled Channel detected at Tag AI_TT_029
4/24/2026 11:02:25 AM,202,Warning,WT8-GUI,83098533,HM,Overscaled Channel detected at Tag AI_TT_030
4/24/2026 11:02:25 AM,202,Warning,WT8-GUI,83098534,HM,Overscaled Channel detected at Tag AI_TT_003
4/24/2026 11:02:25 AM,202,Warning,WT8-GUI,83098535,HM,Overscaled Channel detected at Tag AI_TK_020
4/24/2026 11:02:25 AM,202,Warning,WT8-GUI,83098536,HM,Overscaled Channel detected at Tag AI_TK_021
4/24/2026 11:02:25 AM,202,Warning,WT8-GUI,83098537,HM,Overscaled Channel detected at Tag AI_TK_022
4/24/2026 11:02:25 AM,202,Warning,WT8-GUI,83098538,HM,Overscaled Channel detected at Tag AI_TK_023
4/24/2026 11:02:25 AM,202,Warning,WT8-GUI,83098539,HM,Overscaled Channel detected at Tag AI_TK_024
4/24/2026 11:02:25 AM,202,Warning,WT8-GUI,83098540,HM,Overscaled Channel detected at Tag AI_TK_025
4/24/2026 11:02:25 AM,202,Warning,WT8-GUI,83098541,HM,Overscaled Channel detected at Tag AI_TK_026
4/24/2026 11:02:25 AM,202,Warning,WT8-GUI,83098542,HM,Overscaled Channel detected at Tag AI_TK_027
4/24/2026 11:02:25 AM,202,Warning,WT8-GUI,83098543,HM,Overscaled Channel detected at Tag AI_TK_028
4/24/2026 11:02:25 AM,202,Warning,WT8-GUI,83098544,HM,Overscaled Channel detected at Tag AI_TK_002
4/24/2026 11:02:25 AM,202,Warning,WT8-GUI,83098545,HM,Overscaled Channel detected at Tag AI_TK_029
4/24/2026 11:02:25 AM,202,Warning,WT8-GUI,83098546,HM,Overscaled Channel detected at Tag AI_TK_030
4/24/2026 11:02:25 AM,202,Warning,WT8-GUI,83098547,HM,Overscaled Channel detected at Tag AI_TK_004
4/24/2026 11:02:25 AM,202,Warning,WT8-GUI,83098548,HM,Overscaled Channel detected at Tag AI_TK_005
4/24/2026 11:02:25 AM,202,Warning,WT8-GUI,83098549,HM,Overscaled Channel detected at Tag AI_TK_006
4/24/2026 11:02:25 AM,202,Warning,WT8-GUI,83098550,HM,Overscaled Channel detected at Tag AI_TK_007
4/24/2026 11:02:25 AM,202,Warning,WT8-GUI,83098551,HM,Overscaled Channel detected at Tag AI_TK_008
4/24/2026 11:02:26 AM,202,Warning,WT8-GUI,83098552,HM,Overscaled Channel detected at Tag AI_Volts_Shunt_000
4/24/2026 11:02:26 AM,202,Warning,WT8-GUI,83098553,HM,Overscaled Channel detected at Tag AI_TT_015
4/24/2026 11:02:26 AM,202,Warning,WT8-GUI,83098554,HM,Overscaled Channel detected at Tag AI_TT_016
4/24/2026 11:02:26 AM,202,Warning,WT8-GUI,83098555,HM,Overscaled Channel detected at Tag AI_TT_017
4/24/2026 11:02:26 AM,202,Warning,WT8-GUI,83098556,HM,Overscaled Channel detected at Tag AI_TT_018
4/24/2026 11:02:26 AM,202,Warning,WT8-GUI,83098557,HM,Overscaled Channel detected at Tag AI_TT_001
4/24/2026 11:02:26 AM,202,Warning,WT8-GUI,83098558,HM,Overscaled Channel detected at Tag AI_TT_019
4/24/2026 11:02:26 AM,202,Warning,WT8-GUI,83098559,HM,Overscaled Channel detected at Tag AI_TT_020
4/24/2026 11:02:26 AM,202,Warning,WT8-GUI,83098560,HM,Overscaled Channel detected at Tag AI_TT_021
4/24/2026 11:02:26 AM,202,Warning,WT8-GUI,83098561,HM,Overscaled Channel detected at Tag AI_TT_022
4/24/2026 11:02:26 AM,202,Warning,WT8-GUI,83098562,HM,Overscaled Channel detected at Tag AI_TT_023
4/24/2026 11:02:26 AM,202,Warning,WT8-GUI,83098563,HM,Overscaled Channel detected at Tag AI_TT_024
4/24/2026 11:02:26 AM,202,Warning,WT8-GUI,83098564,HM,Overscaled Channel detected at Tag AI_TT_025
4/24/2026 11:02:26 AM,202,Warning,WT8-GUI,83098565,HM,Overscaled Channel detected at Tag AI_TT_026
4/24/2026 11:02:26 AM,202,Warning,WT8-GUI,83098566,HM,Overscaled Channel detected at Tag AI_TT_027
4/24/2026 11:02:26 AM,202,Warning,WT8-GUI,83098567,HM,Overscaled Channel detected at Tag AI_TT_028
4/24/2026 11:02:26 AM,202,Warning,WT8-GUI,83098568,HM,Overscaled Channel detected at Tag AI_TT_004
4/24/2026 11:02:26 AM,202,Warning,WT8-GUI,83098569,HM,Overscaled Channel detected at Tag AI_TT_005
4/24/2026 11:02:26 AM,202,Warning,WT8-GUI,83098570,HM,Overscaled Channel detected at Tag AI_TK_000
4/24/2026 11:02:26 AM,202,Warning,WT8-GUI,83098571,HM,Overscaled Channel detected at Tag AI_TK_009
4/24/2026 11:02:26 AM,202,Warning,WT8-GUI,83098572,HM,Overscaled Channel detected at Tag AI_TK_010
4/24/2026 11:02:26 AM,202,Warning,WT8-GUI,83098573,HM,Overscaled Channel detected at Tag AI_TK_011
4/24/2026 11:02:26 AM,202,Warning,WT8-GUI,83098574,HM,Overscaled Channel detected at Tag AI_TK_012
4/24/2026 11:02:26 AM,202,Warning,WT8-GUI,83098575,HM,Overscaled Channel detected at Tag AI_TK_013
4/24/2026 11:02:26 AM,202,Warning,WT8-GUI,83098576,HM,Overscaled Channel detected at Tag AI_TK_014
4/24/2026 11:02:26 AM,202,Warning,WT8-GUI,83098577,HM,Overscaled Channel detected at Tag AI_TK_015
4/24/2026 11:02:26 AM,202,Warning,WT8-GUI,83098578,HM,Overscaled Channel detected at Tag AI_TK_016
4/24/2026 11:02:26 AM,202,Warning,WT8-GUI,83098579,HM,Overscaled Channel detected at Tag AI_TK_017
4/24/2026 11:02:26 AM,202,Warning,WT8-GUI,83098580,HM,Overscaled Channel detected at Tag AI_TK_018
4/24/2026 11:02:26 AM,202,Warning,WT8-GUI,83098581,HM,Overscaled Channel detected at Tag AI_TK_001
4/24/2026 11:02:26 AM,202,Warning,WT8-GUI,83098582,HM,Overscaled Channel detected at Tag AI_TK_019
4/24/2026 11:02:26 AM,202,Warning,WT8-GUI,83098583,HM,Overscaled Channel detected at Tag AI_Volts_Shunt_006
4/24/2026 11:02:26 AM,202,Warning,WT8-GUI,83098584,HM,Overscaled Channel detected at Tag AI_Volts_Shunt_007
4/24/2026 11:02:26 AM,202,Warning,WT8-GUI,83098585,HM,Overscaled Channel detected at Tag AI_Volts_Shunt_008
4/24/2026 11:02:26 AM,202,Warning,WT8-GUI,83098586,HM,Overscaled Channel detected at Tag AI_Volts_Shunt_009
4/24/2026 11:02:26 AM,202,Warning,WT8-GUI,83098587,HM,Overscaled Channel detected at Tag AI_Volts_Shunt_010
4/24/2026 11:02:26 AM,202,Warning,WT8-GUI,83098588,HM,Overscaled Channel detected at Tag AI_Volts_Shunt_011
4/24/2026 11:02:26 AM,202,Warning,WT8-GUI,83098589,HM,Overscaled Channel detected at Tag AI_Volts_Shunt_012
4/24/2026 11:02:26 AM,202,Warning,WT8-GUI,83098590,HM,Overscaled Channel detected at Tag AI_Volts_Shunt_013
4/24/2026 11:02:26 AM,202,Warning,WT8-GUI,83098591,HM,Overscaled Channel detected at Tag AI_Volts_Shunt_014
4/24/2026 11:02:26 AM,202,Warning,WT8-GUI,83098592,HM,Overscaled Channel detected at Tag AI_Volts_Shunt_015
4/24/2026 11:02:26 AM,202,Warning,WT8-GUI,83098593,HM,Overscaled Channel detected at Tag AI_Strain_000
4/24/2026 11:02:26 AM,202,Warning,WT8-GUI,83098594,HM,Overscaled Channel detected at Tag AI_Strain_001
4/24/2026 11:02:26 AM,202,Warning,WT8-GUI,83098595,HM,Overscaled Channel detected at Tag AI_Strain_002
4/24/2026 11:02:26 AM,202,Warning,WT8-GUI,83098596,HM,Overscaled Channel detected at Tag AI_Strain_003
4/24/2026 11:02:26 AM,202,Warning,WT8-GUI,83098597,HM,Overscaled Channel detected at Tag AI_Strain_004
4/24/2026 11:02:26 AM,202,Warning,WT8-GUI,83098598,HM,Overscaled Channel detected at Tag AI_Strain_005
4/24/2026 11:02:26 AM,202,Warning,WT8-GUI,83098599,HM,Overscaled Channel detected at Tag AI_Strain_006
4/24/2026 11:02:26 AM,202,Warning,WT8-GUI,83098600,HM,Overscaled Channel detected at Tag AI_Strain_007
4/24/2026 11:02:26 AM,202,Warning,WT8-GUI,83098601,HM,Overscaled Channel detected at Tag AI_TT_000
4/24/2026 11:02:26 AM,202,Warning,WT8-GUI,83098602,HM,Overscaled Channel detected at Tag AI_TT_009
4/24/2026 11:02:26 AM,202,Warning,WT8-GUI,83098603,HM,Overscaled Channel detected at Tag AI_TT_010
4/24/2026 11:02:26 AM,202,Warning,WT8-GUI,83098604,HM,Overscaled Channel detected at Tag AI_TT_011
4/24/2026 11:02:26 AM,202,Warning,WT8-GUI,83098605,HM,Overscaled Channel detected at Tag AI_TT_012
4/24/2026 11:02:26 AM,202,Warning,WT8-GUI,83098606,HM,Overscaled Channel detected at Tag AI_TT_013
4/24/2026 11:02:26 AM,202,Warning,WT8-GUI,83098607,HM,Overscaled Channel detected at Tag AI_TT_014
4/24/2026 11:02:26 AM,202,Warning,WT8-GUI,83098608,HM,Overscaled Channel detected at Tag AI_TT_006
4/24/2026 11:02:26 AM,202,Warning,WT8-GUI,83098609,HM,Overscaled Channel detected at Tag AI_TT_007
4/24/2026 11:02:26 AM,202,Warning,WT8-GUI,83098610,HM,Overscaled Channel detected at Tag AI_TT_008
4/24/2026 11:03:10 AM,301005,Warning,WT8-GUI,83098611,OPC,OPC Server Graybox.Simulator.1 on host localhost has not updated data in 100 minute(s).
4/24/2026 11:03:25 AM,202,Warning,WT8-GUI,83098612,HM,Overscaled Channel detected at Tag AI_Volts_Shunt_001
4/24/2026 11:03:25 AM,202,Warning,WT8-GUI,83098613,HM,Overscaled Channel detected at Tag AI_Volts_Shunt_003
4/24/2026 11:03:25 AM,202,Warning,WT8-GUI,83098614,HM,Overscaled Channel detected at Tag AI_Volts_Shunt_004
4/24/2026 11:03:25 AM,202,Warning,WT8-GUI,83098615,HM,Overscaled Channel detected at Tag AI_TK_003
4/24/2026 11:03:25 AM,202,Warning,WT8-GUI,83098616,HM,Overscaled Channel detected at Tag AI_TT_002
4/24/2026 11:03:25 AM,202,Warning,WT8-GUI,83098617,HM,Overscaled Channel detected at Tag AI_TT_029
4/24/2026 11:03:25 AM,202,Warning,WT8-GUI,83098618,HM,Overscaled Channel detected at Tag AI_TT_030
4/24/2026 11:03:25 AM,202,Warning,WT8-GUI,83098619,HM,Overscaled Channel detected at Tag AI_TT_003
4/24/2026 11:03:25 AM,202,Warning,WT8-GUI,83098620,HM,Overscaled Channel detected at Tag AI_TK_020
4/24/2026 11:03:25 AM,202,Warning,WT8-GUI,83098621,HM,Overscaled Channel detected at Tag AI_TK_021
4/24/2026 11:03:25 AM,202,Warning,WT8-GUI,83098622,HM,Overscaled Channel detected at Tag AI_TK_022
4/24/2026 11:03:25 AM,202,Warning,WT8-GUI,83098623,HM,Overscaled Channel detected at Tag AI_TK_023
4/24/2026 11:03:26 AM,202,Warning,WT8-GUI,83098624,HM,Overscaled Channel detected at Tag AI_TK_024
4/24/2026 11:03:26 AM,202,Warning,WT8-GUI,83098625,HM,Overscaled Channel detected at Tag AI_TK_025
4/24/2026 11:03:26 AM,202,Warning,WT8-GUI,83098626,HM,Overscaled Channel detected at Tag AI_TK_026
4/24/2026 11:03:26 AM,202,Warning,WT8-GUI,83098627,HM,Overscaled Channel detected at Tag AI_TK_027
4/24/2026 11:03:26 AM,202,Warning,WT8-GUI,83098628,HM,Overscaled Channel detected at Tag AI_TK_028
4/24/2026 11:03:26 AM,202,Warning,WT8-GUI,83098629,HM,Overscaled Channel detected at Tag AI_TK_002
4/24/2026 11:03:26 AM,202,Warning,WT8-GUI,83098630,HM,Overscaled Channel detected at Tag AI_TK_029
4/24/2026 11:03:26 AM,202,Warning,WT8-GUI,83098631,HM,Overscaled Channel detected at Tag AI_TK_030
4/24/2026 11:03:26 AM,202,Warning,WT8-GUI,83098632,HM,Overscaled Channel detected at Tag AI_TK_004
4/24/2026 11:03:26 AM,202,Warning,WT8-GUI,83098633,HM,Overscaled Channel detected at Tag AI_TK_005
4/24/2026 11:03:26 AM,202,Warning,WT8-GUI,83098634,HM,Overscaled Channel detected at Tag AI_TK_006
4/24/2026 11:03:26 AM,202,Warning,WT8-GUI,83098635,HM,Overscaled Channel detected at Tag AI_TK_007
4/24/2026 11:03:26 AM,202,Warning,WT8-GUI,83098636,HM,Overscaled Channel detected at Tag AI_TK_008
4/24/2026 11:03:26 AM,202,Warning,WT8-GUI,83098637,HM,Overscaled Channel detected at Tag AI_Volts_Shunt_000
4/24/2026 11:03:26 AM,202,Warning,WT8-GUI,83098638,HM,Overscaled Channel detected at Tag AI_TT_015
4/24/2026 11:03:26 AM,202,Warning,WT8-GUI,83098639,HM,Overscaled Channel detected at Tag AI_TT_016
4/24/2026 11:03:26 AM,202,Warning,WT8-GUI,83098640,HM,Overscaled Channel detected at Tag AI_TT_017
4/24/2026 11:03:26 AM,202,Warning,WT8-GUI,83098641,HM,Overscaled Channel detected at Tag AI_TT_018
4/24/2026 11:03:26 AM,202,Warning,WT8-GUI,83098642,HM,Overscaled Channel detected at Tag AI_TT_001
4/24/2026 11:03:26 AM,202,Warning,WT8-GUI,83098643,HM,Overscaled Channel detected at Tag AI_TT_019
4/24/2026 11:03:26 AM,202,Warning,WT8-GUI,83098644,HM,Overscaled Channel detected at Tag AI_TT_020
4/24/2026 11:03:26 AM,202,Warning,WT8-GUI,83098645,HM,Overscaled Channel detected at Tag AI_TT_021
4/24/2026 11:03:26 AM,202,Warning,WT8-GUI,83098646,HM,Overscaled Channel detected at Tag AI_TT_022
4/24/2026 11:03:26 AM,202,Warning,WT8-GUI,83098647,HM,Overscaled Channel detected at Tag AI_TT_023
4/24/2026 11:03:26 AM,202,Warning,WT8-GUI,83098648,HM,Overscaled Channel detected at Tag AI_TT_024
4/24/2026 11:03:26 AM,202,Warning,WT8-GUI,83098649,HM,Overscaled Channel detected at Tag AI_TT_025
4/24/2026 11:03:26 AM,202,Warning,WT8-GUI,83098650,HM,Overscaled Channel detected at Tag AI_TT_026
4/24/2026 11:03:26 AM,202,Warning,WT8-GUI,83098651,HM,Overscaled Channel detected at Tag AI_TT_027
4/24/2026 11:03:26 AM,202,Warning,WT8-GUI,83098652,HM,Overscaled Channel detected at Tag AI_TT_028
4/24/2026 11:03:26 AM,202,Warning,WT8-GUI,83098653,HM,Overscaled Channel detected at Tag AI_TT_004
4/24/2026 11:03:26 AM,202,Warning,WT8-GUI,83098654,HM,Overscaled Channel detected at Tag AI_TT_005
4/24/2026 11:03:26 AM,202,Warning,WT8-GUI,83098655,HM,Overscaled Channel detected at Tag AI_TK_000
4/24/2026 11:03:26 AM,202,Warning,WT8-GUI,83098656,HM,Overscaled Channel detected at Tag AI_TK_009
4/24/2026 11:03:26 AM,202,Warning,WT8-GUI,83098657,HM,Overscaled Channel detected at Tag AI_TK_010
4/24/2026 11:03:26 AM,202,Warning,WT8-GUI,83098658,HM,Overscaled Channel detected at Tag AI_TK_011
4/24/2026 11:03:26 AM,202,Warning,WT8-GUI,83098659,HM,Overscaled Channel detected at Tag AI_TK_012
4/24/2026 11:03:26 AM,202,Warning,WT8-GUI,83098660,HM,Overscaled Channel detected at Tag AI_TK_013
4/24/2026 11:03:26 AM,202,Warning,WT8-GUI,83098661,HM,Overscaled Channel detected at Tag AI_TK_014
4/24/2026 11:03:26 AM,202,Warning,WT8-GUI,83098662,HM,Overscaled Channel detected at Tag AI_TK_015
4/24/2026 11:03:26 AM,202,Warning,WT8-GUI,83098663,HM,Overscaled Channel detected at Tag AI_TK_016
4/24/2026 11:03:26 AM,202,Warning,WT8-GUI,83098664,HM,Overscaled Channel detected at Tag AI_TK_017
4/24/2026 11:03:26 AM,202,Warning,WT8-GUI,83098665,HM,Overscaled Channel detected at Tag AI_TK_018
4/24/2026 11:03:26 AM,202,Warning,WT8-GUI,83098666,HM,Overscaled Channel detected at Tag AI_TK_001
4/24/2026 11:03:26 AM,202,Warning,WT8-GUI,83098667,HM,Overscaled Channel detected at Tag AI_TK_019
4/24/2026 11:03:26 AM,202,Warning,WT8-GUI,83098668,HM,Overscaled Channel detected at Tag AI_Volts_Shunt_006
4/24/2026 11:03:26 AM,202,Warning,WT8-GUI,83098669,HM,Overscaled Channel detected at Tag AI_Volts_Shunt_007
4/24/2026 11:03:26 AM,202,Warning,WT8-GUI,83098670,HM,Overscaled Channel detected at Tag AI_Volts_Shunt_008
4/24/2026 11:03:26 AM,202,Warning,WT8-GUI,83098671,HM,Overscaled Channel detected at Tag AI_Volts_Shunt_009
4/24/2026 11:03:26 AM,202,Warning,WT8-GUI,83098672,HM,Overscaled Channel detected at Tag AI_Volts_Shunt_010
4/24/2026 11:03:26 AM,202,Warning,WT8-GUI,83098673,HM,Overscaled Channel detected at Tag AI_Volts_Shunt_011
4/24/2026 11:03:26 AM,202,Warning,WT8-GUI,83098674,HM,Overscaled Channel detected at Tag AI_Volts_Shunt_012
4/24/2026 11:03:26 AM,202,Warning,WT8-GUI,83098675,HM,Overscaled Channel detected at Tag AI_Volts_Shunt_013
4/24/2026 11:03:26 AM,202,Warning,WT8-GUI,83098676,HM,Overscaled Channel detected at Tag AI_Volts_Shunt_014
4/24/2026 11:03:26 AM,202,Warning,WT8-GUI,83098677,HM,Overscaled Channel detected at Tag AI_Volts_Shunt_015
4/24/2026 11:03:26 AM,202,Warning,WT8-GUI,83098678,HM,Overscaled Channel detected at Tag AI_Strain_000
4/24/2026 11:03:26 AM,202,Warning,WT8-GUI,83098679,HM,Overscaled Channel detected at Tag AI_Strain_001
4/24/2026 11:03:26 AM,202,Warning,WT8-GUI,83098680,HM,Overscaled Channel detected at Tag AI_Strain_002
4/24/2026 11:03:26 AM,202,Warning,WT8-GUI,83098681,HM,Overscaled Channel detected at Tag AI_Strain_003
4/24/2026 11:03:26 AM,202,Warning,WT8-GUI,83098682,HM,Overscaled Channel detected at Tag AI_Strain_004
4/24/2026 11:03:26 AM,202,Warning,WT8-GUI,83098683,HM,Overscaled Channel detected at Tag AI_Strain_005
4/24/2026 11:03:26 AM,202,Warning,WT8-GUI,83098684,HM,Overscaled Channel detected at Tag AI_Strain_006
4/24/2026 11:03:26 AM,202,Warning,WT8-GUI,83098685,HM,Overscaled Channel detected at Tag AI_Strain_007
4/24/2026 11:03:26 AM,202,Warning,WT8-GUI,83098686,HM,Overscaled Channel detected at Tag AI_TT_000
4/24/2026 11:03:26 AM,202,Warning,WT8-GUI,83098687,HM,Overscaled Channel detected at Tag AI_TT_009
4/24/2026 11:03:26 AM,202,Warning,WT8-GUI,83098688,HM,Overscaled Channel detected at Tag AI_TT_010
4/24/2026 11:03:26 AM,202,Warning,WT8-GUI,83098689,HM,Overscaled Channel detected at Tag AI_TT_011
4/24/2026 11:03:26 AM,202,Warning,WT8-GUI,83098690,HM,Overscaled Channel detected at Tag AI_TT_012
4/24/2026 11:03:26 AM,202,Warning,WT8-GUI,83098691,HM,Overscaled Channel detected at Tag AI_TT_013
4/24/2026 11:03:26 AM,202,Warning,WT8-GUI,83098692,HM,Overscaled Channel detected at Tag AI_TT_014
4/24/2026 11:03:26 AM,202,Warning,WT8-GUI,83098693,HM,Overscaled Channel detected at Tag AI_TT_006
4/24/2026 11:03:26 AM,202,Warning,WT8-GUI,83098694,HM,Overscaled Channel detected at Tag AI_TT_007
4/24/2026 11:03:26 AM,202,Warning,WT8-GUI,83098695,HM,Overscaled Channel detected at Tag AI_TT_008
4/24/2026 11:04:10 AM,301005,Warning,WT8-GUI,83098696,OPC,OPC Server Graybox.Simulator.1 on host localhost has not updated data in 101 minute(s).
4/24/2026 11:04:25 AM,202,Warning,WT8-GUI,83098697,HM,Overscaled Channel detected at Tag AI_Volts_Shunt_001
4/24/2026 11:04:25 AM,202,Warning,WT8-GUI,83098698,HM,Overscaled Channel detected at Tag AI_Volts_Shunt_003
4/24/2026 11:04:25 AM,202,Warning,WT8-GUI,83098699,HM,Overscaled Channel detected at Tag AI_Volts_Shunt_004
4/24/2026 11:04:25 AM,202,Warning,WT8-GUI,83098700,HM,Overscaled Channel detected at Tag AI_TT_002
4/24/2026 11:04:25 AM,202,Warning,WT8-GUI,83098701,HM,Overscaled Channel detected at Tag AI_TT_029
4/24/2026 11:04:25 AM,202,Warning,WT8-GUI,83098702,HM,Overscaled Channel detected at Tag AI_TT_030
4/24/2026 11:04:25 AM,202,Warning,WT8-GUI,83098703,HM,Overscaled Channel detected at Tag AI_TK_003
4/24/2026 11:04:25 AM,202,Warning,WT8-GUI,83098704,HM,Overscaled Channel detected at Tag AI_TT_003
4/24/2026 11:04:26 AM,202,Warning,WT8-GUI,83098705,HM,Overscaled Channel detected at Tag AI_TK_020
4/24/2026 11:04:26 AM,202,Warning,WT8-GUI,83098706,HM,Overscaled Channel detected at Tag AI_TK_021
4/24/2026 11:04:26 AM,202,Warning,WT8-GUI,83098707,HM,Overscaled Channel detected at Tag AI_TK_022
4/24/2026 11:04:26 AM,202,Warning,WT8-GUI,83098708,HM,Overscaled Channel detected at Tag AI_TK_023
4/24/2026 11:04:26 AM,202,Warning,WT8-GUI,83098709,HM,Overscaled Channel detected at Tag AI_TK_024
4/24/2026 11:04:26 AM,202,Warning,WT8-GUI,83098710,HM,Overscaled Channel detected at Tag AI_TK_025
4/24/2026 11:04:26 AM,202,Warning,WT8-GUI,83098711,HM,Overscaled Channel detected at Tag AI_TK_026
4/24/2026 11:04:26 AM,202,Warning,WT8-GUI,83098712,HM,Overscaled Channel detected at Tag AI_TK_027
4/24/2026 11:04:26 AM,202,Warning,WT8-GUI,83098713,HM,Overscaled Channel detected at Tag AI_TK_028
4/24/2026 11:04:26 AM,202,Warning,WT8-GUI,83098714,HM,Overscaled Channel detected at Tag AI_TK_002
4/24/2026 11:04:26 AM,202,Warning,WT8-GUI,83098715,HM,Overscaled Channel detected at Tag AI_TK_029
4/24/2026 11:04:26 AM,202,Warning,WT8-GUI,83098716,HM,Overscaled Channel detected at Tag AI_TK_030
4/24/2026 11:04:26 AM,202,Warning,WT8-GUI,83098717,HM,Overscaled Channel detected at Tag AI_TK_004
4/24/2026 11:04:26 AM,202,Warning,WT8-GUI,83098718,HM,Overscaled Channel detected at Tag AI_TK_005
4/24/2026 11:04:26 AM,202,Warning,WT8-GUI,83098719,HM,Overscaled Channel detected at Tag AI_TK_006
4/24/2026 11:04:26 AM,202,Warning,WT8-GUI,83098720,HM,Overscaled Channel detected at Tag AI_TK_007
4/24/2026 11:04:26 AM,202,Warning,WT8-GUI,83098721,HM,Overscaled Channel detected at Tag AI_TK_008
4/24/2026 11:04:26 AM,202,Warning,WT8-GUI,83098722,HM,Overscaled Channel detected at Tag AI_Volts_Shunt_000
4/24/2026 11:04:26 AM,202,Warning,WT8-GUI,83098723,HM,Overscaled Channel detected at Tag AI_TT_015
4/24/2026 11:04:26 AM,202,Warning,WT8-GUI,83098724,HM,Overscaled Channel detected at Tag AI_TT_016
4/24/2026 11:04:26 AM,202,Warning,WT8-GUI,83098725,HM,Overscaled Channel detected at Tag AI_TT_017
4/24/2026 11:04:26 AM,202,Warning,WT8-GUI,83098726,HM,Overscaled Channel detected at Tag AI_TT_018
4/24/2026 11:04:26 AM,202,Warning,WT8-GUI,83098727,HM,Overscaled Channel detected at Tag AI_TT_001
4/24/2026 11:04:26 AM,202,Warning,WT8-GUI,83098728,HM,Overscaled Channel detected at Tag AI_TT_019
4/24/2026 11:04:26 AM,202,Warning,WT8-GUI,83098729,HM,Overscaled Channel detected at Tag AI_TT_020
4/24/2026 11:04:26 AM,202,Warning,WT8-GUI,83098730,HM,Overscaled Channel detected at Tag AI_TT_021
4/24/2026 11:04:26 AM,202,Warning,WT8-GUI,83098731,HM,Overscaled Channel detected at Tag AI_TT_022
4/24/2026 11:04:26 AM,202,Warning,WT8-GUI,83098732,HM,Overscaled Channel detected at Tag AI_TT_023
4/24/2026 11:04:26 AM,202,Warning,WT8-GUI,83098733,HM,Overscaled Channel detected at Tag AI_TT_024
4/24/2026 11:04:26 AM,202,Warning,WT8-GUI,83098734,HM,Overscaled Channel detected at Tag AI_TT_025
4/24/2026 11:04:26 AM,202,Warning,WT8-GUI,83098735,HM,Overscaled Channel detected at Tag AI_TT_026
4/24/2026 11:04:26 AM,202,Warning,WT8-GUI,83098736,HM,Overscaled Channel detected at Tag AI_TT_027
4/24/2026 11:04:26 AM,202,Warning,WT8-GUI,83098737,HM,Overscaled Channel detected at Tag AI_TT_028
4/24/2026 11:04:26 AM,202,Warning,WT8-GUI,83098738,HM,Overscaled Channel detected at Tag AI_TT_004
4/24/2026 11:04:26 AM,202,Warning,WT8-GUI,83098739,HM,Overscaled Channel detected at Tag AI_TT_005
4/24/2026 11:04:26 AM,202,Warning,WT8-GUI,83098740,HM,Overscaled Channel detected at Tag AI_TK_000
4/24/2026 11:04:26 AM,202,Warning,WT8-GUI,83098741,HM,Overscaled Channel detected at Tag AI_TK_009
4/24/2026 11:04:26 AM,202,Warning,WT8-GUI,83098742,HM,Overscaled Channel detected at Tag AI_TK_010
4/24/2026 11:04:26 AM,202,Warning,WT8-GUI,83098743,HM,Overscaled Channel detected at Tag AI_TK_011
4/24/2026 11:04:26 AM,202,Warning,WT8-GUI,83098744,HM,Overscaled Channel detected at Tag AI_TK_012
4/24/2026 11:04:26 AM,202,Warning,WT8-GUI,83098745,HM,Overscaled Channel detected at Tag AI_TK_013
4/24/2026 11:04:26 AM,202,Warning,WT8-GUI,83098746,HM,Overscaled Channel detected at Tag AI_TK_014
4/24/2026 11:04:26 AM,202,Warning,WT8-GUI,83098747,HM,Overscaled Channel detected at Tag AI_TK_015
4/24/2026 11:04:26 AM,202,Warning,WT8-GUI,83098748,HM,Overscaled Channel detected at Tag AI_TK_016
4/24/2026 11:04:26 AM,202,Warning,WT8-GUI,83098749,HM,Overscaled Channel detected at Tag AI_TK_017
4/24/2026 11:04:26 AM,202,Warning,WT8-GUI,83098750,HM,Overscaled Channel detected at Tag AI_TK_018
4/24/2026 11:04:26 AM,202,Warning,WT8-GUI,83098751,HM,Overscaled Channel detected at Tag AI_TK_001
4/24/2026 11:04:26 AM,202,Warning,WT8-GUI,83098752,HM,Overscaled Channel detected at Tag AI_TK_019
4/24/2026 11:04:26 AM,202,Warning,WT8-GUI,83098753,HM,Overscaled Channel detected at Tag AI_Volts_Shunt_006
4/24/2026 11:04:26 AM,202,Warning,WT8-GUI,83098754,HM,Overscaled Channel detected at Tag AI_Volts_Shunt_007
4/24/2026 11:04:26 AM,202,Warning,WT8-GUI,83098755,HM,Overscaled Channel detected at Tag AI_Volts_Shunt_008
4/24/2026 11:04:26 AM,202,Warning,WT8-GUI,83098756,HM,Overscaled Channel detected at Tag AI_Volts_Shunt_009
4/24/2026 11:04:26 AM,202,Warning,WT8-GUI,83098757,HM,Overscaled Channel detected at Tag AI_Volts_Shunt_010
4/24/2026 11:04:26 AM,202,Warning,WT8-GUI,83098758,HM,Overscaled Channel detected at Tag AI_Volts_Shunt_011
4/24/2026 11:04:26 AM,202,Warning,WT8-GUI,83098759,HM,Overscaled Channel detected at Tag AI_Volts_Shunt_012
4/24/2026 11:04:26 AM,202,Warning,WT8-GUI,83098760,HM,Overscaled Channel detected at Tag AI_Volts_Shunt_013
4/24/2026 11:04:26 AM,202,Warning,WT8-GUI,83098761,HM,Overscaled Channel detected at Tag AI_Volts_Shunt_014
4/24/2026 11:04:26 AM,202,Warning,WT8-GUI,83098762,HM,Overscaled Channel detected at Tag AI_Volts_Shunt_015
4/24/2026 11:04:26 AM,202,Warning,WT8-GUI,83098763,HM,Overscaled Channel detected at Tag AI_Strain_000
4/24/2026 11:04:26 AM,202,Warning,WT8-GUI,83098764,HM,Overscaled Channel detected at Tag AI_Strain_001
4/24/2026 11:04:26 AM,202,Warning,WT8-GUI,83098765,HM,Overscaled Channel detected at Tag AI_Strain_002
4/24/2026 11:04:26 AM,202,Warning,WT8-GUI,83098766,HM,Overscaled Channel detected at Tag AI_Strain_003
4/24/2026 11:04:26 AM,202,Warning,WT8-GUI,83098767,HM,Overscaled Channel detected at Tag AI_Strain_004
4/24/2026 11:04:26 AM,202,Warning,WT8-GUI,83098768,HM,Overscaled Channel detected at Tag AI_Strain_005
4/24/2026 11:04:26 AM,202,Warning,WT8-GUI,83098769,HM,Overscaled Channel detected at Tag AI_Strain_006
4/24/2026 11:04:26 AM,202,Warning,WT8-GUI,83098770,HM,Overscaled Channel detected at Tag AI_Strain_007
4/24/2026 11:04:26 AM,202,Warning,WT8-GUI,83098771,HM,Overscaled Channel detected at Tag AI_TT_000
4/24/2026 11:04:26 AM,202,Warning,WT8-GUI,83098772,HM,Overscaled Channel detected at Tag AI_TT_009
4/24/2026 11:04:26 AM,202,Warning,WT8-GUI,83098773,HM,Overscaled Channel detected at Tag AI_TT_010
4/24/2026 11:04:26 AM,202,Warning,WT8-GUI,83098774,HM,Overscaled Channel detected at Tag AI_TT_011
4/24/2026 11:04:26 AM,202,Warning,WT8-GUI,83098775,HM,Overscaled Channel detected at Tag AI_TT_012
4/24/2026 11:04:26 AM,202,Warning,WT8-GUI,83098776,HM,Overscaled Channel detected at Tag AI_TT_013
4/24/2026 11:04:26 AM,202,Warning,WT8-GUI,83098777,HM,Overscaled Channel detected at Tag AI_TT_014
4/24/2026 11:04:26 AM,202,Warning,WT8-GUI,83098778,HM,Overscaled Channel detected at Tag AI_TT_006
4/24/2026 11:04:26 AM,202,Warning,WT8-GUI,83098779,HM,Overscaled Channel detected at Tag AI_TT_007
4/24/2026 11:04:26 AM,202,Warning,WT8-GUI,83098780,HM,Overscaled Channel detected at Tag AI_TT_008
4/24/2026 11:05:10 AM,301005,Warning,WT8-GUI,83098781,OPC,OPC Server Graybox.Simulator.1 on host localhost has not updated data in 102 minute(s).
4/24/2026 11:05:25 AM,202,Warning,WT8-GUI,83098782,HM,Overscaled Channel detected at Tag AI_Volts_Shunt_001
4/24/2026 11:05:25 AM,202,Warning,WT8-GUI,83098783,HM,Overscaled Channel detected at Tag AI_Volts_Shunt_003
4/24/2026 11:05:25 AM,202,Warning,WT8-GUI,83098784,HM,Overscaled Channel detected at Tag AI_Volts_Shunt_004
4/24/2026 11:05:25 AM,202,Warning,WT8-GUI,83098785,HM,Overscaled Channel detected at Tag AI_TT_002
4/24/2026 11:05:25 AM,202,Warning,WT8-GUI,83098786,HM,Overscaled Channel detected at Tag AI_TT_029
4/24/2026 11:05:25 AM,202,Warning,WT8-GUI,83098787,HM,Overscaled Channel detected at Tag AI_TT_030
4/24/2026 11:05:25 AM,202,Warning,WT8-GUI,83098788,HM,Overscaled Channel detected at Tag AI_TK_003
4/24/2026 11:05:25 AM,202,Warning,WT8-GUI,83098789,HM,Overscaled Channel detected at Tag AI_TT_003
4/24/2026 11:05:26 AM,202,Warning,WT8-GUI,83098790,HM,Overscaled Channel detected at Tag AI_TK_020
4/24/2026 11:05:26 AM,202,Warning,WT8-GUI,83098791,HM,Overscaled Channel detected at Tag AI_TK_021
4/24/2026 11:05:26 AM,202,Warning,WT8-GUI,83098792,HM,Overscaled Channel detected at Tag AI_TK_022
4/24/2026 11:05:26 AM,202,Warning,WT8-GUI,83098793,HM,Overscaled Channel detected at Tag AI_TK_023
4/24/2026 11:05:26 AM,202,Warning,WT8-GUI,83098794,HM,Overscaled Channel detected at Tag AI_TK_024
4/24/2026 11:05:26 AM,202,Warning,WT8-GUI,83098795,HM,Overscaled Channel detected at Tag AI_TK_025
4/24/2026 11:05:26 AM,202,Warning,WT8-GUI,83098796,HM,Overscaled Channel detected at Tag AI_TK_026
4/24/2026 11:05:26 AM,202,Warning,WT8-GUI,83098797,HM,Overscaled Channel detected at Tag AI_TK_027
4/24/2026 11:05:26 AM,202,Warning,WT8-GUI,83098798,HM,Overscaled Channel detected at Tag AI_TK_028
4/24/2026 11:05:26 AM,202,Warning,WT8-GUI,83098799,HM,Overscaled Channel detected at Tag AI_TK_002
4/24/2026 11:05:26 AM,202,Warning,WT8-GUI,83098800,HM,Overscaled Channel detected at Tag AI_TK_029
4/24/2026 11:05:26 AM,202,Warning,WT8-GUI,83098801,HM,Overscaled Channel detected at Tag AI_TK_030
4/24/2026 11:05:26 AM,202,Warning,WT8-GUI,83098802,HM,Overscaled Channel detected at Tag AI_TK_004
4/24/2026 11:05:26 AM,202,Warning,WT8-GUI,83098803,HM,Overscaled Channel detected at Tag AI_TK_005
4/24/2026 11:05:26 AM,202,Warning,WT8-GUI,83098804,HM,Overscaled Channel detected at Tag AI_TK_006
4/24/2026 11:05:26 AM,202,Warning,WT8-GUI,83098805,HM,Overscaled Channel detected at Tag AI_TK_007
4/24/2026 11:05:26 AM,202,Warning,WT8-GUI,83098806,HM,Overscaled Channel detected at Tag AI_TK_008
4/24/2026 11:05:26 AM,202,Warning,WT8-GUI,83098807,HM,Overscaled Channel detected at Tag AI_Volts_Shunt_000
4/24/2026 11:05:26 AM,202,Warning,WT8-GUI,83098808,HM,Overscaled Channel detected at Tag AI_TT_015
4/24/2026 11:05:26 AM,202,Warning,WT8-GUI,83098809,HM,Overscaled Channel detected at Tag AI_TT_016
4/24/2026 11:05:26 AM,202,Warning,WT8-GUI,83098810,HM,Overscaled Channel detected at Tag AI_TT_017
4/24/2026 11:05:26 AM,202,Warning,WT8-GUI,83098811,HM,Overscaled Channel detected at Tag AI_TT_018
4/24/2026 11:05:26 AM,202,Warning,WT8-GUI,83098812,HM,Overscaled Channel detected at Tag AI_TT_001
4/24/2026 11:05:26 AM,202,Warning,WT8-GUI,83098813,HM,Overscaled Channel detected at Tag AI_TT_019
4/24/2026 11:05:26 AM,202,Warning,WT8-GUI,83098814,HM,Overscaled Channel detected at Tag AI_TT_020
4/24/2026 11:05:26 AM,202,Warning,WT8-GUI,83098815,HM,Overscaled Channel detected at Tag AI_TT_021
4/24/2026 11:05:26 AM,202,Warning,WT8-GUI,83098816,HM,Overscaled Channel detected at Tag AI_TT_022
4/24/2026 11:05:26 AM,202,Warning,WT8-GUI,83098817,HM,Overscaled Channel detected at Tag AI_TT_023
4/24/2026 11:05:26 AM,202,Warning,WT8-GUI,83098818,HM,Overscaled Channel detected at Tag AI_TT_024
4/24/2026 11:05:26 AM,202,Warning,WT8-GUI,83098819,HM,Overscaled Channel detected at Tag AI_TT_025
4/24/2026 11:05:26 AM,202,Warning,WT8-GUI,83098820,HM,Overscaled Channel detected at Tag AI_TT_026
4/24/2026 11:05:26 AM,202,Warning,WT8-GUI,83098821,HM,Overscaled Channel detected at Tag AI_TT_027
4/24/2026 11:05:26 AM,202,Warning,WT8-GUI,83098822,HM,Overscaled Channel detected at Tag AI_TT_028
4/24/2026 11:05:26 AM,202,Warning,WT8-GUI,83098823,HM,Overscaled Channel detected at Tag AI_TT_004
4/24/2026 11:05:26 AM,202,Warning,WT8-GUI,83098824,HM,Overscaled Channel detected at Tag AI_TT_005
4/24/2026 11:05:26 AM,202,Warning,WT8-GUI,83098825,HM,Overscaled Channel detected at Tag AI_TK_000
4/24/2026 11:05:26 AM,202,Warning,WT8-GUI,83098826,HM,Overscaled Channel detected at Tag AI_TK_009
4/24/2026 11:05:26 AM,202,Warning,WT8-GUI,83098827,HM,Overscaled Channel detected at Tag AI_TK_010
4/24/2026 11:05:26 AM,202,Warning,WT8-GUI,83098828,HM,Overscaled Channel detected at Tag AI_TK_011
4/24/2026 11:05:26 AM,202,Warning,WT8-GUI,83098829,HM,Overscaled Channel detected at Tag AI_TK_012
4/24/2026 11:05:26 AM,202,Warning,WT8-GUI,83098830,HM,Overscaled Channel detected at Tag AI_TK_013
4/24/2026 11:05:26 AM,202,Warning,WT8-GUI,83098831,HM,Overscaled Channel detected at Tag AI_TK_014
4/24/2026 11:05:26 AM,202,Warning,WT8-GUI,83098832,HM,Overscaled Channel detected at Tag AI_TK_015
4/24/2026 11:05:26 AM,202,Warning,WT8-GUI,83098833,HM,Overscaled Channel detected at Tag AI_TK_016
4/24/2026 11:05:26 AM,202,Warning,WT8-GUI,83098834,HM,Overscaled Channel detected at Tag AI_TK_017
4/24/2026 11:05:26 AM,202,Warning,WT8-GUI,83098835,HM,Overscaled Channel detected at Tag AI_TK_018
4/24/2026 11:05:26 AM,202,Warning,WT8-GUI,83098836,HM,Overscaled Channel detected at Tag AI_TK_001
4/24/2026 11:05:26 AM,202,Warning,WT8-GUI,83098837,HM,Overscaled Channel detected at Tag AI_TK_019
4/24/2026 11:05:26 AM,202,Warning,WT8-GUI,83098838,HM,Overscaled Channel detected at Tag AI_Volts_Shunt_006
4/24/2026 11:05:26 AM,202,Warning,WT8-GUI,83098839,HM,Overscaled Channel detected at Tag AI_Volts_Shunt_007
4/24/2026 11:05:26 AM,202,Warning,WT8-GUI,83098840,HM,Overscaled Channel detected at Tag AI_Volts_Shunt_008
4/24/2026 11:05:26 AM,202,Warning,WT8-GUI,83098841,HM,Overscaled Channel detected at Tag AI_Volts_Shunt_009
4/24/2026 11:05:26 AM,202,Warning,WT8-GUI,83098842,HM,Overscaled Channel detected at Tag AI_Volts_Shunt_010
4/24/2026 11:05:26 AM,202,Warning,WT8-GUI,83098843,HM,Overscaled Channel detected at Tag AI_Volts_Shunt_011
4/24/2026 11:05:26 AM,202,Warning,WT8-GUI,83098844,HM,Overscaled Channel detected at Tag AI_Volts_Shunt_012
4/24/2026 11:05:26 AM,202,Warning,WT8-GUI,83098845,HM,Overscaled Channel detected at Tag AI_Volts_Shunt_013
4/24/2026 11:05:26 AM,202,Warning,WT8-GUI,83098846,HM,Overscaled Channel detected at Tag AI_Volts_Shunt_014
4/24/2026 11:05:26 AM,202,Warning,WT8-GUI,83098847,HM,Overscaled Channel detected at Tag AI_Volts_Shunt_015
4/24/2026 11:05:26 AM,202,Warning,WT8-GUI,83098848,HM,Overscaled Channel detected at Tag AI_Strain_000
4/24/2026 11:05:26 AM,202,Warning,WT8-GUI,83098849,HM,Overscaled Channel detected at Tag AI_Strain_001
4/24/2026 11:05:26 AM,202,Warning,WT8-GUI,83098850,HM,Overscaled Channel detected at Tag AI_Strain_002
4/24/2026 11:05:26 AM,202,Warning,WT8-GUI,83098851,HM,Overscaled Channel detected at Tag AI_Strain_003
4/24/2026 11:05:26 AM,202,Warning,WT8-GUI,83098852,HM,Overscaled Channel detected at Tag AI_Strain_004
4/24/2026 11:05:26 AM,202,Warning,WT8-GUI,83098853,HM,Overscaled Channel detected at Tag AI_Strain_005
4/24/2026 11:05:26 AM,202,Warning,WT8-GUI,83098854,HM,Overscaled Channel detected at Tag AI_Strain_006
4/24/2026 11:05:26 AM,202,Warning,WT8-GUI,83098855,HM,Overscaled Channel detected at Tag AI_Strain_007
4/24/2026 11:05:26 AM,202,Warning,WT8-GUI,83098856,HM,Overscaled Channel detected at Tag AI_TT_000
4/24/2026 11:05:26 AM,202,Warning,WT8-GUI,83098857,HM,Overscaled Channel detected at Tag AI_TT_009
4/24/2026 11:05:26 AM,202,Warning,WT8-GUI,83098858,HM,Overscaled Channel detected at Tag AI_TT_010
4/24/2026 11:05:26 AM,202,Warning,WT8-GUI,83098859,HM,Overscaled Channel detected at Tag AI_TT_011
4/24/2026 11:05:26 AM,202,Warning,WT8-GUI,83098860,HM,Overscaled Channel detected at Tag AI_TT_012
4/24/2026 11:05:26 AM,202,Warning,WT8-GUI,83098861,HM,Overscaled Channel detected at Tag AI_TT_013
4/24/2026 11:05:26 AM,202,Warning,WT8-GUI,83098862,HM,Overscaled Channel detected at Tag AI_TT_014
4/24/2026 11:05:26 AM,202,Warning,WT8-GUI,83098863,HM,Overscaled Channel detected at Tag AI_TT_006
4/24/2026 11:05:26 AM,202,Warning,WT8-GUI,83098864,HM,Overscaled Channel detected at Tag AI_TT_007
4/24/2026 11:05:26 AM,202,Warning,WT8-GUI,83098865,HM,Overscaled Channel detected at Tag AI_TT_008
4/24/2026 11:06:10 AM,301005,Warning,WT8-GUI,83098866,OPC,OPC Server Graybox.Simulator.1 on host localhost has not updated data in 103 minute(s).
4/24/2026 11:06:25 AM,202,Warning,WT8-GUI,83098867,HM,Overscaled Channel detected at Tag AI_Volts_Shunt_001
4/24/2026 11:06:25 AM,202,Warning,WT8-GUI,83098868,HM,Overscaled Channel detected at Tag AI_Volts_Shunt_003
4/24/2026 11:06:25 AM,202,Warning,WT8-GUI,83098869,HM,Overscaled Channel detected at Tag AI_Volts_Shunt_004
4/24/2026 11:06:25 AM,202,Warning,WT8-GUI,83098870,HM,Overscaled Channel detected at Tag AI_TK_003
4/24/2026 11:06:25 AM,202,Warning,WT8-GUI,83098871,HM,Overscaled Channel detected at Tag AI_TT_002
4/24/2026 11:06:25 AM,202,Warning,WT8-GUI,83098872,HM,Overscaled Channel detected at Tag AI_TT_029
4/24/2026 11:06:26 AM,202,Warning,WT8-GUI,83098873,HM,Overscaled Channel detected at Tag AI_TT_030
4/24/2026 11:06:26 AM,202,Warning,WT8-GUI,83098874,HM,Overscaled Channel detected at Tag AI_TT_003
4/24/2026 11:06:26 AM,202,Warning,WT8-GUI,83098875,HM,Overscaled Channel detected at Tag AI_TK_022
4/24/2026 11:06:26 AM,202,Warning,WT8-GUI,83098876,HM,Overscaled Channel detected at Tag AI_TK_023
4/24/2026 11:06:26 AM,202,Warning,WT8-GUI,83098877,HM,Overscaled Channel detected at Tag AI_TK_024
4/24/2026 11:06:26 AM,202,Warning,WT8-GUI,83098878,HM,Overscaled Channel detected at Tag AI_TK_025
4/24/2026 11:06:26 AM,202,Warning,WT8-GUI,83098879,HM,Overscaled Channel detected at Tag AI_TK_026
4/24/2026 11:06:26 AM,202,Warning,WT8-GUI,83098880,HM,Overscaled Channel detected at Tag AI_TK_027
4/24/2026 11:06:26 AM,202,Warning,WT8-GUI,83098881,HM,Overscaled Channel detected at Tag AI_TK_028
4/24/2026 11:06:26 AM,202,Warning,WT8-GUI,83098882,HM,Overscaled Channel detected at Tag AI_TK_002
4/24/2026 11:06:26 AM,202,Warning,WT8-GUI,83098883,HM,Overscaled Channel detected at Tag AI_TK_029
4/24/2026 11:06:26 AM,202,Warning,WT8-GUI,83098884,HM,Overscaled Channel detected at Tag AI_TK_030
4/24/2026 11:06:26 AM,202,Warning,WT8-GUI,83098885,HM,Overscaled Channel detected at Tag AI_TK_004
4/24/2026 11:06:26 AM,202,Warning,WT8-GUI,83098886,HM,Overscaled Channel detected at Tag AI_TK_005
4/24/2026 11:06:26 AM,202,Warning,WT8-GUI,83098887,HM,Overscaled Channel detected at Tag AI_TK_006
4/24/2026 11:06:26 AM,202,Warning,WT8-GUI,83098888,HM,Overscaled Channel detected at Tag AI_TK_007
4/24/2026 11:06:26 AM,202,Warning,WT8-GUI,83098889,HM,Overscaled Channel detected at Tag AI_TK_008
4/24/2026 11:06:26 AM,202,Warning,WT8-GUI,83098890,HM,Overscaled Channel detected at Tag AI_Volts_Shunt_000
4/24/2026 11:06:26 AM,202,Warning,WT8-GUI,83098891,HM,Overscaled Channel detected at Tag AI_TT_019
4/24/2026 11:06:26 AM,202,Warning,WT8-GUI,83098892,HM,Overscaled Channel detected at Tag AI_TT_020
4/24/2026 11:06:26 AM,202,Warning,WT8-GUI,83098893,HM,Overscaled Channel detected at Tag AI_TT_021
4/24/2026 11:06:26 AM,202,Warning,WT8-GUI,83098894,HM,Overscaled Channel detected at Tag AI_TT_022
4/24/2026 11:06:26 AM,202,Warning,WT8-GUI,83098895,HM,Overscaled Channel detected at Tag AI_TT_023
4/24/2026 11:06:26 AM,202,Warning,WT8-GUI,83098896,HM,Overscaled Channel detected at Tag AI_TT_024
4/24/2026 11:06:26 AM,202,Warning,WT8-GUI,83098897,HM,Overscaled Channel detected at Tag AI_TT_025
4/24/2026 11:06:26 AM,202,Warning,WT8-GUI,83098898,HM,Overscaled Channel detected at Tag AI_TT_026
4/24/2026 11:06:26 AM,202,Warning,WT8-GUI,83098899,HM,Overscaled Channel detected at Tag AI_TT_027
4/24/2026 11:06:26 AM,202,Warning,WT8-GUI,83098900,HM,Overscaled Channel detected at Tag AI_TT_028
4/24/2026 11:06:26 AM,202,Warning,WT8-GUI,83098901,HM,Overscaled Channel detected at Tag AI_TT_004
4/24/2026 11:06:26 AM,202,Warning,WT8-GUI,83098902,HM,Overscaled Channel detected at Tag AI_TT_005
4/24/2026 11:06:26 AM,202,Warning,WT8-GUI,83098903,HM,Overscaled Channel detected at Tag AI_TK_020
4/24/2026 11:06:26 AM,202,Warning,WT8-GUI,83098904,HM,Overscaled Channel detected at Tag AI_TK_021
4/24/2026 11:06:26 AM,202,Warning,WT8-GUI,83098905,HM,Overscaled Channel detected at Tag AI_TT_015
4/24/2026 11:06:26 AM,202,Warning,WT8-GUI,83098906,HM,Overscaled Channel detected at Tag AI_TT_016
4/24/2026 11:06:26 AM,202,Warning,WT8-GUI,83098907,HM,Overscaled Channel detected at Tag AI_TT_017
4/24/2026 11:06:26 AM,202,Warning,WT8-GUI,83098908,HM,Overscaled Channel detected at Tag AI_TT_018
4/24/2026 11:06:26 AM,202,Warning,WT8-GUI,83098909,HM,Overscaled Channel detected at Tag AI_TT_001
4/24/2026 11:06:26 AM,202,Warning,WT8-GUI,83098910,HM,Overscaled Channel detected at Tag AI_TK_000
4/24/2026 11:06:26 AM,202,Warning,WT8-GUI,83098911,HM,Overscaled Channel detected at Tag AI_TK_009
4/24/2026 11:06:26 AM,202,Warning,WT8-GUI,83098912,HM,Overscaled Channel detected at Tag AI_TK_010
4/24/2026 11:06:26 AM,202,Warning,WT8-GUI,83098913,HM,Overscaled Channel detected at Tag AI_TK_011
4/24/2026 11:06:26 AM,202,Warning,WT8-GUI,83098914,HM,Overscaled Channel detected at Tag AI_TK_012
4/24/2026 11:06:26 AM,202,Warning,WT8-GUI,83098915,HM,Overscaled Channel detected at Tag AI_TK_013
4/24/2026 11:06:26 AM,202,Warning,WT8-GUI,83098916,HM,Overscaled Channel detected at Tag AI_TK_014
4/24/2026 11:06:26 AM,202,Warning,WT8-GUI,83098917,HM,Overscaled Channel detected at Tag AI_TK_015
4/24/2026 11:06:26 AM,202,Warning,WT8-GUI,83098918,HM,Overscaled Channel detected at Tag AI_TK_016
4/24/2026 11:06:26 AM,202,Warning,WT8-GUI,83098919,HM,Overscaled Channel detected at Tag AI_TK_017
4/24/2026 11:06:26 AM,202,Warning,WT8-GUI,83098920,HM,Overscaled Channel detected at Tag AI_TK_018
4/24/2026 11:06:26 AM,202,Warning,WT8-GUI,83098921,HM,Overscaled Channel detected at Tag AI_TK_001
4/24/2026 11:06:26 AM,202,Warning,WT8-GUI,83098922,HM,Overscaled Channel detected at Tag AI_TK_019
4/24/2026 11:06:26 AM,202,Warning,WT8-GUI,83098923,HM,Overscaled Channel detected at Tag AI_Volts_Shunt_006
4/24/2026 11:06:26 AM,202,Warning,WT8-GUI,83098924,HM,Overscaled Channel detected at Tag AI_Volts_Shunt_007
4/24/2026 11:06:26 AM,202,Warning,WT8-GUI,83098925,HM,Overscaled Channel detected at Tag AI_Volts_Shunt_008
4/24/2026 11:06:26 AM,202,Warning,WT8-GUI,83098926,HM,Overscaled Channel detected at Tag AI_Volts_Shunt_009
4/24/2026 11:06:26 AM,202,Warning,WT8-GUI,83098927,HM,Overscaled Channel detected at Tag AI_Volts_Shunt_010
4/24/2026 11:06:26 AM,202,Warning,WT8-GUI,83098928,HM,Overscaled Channel detected at Tag AI_Volts_Shunt_011
4/24/2026 11:06:26 AM,202,Warning,WT8-GUI,83098929,HM,Overscaled Channel detected at Tag AI_Volts_Shunt_012
4/24/2026 11:06:26 AM,202,Warning,WT8-GUI,83098930,HM,Overscaled Channel detected at Tag AI_Volts_Shunt_013
4/24/2026 11:06:26 AM,202,Warning,WT8-GUI,83098931,HM,Overscaled Channel detected at Tag AI_Volts_Shunt_014
4/24/2026 11:06:26 AM,202,Warning,WT8-GUI,83098932,HM,Overscaled Channel detected at Tag AI_Volts_Shunt_015
4/24/2026 11:06:26 AM,202,Warning,WT8-GUI,83098933,HM,Overscaled Channel detected at Tag AI_Strain_000
4/24/2026 11:06:26 AM,202,Warning,WT8-GUI,83098934,HM,Overscaled Channel detected at Tag AI_Strain_001
4/24/2026 11:06:26 AM,202,Warning,WT8-GUI,83098935,HM,Overscaled Channel detected at Tag AI_Strain_002
4/24/2026 11:06:26 AM,202,Warning,WT8-GUI,83098936,HM,Overscaled Channel detected at Tag AI_Strain_003
4/24/2026 11:06:26 AM,202,Warning,WT8-GUI,83098937,HM,Overscaled Channel detected at Tag AI_Strain_004
4/24/2026 11:06:26 AM,202,Warning,WT8-GUI,83098938,HM,Overscaled Channel detected at Tag AI_Strain_005
4/24/2026 11:06:26 AM,202,Warning,WT8-GUI,83098939,HM,Overscaled Channel detected at Tag AI_Strain_006
4/24/2026 11:06:26 AM,202,Warning,WT8-GUI,83098940,HM,Overscaled Channel detected at Tag AI_Strain_007
4/24/2026 11:06:26 AM,202,Warning,WT8-GUI,83098941,HM,Overscaled Channel detected at Tag AI_TT_000
4/24/2026 11:06:26 AM,202,Warning,WT8-GUI,83098942,HM,Overscaled Channel detected at Tag AI_TT_012
4/24/2026 11:06:26 AM,202,Warning,WT8-GUI,83098943,HM,Overscaled Channel detected at Tag AI_TT_013
4/24/2026 11:06:26 AM,202,Warning,WT8-GUI,83098944,HM,Overscaled Channel detected at Tag AI_TT_014
4/24/2026 11:06:26 AM,202,Warning,WT8-GUI,83098945,HM,Overscaled Channel detected at Tag AI_TT_006
4/24/2026 11:06:26 AM,202,Warning,WT8-GUI,83098946,HM,Overscaled Channel detected at Tag AI_TT_007
4/24/2026 11:06:26 AM,202,Warning,WT8-GUI,83098947,HM,Overscaled Channel detected at Tag AI_TT_008
4/24/2026 11:06:26 AM,202,Warning,WT8-GUI,83098948,HM,Overscaled Channel detected at Tag AI_TT_009
4/24/2026 11:06:26 AM,202,Warning,WT8-GUI,83098949,HM,Overscaled Channel detected at Tag AI_TT_010
4/24/2026 11:06:26 AM,202,Warning,WT8-GUI,83098950,HM,Overscaled Channel detected at Tag AI_TT_011
4/24/2026 11:07:10 AM,301005,Warning,WT8-GUI,83098951,OPC,OPC Server Graybox.Simulator.1 on host localhost has not updated data in 104 minute(s).
4/24/2026 11:07:25 AM,202,Warning,WT8-GUI,83098952,HM,Overscaled Channel detected at Tag AI_Volts_Shunt_001
4/24/2026 11:07:25 AM,202,Warning,WT8-GUI,83098953,HM,Overscaled Channel detected at Tag AI_Volts_Shunt_003
4/24/2026 11:07:25 AM,202,Warning,WT8-GUI,83098954,HM,Overscaled Channel detected at Tag AI_Volts_Shunt_004
4/24/2026 11:07:25 AM,202,Warning,WT8-GUI,83098955,HM,Overscaled Channel detected at Tag AI_TK_003
4/24/2026 11:07:25 AM,202,Warning,WT8-GUI,83098956,HM,Overscaled Channel detected at Tag AI_TT_002
4/24/2026 11:07:25 AM,202,Warning,WT8-GUI,83098957,HM,Overscaled Channel detected at Tag AI_TT_029
4/24/2026 11:07:25 AM,202,Warning,WT8-GUI,83098958,HM,Overscaled Channel detected at Tag AI_TT_030
4/24/2026 11:07:25 AM,202,Warning,WT8-GUI,83098959,HM,Overscaled Channel detected at Tag AI_TT_003
4/24/2026 11:07:26 AM,202,Warning,WT8-GUI,83098960,HM,Overscaled Channel detected at Tag AI_TK_020
4/24/2026 11:07:26 AM,202,Warning,WT8-GUI,83098961,HM,Overscaled Channel detected at Tag AI_TK_021
4/24/2026 11:07:26 AM,202,Warning,WT8-GUI,83098962,HM,Overscaled Channel detected at Tag AI_TK_022
4/24/2026 11:07:26 AM,202,Warning,WT8-GUI,83098963,HM,Overscaled Channel detected at Tag AI_TK_023
4/24/2026 11:07:26 AM,202,Warning,WT8-GUI,83098964,HM,Overscaled Channel detected at Tag AI_TK_024
4/24/2026 11:07:26 AM,202,Warning,WT8-GUI,83098965,HM,Overscaled Channel detected at Tag AI_TK_025
4/24/2026 11:07:26 AM,202,Warning,WT8-GUI,83098966,HM,Overscaled Channel detected at Tag AI_TK_026
4/24/2026 11:07:26 AM,202,Warning,WT8-GUI,83098967,HM,Overscaled Channel detected at Tag AI_TK_027
4/24/2026 11:07:26 AM,202,Warning,WT8-GUI,83098968,HM,Overscaled Channel detected at Tag AI_TK_028
4/24/2026 11:07:26 AM,202,Warning,WT8-GUI,83098969,HM,Overscaled Channel detected at Tag AI_TK_002
4/24/2026 11:07:26 AM,202,Warning,WT8-GUI,83098970,HM,Overscaled Channel detected at Tag AI_TK_029
4/24/2026 11:07:26 AM,202,Warning,WT8-GUI,83098971,HM,Overscaled Channel detected at Tag AI_TK_030
4/24/2026 11:07:26 AM,202,Warning,WT8-GUI,83098972,HM,Overscaled Channel detected at Tag AI_TK_004
4/24/2026 11:07:26 AM,202,Warning,WT8-GUI,83098973,HM,Overscaled Channel detected at Tag AI_TK_005
4/24/2026 11:07:26 AM,202,Warning,WT8-GUI,83098974,HM,Overscaled Channel detected at Tag AI_TK_006
4/24/2026 11:07:26 AM,202,Warning,WT8-GUI,83098975,HM,Overscaled Channel detected at Tag AI_TK_007
4/24/2026 11:07:26 AM,202,Warning,WT8-GUI,83098976,HM,Overscaled Channel detected at Tag AI_TK_008
4/24/2026 11:07:26 AM,202,Warning,WT8-GUI,83098977,HM,Overscaled Channel detected at Tag AI_Volts_Shunt_000
4/24/2026 11:07:26 AM,202,Warning,WT8-GUI,83098978,HM,Overscaled Channel detected at Tag AI_TT_019
4/24/2026 11:07:26 AM,202,Warning,WT8-GUI,83098979,HM,Overscaled Channel detected at Tag AI_TT_020
4/24/2026 11:07:26 AM,202,Warning,WT8-GUI,83098980,HM,Overscaled Channel detected at Tag AI_TT_021
4/24/2026 11:07:26 AM,202,Warning,WT8-GUI,83098981,HM,Overscaled Channel detected at Tag AI_TT_022
4/24/2026 11:07:26 AM,202,Warning,WT8-GUI,83098982,HM,Overscaled Channel detected at Tag AI_TT_023
4/24/2026 11:07:26 AM,202,Warning,WT8-GUI,83098983,HM,Overscaled Channel detected at Tag AI_TT_024
4/24/2026 11:07:26 AM,202,Warning,WT8-GUI,83098984,HM,Overscaled Channel detected at Tag AI_TT_025
4/24/2026 11:07:26 AM,202,Warning,WT8-GUI,83098985,HM,Overscaled Channel detected at Tag AI_TT_026
4/24/2026 11:07:26 AM,202,Warning,WT8-GUI,83098986,HM,Overscaled Channel detected at Tag AI_TT_027
4/24/2026 11:07:26 AM,202,Warning,WT8-GUI,83098987,HM,Overscaled Channel detected at Tag AI_TT_028
4/24/2026 11:07:26 AM,202,Warning,WT8-GUI,83098988,HM,Overscaled Channel detected at Tag AI_TT_004
4/24/2026 11:07:26 AM,202,Warning,WT8-GUI,83098989,HM,Overscaled Channel detected at Tag AI_TT_005
4/24/2026 11:07:26 AM,202,Warning,WT8-GUI,83098990,HM,Overscaled Channel detected at Tag AI_TT_015
4/24/2026 11:07:26 AM,202,Warning,WT8-GUI,83098991,HM,Overscaled Channel detected at Tag AI_TT_016
4/24/2026 11:07:26 AM,202,Warning,WT8-GUI,83098992,HM,Overscaled Channel detected at Tag AI_TT_017
4/24/2026 11:07:26 AM,202,Warning,WT8-GUI,83098993,HM,Overscaled Channel detected at Tag AI_TT_018
4/24/2026 11:07:26 AM,202,Warning,WT8-GUI,83098994,HM,Overscaled Channel detected at Tag AI_TT_001
4/24/2026 11:07:26 AM,202,Warning,WT8-GUI,83098995,HM,Overscaled Channel detected at Tag AI_TK_013
4/24/2026 11:07:26 AM,202,Warning,WT8-GUI,83098996,HM,Overscaled Channel detected at Tag AI_TK_014
4/24/2026 11:07:26 AM,202,Warning,WT8-GUI,83098997,HM,Overscaled Channel detected at Tag AI_TK_015
4/24/2026 11:07:26 AM,202,Warning,WT8-GUI,83098998,HM,Overscaled Channel detected at Tag AI_TK_016
4/24/2026 11:07:26 AM,202,Warning,WT8-GUI,83098999,HM,Overscaled Channel detected at Tag AI_TK_017
4/24/2026 11:07:26 AM,202,Warning,WT8-GUI,83099000,HM,Overscaled Channel detected at Tag AI_TK_018
4/24/2026 11:07:26 AM,202,Warning,WT8-GUI,83099001,HM,Overscaled Channel detected at Tag AI_TK_001
4/24/2026 11:07:26 AM,202,Warning,WT8-GUI,83099002,HM,Overscaled Channel detected at Tag AI_TK_019
4/24/2026 11:07:26 AM,202,Warning,WT8-GUI,83099003,HM,Overscaled Channel detected at Tag AI_Volts_Shunt_006
4/24/2026 11:07:26 AM,202,Warning,WT8-GUI,83099004,HM,Overscaled Channel detected at Tag AI_Volts_Shunt_007
4/24/2026 11:07:26 AM,202,Warning,WT8-GUI,83099005,HM,Overscaled Channel detected at Tag AI_Volts_Shunt_008
4/24/2026 11:07:26 AM,202,Warning,WT8-GUI,83099006,HM,Overscaled Channel detected at Tag AI_Volts_Shunt_009
4/24/2026 11:07:26 AM,202,Warning,WT8-GUI,83099007,HM,Overscaled Channel detected at Tag AI_Volts_Shunt_010
4/24/2026 11:07:26 AM,202,Warning,WT8-GUI,83099008,HM,Overscaled Channel detected at Tag AI_Volts_Shunt_011
4/24/2026 11:07:26 AM,202,Warning,WT8-GUI,83099009,HM,Overscaled Channel detected at Tag AI_Volts_Shunt_012
4/24/2026 11:07:26 AM,202,Warning,WT8-GUI,83099010,HM,Overscaled Channel detected at Tag AI_Volts_Shunt_013
4/24/2026 11:07:26 AM,202,Warning,WT8-GUI,83099011,HM,Overscaled Channel detected at Tag AI_Volts_Shunt_014
4/24/2026 11:07:26 AM,202,Warning,WT8-GUI,83099012,HM,Overscaled Channel detected at Tag AI_Volts_Shunt_015
4/24/2026 11:07:26 AM,202,Warning,WT8-GUI,83099013,HM,Overscaled Channel detected at Tag AI_Strain_000
4/24/2026 11:07:26 AM,202,Warning,WT8-GUI,83099014,HM,Overscaled Channel detected at Tag AI_Strain_001
4/24/2026 11:07:26 AM,202,Warning,WT8-GUI,83099015,HM,Overscaled Channel detected at Tag AI_Strain_002
4/24/2026 11:07:26 AM,202,Warning,WT8-GUI,83099016,HM,Overscaled Channel detected at Tag AI_Strain_003
4/24/2026 11:07:26 AM,202,Warning,WT8-GUI,83099017,HM,Overscaled Channel detected at Tag AI_Strain_004
4/24/2026 11:07:26 AM,202,Warning,WT8-GUI,83099018,HM,Overscaled Channel detected at Tag AI_Strain_005
4/24/2026 11:07:26 AM,202,Warning,WT8-GUI,83099019,HM,Overscaled Channel detected at Tag AI_Strain_006
4/24/2026 11:07:26 AM,202,Warning,WT8-GUI,83099020,HM,Overscaled Channel detected at Tag AI_Strain_007
4/24/2026 11:07:26 AM,202,Warning,WT8-GUI,83099021,HM,Overscaled Channel detected at Tag AI_TT_000
4/24/2026 11:07:26 AM,202,Warning,WT8-GUI,83099022,HM,Overscaled Channel detected at Tag AI_TT_012
4/24/2026 11:07:26 AM,202,Warning,WT8-GUI,83099023,HM,Overscaled Channel detected at Tag AI_TT_013
4/24/2026 11:07:26 AM,202,Warning,WT8-GUI,83099024,HM,Overscaled Channel detected at Tag AI_TT_014
4/24/2026 11:07:26 AM,202,Warning,WT8-GUI,83099025,HM,Overscaled Channel detected at Tag AI_TT_006
4/24/2026 11:07:26 AM,202,Warning,WT8-GUI,83099026,HM,Overscaled Channel detected at Tag AI_TT_007
4/24/2026 11:07:26 AM,202,Warning,WT8-GUI,83099027,HM,Overscaled Channel detected at Tag AI_TT_008
4/24/2026 11:07:26 AM,202,Warning,WT8-GUI,83099028,HM,Overscaled Channel detected at Tag AI_TK_000
4/24/2026 11:07:26 AM,202,Warning,WT8-GUI,83099029,HM,Overscaled Channel detected at Tag AI_TK_009
4/24/2026 11:07:26 AM,202,Warning,WT8-GUI,83099030,HM,Overscaled Channel detected at Tag AI_TK_010
4/24/2026 11:07:26 AM,202,Warning,WT8-GUI,83099031,HM,Overscaled Channel detected at Tag AI_TK_011
4/24/2026 11:07:26 AM,202,Warning,WT8-GUI,83099032,HM,Overscaled Channel detected at Tag AI_TK_012
4/24/2026 11:07:26 AM,202,Warning,WT8-GUI,83099033,HM,Overscaled Channel detected at Tag AI_TT_009
4/24/2026 11:07:26 AM,202,Warning,WT8-GUI,83099034,HM,Overscaled Channel detected at Tag AI_TT_010
4/24/2026 11:07:26 AM,202,Warning,WT8-GUI,83099035,HM,Overscaled Channel detected at Tag AI_TT_011
4/24/2026 11:08:10 AM,301005,Warning,WT8-GUI,83099036,OPC,OPC Server Graybox.Simulator.1 on host localhost has not updated data in 105 minute(s).
4/24/2026 11:08:25 AM,202,Warning,WT8-GUI,83099037,HM,Overscaled Channel detected at Tag AI_Volts_Shunt_001
4/24/2026 11:08:25 AM,202,Warning,WT8-GUI,83099038,HM,Overscaled Channel detected at Tag AI_Volts_Shunt_003
4/24/2026 11:08:25 AM,202,Warning,WT8-GUI,83099039,HM,Overscaled Channel detected at Tag AI_Volts_Shunt_004
4/24/2026 11:08:26 AM,202,Warning,WT8-GUI,83099040,HM,Overscaled Channel detected at Tag AI_TK_003
4/24/2026 11:08:26 AM,202,Warning,WT8-GUI,83099041,HM,Overscaled Channel detected at Tag AI_TT_002
4/24/2026 11:08:26 AM,202,Warning,WT8-GUI,83099042,HM,Overscaled Channel detected at Tag AI_TT_029
4/24/2026 11:08:26 AM,202,Warning,WT8-GUI,83099043,HM,Overscaled Channel detected at Tag AI_TT_030
4/24/2026 11:08:26 AM,202,Warning,WT8-GUI,83099044,HM,Overscaled Channel detected at Tag AI_TT_003
4/24/2026 11:08:26 AM,202,Warning,WT8-GUI,83099045,HM,Overscaled Channel detected at Tag AI_TK_020
4/24/2026 11:08:26 AM,202,Warning,WT8-GUI,83099046,HM,Overscaled Channel detected at Tag AI_TK_021
4/24/2026 11:08:26 AM,202,Warning,WT8-GUI,83099047,HM,Overscaled Channel detected at Tag AI_TK_022
4/24/2026 11:08:26 AM,202,Warning,WT8-GUI,83099048,HM,Overscaled Channel detected at Tag AI_TK_023
4/24/2026 11:08:26 AM,202,Warning,WT8-GUI,83099049,HM,Overscaled Channel detected at Tag AI_TK_024
4/24/2026 11:08:26 AM,202,Warning,WT8-GUI,83099050,HM,Overscaled Channel detected at Tag AI_TK_025
4/24/2026 11:08:26 AM,202,Warning,WT8-GUI,83099051,HM,Overscaled Channel detected at Tag AI_TK_026
4/24/2026 11:08:26 AM,202,Warning,WT8-GUI,83099052,HM,Overscaled Channel detected at Tag AI_TK_027
4/24/2026 11:08:26 AM,202,Warning,WT8-GUI,83099053,HM,Overscaled Channel detected at Tag AI_TK_028
4/24/2026 11:08:26 AM,202,Warning,WT8-GUI,83099054,HM,Overscaled Channel detected at Tag AI_TK_002
4/24/2026 11:08:26 AM,202,Warning,WT8-GUI,83099055,HM,Overscaled Channel detected at Tag AI_TK_029
4/24/2026 11:08:26 AM,202,Warning,WT8-GUI,83099056,HM,Overscaled Channel detected at Tag AI_TK_030
4/24/2026 11:08:26 AM,202,Warning,WT8-GUI,83099057,HM,Overscaled Channel detected at Tag AI_TK_004
4/24/2026 11:08:26 AM,202,Warning,WT8-GUI,83099058,HM,Overscaled Channel detected at Tag AI_TK_005
4/24/2026 11:08:26 AM,202,Warning,WT8-GUI,83099059,HM,Overscaled Channel detected at Tag AI_TK_006
4/24/2026 11:08:26 AM,202,Warning,WT8-GUI,83099060,HM,Overscaled Channel detected at Tag AI_TK_007
4/24/2026 11:08:26 AM,202,Warning,WT8-GUI,83099061,HM,Overscaled Channel detected at Tag AI_TK_008
4/24/2026 11:08:26 AM,202,Warning,WT8-GUI,83099062,HM,Overscaled Channel detected at Tag AI_Volts_Shunt_000
4/24/2026 11:08:26 AM,202,Warning,WT8-GUI,83099063,HM,Overscaled Channel detected at Tag AI_TT_019
4/24/2026 11:08:26 AM,202,Warning,WT8-GUI,83099064,HM,Overscaled Channel detected at Tag AI_TT_020
4/24/2026 11:08:26 AM,202,Warning,WT8-GUI,83099065,HM,Overscaled Channel detected at Tag AI_TT_021
4/24/2026 11:08:26 AM,202,Warning,WT8-GUI,83099066,HM,Overscaled Channel detected at Tag AI_TT_022
4/24/2026 11:08:26 AM,202,Warning,WT8-GUI,83099067,HM,Overscaled Channel detected at Tag AI_TT_023
4/24/2026 11:08:26 AM,202,Warning,WT8-GUI,83099068,HM,Overscaled Channel detected at Tag AI_TT_024
4/24/2026 11:08:26 AM,202,Warning,WT8-GUI,83099069,HM,Overscaled Channel detected at Tag AI_TT_025
4/24/2026 11:08:26 AM,202,Warning,WT8-GUI,83099070,HM,Overscaled Channel detected at Tag AI_TT_026
4/24/2026 11:08:26 AM,202,Warning,WT8-GUI,83099071,HM,Overscaled Channel detected at Tag AI_TT_027
4/24/2026 11:08:26 AM,202,Warning,WT8-GUI,83099072,HM,Overscaled Channel detected at Tag AI_TT_028
4/24/2026 11:08:26 AM,202,Warning,WT8-GUI,83099073,HM,Overscaled Channel detected at Tag AI_TT_004
4/24/2026 11:08:26 AM,202,Warning,WT8-GUI,83099074,HM,Overscaled Channel detected at Tag AI_TT_005
4/24/2026 11:08:26 AM,202,Warning,WT8-GUI,83099075,HM,Overscaled Channel detected at Tag AI_TT_015
4/24/2026 11:08:26 AM,202,Warning,WT8-GUI,83099076,HM,Overscaled Channel detected at Tag AI_TT_016
4/24/2026 11:08:26 AM,202,Warning,WT8-GUI,83099077,HM,Overscaled Channel detected at Tag AI_TT_017
4/24/2026 11:08:26 AM,202,Warning,WT8-GUI,83099078,HM,Overscaled Channel detected at Tag AI_TT_018
4/24/2026 11:08:26 AM,202,Warning,WT8-GUI,83099079,HM,Overscaled Channel detected at Tag AI_TT_001
4/24/2026 11:08:26 AM,202,Warning,WT8-GUI,83099080,HM,Overscaled Channel detected at Tag AI_TK_013
4/24/2026 11:08:26 AM,202,Warning,WT8-GUI,83099081,HM,Overscaled Channel detected at Tag AI_TK_014
4/24/2026 11:08:26 AM,202,Warning,WT8-GUI,83099082,HM,Overscaled Channel detected at Tag AI_TK_015
4/24/2026 11:08:26 AM,202,Warning,WT8-GUI,83099083,HM,Overscaled Channel detected at Tag AI_TK_016
4/24/2026 11:08:26 AM,202,Warning,WT8-GUI,83099084,HM,Overscaled Channel detected at Tag AI_TK_017
4/24/2026 11:08:26 AM,202,Warning,WT8-GUI,83099085,HM,Overscaled Channel detected at Tag AI_TK_018
4/24/2026 11:08:26 AM,202,Warning,WT8-GUI,83099086,HM,Overscaled Channel detected at Tag AI_TK_001
4/24/2026 11:08:26 AM,202,Warning,WT8-GUI,83099087,HM,Overscaled Channel detected at Tag AI_TK_019
4/24/2026 11:08:26 AM,202,Warning,WT8-GUI,83099088,HM,Overscaled Channel detected at Tag AI_Volts_Shunt_006
4/24/2026 11:08:26 AM,202,Warning,WT8-GUI,83099089,HM,Overscaled Channel detected at Tag AI_Volts_Shunt_007
4/24/2026 11:08:26 AM,202,Warning,WT8-GUI,83099090,HM,Overscaled Channel detected at Tag AI_Volts_Shunt_008
4/24/2026 11:08:26 AM,202,Warning,WT8-GUI,83099091,HM,Overscaled Channel detected at Tag AI_Volts_Shunt_009
4/24/2026 11:08:26 AM,202,Warning,WT8-GUI,83099092,HM,Overscaled Channel detected at Tag AI_Volts_Shunt_010
4/24/2026 11:08:26 AM,202,Warning,WT8-GUI,83099093,HM,Overscaled Channel detected at Tag AI_Volts_Shunt_011
4/24/2026 11:08:26 AM,202,Warning,WT8-GUI,83099094,HM,Overscaled Channel detected at Tag AI_Volts_Shunt_012
4/24/2026 11:08:26 AM,202,Warning,WT8-GUI,83099095,HM,Overscaled Channel detected at Tag AI_Volts_Shunt_013
4/24/2026 11:08:26 AM,202,Warning,WT8-GUI,83099096,HM,Overscaled Channel detected at Tag AI_Volts_Shunt_014
4/24/2026 11:08:26 AM,202,Warning,WT8-GUI,83099097,HM,Overscaled Channel detected at Tag AI_Volts_Shunt_015
4/24/2026 11:08:26 AM,202,Warning,WT8-GUI,83099098,HM,Overscaled Channel detected at Tag AI_Strain_000
4/24/2026 11:08:26 AM,202,Warning,WT8-GUI,83099099,HM,Overscaled Channel detected at Tag AI_Strain_001
4/24/2026 11:08:26 AM,202,Warning,WT8-GUI,83099100,HM,Overscaled Channel detected at Tag AI_Strain_002
4/24/2026 11:08:26 AM,202,Warning,WT8-GUI,83099101,HM,Overscaled Channel detected at Tag AI_Strain_003
4/24/2026 11:08:26 AM,202,Warning,WT8-GUI,83099102,HM,Overscaled Channel detected at Tag AI_Strain_004
4/24/2026 11:08:26 AM,202,Warning,WT8-GUI,83099103,HM,Overscaled Channel detected at Tag AI_Strain_005
4/24/2026 11:08:26 AM,202,Warning,WT8-GUI,83099104,HM,Overscaled Channel detected at Tag AI_Strain_006
4/24/2026 11:08:26 AM,202,Warning,WT8-GUI,83099105,HM,Overscaled Channel detected at Tag AI_Strain_007
4/24/2026 11:08:26 AM,202,Warning,WT8-GUI,83099106,HM,Overscaled Channel detected at Tag AI_TT_000
4/24/2026 11:08:26 AM,202,Warning,WT8-GUI,83099107,HM,Overscaled Channel detected at Tag AI_TT_012
4/24/2026 11:08:26 AM,202,Warning,WT8-GUI,83099108,HM,Overscaled Channel detected at Tag AI_TT_013
4/24/2026 11:08:26 AM,202,Warning,WT8-GUI,83099109,HM,Overscaled Channel detected at Tag AI_TT_014
4/24/2026 11:08:26 AM,202,Warning,WT8-GUI,83099110,HM,Overscaled Channel detected at Tag AI_TT_006
4/24/2026 11:08:26 AM,202,Warning,WT8-GUI,83099111,HM,Overscaled Channel detected at Tag AI_TT_007
4/24/2026 11:08:26 AM,202,Warning,WT8-GUI,83099112,HM,Overscaled Channel detected at Tag AI_TT_008
4/24/2026 11:08:26 AM,202,Warning,WT8-GUI,83099113,HM,Overscaled Channel detected at Tag AI_TK_000
4/24/2026 11:08:26 AM,202,Warning,WT8-GUI,83099114,HM,Overscaled Channel detected at Tag AI_TK_009
4/24/2026 11:08:26 AM,202,Warning,WT8-GUI,83099115,HM,Overscaled Channel detected at Tag AI_TK_010
4/24/2026 11:08:26 AM,202,Warning,WT8-GUI,83099116,HM,Overscaled Channel detected at Tag AI_TK_011
4/24/2026 11:08:26 AM,202,Warning,WT8-GUI,83099117,HM,Overscaled Channel detected at Tag AI_TK_012
4/24/2026 11:08:26 AM,202,Warning,WT8-GUI,83099118,HM,Overscaled Channel detected at Tag AI_TT_009
4/24/2026 11:08:26 AM,202,Warning,WT8-GUI,83099119,HM,Overscaled Channel detected at Tag AI_TT_010
4/24/2026 11:08:26 AM,202,Warning,WT8-GUI,83099120,HM,Overscaled Channel detected at Tag AI_TT_011
4/24/2026 11:08:53 AM,97,Info,WT8-GUI,83099121,DATASTORE,"Group 1 (Record 1) data storage initiated:  Duration Continuous, Samples to Average 1, Rate 0 min 1.00 secs ."
4/24/2026 11:09:10 AM,301005,Warning,WT8-GUI,83099122,OPC,OPC Server Graybox.Simulator.1 on host localhost has not updated data in 106 minute(s).
4/24/2026 11:09:25 AM,202,Warning,WT8-GUI,83099123,HM,Overscaled Channel detected at Tag AI_Volts_Shunt_001
4/24/2026 11:09:25 AM,202,Warning,WT8-GUI,83099124,HM,Overscaled Channel detected at Tag AI_Volts_Shunt_003
4/24/2026 11:09:25 AM,202,Warning,WT8-GUI,83099125,HM,Overscaled Channel detected at Tag AI_Volts_Shunt_004
4/24/2026 11:09:26 AM,202,Warning,WT8-GUI,83099126,HM,Overscaled Channel detected at Tag AI_TK_003
4/24/2026 11:09:26 AM,202,Warning,WT8-GUI,83099127,HM,Overscaled Channel detected at Tag AI_TT_002
4/24/2026 11:09:26 AM,202,Warning,WT8-GUI,83099128,HM,Overscaled Channel detected at Tag AI_TT_029
4/24/2026 11:09:26 AM,202,Warning,WT8-GUI,83099129,HM,Overscaled Channel detected at Tag AI_TT_030
4/24/2026 11:09:26 AM,202,Warning,WT8-GUI,83099130,HM,Overscaled Channel detected at Tag AI_TT_003
4/24/2026 11:09:26 AM,202,Warning,WT8-GUI,83099131,HM,Overscaled Channel detected at Tag AI_TK_020
4/24/2026 11:09:26 AM,202,Warning,WT8-GUI,83099132,HM,Overscaled Channel detected at Tag AI_TK_021
4/24/2026 11:09:26 AM,202,Warning,WT8-GUI,83099133,HM,Overscaled Channel detected at Tag AI_TK_022
4/24/2026 11:09:26 AM,202,Warning,WT8-GUI,83099134,HM,Overscaled Channel detected at Tag AI_TK_023
4/24/2026 11:09:26 AM,202,Warning,WT8-GUI,83099135,HM,Overscaled Channel detected at Tag AI_TK_024
4/24/2026 11:09:26 AM,202,Warning,WT8-GUI,83099136,HM,Overscaled Channel detected at Tag AI_TK_025
4/24/2026 11:09:26 AM,202,Warning,WT8-GUI,83099137,HM,Overscaled Channel detected at Tag AI_TK_026
4/24/2026 11:09:26 AM,202,Warning,WT8-GUI,83099138,HM,Overscaled Channel detected at Tag AI_TK_027
4/24/2026 11:09:26 AM,202,Warning,WT8-GUI,83099139,HM,Overscaled Channel detected at Tag AI_TK_028
4/24/2026 11:09:26 AM,202,Warning,WT8-GUI,83099140,HM,Overscaled Channel detected at Tag AI_TK_002
4/24/2026 11:09:26 AM,202,Warning,WT8-GUI,83099141,HM,Overscaled Channel detected at Tag AI_TK_029
4/24/2026 11:09:26 AM,202,Warning,WT8-GUI,83099142,HM,Overscaled Channel detected at Tag AI_TK_030
4/24/2026 11:09:26 AM,202,Warning,WT8-GUI,83099143,HM,Overscaled Channel detected at Tag AI_TK_004
4/24/2026 11:09:26 AM,202,Warning,WT8-GUI,83099144,HM,Overscaled Channel detected at Tag AI_TK_005
4/24/2026 11:09:26 AM,202,Warning,WT8-GUI,83099145,HM,Overscaled Channel detected at Tag AI_TK_006
4/24/2026 11:09:26 AM,202,Warning,WT8-GUI,83099146,HM,Overscaled Channel detected at Tag AI_TK_007
4/24/2026 11:09:26 AM,202,Warning,WT8-GUI,83099147,HM,Overscaled Channel detected at Tag AI_TK_008
4/24/2026 11:09:26 AM,202,Warning,WT8-GUI,83099148,HM,Overscaled Channel detected at Tag AI_Volts_Shunt_000
4/24/2026 11:09:26 AM,202,Warning,WT8-GUI,83099149,HM,Overscaled Channel detected at Tag AI_TT_019
4/24/2026 11:09:26 AM,202,Warning,WT8-GUI,83099150,HM,Overscaled Channel detected at Tag AI_TT_020
4/24/2026 11:09:26 AM,202,Warning,WT8-GUI,83099151,HM,Overscaled Channel detected at Tag AI_TT_021
4/24/2026 11:09:26 AM,202,Warning,WT8-GUI,83099152,HM,Overscaled Channel detected at Tag AI_TT_022
4/24/2026 11:09:26 AM,202,Warning,WT8-GUI,83099153,HM,Overscaled Channel detected at Tag AI_TT_023
4/24/2026 11:09:26 AM,202,Warning,WT8-GUI,83099154,HM,Overscaled Channel detected at Tag AI_TT_024
4/24/2026 11:09:26 AM,202,Warning,WT8-GUI,83099155,HM,Overscaled Channel detected at Tag AI_TT_025
4/24/2026 11:09:26 AM,202,Warning,WT8-GUI,83099156,HM,Overscaled Channel detected at Tag AI_TT_026
4/24/2026 11:09:26 AM,202,Warning,WT8-GUI,83099157,HM,Overscaled Channel detected at Tag AI_TT_027
4/24/2026 11:09:26 AM,202,Warning,WT8-GUI,83099158,HM,Overscaled Channel detected at Tag AI_TT_028
4/24/2026 11:09:26 AM,202,Warning,WT8-GUI,83099159,HM,Overscaled Channel detected at Tag AI_TT_004
4/24/2026 11:09:26 AM,202,Warning,WT8-GUI,83099160,HM,Overscaled Channel detected at Tag AI_TT_005
4/24/2026 11:09:26 AM,202,Warning,WT8-GUI,83099161,HM,Overscaled Channel detected at Tag AI_TT_015
4/24/2026 11:09:26 AM,202,Warning,WT8-GUI,83099162,HM,Overscaled Channel detected at Tag AI_TT_016
4/24/2026 11:09:26 AM,202,Warning,WT8-GUI,83099163,HM,Overscaled Channel detected at Tag AI_TT_017
4/24/2026 11:09:26 AM,202,Warning,WT8-GUI,83099164,HM,Overscaled Channel detected at Tag AI_TT_018
4/24/2026 11:09:26 AM,202,Warning,WT8-GUI,83099165,HM,Overscaled Channel detected at Tag AI_TT_001
4/24/2026 11:09:26 AM,202,Warning,WT8-GUI,83099166,HM,Overscaled Channel detected at Tag AI_TK_013
4/24/2026 11:09:26 AM,202,Warning,WT8-GUI,83099167,HM,Overscaled Channel detected at Tag AI_TK_014
4/24/2026 11:09:26 AM,202,Warning,WT8-GUI,83099168,HM,Overscaled Channel detected at Tag AI_TK_015
4/24/2026 11:09:26 AM,202,Warning,WT8-GUI,83099169,HM,Overscaled Channel detected at Tag AI_TK_016
4/24/2026 11:09:26 AM,202,Warning,WT8-GUI,83099170,HM,Overscaled Channel detected at Tag AI_TK_017
4/24/2026 11:09:26 AM,202,Warning,WT8-GUI,83099171,HM,Overscaled Channel detected at Tag AI_TK_018
4/24/2026 11:09:26 AM,202,Warning,WT8-GUI,83099172,HM,Overscaled Channel detected at Tag AI_TK_001
4/24/2026 11:09:26 AM,202,Warning,WT8-GUI,83099173,HM,Overscaled Channel detected at Tag AI_TK_019
4/24/2026 11:09:26 AM,202,Warning,WT8-GUI,83099174,HM,Overscaled Channel detected at Tag AI_Volts_Shunt_006
4/24/2026 11:09:26 AM,202,Warning,WT8-GUI,83099175,HM,Overscaled Channel detected at Tag AI_Volts_Shunt_007
4/24/2026 11:09:26 AM,202,Warning,WT8-GUI,83099176,HM,Overscaled Channel detected at Tag AI_Volts_Shunt_008
4/24/2026 11:09:26 AM,202,Warning,WT8-GUI,83099177,HM,Overscaled Channel detected at Tag AI_Volts_Shunt_009
4/24/2026 11:09:26 AM,202,Warning,WT8-GUI,83099178,HM,Overscaled Channel detected at Tag AI_Volts_Shunt_010
4/24/2026 11:09:26 AM,202,Warning,WT8-GUI,83099179,HM,Overscaled Channel detected at Tag AI_Volts_Shunt_011
4/24/2026 11:09:26 AM,202,Warning,WT8-GUI,83099180,HM,Overscaled Channel detected at Tag AI_Volts_Shunt_012
4/24/2026 11:09:26 AM,202,Warning,WT8-GUI,83099181,HM,Overscaled Channel detected at Tag AI_Volts_Shunt_013
4/24/2026 11:09:26 AM,202,Warning,WT8-GUI,83099182,HM,Overscaled Channel detected at Tag AI_Volts_Shunt_014
4/24/2026 11:09:26 AM,202,Warning,WT8-GUI,83099183,HM,Overscaled Channel detected at Tag AI_Volts_Shunt_015
4/24/2026 11:09:26 AM,202,Warning,WT8-GUI,83099184,HM,Overscaled Channel detected at Tag AI_Strain_000
4/24/2026 11:09:26 AM,202,Warning,WT8-GUI,83099185,HM,Overscaled Channel detected at Tag AI_Strain_001
4/24/2026 11:09:26 AM,202,Warning,WT8-GUI,83099186,HM,Overscaled Channel detected at Tag AI_Strain_002
4/24/2026 11:09:26 AM,202,Warning,WT8-GUI,83099187,HM,Overscaled Channel detected at Tag AI_Strain_003
4/24/2026 11:09:26 AM,202,Warning,WT8-GUI,83099188,HM,Overscaled Channel detected at Tag AI_Strain_004
4/24/2026 11:09:26 AM,202,Warning,WT8-GUI,83099189,HM,Overscaled Channel detected at Tag AI_Strain_005
4/24/2026 11:09:26 AM,202,Warning,WT8-GUI,83099190,HM,Overscaled Channel detected at Tag AI_Strain_006
4/24/2026 11:09:26 AM,202,Warning,WT8-GUI,83099191,HM,Overscaled Channel detected at Tag AI_Strain_007
4/24/2026 11:09:26 AM,202,Warning,WT8-GUI,83099192,HM,Overscaled Channel detected at Tag AI_TT_000
4/24/2026 11:09:26 AM,202,Warning,WT8-GUI,83099193,HM,Overscaled Channel detected at Tag AI_TT_012
4/24/2026 11:09:26 AM,202,Warning,WT8-GUI,83099194,HM,Overscaled Channel detected at Tag AI_TT_013
4/24/2026 11:09:26 AM,202,Warning,WT8-GUI,83099195,HM,Overscaled Channel detected at Tag AI_TT_014
4/24/2026 11:09:26 AM,202,Warning,WT8-GUI,83099196,HM,Overscaled Channel detected at Tag AI_TT_006
4/24/2026 11:09:26 AM,202,Warning,WT8-GUI,83099197,HM,Overscaled Channel detected at Tag AI_TT_007
4/24/2026 11:09:26 AM,202,Warning,WT8-GUI,83099198,HM,Overscaled Channel detected at Tag AI_TT_008
4/24/2026 11:09:26 AM,202,Warning,WT8-GUI,83099199,HM,Overscaled Channel detected at Tag AI_TK_000
4/24/2026 11:09:26 AM,202,Warning,WT8-GUI,83099200,HM,Overscaled Channel detected at Tag AI_TK_009
4/24/2026 11:09:26 AM,202,Warning,WT8-GUI,83099201,HM,Overscaled Channel detected at Tag AI_TK_010
4/24/2026 11:09:26 AM,202,Warning,WT8-GUI,83099202,HM,Overscaled Channel detected at Tag AI_TK_011
4/24/2026 11:09:26 AM,202,Warning,WT8-GUI,83099203,HM,Overscaled Channel detected at Tag AI_TK_012
4/24/2026 11:09:26 AM,202,Warning,WT8-GUI,83099204,HM,Overscaled Channel detected at Tag AI_TT_009
4/24/2026 11:09:26 AM,202,Warning,WT8-GUI,83099205,HM,Overscaled Channel detected at Tag AI_TT_010
4/24/2026 11:09:26 AM,202,Warning,WT8-GUI,83099206,HM,Overscaled Channel detected at Tag AI_TT_011
4/24/2026 11:10:10 AM,301005,Warning,WT8-GUI,83099207,OPC,OPC Server Graybox.Simulator.1 on host localhost has not updated data in 107 minute(s).
4/24/2026 11:10:25 AM,202,Warning,WT8-GUI,83099208,HM,Overscaled Channel detected at Tag AI_Volts_Shunt_001
4/24/2026 11:10:25 AM,202,Warning,WT8-GUI,83099209,HM,Overscaled Channel detected at Tag AI_Volts_Shunt_003
4/24/2026 11:10:25 AM,202,Warning,WT8-GUI,83099210,HM,Overscaled Channel detected at Tag AI_Volts_Shunt_004
4/24/2026 11:10:26 AM,202,Warning,WT8-GUI,83099211,HM,Overscaled Channel detected at Tag AI_TK_003
4/24/2026 11:10:26 AM,202,Warning,WT8-GUI,83099212,HM,Overscaled Channel detected at Tag AI_TT_002
4/24/2026 11:10:26 AM,202,Warning,WT8-GUI,83099213,HM,Overscaled Channel detected at Tag AI_TT_029
4/24/2026 11:10:26 AM,202,Warning,WT8-GUI,83099214,HM,Overscaled Channel detected at Tag AI_TT_030
4/24/2026 11:10:26 AM,202,Warning,WT8-GUI,83099215,HM,Overscaled Channel detected at Tag AI_TT_003
4/24/2026 11:10:26 AM,202,Warning,WT8-GUI,83099216,HM,Overscaled Channel detected at Tag AI_TK_020
4/24/2026 11:10:26 AM,202,Warning,WT8-GUI,83099217,HM,Overscaled Channel detected at Tag AI_TK_021
4/24/2026 11:10:26 AM,202,Warning,WT8-GUI,83099218,HM,Overscaled Channel detected at Tag AI_TK_022
4/24/2026 11:10:26 AM,202,Warning,WT8-GUI,83099219,HM,Overscaled Channel detected at Tag AI_TK_023
4/24/2026 11:10:26 AM,202,Warning,WT8-GUI,83099220,HM,Overscaled Channel detected at Tag AI_TK_024
4/24/2026 11:10:26 AM,202,Warning,WT8-GUI,83099221,HM,Overscaled Channel detected at Tag AI_TK_025
4/24/2026 11:10:26 AM,202,Warning,WT8-GUI,83099222,HM,Overscaled Channel detected at Tag AI_TK_026
4/24/2026 11:10:26 AM,202,Warning,WT8-GUI,83099223,HM,Overscaled Channel detected at Tag AI_TK_027
4/24/2026 11:10:26 AM,202,Warning,WT8-GUI,83099224,HM,Overscaled Channel detected at Tag AI_TK_028
4/24/2026 11:10:26 AM,202,Warning,WT8-GUI,83099225,HM,Overscaled Channel detected at Tag AI_TK_002
4/24/2026 11:10:26 AM,202,Warning,WT8-GUI,83099226,HM,Overscaled Channel detected at Tag AI_TK_029
4/24/2026 11:10:26 AM,202,Warning,WT8-GUI,83099227,HM,Overscaled Channel detected at Tag AI_TK_030
4/24/2026 11:10:26 AM,202,Warning,WT8-GUI,83099228,HM,Overscaled Channel detected at Tag AI_TK_004
4/24/2026 11:10:26 AM,202,Warning,WT8-GUI,83099229,HM,Overscaled Channel detected at Tag AI_TK_005
4/24/2026 11:10:26 AM,202,Warning,WT8-GUI,83099230,HM,Overscaled Channel detected at Tag AI_TK_006
4/24/2026 11:10:26 AM,202,Warning,WT8-GUI,83099231,HM,Overscaled Channel detected at Tag AI_TK_007
4/24/2026 11:10:26 AM,202,Warning,WT8-GUI,83099232,HM,Overscaled Channel detected at Tag AI_TK_008
4/24/2026 11:10:26 AM,202,Warning,WT8-GUI,83099233,HM,Overscaled Channel detected at Tag AI_Volts_Shunt_000
4/24/2026 11:10:26 AM,202,Warning,WT8-GUI,83099234,HM,Overscaled Channel detected at Tag AI_TT_019
4/24/2026 11:10:26 AM,202,Warning,WT8-GUI,83099235,HM,Overscaled Channel detected at Tag AI_TT_020
4/24/2026 11:10:26 AM,202,Warning,WT8-GUI,83099236,HM,Overscaled Channel detected at Tag AI_TT_021
4/24/2026 11:10:26 AM,202,Warning,WT8-GUI,83099237,HM,Overscaled Channel detected at Tag AI_TT_022
4/24/2026 11:10:26 AM,202,Warning,WT8-GUI,83099238,HM,Overscaled Channel detected at Tag AI_TT_023
4/24/2026 11:10:26 AM,202,Warning,WT8-GUI,83099239,HM,Overscaled Channel detected at Tag AI_TT_024
4/24/2026 11:10:26 AM,202,Warning,WT8-GUI,83099240,HM,Overscaled Channel detected at Tag AI_TT_025
4/24/2026 11:10:26 AM,202,Warning,WT8-GUI,83099241,HM,Overscaled Channel detected at Tag AI_TT_026
4/24/2026 11:10:26 AM,202,Warning,WT8-GUI,83099242,HM,Overscaled Channel detected at Tag AI_TT_027
4/24/2026 11:10:26 AM,202,Warning,WT8-GUI,83099243,HM,Overscaled Channel detected at Tag AI_TT_028
4/24/2026 11:10:26 AM,202,Warning,WT8-GUI,83099244,HM,Overscaled Channel detected at Tag AI_TT_004
4/24/2026 11:10:26 AM,202,Warning,WT8-GUI,83099245,HM,Overscaled Channel detected at Tag AI_TT_005
4/24/2026 11:10:26 AM,202,Warning,WT8-GUI,83099246,HM,Overscaled Channel detected at Tag AI_TT_015
4/24/2026 11:10:26 AM,202,Warning,WT8-GUI,83099247,HM,Overscaled Channel detected at Tag AI_TT_016
4/24/2026 11:10:26 AM,202,Warning,WT8-GUI,83099248,HM,Overscaled Channel detected at Tag AI_TT_017
4/24/2026 11:10:26 AM,202,Warning,WT8-GUI,83099249,HM,Overscaled Channel detected at Tag AI_TT_018
4/24/2026 11:10:26 AM,202,Warning,WT8-GUI,83099250,HM,Overscaled Channel detected at Tag AI_TT_001
4/24/2026 11:10:26 AM,202,Warning,WT8-GUI,83099251,HM,Overscaled Channel detected at Tag AI_TK_013
4/24/2026 11:10:26 AM,202,Warning,WT8-GUI,83099252,HM,Overscaled Channel detected at Tag AI_TK_014
4/24/2026 11:10:26 AM,202,Warning,WT8-GUI,83099253,HM,Overscaled Channel detected at Tag AI_TK_015
4/24/2026 11:10:26 AM,202,Warning,WT8-GUI,83099254,HM,Overscaled Channel detected at Tag AI_TK_016
4/24/2026 11:10:26 AM,202,Warning,WT8-GUI,83099255,HM,Overscaled Channel detected at Tag AI_TK_017
4/24/2026 11:10:26 AM,202,Warning,WT8-GUI,83099256,HM,Overscaled Channel detected at Tag AI_TK_018
4/24/2026 11:10:26 AM,202,Warning,WT8-GUI,83099257,HM,Overscaled Channel detected at Tag AI_TK_001
4/24/2026 11:10:26 AM,202,Warning,WT8-GUI,83099258,HM,Overscaled Channel detected at Tag AI_TK_019
4/24/2026 11:10:26 AM,202,Warning,WT8-GUI,83099259,HM,Overscaled Channel detected at Tag AI_Volts_Shunt_006
4/24/2026 11:10:26 AM,202,Warning,WT8-GUI,83099260,HM,Overscaled Channel detected at Tag AI_Volts_Shunt_007
4/24/2026 11:10:26 AM,202,Warning,WT8-GUI,83099261,HM,Overscaled Channel detected at Tag AI_Volts_Shunt_008
4/24/2026 11:10:26 AM,202,Warning,WT8-GUI,83099262,HM,Overscaled Channel detected at Tag AI_Volts_Shunt_009
4/24/2026 11:10:26 AM,202,Warning,WT8-GUI,83099263,HM,Overscaled Channel detected at Tag AI_Volts_Shunt_010
4/24/2026 11:10:26 AM,202,Warning,WT8-GUI,83099264,HM,Overscaled Channel detected at Tag AI_Volts_Shunt_011
4/24/2026 11:10:26 AM,202,Warning,WT8-GUI,83099265,HM,Overscaled Channel detected at Tag AI_Volts_Shunt_012
4/24/2026 11:10:26 AM,202,Warning,WT8-GUI,83099266,HM,Overscaled Channel detected at Tag AI_Volts_Shunt_013
4/24/2026 11:10:26 AM,202,Warning,WT8-GUI,83099267,HM,Overscaled Channel detected at Tag AI_Volts_Shunt_014
4/24/2026 11:10:26 AM,202,Warning,WT8-GUI,83099268,HM,Overscaled Channel detected at Tag AI_Volts_Shunt_015
4/24/2026 11:10:26 AM,202,Warning,WT8-GUI,83099269,HM,Overscaled Channel detected at Tag AI_Strain_000
4/24/2026 11:10:26 AM,202,Warning,WT8-GUI,83099270,HM,Overscaled Channel detected at Tag AI_Strain_001
4/24/2026 11:10:26 AM,202,Warning,WT8-GUI,83099271,HM,Overscaled Channel detected at Tag AI_Strain_002
4/24/2026 11:10:26 AM,202,Warning,WT8-GUI,83099272,HM,Overscaled Channel detected at Tag AI_Strain_003
4/24/2026 11:10:26 AM,202,Warning,WT8-GUI,83099273,HM,Overscaled Channel detected at Tag AI_Strain_004
4/24/2026 11:10:26 AM,202,Warning,WT8-GUI,83099274,HM,Overscaled Channel detected at Tag AI_Strain_005
4/24/2026 11:10:26 AM,202,Warning,WT8-GUI,83099275,HM,Overscaled Channel detected at Tag AI_Strain_006
4/24/2026 11:10:26 AM,202,Warning,WT8-GUI,83099276,HM,Overscaled Channel detected at Tag AI_Strain_007
4/24/2026 11:10:26 AM,202,Warning,WT8-GUI,83099277,HM,Overscaled Channel detected at Tag AI_TT_000
4/24/2026 11:10:26 AM,202,Warning,WT8-GUI,83099278,HM,Overscaled Channel detected at Tag AI_TT_012
4/24/2026 11:10:26 AM,202,Warning,WT8-GUI,83099279,HM,Overscaled Channel detected at Tag AI_TT_013
4/24/2026 11:10:26 AM,202,Warning,WT8-GUI,83099280,HM,Overscaled Channel detected at Tag AI_TT_014
4/24/2026 11:10:26 AM,202,Warning,WT8-GUI,83099281,HM,Overscaled Channel detected at Tag AI_TT_006
4/24/2026 11:10:26 AM,202,Warning,WT8-GUI,83099282,HM,Overscaled Channel detected at Tag AI_TT_007
4/24/2026 11:10:26 AM,202,Warning,WT8-GUI,83099283,HM,Overscaled Channel detected at Tag AI_TT_008
4/24/2026 11:10:26 AM,202,Warning,WT8-GUI,83099284,HM,Overscaled Channel detected at Tag AI_TK_000
4/24/2026 11:10:26 AM,202,Warning,WT8-GUI,83099285,HM,Overscaled Channel detected at Tag AI_TK_009
4/24/2026 11:10:26 AM,202,Warning,WT8-GUI,83099286,HM,Overscaled Channel detected at Tag AI_TK_010
4/24/2026 11:10:26 AM,202,Warning,WT8-GUI,83099287,HM,Overscaled Channel detected at Tag AI_TK_011
4/24/2026 11:10:26 AM,202,Warning,WT8-GUI,83099288,HM,Overscaled Channel detected at Tag AI_TK_012
4/24/2026 11:10:26 AM,202,Warning,WT8-GUI,83099289,HM,Overscaled Channel detected at Tag AI_TT_009
4/24/2026 11:10:26 AM,202,Warning,WT8-GUI,83099290,HM,Overscaled Channel detected at Tag AI_TT_010
4/24/2026 11:10:26 AM,202,Warning,WT8-GUI,83099291,HM,Overscaled Channel detected at Tag AI_TT_011
4/24/2026 11:10:31 AM,0,Debug,WT8-GUI,83099292,BALANCE,"Sent balance command ""SetYaw#3.100000#2.000000""."
4/24/2026 11:11:10 AM,301005,Warning,WT8-GUI,83099293,OPC,OPC Server Graybox.Simulator.1 on host localhost has not updated data in 108 minute(s).
4/24/2026 11:11:25 AM,202,Warning,WT8-GUI,83099294,HM,Overscaled Channel detected at Tag AI_Volts_Shunt_001
4/24/2026 11:11:25 AM,202,Warning,WT8-GUI,83099295,HM,Overscaled Channel detected at Tag AI_Volts_Shunt_003
4/24/2026 11:11:25 AM,202,Warning,WT8-GUI,83099296,HM,Overscaled Channel detected at Tag AI_Volts_Shunt_004
4/24/2026 11:11:26 AM,202,Warning,WT8-GUI,83099297,HM,Overscaled Channel detected at Tag AI_TK_003
4/24/2026 11:11:26 AM,202,Warning,WT8-GUI,83099298,HM,Overscaled Channel detected at Tag AI_TT_002
4/24/2026 11:11:26 AM,202,Warning,WT8-GUI,83099299,HM,Overscaled Channel detected at Tag AI_TT_029
4/24/2026 11:11:26 AM,202,Warning,WT8-GUI,83099300,HM,Overscaled Channel detected at Tag AI_TT_030
4/24/2026 11:11:26 AM,202,Warning,WT8-GUI,83099301,HM,Overscaled Channel detected at Tag AI_TT_003
4/24/2026 11:11:26 AM,202,Warning,WT8-GUI,83099302,HM,Overscaled Channel detected at Tag AI_TK_020
4/24/2026 11:11:26 AM,202,Warning,WT8-GUI,83099303,HM,Overscaled Channel detected at Tag AI_TK_021
4/24/2026 11:11:26 AM,202,Warning,WT8-GUI,83099304,HM,Overscaled Channel detected at Tag AI_TK_022
4/24/2026 11:11:26 AM,202,Warning,WT8-GUI,83099305,HM,Overscaled Channel detected at Tag AI_TK_023
4/24/2026 11:11:26 AM,202,Warning,WT8-GUI,83099306,HM,Overscaled Channel detected at Tag AI_TK_024
4/24/2026 11:11:26 AM,202,Warning,WT8-GUI,83099307,HM,Overscaled Channel detected at Tag AI_TK_025
4/24/2026 11:11:26 AM,202,Warning,WT8-GUI,83099308,HM,Overscaled Channel detected at Tag AI_TK_026
4/24/2026 11:11:26 AM,202,Warning,WT8-GUI,83099309,HM,Overscaled Channel detected at Tag AI_TK_027
4/24/2026 11:11:26 AM,202,Warning,WT8-GUI,83099310,HM,Overscaled Channel detected at Tag AI_TK_028
4/24/2026 11:11:26 AM,202,Warning,WT8-GUI,83099311,HM,Overscaled Channel detected at Tag AI_TK_002
4/24/2026 11:11:26 AM,202,Warning,WT8-GUI,83099312,HM,Overscaled Channel detected at Tag AI_TK_029
4/24/2026 11:11:26 AM,202,Warning,WT8-GUI,83099313,HM,Overscaled Channel detected at Tag AI_TK_030
4/24/2026 11:11:26 AM,202,Warning,WT8-GUI,83099314,HM,Overscaled Channel detected at Tag AI_TK_004
4/24/2026 11:11:26 AM,202,Warning,WT8-GUI,83099315,HM,Overscaled Channel detected at Tag AI_TK_005
4/24/2026 11:11:26 AM,202,Warning,WT8-GUI,83099316,HM,Overscaled Channel detected at Tag AI_TK_006
4/24/2026 11:11:26 AM,202,Warning,WT8-GUI,83099317,HM,Overscaled Channel detected at Tag AI_TK_007
4/24/2026 11:11:26 AM,202,Warning,WT8-GUI,83099318,HM,Overscaled Channel detected at Tag AI_TK_008
4/24/2026 11:11:26 AM,202,Warning,WT8-GUI,83099319,HM,Overscaled Channel detected at Tag AI_Volts_Shunt_000
4/24/2026 11:11:26 AM,202,Warning,WT8-GUI,83099320,HM,Overscaled Channel detected at Tag AI_TT_019
4/24/2026 11:11:26 AM,202,Warning,WT8-GUI,83099321,HM,Overscaled Channel detected at Tag AI_TT_020
4/24/2026 11:11:26 AM,202,Warning,WT8-GUI,83099322,HM,Overscaled Channel detected at Tag AI_TT_021
4/24/2026 11:11:26 AM,202,Warning,WT8-GUI,83099323,HM,Overscaled Channel detected at Tag AI_TT_022
4/24/2026 11:11:26 AM,202,Warning,WT8-GUI,83099324,HM,Overscaled Channel detected at Tag AI_TT_023
4/24/2026 11:11:26 AM,202,Warning,WT8-GUI,83099325,HM,Overscaled Channel detected at Tag AI_TT_024
4/24/2026 11:11:26 AM,202,Warning,WT8-GUI,83099326,HM,Overscaled Channel detected at Tag AI_TT_025
4/24/2026 11:11:26 AM,202,Warning,WT8-GUI,83099327,HM,Overscaled Channel detected at Tag AI_TT_026
4/24/2026 11:11:26 AM,202,Warning,WT8-GUI,83099328,HM,Overscaled Channel detected at Tag AI_TT_027
4/24/2026 11:11:26 AM,202,Warning,WT8-GUI,83099329,HM,Overscaled Channel detected at Tag AI_TT_028
4/24/2026 11:11:26 AM,202,Warning,WT8-GUI,83099330,HM,Overscaled Channel detected at Tag AI_TT_004
4/24/2026 11:11:26 AM,202,Warning,WT8-GUI,83099331,HM,Overscaled Channel detected at Tag AI_TT_005
4/24/2026 11:11:26 AM,202,Warning,WT8-GUI,83099332,HM,Overscaled Channel detected at Tag AI_TT_015
4/24/2026 11:11:26 AM,202,Warning,WT8-GUI,83099333,HM,Overscaled Channel detected at Tag AI_TT_016
4/24/2026 11:11:26 AM,202,Warning,WT8-GUI,83099334,HM,Overscaled Channel detected at Tag AI_TT_017
4/24/2026 11:11:26 AM,202,Warning,WT8-GUI,83099335,HM,Overscaled Channel detected at Tag AI_TT_018
4/24/2026 11:11:26 AM,202,Warning,WT8-GUI,83099336,HM,Overscaled Channel detected at Tag AI_TT_001
4/24/2026 11:11:26 AM,202,Warning,WT8-GUI,83099337,HM,Overscaled Channel detected at Tag AI_Volts_Shunt_006
4/24/2026 11:11:26 AM,202,Warning,WT8-GUI,83099338,HM,Overscaled Channel detected at Tag AI_Volts_Shunt_007
4/24/2026 11:11:26 AM,202,Warning,WT8-GUI,83099339,HM,Overscaled Channel detected at Tag AI_Volts_Shunt_008
4/24/2026 11:11:26 AM,202,Warning,WT8-GUI,83099340,HM,Overscaled Channel detected at Tag AI_Volts_Shunt_009
4/24/2026 11:11:26 AM,202,Warning,WT8-GUI,83099341,HM,Overscaled Channel detected at Tag AI_Volts_Shunt_010
4/24/2026 11:11:26 AM,202,Warning,WT8-GUI,83099342,HM,Overscaled Channel detected at Tag AI_Volts_Shunt_011
4/24/2026 11:11:26 AM,202,Warning,WT8-GUI,83099343,HM,Overscaled Channel detected at Tag AI_Volts_Shunt_012
4/24/2026 11:11:26 AM,202,Warning,WT8-GUI,83099344,HM,Overscaled Channel detected at Tag AI_Volts_Shunt_013
4/24/2026 11:11:26 AM,202,Warning,WT8-GUI,83099345,HM,Overscaled Channel detected at Tag AI_Volts_Shunt_014
4/24/2026 11:11:26 AM,202,Warning,WT8-GUI,83099346,HM,Overscaled Channel detected at Tag AI_Volts_Shunt_015
4/24/2026 11:11:26 AM,202,Warning,WT8-GUI,83099347,HM,Overscaled Channel detected at Tag AI_Strain_000
4/24/2026 11:11:26 AM,202,Warning,WT8-GUI,83099348,HM,Overscaled Channel detected at Tag AI_Strain_001
4/24/2026 11:11:26 AM,202,Warning,WT8-GUI,83099349,HM,Overscaled Channel detected at Tag AI_Strain_002
4/24/2026 11:11:26 AM,202,Warning,WT8-GUI,83099350,HM,Overscaled Channel detected at Tag AI_Strain_003
4/24/2026 11:11:26 AM,202,Warning,WT8-GUI,83099351,HM,Overscaled Channel detected at Tag AI_Strain_004
4/24/2026 11:11:26 AM,202,Warning,WT8-GUI,83099352,HM,Overscaled Channel detected at Tag AI_Strain_005
4/24/2026 11:11:26 AM,202,Warning,WT8-GUI,83099353,HM,Overscaled Channel detected at Tag AI_Strain_006
4/24/2026 11:11:26 AM,202,Warning,WT8-GUI,83099354,HM,Overscaled Channel detected at Tag AI_Strain_007
4/24/2026 11:11:26 AM,202,Warning,WT8-GUI,83099355,HM,Overscaled Channel detected at Tag AI_TT_000
4/24/2026 11:11:26 AM,202,Warning,WT8-GUI,83099356,HM,Overscaled Channel detected at Tag AI_TT_012
4/24/2026 11:11:26 AM,202,Warning,WT8-GUI,83099357,HM,Overscaled Channel detected at Tag AI_TT_013
4/24/2026 11:11:26 AM,202,Warning,WT8-GUI,83099358,HM,Overscaled Channel detected at Tag AI_TT_014
4/24/2026 11:11:26 AM,202,Warning,WT8-GUI,83099359,HM,Overscaled Channel detected at Tag AI_TT_006
4/24/2026 11:11:26 AM,202,Warning,WT8-GUI,83099360,HM,Overscaled Channel detected at Tag AI_TT_007
4/24/2026 11:11:26 AM,202,Warning,WT8-GUI,83099361,HM,Overscaled Channel detected at Tag AI_TT_008
4/24/2026 11:11:26 AM,202,Warning,WT8-GUI,83099362,HM,Overscaled Channel detected at Tag AI_TK_013
4/24/2026 11:11:26 AM,202,Warning,WT8-GUI,83099363,HM,Overscaled Channel detected at Tag AI_TK_014
4/24/2026 11:11:26 AM,202,Warning,WT8-GUI,83099364,HM,Overscaled Channel detected at Tag AI_TK_015
4/24/2026 11:11:26 AM,202,Warning,WT8-GUI,83099365,HM,Overscaled Channel detected at Tag AI_TK_016
4/24/2026 11:11:26 AM,202,Warning,WT8-GUI,83099366,HM,Overscaled Channel detected at Tag AI_TK_017
4/24/2026 11:11:26 AM,202,Warning,WT8-GUI,83099367,HM,Overscaled Channel detected at Tag AI_TK_018
4/24/2026 11:11:26 AM,202,Warning,WT8-GUI,83099368,HM,Overscaled Channel detected at Tag AI_TK_001
4/24/2026 11:11:26 AM,202,Warning,WT8-GUI,83099369,HM,Overscaled Channel detected at Tag AI_TK_019
4/24/2026 11:11:26 AM,202,Warning,WT8-GUI,83099370,HM,Overscaled Channel detected at Tag AI_TK_000
4/24/2026 11:11:26 AM,202,Warning,WT8-GUI,83099371,HM,Overscaled Channel detected at Tag AI_TK_009
4/24/2026 11:11:26 AM,202,Warning,WT8-GUI,83099372,HM,Overscaled Channel detected at Tag AI_TK_010
4/24/2026 11:11:26 AM,202,Warning,WT8-GUI,83099373,HM,Overscaled Channel detected at Tag AI_TK_011
4/24/2026 11:11:26 AM,202,Warning,WT8-GUI,83099374,HM,Overscaled Channel detected at Tag AI_TK_012
4/24/2026 11:11:26 AM,202,Warning,WT8-GUI,83099375,HM,Overscaled Channel detected at Tag AI_TT_009
4/24/2026 11:11:26 AM,202,Warning,WT8-GUI,83099376,HM,Overscaled Channel detected at Tag AI_TT_010
4/24/2026 11:11:26 AM,202,Warning,WT8-GUI,83099377,HM,Overscaled Channel detected at Tag AI_TT_011
4/24/2026 11:12:10 AM,301005,Warning,WT8-GUI,83099378,OPC,OPC Server Graybox.Simulator.1 on host localhost has not updated data in 109 minute(s).
4/24/2026 11:12:25 AM,202,Warning,WT8-GUI,83099379,HM,Overscaled Channel detected at Tag AI_Volts_Shunt_001
4/24/2026 11:12:25 AM,202,Warning,WT8-GUI,83099380,HM,Overscaled Channel detected at Tag AI_Volts_Shunt_003
4/24/2026 11:12:25 AM,202,Warning,WT8-GUI,83099381,HM,Overscaled Channel detected at Tag AI_Volts_Shunt_004
4/24/2026 11:12:26 AM,202,Warning,WT8-GUI,83099382,HM,Overscaled Channel detected at Tag AI_TK_003
4/24/2026 11:12:26 AM,202,Warning,WT8-GUI,83099383,HM,Overscaled Channel detected at Tag AI_TT_002
4/24/2026 11:12:26 AM,202,Warning,WT8-GUI,83099384,HM,Overscaled Channel detected at Tag AI_TT_029
4/24/2026 11:12:26 AM,202,Warning,WT8-GUI,83099385,HM,Overscaled Channel detected at Tag AI_TT_030
4/24/2026 11:12:26 AM,202,Warning,WT8-GUI,83099386,HM,Overscaled Channel detected at Tag AI_TT_003
4/24/2026 11:12:26 AM,202,Warning,WT8-GUI,83099387,HM,Overscaled Channel detected at Tag AI_TK_020
4/24/2026 11:12:26 AM,202,Warning,WT8-GUI,83099388,HM,Overscaled Channel detected at Tag AI_TK_021
4/24/2026 11:12:26 AM,202,Warning,WT8-GUI,83099389,HM,Overscaled Channel detected at Tag AI_TK_022
4/24/2026 11:12:26 AM,202,Warning,WT8-GUI,83099390,HM,Overscaled Channel detected at Tag AI_TK_023
4/24/2026 11:12:26 AM,202,Warning,WT8-GUI,83099391,HM,Overscaled Channel detected at Tag AI_TK_024
4/24/2026 11:12:26 AM,202,Warning,WT8-GUI,83099392,HM,Overscaled Channel detected at Tag AI_TK_025
4/24/2026 11:12:26 AM,202,Warning,WT8-GUI,83099393,HM,Overscaled Channel detected at Tag AI_TK_026
4/24/2026 11:12:26 AM,202,Warning,WT8-GUI,83099394,HM,Overscaled Channel detected at Tag AI_TK_027
4/24/2026 11:12:26 AM,202,Warning,WT8-GUI,83099395,HM,Overscaled Channel detected at Tag AI_TK_028
4/24/2026 11:12:26 AM,202,Warning,WT8-GUI,83099396,HM,Overscaled Channel detected at Tag AI_TK_002
4/24/2026 11:12:26 AM,202,Warning,WT8-GUI,83099397,HM,Overscaled Channel detected at Tag AI_TK_029
4/24/2026 11:12:26 AM,202,Warning,WT8-GUI,83099398,HM,Overscaled Channel detected at Tag AI_TK_030
4/24/2026 11:12:26 AM,202,Warning,WT8-GUI,83099399,HM,Overscaled Channel detected at Tag AI_TK_004
4/24/2026 11:12:26 AM,202,Warning,WT8-GUI,83099400,HM,Overscaled Channel detected at Tag AI_TK_005
4/24/2026 11:12:26 AM,202,Warning,WT8-GUI,83099401,HM,Overscaled Channel detected at Tag AI_TK_006
4/24/2026 11:12:26 AM,202,Warning,WT8-GUI,83099402,HM,Overscaled Channel detected at Tag AI_TK_007
4/24/2026 11:12:26 AM,202,Warning,WT8-GUI,83099403,HM,Overscaled Channel detected at Tag AI_TK_008
4/24/2026 11:12:26 AM,202,Warning,WT8-GUI,83099404,HM,Overscaled Channel detected at Tag AI_Volts_Shunt_000
4/24/2026 11:12:26 AM,202,Warning,WT8-GUI,83099405,HM,Overscaled Channel detected at Tag AI_TT_019
4/24/2026 11:12:26 AM,202,Warning,WT8-GUI,83099406,HM,Overscaled Channel detected at Tag AI_TT_020
4/24/2026 11:12:26 AM,202,Warning,WT8-GUI,83099407,HM,Overscaled Channel detected at Tag AI_TT_021
4/24/2026 11:12:26 AM,202,Warning,WT8-GUI,83099408,HM,Overscaled Channel detected at Tag AI_TT_022
4/24/2026 11:12:26 AM,202,Warning,WT8-GUI,83099409,HM,Overscaled Channel detected at Tag AI_TT_023
4/24/2026 11:12:26 AM,202,Warning,WT8-GUI,83099410,HM,Overscaled Channel detected at Tag AI_TT_024
4/24/2026 11:12:26 AM,202,Warning,WT8-GUI,83099411,HM,Overscaled Channel detected at Tag AI_TT_025
4/24/2026 11:12:26 AM,202,Warning,WT8-GUI,83099412,HM,Overscaled Channel detected at Tag AI_TT_026
4/24/2026 11:12:26 AM,202,Warning,WT8-GUI,83099413,HM,Overscaled Channel detected at Tag AI_TT_027
4/24/2026 11:12:26 AM,202,Warning,WT8-GUI,83099414,HM,Overscaled Channel detected at Tag AI_TT_028
4/24/2026 11:12:26 AM,202,Warning,WT8-GUI,83099415,HM,Overscaled Channel detected at Tag AI_TT_004
4/24/2026 11:12:26 AM,202,Warning,WT8-GUI,83099416,HM,Overscaled Channel detected at Tag AI_TT_005
4/24/2026 11:12:26 AM,202,Warning,WT8-GUI,83099417,HM,Overscaled Channel detected at Tag AI_TT_015
4/24/2026 11:12:26 AM,202,Warning,WT8-GUI,83099418,HM,Overscaled Channel detected at Tag AI_TT_016
4/24/2026 11:12:26 AM,202,Warning,WT8-GUI,83099419,HM,Overscaled Channel detected at Tag AI_TT_017
4/24/2026 11:12:26 AM,202,Warning,WT8-GUI,83099420,HM,Overscaled Channel detected at Tag AI_TT_018
4/24/2026 11:12:26 AM,202,Warning,WT8-GUI,83099421,HM,Overscaled Channel detected at Tag AI_TT_001
4/24/2026 11:12:26 AM,202,Warning,WT8-GUI,83099422,HM,Overscaled Channel detected at Tag AI_Volts_Shunt_006
4/24/2026 11:12:26 AM,202,Warning,WT8-GUI,83099423,HM,Overscaled Channel detected at Tag AI_Volts_Shunt_007
4/24/2026 11:12:26 AM,202,Warning,WT8-GUI,83099424,HM,Overscaled Channel detected at Tag AI_Volts_Shunt_008
4/24/2026 11:12:26 AM,202,Warning,WT8-GUI,83099425,HM,Overscaled Channel detected at Tag AI_Volts_Shunt_009
4/24/2026 11:12:26 AM,202,Warning,WT8-GUI,83099426,HM,Overscaled Channel detected at Tag AI_Volts_Shunt_010
4/24/2026 11:12:26 AM,202,Warning,WT8-GUI,83099427,HM,Overscaled Channel detected at Tag AI_Volts_Shunt_011
4/24/2026 11:12:26 AM,202,Warning,WT8-GUI,83099428,HM,Overscaled Channel detected at Tag AI_Volts_Shunt_012
4/24/2026 11:12:26 AM,202,Warning,WT8-GUI,83099429,HM,Overscaled Channel detected at Tag AI_Volts_Shunt_013
4/24/2026 11:12:26 AM,202,Warning,WT8-GUI,83099430,HM,Overscaled Channel detected at Tag AI_Volts_Shunt_014
4/24/2026 11:12:26 AM,202,Warning,WT8-GUI,83099431,HM,Overscaled Channel detected at Tag AI_Volts_Shunt_015
4/24/2026 11:12:26 AM,202,Warning,WT8-GUI,83099432,HM,Overscaled Channel detected at Tag AI_Strain_000
4/24/2026 11:12:26 AM,202,Warning,WT8-GUI,83099433,HM,Overscaled Channel detected at Tag AI_Strain_001
4/24/2026 11:12:26 AM,202,Warning,WT8-GUI,83099434,HM,Overscaled Channel detected at Tag AI_Strain_002
4/24/2026 11:12:26 AM,202,Warning,WT8-GUI,83099435,HM,Overscaled Channel detected at Tag AI_Strain_003
4/24/2026 11:12:26 AM,202,Warning,WT8-GUI,83099436,HM,Overscaled Channel detected at Tag AI_Strain_004
4/24/2026 11:12:26 AM,202,Warning,WT8-GUI,83099437,HM,Overscaled Channel detected at Tag AI_Strain_005
4/24/2026 11:12:26 AM,202,Warning,WT8-GUI,83099438,HM,Overscaled Channel detected at Tag AI_Strain_006
4/24/2026 11:12:26 AM,202,Warning,WT8-GUI,83099439,HM,Overscaled Channel detected at Tag AI_Strain_007
4/24/2026 11:12:26 AM,202,Warning,WT8-GUI,83099440,HM,Overscaled Channel detected at Tag AI_TT_000
4/24/2026 11:12:26 AM,202,Warning,WT8-GUI,83099441,HM,Overscaled Channel detected at Tag AI_TT_012
4/24/2026 11:12:26 AM,202,Warning,WT8-GUI,83099442,HM,Overscaled Channel detected at Tag AI_TT_013
4/24/2026 11:12:26 AM,202,Warning,WT8-GUI,83099443,HM,Overscaled Channel detected at Tag AI_TT_014
4/24/2026 11:12:26 AM,202,Warning,WT8-GUI,83099444,HM,Overscaled Channel detected at Tag AI_TT_006
4/24/2026 11:12:26 AM,202,Warning,WT8-GUI,83099445,HM,Overscaled Channel detected at Tag AI_TT_007
4/24/2026 11:12:26 AM,202,Warning,WT8-GUI,83099446,HM,Overscaled Channel detected at Tag AI_TT_008
4/24/2026 11:12:26 AM,202,Warning,WT8-GUI,83099447,HM,Overscaled Channel detected at Tag AI_TK_013
4/24/2026 11:12:26 AM,202,Warning,WT8-GUI,83099448,HM,Overscaled Channel detected at Tag AI_TK_014
4/24/2026 11:12:26 AM,202,Warning,WT8-GUI,83099449,HM,Overscaled Channel detected at Tag AI_TK_015
4/24/2026 11:12:26 AM,202,Warning,WT8-GUI,83099450,HM,Overscaled Channel detected at Tag AI_TK_016
4/24/2026 11:12:26 AM,202,Warning,WT8-GUI,83099451,HM,Overscaled Channel detected at Tag AI_TK_017
4/24/2026 11:12:26 AM,202,Warning,WT8-GUI,83099452,HM,Overscaled Channel detected at Tag AI_TK_018
4/24/2026 11:12:26 AM,202,Warning,WT8-GUI,83099453,HM,Overscaled Channel detected at Tag AI_TK_001
4/24/2026 11:12:26 AM,202,Warning,WT8-GUI,83099454,HM,Overscaled Channel detected at Tag AI_TK_019
4/24/2026 11:12:26 AM,202,Warning,WT8-GUI,83099455,HM,Overscaled Channel detected at Tag AI_TK_000
4/24/2026 11:12:26 AM,202,Warning,WT8-GUI,83099456,HM,Overscaled Channel detected at Tag AI_TK_009
4/24/2026 11:12:26 AM,202,Warning,WT8-GUI,83099457,HM,Overscaled Channel detected at Tag AI_TK_010
4/24/2026 11:12:26 AM,202,Warning,WT8-GUI,83099458,HM,Overscaled Channel detected at Tag AI_TK_011
4/24/2026 11:12:26 AM,202,Warning,WT8-GUI,83099459,HM,Overscaled Channel detected at Tag AI_TK_012
4/24/2026 11:12:26 AM,202,Warning,WT8-GUI,83099460,HM,Overscaled Channel detected at Tag AI_TT_009
4/24/2026 11:12:26 AM,202,Warning,WT8-GUI,83099461,HM,Overscaled Channel detected at Tag AI_TT_010
4/24/2026 11:12:26 AM,202,Warning,WT8-GUI,83099462,HM,Overscaled Channel detected at Tag AI_TT_011
4/24/2026 11:12:58 AM,0,Debug,WT8-GUI,83099463,BALANCE,"Sent balance command ""SetYaw#5.100000#2.000000""."
4/24/2026 11:13:10 AM,301005,Warning,WT8-GUI,83099464,OPC,OPC Server Graybox.Simulator.1 on host localhost has not updated data in 110 minute(s).
4/24/2026 11:13:25 AM,202,Warning,WT8-GUI,83099465,HM,Overscaled Channel detected at Tag AI_Volts_Shunt_001
4/24/2026 11:13:25 AM,202,Warning,WT8-GUI,83099466,HM,Overscaled Channel detected at Tag AI_Volts_Shunt_003
4/24/2026 11:13:25 AM,202,Warning,WT8-GUI,83099467,HM,Overscaled Channel detected at Tag AI_Volts_Shunt_004
4/24/2026 11:13:26 AM,202,Warning,WT8-GUI,83099468,HM,Overscaled Channel detected at Tag AI_TK_003
4/24/2026 11:13:26 AM,202,Warning,WT8-GUI,83099469,HM,Overscaled Channel detected at Tag AI_TT_002
4/24/2026 11:13:26 AM,202,Warning,WT8-GUI,83099470,HM,Overscaled Channel detected at Tag AI_TT_029
4/24/2026 11:13:26 AM,202,Warning,WT8-GUI,83099471,HM,Overscaled Channel detected at Tag AI_TT_030
4/24/2026 11:13:26 AM,202,Warning,WT8-GUI,83099472,HM,Overscaled Channel detected at Tag AI_TT_003
4/24/2026 11:13:26 AM,202,Warning,WT8-GUI,83099473,HM,Overscaled Channel detected at Tag AI_Volts_Shunt_000
4/24/2026 11:13:26 AM,202,Warning,WT8-GUI,83099474,HM,Overscaled Channel detected at Tag AI_TK_020
4/24/2026 11:13:26 AM,202,Warning,WT8-GUI,83099475,HM,Overscaled Channel detected at Tag AI_TK_021
4/24/2026 11:13:26 AM,202,Warning,WT8-GUI,83099476,HM,Overscaled Channel detected at Tag AI_TK_022
4/24/2026 11:13:26 AM,202,Warning,WT8-GUI,83099477,HM,Overscaled Channel detected at Tag AI_TK_023
4/24/2026 11:13:26 AM,202,Warning,WT8-GUI,83099478,HM,Overscaled Channel detected at Tag AI_TK_024
4/24/2026 11:13:26 AM,202,Warning,WT8-GUI,83099479,HM,Overscaled Channel detected at Tag AI_TK_025
4/24/2026 11:13:26 AM,202,Warning,WT8-GUI,83099480,HM,Overscaled Channel detected at Tag AI_TK_026
4/24/2026 11:13:26 AM,202,Warning,WT8-GUI,83099481,HM,Overscaled Channel detected at Tag AI_TK_027
4/24/2026 11:13:26 AM,202,Warning,WT8-GUI,83099482,HM,Overscaled Channel detected at Tag AI_TK_028
4/24/2026 11:13:26 AM,202,Warning,WT8-GUI,83099483,HM,Overscaled Channel detected at Tag AI_TK_002
4/24/2026 11:13:26 AM,202,Warning,WT8-GUI,83099484,HM,Overscaled Channel detected at Tag AI_TK_029
4/24/2026 11:13:26 AM,202,Warning,WT8-GUI,83099485,HM,Overscaled Channel detected at Tag AI_TK_030
4/24/2026 11:13:26 AM,202,Warning,WT8-GUI,83099486,HM,Overscaled Channel detected at Tag AI_TK_004
4/24/2026 11:13:26 AM,202,Warning,WT8-GUI,83099487,HM,Overscaled Channel detected at Tag AI_TK_005
4/24/2026 11:13:26 AM,202,Warning,WT8-GUI,83099488,HM,Overscaled Channel detected at Tag AI_TK_006
4/24/2026 11:13:26 AM,202,Warning,WT8-GUI,83099489,HM,Overscaled Channel detected at Tag AI_TK_007
4/24/2026 11:13:26 AM,202,Warning,WT8-GUI,83099490,HM,Overscaled Channel detected at Tag AI_TK_008
4/24/2026 11:13:26 AM,202,Warning,WT8-GUI,83099491,HM,Overscaled Channel detected at Tag AI_TT_019
4/24/2026 11:13:26 AM,202,Warning,WT8-GUI,83099492,HM,Overscaled Channel detected at Tag AI_TT_020
4/24/2026 11:13:26 AM,202,Warning,WT8-GUI,83099493,HM,Overscaled Channel detected at Tag AI_TT_021
4/24/2026 11:13:26 AM,202,Warning,WT8-GUI,83099494,HM,Overscaled Channel detected at Tag AI_TT_022
4/24/2026 11:13:26 AM,202,Warning,WT8-GUI,83099495,HM,Overscaled Channel detected at Tag AI_TT_023
4/24/2026 11:13:26 AM,202,Warning,WT8-GUI,83099496,HM,Overscaled Channel detected at Tag AI_TT_024
4/24/2026 11:13:26 AM,202,Warning,WT8-GUI,83099497,HM,Overscaled Channel detected at Tag AI_TT_025
4/24/2026 11:13:26 AM,202,Warning,WT8-GUI,83099498,HM,Overscaled Channel detected at Tag AI_TT_026
4/24/2026 11:13:26 AM,202,Warning,WT8-GUI,83099499,HM,Overscaled Channel detected at Tag AI_TT_027
4/24/2026 11:13:26 AM,202,Warning,WT8-GUI,83099500,HM,Overscaled Channel detected at Tag AI_TT_028
4/24/2026 11:13:26 AM,202,Warning,WT8-GUI,83099501,HM,Overscaled Channel detected at Tag AI_TT_004
4/24/2026 11:13:26 AM,202,Warning,WT8-GUI,83099502,HM,Overscaled Channel detected at Tag AI_TT_005
4/24/2026 11:13:26 AM,202,Warning,WT8-GUI,83099503,HM,Overscaled Channel detected at Tag AI_TK_013
4/24/2026 11:13:26 AM,202,Warning,WT8-GUI,83099504,HM,Overscaled Channel detected at Tag AI_TK_014
4/24/2026 11:13:26 AM,202,Warning,WT8-GUI,83099505,HM,Overscaled Channel detected at Tag AI_TK_015
4/24/2026 11:13:26 AM,202,Warning,WT8-GUI,83099506,HM,Overscaled Channel detected at Tag AI_TK_016
4/24/2026 11:13:26 AM,202,Warning,WT8-GUI,83099507,HM,Overscaled Channel detected at Tag AI_TK_017
4/24/2026 11:13:26 AM,202,Warning,WT8-GUI,83099508,HM,Overscaled Channel detected at Tag AI_TK_018
4/24/2026 11:13:26 AM,202,Warning,WT8-GUI,83099509,HM,Overscaled Channel detected at Tag AI_TK_001
4/24/2026 11:13:26 AM,202,Warning,WT8-GUI,83099510,HM,Overscaled Channel detected at Tag AI_TK_019
4/24/2026 11:13:26 AM,202,Warning,WT8-GUI,83099511,HM,Overscaled Channel detected at Tag AI_Volts_Shunt_006
4/24/2026 11:13:26 AM,202,Warning,WT8-GUI,83099512,HM,Overscaled Channel detected at Tag AI_Volts_Shunt_007
4/24/2026 11:13:26 AM,202,Warning,WT8-GUI,83099513,HM,Overscaled Channel detected at Tag AI_Volts_Shunt_008
4/24/2026 11:13:26 AM,202,Warning,WT8-GUI,83099514,HM,Overscaled Channel detected at Tag AI_Volts_Shunt_009
4/24/2026 11:13:26 AM,202,Warning,WT8-GUI,83099515,HM,Overscaled Channel detected at Tag AI_Volts_Shunt_010
4/24/2026 11:13:26 AM,202,Warning,WT8-GUI,83099516,HM,Overscaled Channel detected at Tag AI_Volts_Shunt_011
4/24/2026 11:13:26 AM,202,Warning,WT8-GUI,83099517,HM,Overscaled Channel detected at Tag AI_Volts_Shunt_012
4/24/2026 11:13:26 AM,202,Warning,WT8-GUI,83099518,HM,Overscaled Channel detected at Tag AI_Volts_Shunt_013
4/24/2026 11:13:26 AM,202,Warning,WT8-GUI,83099519,HM,Overscaled Channel detected at Tag AI_Volts_Shunt_014
4/24/2026 11:13:26 AM,202,Warning,WT8-GUI,83099520,HM,Overscaled Channel detected at Tag AI_Volts_Shunt_015
4/24/2026 11:13:26 AM,202,Warning,WT8-GUI,83099521,HM,Overscaled Channel detected at Tag AI_Strain_000
4/24/2026 11:13:26 AM,202,Warning,WT8-GUI,83099522,HM,Overscaled Channel detected at Tag AI_Strain_001
4/24/2026 11:13:26 AM,202,Warning,WT8-GUI,83099523,HM,Overscaled Channel detected at Tag AI_Strain_002
4/24/2026 11:13:26 AM,202,Warning,WT8-GUI,83099524,HM,Overscaled Channel detected at Tag AI_Strain_003
4/24/2026 11:13:26 AM,202,Warning,WT8-GUI,83099525,HM,Overscaled Channel detected at Tag AI_Strain_004
4/24/2026 11:13:26 AM,202,Warning,WT8-GUI,83099526,HM,Overscaled Channel detected at Tag AI_Strain_005
4/24/2026 11:13:26 AM,202,Warning,WT8-GUI,83099527,HM,Overscaled Channel detected at Tag AI_Strain_006
4/24/2026 11:13:26 AM,202,Warning,WT8-GUI,83099528,HM,Overscaled Channel detected at Tag AI_Strain_007
4/24/2026 11:13:26 AM,202,Warning,WT8-GUI,83099529,HM,Overscaled Channel detected at Tag AI_TT_000
4/24/2026 11:13:26 AM,202,Warning,WT8-GUI,83099530,HM,Overscaled Channel detected at Tag AI_TT_012
4/24/2026 11:13:26 AM,202,Warning,WT8-GUI,83099531,HM,Overscaled Channel detected at Tag AI_TT_013
4/24/2026 11:13:26 AM,202,Warning,WT8-GUI,83099532,HM,Overscaled Channel detected at Tag AI_TT_014
4/24/2026 11:13:26 AM,202,Warning,WT8-GUI,83099533,HM,Overscaled Channel detected at Tag AI_TT_015
4/24/2026 11:13:26 AM,202,Warning,WT8-GUI,83099534,HM,Overscaled Channel detected at Tag AI_TT_016
4/24/2026 11:13:26 AM,202,Warning,WT8-GUI,83099535,HM,Overscaled Channel detected at Tag AI_TT_017
4/24/2026 11:13:26 AM,202,Warning,WT8-GUI,83099536,HM,Overscaled Channel detected at Tag AI_TT_018
4/24/2026 11:13:26 AM,202,Warning,WT8-GUI,83099537,HM,Overscaled Channel detected at Tag AI_TT_001
4/24/2026 11:13:26 AM,202,Warning,WT8-GUI,83099538,HM,Overscaled Channel detected at Tag AI_TT_006
4/24/2026 11:13:26 AM,202,Warning,WT8-GUI,83099539,HM,Overscaled Channel detected at Tag AI_TT_007
4/24/2026 11:13:26 AM,202,Warning,WT8-GUI,83099540,HM,Overscaled Channel detected at Tag AI_TT_008
4/24/2026 11:13:26 AM,202,Warning,WT8-GUI,83099541,HM,Overscaled Channel detected at Tag AI_TK_000
4/24/2026 11:13:26 AM,202,Warning,WT8-GUI,83099542,HM,Overscaled Channel detected at Tag AI_TK_009
4/24/2026 11:13:26 AM,202,Warning,WT8-GUI,83099543,HM,Overscaled Channel detected at Tag AI_TK_010
4/24/2026 11:13:26 AM,202,Warning,WT8-GUI,83099544,HM,Overscaled Channel detected at Tag AI_TK_011
4/24/2026 11:13:26 AM,202,Warning,WT8-GUI,83099545,HM,Overscaled Channel detected at Tag AI_TK_012
4/24/2026 11:13:26 AM,202,Warning,WT8-GUI,83099546,HM,Overscaled Channel detected at Tag AI_TT_009
4/24/2026 11:13:26 AM,202,Warning,WT8-GUI,83099547,HM,Overscaled Channel detected at Tag AI_TT_010
4/24/2026 11:13:26 AM,202,Warning,WT8-GUI,83099548,HM,Overscaled Channel detected at Tag AI_TT_011
4/24/2026 11:14:10 AM,301005,Warning,WT8-GUI,83099549,OPC,OPC Server Graybox.Simulator.1 on host localhost has not updated data in 111 minute(s).
4/24/2026 11:14:25 AM,202,Warning,WT8-GUI,83099550,HM,Overscaled Channel detected at Tag AI_Volts_Shunt_001
4/24/2026 11:14:25 AM,202,Warning,WT8-GUI,83099551,HM,Overscaled Channel detected at Tag AI_Volts_Shunt_003
4/24/2026 11:14:25 AM,202,Warning,WT8-GUI,83099552,HM,Overscaled Channel detected at Tag AI_Volts_Shunt_004
4/24/2026 11:14:26 AM,202,Warning,WT8-GUI,83099553,HM,Overscaled Channel detected at Tag AI_TK_003
4/24/2026 11:14:26 AM,202,Warning,WT8-GUI,83099554,HM,Overscaled Channel detected at Tag AI_TT_002
4/24/2026 11:14:26 AM,202,Warning,WT8-GUI,83099555,HM,Overscaled Channel detected at Tag AI_TT_029
4/24/2026 11:14:26 AM,202,Warning,WT8-GUI,83099556,HM,Overscaled Channel detected at Tag AI_TT_030
4/24/2026 11:14:26 AM,202,Warning,WT8-GUI,83099557,HM,Overscaled Channel detected at Tag AI_TT_003
4/24/2026 11:14:26 AM,202,Warning,WT8-GUI,83099558,HM,Overscaled Channel detected at Tag AI_Volts_Shunt_000
4/24/2026 11:14:26 AM,202,Warning,WT8-GUI,83099559,HM,Overscaled Channel detected at Tag AI_TK_020
4/24/2026 11:14:26 AM,202,Warning,WT8-GUI,83099560,HM,Overscaled Channel detected at Tag AI_TK_021
4/24/2026 11:14:26 AM,202,Warning,WT8-GUI,83099561,HM,Overscaled Channel detected at Tag AI_TK_022
4/24/2026 11:14:26 AM,202,Warning,WT8-GUI,83099562,HM,Overscaled Channel detected at Tag AI_TK_023
4/24/2026 11:14:26 AM,202,Warning,WT8-GUI,83099563,HM,Overscaled Channel detected at Tag AI_TK_024
4/24/2026 11:14:26 AM,202,Warning,WT8-GUI,83099564,HM,Overscaled Channel detected at Tag AI_TK_025
4/24/2026 11:14:26 AM,202,Warning,WT8-GUI,83099565,HM,Overscaled Channel detected at Tag AI_TK_026
4/24/2026 11:14:26 AM,202,Warning,WT8-GUI,83099566,HM,Overscaled Channel detected at Tag AI_TK_027
4/24/2026 11:14:26 AM,202,Warning,WT8-GUI,83099567,HM,Overscaled Channel detected at Tag AI_TK_028
4/24/2026 11:14:26 AM,202,Warning,WT8-GUI,83099568,HM,Overscaled Channel detected at Tag AI_TK_002
4/24/2026 11:14:26 AM,202,Warning,WT8-GUI,83099569,HM,Overscaled Channel detected at Tag AI_TK_029
4/24/2026 11:14:26 AM,202,Warning,WT8-GUI,83099570,HM,Overscaled Channel detected at Tag AI_TK_030
4/24/2026 11:14:26 AM,202,Warning,WT8-GUI,83099571,HM,Overscaled Channel detected at Tag AI_TK_004
4/24/2026 11:14:26 AM,202,Warning,WT8-GUI,83099572,HM,Overscaled Channel detected at Tag AI_TK_005
4/24/2026 11:14:26 AM,202,Warning,WT8-GUI,83099573,HM,Overscaled Channel detected at Tag AI_TK_006
4/24/2026 11:14:26 AM,202,Warning,WT8-GUI,83099574,HM,Overscaled Channel detected at Tag AI_TK_007
4/24/2026 11:14:26 AM,202,Warning,WT8-GUI,83099575,HM,Overscaled Channel detected at Tag AI_TK_008
4/24/2026 11:14:26 AM,202,Warning,WT8-GUI,83099576,HM,Overscaled Channel detected at Tag AI_TT_019
4/24/2026 11:14:26 AM,202,Warning,WT8-GUI,83099577,HM,Overscaled Channel detected at Tag AI_TT_020
4/24/2026 11:14:26 AM,202,Warning,WT8-GUI,83099578,HM,Overscaled Channel detected at Tag AI_TT_021
4/24/2026 11:14:26 AM,202,Warning,WT8-GUI,83099579,HM,Overscaled Channel detected at Tag AI_TT_022
4/24/2026 11:14:26 AM,202,Warning,WT8-GUI,83099580,HM,Overscaled Channel detected at Tag AI_TT_023
4/24/2026 11:14:26 AM,202,Warning,WT8-GUI,83099581,HM,Overscaled Channel detected at Tag AI_TT_024
4/24/2026 11:14:26 AM,202,Warning,WT8-GUI,83099582,HM,Overscaled Channel detected at Tag AI_TT_025
4/24/2026 11:14:26 AM,202,Warning,WT8-GUI,83099583,HM,Overscaled Channel detected at Tag AI_TT_026
4/24/2026 11:14:26 AM,202,Warning,WT8-GUI,83099584,HM,Overscaled Channel detected at Tag AI_TT_027
4/24/2026 11:14:26 AM,202,Warning,WT8-GUI,83099585,HM,Overscaled Channel detected at Tag AI_TT_028
4/24/2026 11:14:26 AM,202,Warning,WT8-GUI,83099586,HM,Overscaled Channel detected at Tag AI_TT_004
4/24/2026 11:14:26 AM,202,Warning,WT8-GUI,83099587,HM,Overscaled Channel detected at Tag AI_TT_005
4/24/2026 11:14:26 AM,202,Warning,WT8-GUI,83099588,HM,Overscaled Channel detected at Tag AI_TK_013
4/24/2026 11:14:26 AM,202,Warning,WT8-GUI,83099589,HM,Overscaled Channel detected at Tag AI_TK_014
4/24/2026 11:14:26 AM,202,Warning,WT8-GUI,83099590,HM,Overscaled Channel detected at Tag AI_TK_015
4/24/2026 11:14:26 AM,202,Warning,WT8-GUI,83099591,HM,Overscaled Channel detected at Tag AI_TK_016
4/24/2026 11:14:26 AM,202,Warning,WT8-GUI,83099592,HM,Overscaled Channel detected at Tag AI_TK_017
4/24/2026 11:14:26 AM,202,Warning,WT8-GUI,83099593,HM,Overscaled Channel detected at Tag AI_TK_018
4/24/2026 11:14:26 AM,202,Warning,WT8-GUI,83099594,HM,Overscaled Channel detected at Tag AI_TK_001
4/24/2026 11:14:26 AM,202,Warning,WT8-GUI,83099595,HM,Overscaled Channel detected at Tag AI_TK_019
4/24/2026 11:14:26 AM,202,Warning,WT8-GUI,83099596,HM,Overscaled Channel detected at Tag AI_Volts_Shunt_006
4/24/2026 11:14:26 AM,202,Warning,WT8-GUI,83099597,HM,Overscaled Channel detected at Tag AI_Volts_Shunt_007
4/24/2026 11:14:26 AM,202,Warning,WT8-GUI,83099598,HM,Overscaled Channel detected at Tag AI_Volts_Shunt_008
4/24/2026 11:14:26 AM,202,Warning,WT8-GUI,83099599,HM,Overscaled Channel detected at Tag AI_Volts_Shunt_009
4/24/2026 11:14:26 AM,202,Warning,WT8-GUI,83099600,HM,Overscaled Channel detected at Tag AI_Volts_Shunt_010
4/24/2026 11:14:26 AM,202,Warning,WT8-GUI,83099601,HM,Overscaled Channel detected at Tag AI_Volts_Shunt_011
4/24/2026 11:14:26 AM,202,Warning,WT8-GUI,83099602,HM,Overscaled Channel detected at Tag AI_Volts_Shunt_012
4/24/2026 11:14:26 AM,202,Warning,WT8-GUI,83099603,HM,Overscaled Channel detected at Tag AI_Volts_Shunt_013
4/24/2026 11:14:26 AM,202,Warning,WT8-GUI,83099604,HM,Overscaled Channel detected at Tag AI_Volts_Shunt_014
4/24/2026 11:14:26 AM,202,Warning,WT8-GUI,83099605,HM,Overscaled Channel detected at Tag AI_Volts_Shunt_015
4/24/2026 11:14:26 AM,202,Warning,WT8-GUI,83099606,HM,Overscaled Channel detected at Tag AI_Strain_000
4/24/2026 11:14:26 AM,202,Warning,WT8-GUI,83099607,HM,Overscaled Channel detected at Tag AI_Strain_001
4/24/2026 11:14:26 AM,202,Warning,WT8-GUI,83099608,HM,Overscaled Channel detected at Tag AI_Strain_002
4/24/2026 11:14:26 AM,202,Warning,WT8-GUI,83099609,HM,Overscaled Channel detected at Tag AI_Strain_003
4/24/2026 11:14:26 AM,202,Warning,WT8-GUI,83099610,HM,Overscaled Channel detected at Tag AI_Strain_004
4/24/2026 11:14:26 AM,202,Warning,WT8-GUI,83099611,HM,Overscaled Channel detected at Tag AI_Strain_005
4/24/2026 11:14:26 AM,202,Warning,WT8-GUI,83099612,HM,Overscaled Channel detected at Tag AI_Strain_006
4/24/2026 11:14:26 AM,202,Warning,WT8-GUI,83099613,HM,Overscaled Channel detected at Tag AI_Strain_007
4/24/2026 11:14:26 AM,202,Warning,WT8-GUI,83099614,HM,Overscaled Channel detected at Tag AI_TT_000
4/24/2026 11:14:26 AM,202,Warning,WT8-GUI,83099615,HM,Overscaled Channel detected at Tag AI_TT_012
4/24/2026 11:14:26 AM,202,Warning,WT8-GUI,83099616,HM,Overscaled Channel detected at Tag AI_TT_013
4/24/2026 11:14:26 AM,202,Warning,WT8-GUI,83099617,HM,Overscaled Channel detected at Tag AI_TT_014
4/24/2026 11:14:26 AM,202,Warning,WT8-GUI,83099618,HM,Overscaled Channel detected at Tag AI_TT_015
4/24/2026 11:14:26 AM,202,Warning,WT8-GUI,83099619,HM,Overscaled Channel detected at Tag AI_TT_016
4/24/2026 11:14:26 AM,202,Warning,WT8-GUI,83099620,HM,Overscaled Channel detected at Tag AI_TT_017
4/24/2026 11:14:26 AM,202,Warning,WT8-GUI,83099621,HM,Overscaled Channel detected at Tag AI_TT_018
4/24/2026 11:14:26 AM,202,Warning,WT8-GUI,83099622,HM,Overscaled Channel detected at Tag AI_TT_001
4/24/2026 11:14:26 AM,202,Warning,WT8-GUI,83099623,HM,Overscaled Channel detected at Tag AI_TT_006
4/24/2026 11:14:26 AM,202,Warning,WT8-GUI,83099624,HM,Overscaled Channel detected at Tag AI_TT_007
4/24/2026 11:14:26 AM,202,Warning,WT8-GUI,83099625,HM,Overscaled Channel detected at Tag AI_TT_008
4/24/2026 11:14:26 AM,202,Warning,WT8-GUI,83099626,HM,Overscaled Channel detected at Tag AI_TK_000
4/24/2026 11:14:26 AM,202,Warning,WT8-GUI,83099627,HM,Overscaled Channel detected at Tag AI_TK_009
4/24/2026 11:14:26 AM,202,Warning,WT8-GUI,83099628,HM,Overscaled Channel detected at Tag AI_TK_010
4/24/2026 11:14:26 AM,202,Warning,WT8-GUI,83099629,HM,Overscaled Channel detected at Tag AI_TK_011
4/24/2026 11:14:26 AM,202,Warning,WT8-GUI,83099630,HM,Overscaled Channel detected at Tag AI_TK_012
4/24/2026 11:14:26 AM,202,Warning,WT8-GUI,83099631,HM,Overscaled Channel detected at Tag AI_TT_009
4/24/2026 11:14:26 AM,202,Warning,WT8-GUI,83099632,HM,Overscaled Channel detected at Tag AI_TT_010
4/24/2026 11:14:26 AM,202,Warning,WT8-GUI,83099633,HM,Overscaled Channel detected at Tag AI_TT_011
4/24/2026 11:15:10 AM,301005,Warning,WT8-GUI,83099634,OPC,OPC Server Graybox.Simulator.1 on host localhost has not updated data in 112 minute(s).
4/24/2026 11:15:14 AM,0,Debug,WT8-GUI,83099635,BALANCE,"Sent balance command ""SetYaw#10.099999#2.000000""."
4/24/2026 11:15:25 AM,202,Warning,WT8-GUI,83099636,HM,Overscaled Channel detected at Tag AI_Volts_Shunt_001
4/24/2026 11:15:25 AM,202,Warning,WT8-GUI,83099637,HM,Overscaled Channel detected at Tag AI_Volts_Shunt_003
4/24/2026 11:15:25 AM,202,Warning,WT8-GUI,83099638,HM,Overscaled Channel detected at Tag AI_Volts_Shunt_004
4/24/2026 11:15:26 AM,202,Warning,WT8-GUI,83099639,HM,Overscaled Channel detected at Tag AI_TK_003
4/24/2026 11:15:26 AM,202,Warning,WT8-GUI,83099640,HM,Overscaled Channel detected at Tag AI_TT_002
4/24/2026 11:15:26 AM,202,Warning,WT8-GUI,83099641,HM,Overscaled Channel detected at Tag AI_TT_029
4/24/2026 11:15:26 AM,202,Warning,WT8-GUI,83099642,HM,Overscaled Channel detected at Tag AI_TT_030
4/24/2026 11:15:26 AM,202,Warning,WT8-GUI,83099643,HM,Overscaled Channel detected at Tag AI_TT_003
4/24/2026 11:15:26 AM,202,Warning,WT8-GUI,83099644,HM,Overscaled Channel detected at Tag AI_Volts_Shunt_000
4/24/2026 11:15:26 AM,202,Warning,WT8-GUI,83099645,HM,Overscaled Channel detected at Tag AI_TK_020
4/24/2026 11:15:26 AM,202,Warning,WT8-GUI,83099646,HM,Overscaled Channel detected at Tag AI_TK_021
4/24/2026 11:15:26 AM,202,Warning,WT8-GUI,83099647,HM,Overscaled Channel detected at Tag AI_TK_022
4/24/2026 11:15:26 AM,202,Warning,WT8-GUI,83099648,HM,Overscaled Channel detected at Tag AI_TK_023
4/24/2026 11:15:26 AM,202,Warning,WT8-GUI,83099649,HM,Overscaled Channel detected at Tag AI_TK_024
4/24/2026 11:15:26 AM,202,Warning,WT8-GUI,83099650,HM,Overscaled Channel detected at Tag AI_TK_025
4/24/2026 11:15:26 AM,202,Warning,WT8-GUI,83099651,HM,Overscaled Channel detected at Tag AI_TK_026
4/24/2026 11:15:26 AM,202,Warning,WT8-GUI,83099652,HM,Overscaled Channel detected at Tag AI_TK_027
4/24/2026 11:15:26 AM,202,Warning,WT8-GUI,83099653,HM,Overscaled Channel detected at Tag AI_TK_028
4/24/2026 11:15:26 AM,202,Warning,WT8-GUI,83099654,HM,Overscaled Channel detected at Tag AI_TK_002
4/24/2026 11:15:26 AM,202,Warning,WT8-GUI,83099655,HM,Overscaled Channel detected at Tag AI_TK_029
4/24/2026 11:15:26 AM,202,Warning,WT8-GUI,83099656,HM,Overscaled Channel detected at Tag AI_TK_030
4/24/2026 11:15:26 AM,202,Warning,WT8-GUI,83099657,HM,Overscaled Channel detected at Tag AI_TK_004
4/24/2026 11:15:26 AM,202,Warning,WT8-GUI,83099658,HM,Overscaled Channel detected at Tag AI_TK_005
4/24/2026 11:15:26 AM,202,Warning,WT8-GUI,83099659,HM,Overscaled Channel detected at Tag AI_TK_006
4/24/2026 11:15:26 AM,202,Warning,WT8-GUI,83099660,HM,Overscaled Channel detected at Tag AI_TK_007
4/24/2026 11:15:26 AM,202,Warning,WT8-GUI,83099661,HM,Overscaled Channel detected at Tag AI_TK_008
4/24/2026 11:15:26 AM,202,Warning,WT8-GUI,83099662,HM,Overscaled Channel detected at Tag AI_TT_019
4/24/2026 11:15:26 AM,202,Warning,WT8-GUI,83099663,HM,Overscaled Channel detected at Tag AI_TT_020
4/24/2026 11:15:26 AM,202,Warning,WT8-GUI,83099664,HM,Overscaled Channel detected at Tag AI_TT_021
4/24/2026 11:15:26 AM,202,Warning,WT8-GUI,83099665,HM,Overscaled Channel detected at Tag AI_TT_022
4/24/2026 11:15:26 AM,202,Warning,WT8-GUI,83099666,HM,Overscaled Channel detected at Tag AI_TT_023
4/24/2026 11:15:26 AM,202,Warning,WT8-GUI,83099667,HM,Overscaled Channel detected at Tag AI_TT_024
4/24/2026 11:15:26 AM,202,Warning,WT8-GUI,83099668,HM,Overscaled Channel detected at Tag AI_TT_025
4/24/2026 11:15:26 AM,202,Warning,WT8-GUI,83099669,HM,Overscaled Channel detected at Tag AI_TT_026
4/24/2026 11:15:26 AM,202,Warning,WT8-GUI,83099670,HM,Overscaled Channel detected at Tag AI_TT_027
4/24/2026 11:15:26 AM,202,Warning,WT8-GUI,83099671,HM,Overscaled Channel detected at Tag AI_TT_028
4/24/2026 11:15:26 AM,202,Warning,WT8-GUI,83099672,HM,Overscaled Channel detected at Tag AI_TT_004
4/24/2026 11:15:26 AM,202,Warning,WT8-GUI,83099673,HM,Overscaled Channel detected at Tag AI_TT_005
4/24/2026 11:15:26 AM,202,Warning,WT8-GUI,83099674,HM,Overscaled Channel detected at Tag AI_TK_013
4/24/2026 11:15:26 AM,202,Warning,WT8-GUI,83099675,HM,Overscaled Channel detected at Tag AI_TK_014
4/24/2026 11:15:26 AM,202,Warning,WT8-GUI,83099676,HM,Overscaled Channel detected at Tag AI_TK_015
4/24/2026 11:15:26 AM,202,Warning,WT8-GUI,83099677,HM,Overscaled Channel detected at Tag AI_TK_016
4/24/2026 11:15:26 AM,202,Warning,WT8-GUI,83099678,HM,Overscaled Channel detected at Tag AI_TK_017
4/24/2026 11:15:26 AM,202,Warning,WT8-GUI,83099679,HM,Overscaled Channel detected at Tag AI_TK_018
4/24/2026 11:15:26 AM,202,Warning,WT8-GUI,83099680,HM,Overscaled Channel detected at Tag AI_TK_001
4/24/2026 11:15:26 AM,202,Warning,WT8-GUI,83099681,HM,Overscaled Channel detected at Tag AI_TK_019
4/24/2026 11:15:26 AM,202,Warning,WT8-GUI,83099682,HM,Overscaled Channel detected at Tag AI_Volts_Shunt_006
4/24/2026 11:15:26 AM,202,Warning,WT8-GUI,83099683,HM,Overscaled Channel detected at Tag AI_Volts_Shunt_007
4/24/2026 11:15:26 AM,202,Warning,WT8-GUI,83099684,HM,Overscaled Channel detected at Tag AI_Volts_Shunt_008
4/24/2026 11:15:26 AM,202,Warning,WT8-GUI,83099685,HM,Overscaled Channel detected at Tag AI_Volts_Shunt_009
4/24/2026 11:15:26 AM,202,Warning,WT8-GUI,83099686,HM,Overscaled Channel detected at Tag AI_Volts_Shunt_010
4/24/2026 11:15:26 AM,202,Warning,WT8-GUI,83099687,HM,Overscaled Channel detected at Tag AI_Volts_Shunt_011
4/24/2026 11:15:26 AM,202,Warning,WT8-GUI,83099688,HM,Overscaled Channel detected at Tag AI_Volts_Shunt_012
4/24/2026 11:15:26 AM,202,Warning,WT8-GUI,83099689,HM,Overscaled Channel detected at Tag AI_Volts_Shunt_013
4/24/2026 11:15:26 AM,202,Warning,WT8-GUI,83099690,HM,Overscaled Channel detected at Tag AI_Volts_Shunt_014
4/24/2026 11:15:26 AM,202,Warning,WT8-GUI,83099691,HM,Overscaled Channel detected at Tag AI_Volts_Shunt_015
4/24/2026 11:15:26 AM,202,Warning,WT8-GUI,83099692,HM,Overscaled Channel detected at Tag AI_Strain_000
4/24/2026 11:15:26 AM,202,Warning,WT8-GUI,83099693,HM,Overscaled Channel detected at Tag AI_Strain_001
4/24/2026 11:15:26 AM,202,Warning,WT8-GUI,83099694,HM,Overscaled Channel detected at Tag AI_Strain_002
4/24/2026 11:15:26 AM,202,Warning,WT8-GUI,83099695,HM,Overscaled Channel detected at Tag AI_Strain_003
4/24/2026 11:15:26 AM,202,Warning,WT8-GUI,83099696,HM,Overscaled Channel detected at Tag AI_Strain_004
4/24/2026 11:15:26 AM,202,Warning,WT8-GUI,83099697,HM,Overscaled Channel detected at Tag AI_Strain_005
4/24/2026 11:15:26 AM,202,Warning,WT8-GUI,83099698,HM,Overscaled Channel detected at Tag AI_Strain_006
4/24/2026 11:15:26 AM,202,Warning,WT8-GUI,83099699,HM,Overscaled Channel detected at Tag AI_Strain_007
4/24/2026 11:15:26 AM,202,Warning,WT8-GUI,83099700,HM,Overscaled Channel detected at Tag AI_TT_000
4/24/2026 11:15:26 AM,202,Warning,WT8-GUI,83099701,HM,Overscaled Channel detected at Tag AI_TT_012
4/24/2026 11:15:26 AM,202,Warning,WT8-GUI,83099702,HM,Overscaled Channel detected at Tag AI_TT_013
4/24/2026 11:15:26 AM,202,Warning,WT8-GUI,83099703,HM,Overscaled Channel detected at Tag AI_TT_014
4/24/2026 11:15:26 AM,202,Warning,WT8-GUI,83099704,HM,Overscaled Channel detected at Tag AI_TT_015
4/24/2026 11:15:26 AM,202,Warning,WT8-GUI,83099705,HM,Overscaled Channel detected at Tag AI_TT_016
4/24/2026 11:15:26 AM,202,Warning,WT8-GUI,83099706,HM,Overscaled Channel detected at Tag AI_TT_017
4/24/2026 11:15:26 AM,202,Warning,WT8-GUI,83099707,HM,Overscaled Channel detected at Tag AI_TT_018
4/24/2026 11:15:26 AM,202,Warning,WT8-GUI,83099708,HM,Overscaled Channel detected at Tag AI_TT_001
4/24/2026 11:15:26 AM,202,Warning,WT8-GUI,83099709,HM,Overscaled Channel detected at Tag AI_TT_006
4/24/2026 11:15:26 AM,202,Warning,WT8-GUI,83099710,HM,Overscaled Channel detected at Tag AI_TT_007
4/24/2026 11:15:26 AM,202,Warning,WT8-GUI,83099711,HM,Overscaled Channel detected at Tag AI_TT_008
4/24/2026 11:15:26 AM,202,Warning,WT8-GUI,83099712,HM,Overscaled Channel detected at Tag AI_TK_000
4/24/2026 11:15:26 AM,202,Warning,WT8-GUI,83099713,HM,Overscaled Channel detected at Tag AI_TK_009
4/24/2026 11:15:26 AM,202,Warning,WT8-GUI,83099714,HM,Overscaled Channel detected at Tag AI_TK_010
4/24/2026 11:15:26 AM,202,Warning,WT8-GUI,83099715,HM,Overscaled Channel detected at Tag AI_TK_011
4/24/2026 11:15:26 AM,202,Warning,WT8-GUI,83099716,HM,Overscaled Channel detected at Tag AI_TK_012
4/24/2026 11:15:26 AM,202,Warning,WT8-GUI,83099717,HM,Overscaled Channel detected at Tag AI_TT_009
4/24/2026 11:15:26 AM,202,Warning,WT8-GUI,83099718,HM,Overscaled Channel detected at Tag AI_TT_010
4/24/2026 11:15:26 AM,202,Warning,WT8-GUI,83099719,HM,Overscaled Channel detected at Tag AI_TT_011
4/24/2026 11:16:10 AM,301005,Warning,WT8-GUI,83099720,OPC,OPC Server Graybox.Simulator.1 on host localhost has not updated data in 113 minute(s).
4/24/2026 11:16:25 AM,202,Warning,WT8-GUI,83099721,HM,Overscaled Channel detected at Tag AI_Volts_Shunt_001
4/24/2026 11:16:25 AM,202,Warning,WT8-GUI,83099722,HM,Overscaled Channel detected at Tag AI_Volts_Shunt_003
4/24/2026 11:16:26 AM,202,Warning,WT8-GUI,83099723,HM,Overscaled Channel detected at Tag AI_Volts_Shunt_004
4/24/2026 11:16:26 AM,202,Warning,WT8-GUI,83099724,HM,Overscaled Channel detected at Tag AI_TK_003
4/24/2026 11:16:26 AM,202,Warning,WT8-GUI,83099725,HM,Overscaled Channel detected at Tag AI_TT_002
4/24/2026 11:16:26 AM,202,Warning,WT8-GUI,83099726,HM,Overscaled Channel detected at Tag AI_TT_029
4/24/2026 11:16:26 AM,202,Warning,WT8-GUI,83099727,HM,Overscaled Channel detected at Tag AI_TT_030
4/24/2026 11:16:26 AM,202,Warning,WT8-GUI,83099728,HM,Overscaled Channel detected at Tag AI_TT_003
4/24/2026 11:16:26 AM,202,Warning,WT8-GUI,83099729,HM,Overscaled Channel detected at Tag AI_Volts_Shunt_000
4/24/2026 11:16:26 AM,202,Warning,WT8-GUI,83099730,HM,Overscaled Channel detected at Tag AI_TK_020
4/24/2026 11:16:26 AM,202,Warning,WT8-GUI,83099731,HM,Overscaled Channel detected at Tag AI_TK_021
4/24/2026 11:16:26 AM,202,Warning,WT8-GUI,83099732,HM,Overscaled Channel detected at Tag AI_TK_022
4/24/2026 11:16:26 AM,202,Warning,WT8-GUI,83099733,HM,Overscaled Channel detected at Tag AI_TK_023
4/24/2026 11:16:26 AM,202,Warning,WT8-GUI,83099734,HM,Overscaled Channel detected at Tag AI_TK_024
4/24/2026 11:16:26 AM,202,Warning,WT8-GUI,83099735,HM,Overscaled Channel detected at Tag AI_TK_025
4/24/2026 11:16:26 AM,202,Warning,WT8-GUI,83099736,HM,Overscaled Channel detected at Tag AI_TK_026
4/24/2026 11:16:26 AM,202,Warning,WT8-GUI,83099737,HM,Overscaled Channel detected at Tag AI_TK_027
4/24/2026 11:16:26 AM,202,Warning,WT8-GUI,83099738,HM,Overscaled Channel detected at Tag AI_TK_028
4/24/2026 11:16:26 AM,202,Warning,WT8-GUI,83099739,HM,Overscaled Channel detected at Tag AI_TK_002
4/24/2026 11:16:26 AM,202,Warning,WT8-GUI,83099740,HM,Overscaled Channel detected at Tag AI_TK_029
4/24/2026 11:16:26 AM,202,Warning,WT8-GUI,83099741,HM,Overscaled Channel detected at Tag AI_TK_030
4/24/2026 11:16:26 AM,202,Warning,WT8-GUI,83099742,HM,Overscaled Channel detected at Tag AI_TK_004
4/24/2026 11:16:26 AM,202,Warning,WT8-GUI,83099743,HM,Overscaled Channel detected at Tag AI_TK_005
4/24/2026 11:16:26 AM,202,Warning,WT8-GUI,83099744,HM,Overscaled Channel detected at Tag AI_TK_006
4/24/2026 11:16:26 AM,202,Warning,WT8-GUI,83099745,HM,Overscaled Channel detected at Tag AI_TK_007
4/24/2026 11:16:26 AM,202,Warning,WT8-GUI,83099746,HM,Overscaled Channel detected at Tag AI_TK_008
4/24/2026 11:16:26 AM,202,Warning,WT8-GUI,83099747,HM,Overscaled Channel detected at Tag AI_Volts_Shunt_006
4/24/2026 11:16:26 AM,202,Warning,WT8-GUI,83099748,HM,Overscaled Channel detected at Tag AI_TT_019
4/24/2026 11:16:26 AM,202,Warning,WT8-GUI,83099749,HM,Overscaled Channel detected at Tag AI_TT_020
4/24/2026 11:16:26 AM,202,Warning,WT8-GUI,83099750,HM,Overscaled Channel detected at Tag AI_TT_021
4/24/2026 11:16:26 AM,202,Warning,WT8-GUI,83099751,HM,Overscaled Channel detected at Tag AI_TT_022
4/24/2026 11:16:26 AM,202,Warning,WT8-GUI,83099752,HM,Overscaled Channel detected at Tag AI_TT_023
4/24/2026 11:16:26 AM,202,Warning,WT8-GUI,83099753,HM,Overscaled Channel detected at Tag AI_TT_024
4/24/2026 11:16:26 AM,202,Warning,WT8-GUI,83099754,HM,Overscaled Channel detected at Tag AI_TT_025
4/24/2026 11:16:26 AM,202,Warning,WT8-GUI,83099755,HM,Overscaled Channel detected at Tag AI_TT_026
4/24/2026 11:16:26 AM,202,Warning,WT8-GUI,83099756,HM,Overscaled Channel detected at Tag AI_TT_027
4/24/2026 11:16:26 AM,202,Warning,WT8-GUI,83099757,HM,Overscaled Channel detected at Tag AI_TT_028
4/24/2026 11:16:26 AM,202,Warning,WT8-GUI,83099758,HM,Overscaled Channel detected at Tag AI_TT_004
4/24/2026 11:16:26 AM,202,Warning,WT8-GUI,83099759,HM,Overscaled Channel detected at Tag AI_TT_005
4/24/2026 11:16:26 AM,202,Warning,WT8-GUI,83099760,HM,Overscaled Channel detected at Tag AI_TK_013
4/24/2026 11:16:26 AM,202,Warning,WT8-GUI,83099761,HM,Overscaled Channel detected at Tag AI_TK_014
4/24/2026 11:16:26 AM,202,Warning,WT8-GUI,83099762,HM,Overscaled Channel detected at Tag AI_TK_015
4/24/2026 11:16:26 AM,202,Warning,WT8-GUI,83099763,HM,Overscaled Channel detected at Tag AI_TK_016
4/24/2026 11:16:26 AM,202,Warning,WT8-GUI,83099764,HM,Overscaled Channel detected at Tag AI_TK_017
4/24/2026 11:16:26 AM,202,Warning,WT8-GUI,83099765,HM,Overscaled Channel detected at Tag AI_TK_018
4/24/2026 11:16:26 AM,202,Warning,WT8-GUI,83099766,HM,Overscaled Channel detected at Tag AI_TK_001
4/24/2026 11:16:26 AM,202,Warning,WT8-GUI,83099767,HM,Overscaled Channel detected at Tag AI_TK_019
4/24/2026 11:16:26 AM,202,Warning,WT8-GUI,83099768,HM,Overscaled Channel detected at Tag AI_Volts_Shunt_007
4/24/2026 11:16:26 AM,202,Warning,WT8-GUI,83099769,HM,Overscaled Channel detected at Tag AI_Volts_Shunt_008
4/24/2026 11:16:26 AM,202,Warning,WT8-GUI,83099770,HM,Overscaled Channel detected at Tag AI_Volts_Shunt_009
4/24/2026 11:16:26 AM,202,Warning,WT8-GUI,83099771,HM,Overscaled Channel detected at Tag AI_Volts_Shunt_010
4/24/2026 11:16:26 AM,202,Warning,WT8-GUI,83099772,HM,Overscaled Channel detected at Tag AI_Volts_Shunt_011
4/24/2026 11:16:26 AM,202,Warning,WT8-GUI,83099773,HM,Overscaled Channel detected at Tag AI_Volts_Shunt_012
4/24/2026 11:16:26 AM,202,Warning,WT8-GUI,83099774,HM,Overscaled Channel detected at Tag AI_Volts_Shunt_013
4/24/2026 11:16:26 AM,202,Warning,WT8-GUI,83099775,HM,Overscaled Channel detected at Tag AI_Volts_Shunt_014
4/24/2026 11:16:26 AM,202,Warning,WT8-GUI,83099776,HM,Overscaled Channel detected at Tag AI_Volts_Shunt_015
4/24/2026 11:16:26 AM,202,Warning,WT8-GUI,83099777,HM,Overscaled Channel detected at Tag AI_Strain_000
4/24/2026 11:16:26 AM,202,Warning,WT8-GUI,83099778,HM,Overscaled Channel detected at Tag AI_Strain_001
4/24/2026 11:16:26 AM,202,Warning,WT8-GUI,83099779,HM,Overscaled Channel detected at Tag AI_Strain_002
4/24/2026 11:16:26 AM,202,Warning,WT8-GUI,83099780,HM,Overscaled Channel detected at Tag AI_Strain_003
4/24/2026 11:16:26 AM,202,Warning,WT8-GUI,83099781,HM,Overscaled Channel detected at Tag AI_Strain_004
4/24/2026 11:16:26 AM,202,Warning,WT8-GUI,83099782,HM,Overscaled Channel detected at Tag AI_Strain_005
4/24/2026 11:16:26 AM,202,Warning,WT8-GUI,83099783,HM,Overscaled Channel detected at Tag AI_Strain_006
4/24/2026 11:16:26 AM,202,Warning,WT8-GUI,83099784,HM,Overscaled Channel detected at Tag AI_Strain_007
4/24/2026 11:16:26 AM,202,Warning,WT8-GUI,83099785,HM,Overscaled Channel detected at Tag AI_TT_000
4/24/2026 11:16:26 AM,202,Warning,WT8-GUI,83099786,HM,Overscaled Channel detected at Tag AI_TT_012
4/24/2026 11:16:26 AM,202,Warning,WT8-GUI,83099787,HM,Overscaled Channel detected at Tag AI_TT_013
4/24/2026 11:16:26 AM,202,Warning,WT8-GUI,83099788,HM,Overscaled Channel detected at Tag AI_TT_014
4/24/2026 11:16:26 AM,202,Warning,WT8-GUI,83099789,HM,Overscaled Channel detected at Tag AI_TT_015
4/24/2026 11:16:26 AM,202,Warning,WT8-GUI,83099790,HM,Overscaled Channel detected at Tag AI_TT_016
4/24/2026 11:16:26 AM,202,Warning,WT8-GUI,83099791,HM,Overscaled Channel detected at Tag AI_TT_017
4/24/2026 11:16:26 AM,202,Warning,WT8-GUI,83099792,HM,Overscaled Channel detected at Tag AI_TT_018
4/24/2026 11:16:26 AM,202,Warning,WT8-GUI,83099793,HM,Overscaled Channel detected at Tag AI_TT_001
4/24/2026 11:16:26 AM,202,Warning,WT8-GUI,83099794,HM,Overscaled Channel detected at Tag AI_TT_006
4/24/2026 11:16:26 AM,202,Warning,WT8-GUI,83099795,HM,Overscaled Channel detected at Tag AI_TT_007
4/24/2026 11:16:26 AM,202,Warning,WT8-GUI,83099796,HM,Overscaled Channel detected at Tag AI_TT_008
4/24/2026 11:16:26 AM,202,Warning,WT8-GUI,83099797,HM,Overscaled Channel detected at Tag AI_TK_000
4/24/2026 11:16:26 AM,202,Warning,WT8-GUI,83099798,HM,Overscaled Channel detected at Tag AI_TK_009
4/24/2026 11:16:26 AM,202,Warning,WT8-GUI,83099799,HM,Overscaled Channel detected at Tag AI_TK_010
4/24/2026 11:16:26 AM,202,Warning,WT8-GUI,83099800,HM,Overscaled Channel detected at Tag AI_TK_011
4/24/2026 11:16:26 AM,202,Warning,WT8-GUI,83099801,HM,Overscaled Channel detected at Tag AI_TK_012
4/24/2026 11:16:26 AM,202,Warning,WT8-GUI,83099802,HM,Overscaled Channel detected at Tag AI_TT_009
4/24/2026 11:16:26 AM,202,Warning,WT8-GUI,83099803,HM,Overscaled Channel detected at Tag AI_TT_010
4/24/2026 11:16:26 AM,202,Warning,WT8-GUI,83099804,HM,Overscaled Channel detected at Tag AI_TT_011
4/24/2026 11:17:10 AM,301005,Warning,WT8-GUI,83099805,OPC,OPC Server Graybox.Simulator.1 on host localhost has not updated data in 114 minute(s).
4/24/2026 11:17:26 AM,202,Warning,WT8-GUI,83099806,HM,Overscaled Channel detected at Tag AI_Volts_Shunt_001
4/24/2026 11:17:26 AM,202,Warning,WT8-GUI,83099807,HM,Overscaled Channel detected at Tag AI_Volts_Shunt_003
4/24/2026 11:17:26 AM,202,Warning,WT8-GUI,83099808,HM,Overscaled Channel detected at Tag AI_Volts_Shunt_004
4/24/2026 11:17:26 AM,202,Warning,WT8-GUI,83099809,HM,Overscaled Channel detected at Tag AI_TK_003
4/24/2026 11:17:26 AM,202,Warning,WT8-GUI,83099810,HM,Overscaled Channel detected at Tag AI_TT_002
4/24/2026 11:17:26 AM,202,Warning,WT8-GUI,83099811,HM,Overscaled Channel detected at Tag AI_TT_029
4/24/2026 11:17:26 AM,202,Warning,WT8-GUI,83099812,HM,Overscaled Channel detected at Tag AI_TT_030
4/24/2026 11:17:26 AM,202,Warning,WT8-GUI,83099813,HM,Overscaled Channel detected at Tag AI_TT_003
4/24/2026 11:17:26 AM,202,Warning,WT8-GUI,83099814,HM,Overscaled Channel detected at Tag AI_Volts_Shunt_000
4/24/2026 11:17:26 AM,202,Warning,WT8-GUI,83099815,HM,Overscaled Channel detected at Tag AI_TK_013
4/24/2026 11:17:26 AM,202,Warning,WT8-GUI,83099816,HM,Overscaled Channel detected at Tag AI_TK_014
4/24/2026 11:17:26 AM,202,Warning,WT8-GUI,83099817,HM,Overscaled Channel detected at Tag AI_TK_015
4/24/2026 11:17:26 AM,202,Warning,WT8-GUI,83099818,HM,Overscaled Channel detected at Tag AI_TK_016
4/24/2026 11:17:26 AM,202,Warning,WT8-GUI,83099819,HM,Overscaled Channel detected at Tag AI_TK_017
4/24/2026 11:17:26 AM,202,Warning,WT8-GUI,83099820,HM,Overscaled Channel detected at Tag AI_TK_018
4/24/2026 11:17:26 AM,202,Warning,WT8-GUI,83099821,HM,Overscaled Channel detected at Tag AI_TK_001
4/24/2026 11:17:26 AM,202,Warning,WT8-GUI,83099822,HM,Overscaled Channel detected at Tag AI_TK_019
4/24/2026 11:17:26 AM,202,Warning,WT8-GUI,83099823,HM,Overscaled Channel detected at Tag AI_TK_020
4/24/2026 11:17:26 AM,202,Warning,WT8-GUI,83099824,HM,Overscaled Channel detected at Tag AI_TK_021
4/24/2026 11:17:26 AM,202,Warning,WT8-GUI,83099825,HM,Overscaled Channel detected at Tag AI_TK_022
4/24/2026 11:17:26 AM,202,Warning,WT8-GUI,83099826,HM,Overscaled Channel detected at Tag AI_TK_023
4/24/2026 11:17:26 AM,202,Warning,WT8-GUI,83099827,HM,Overscaled Channel detected at Tag AI_TK_024
4/24/2026 11:17:26 AM,202,Warning,WT8-GUI,83099828,HM,Overscaled Channel detected at Tag AI_TK_025
4/24/2026 11:17:26 AM,202,Warning,WT8-GUI,83099829,HM,Overscaled Channel detected at Tag AI_TK_026
4/24/2026 11:17:26 AM,202,Warning,WT8-GUI,83099830,HM,Overscaled Channel detected at Tag AI_TK_027
4/24/2026 11:17:26 AM,202,Warning,WT8-GUI,83099831,HM,Overscaled Channel detected at Tag AI_TK_028
4/24/2026 11:17:26 AM,202,Warning,WT8-GUI,83099832,HM,Overscaled Channel detected at Tag AI_TK_002
4/24/2026 11:17:26 AM,202,Warning,WT8-GUI,83099833,HM,Overscaled Channel detected at Tag AI_TK_029
4/24/2026 11:17:26 AM,202,Warning,WT8-GUI,83099834,HM,Overscaled Channel detected at Tag AI_TK_030
4/24/2026 11:17:26 AM,202,Warning,WT8-GUI,83099835,HM,Overscaled Channel detected at Tag AI_TK_004
4/24/2026 11:17:26 AM,202,Warning,WT8-GUI,83099836,HM,Overscaled Channel detected at Tag AI_TK_005
4/24/2026 11:17:26 AM,202,Warning,WT8-GUI,83099837,HM,Overscaled Channel detected at Tag AI_TK_006
4/24/2026 11:17:26 AM,202,Warning,WT8-GUI,83099838,HM,Overscaled Channel detected at Tag AI_TK_007
4/24/2026 11:17:26 AM,202,Warning,WT8-GUI,83099839,HM,Overscaled Channel detected at Tag AI_TK_008
4/24/2026 11:17:26 AM,202,Warning,WT8-GUI,83099840,HM,Overscaled Channel detected at Tag AI_Volts_Shunt_006
4/24/2026 11:17:26 AM,202,Warning,WT8-GUI,83099841,HM,Overscaled Channel detected at Tag AI_Volts_Shunt_007
4/24/2026 11:17:26 AM,202,Warning,WT8-GUI,83099842,HM,Overscaled Channel detected at Tag AI_Volts_Shunt_008
4/24/2026 11:17:26 AM,202,Warning,WT8-GUI,83099843,HM,Overscaled Channel detected at Tag AI_Volts_Shunt_009
4/24/2026 11:17:26 AM,202,Warning,WT8-GUI,83099844,HM,Overscaled Channel detected at Tag AI_Volts_Shunt_010
4/24/2026 11:17:26 AM,202,Warning,WT8-GUI,83099845,HM,Overscaled Channel detected at Tag AI_Volts_Shunt_011
4/24/2026 11:17:26 AM,202,Warning,WT8-GUI,83099846,HM,Overscaled Channel detected at Tag AI_Volts_Shunt_012
4/24/2026 11:17:26 AM,202,Warning,WT8-GUI,83099847,HM,Overscaled Channel detected at Tag AI_Volts_Shunt_013
4/24/2026 11:17:26 AM,202,Warning,WT8-GUI,83099848,HM,Overscaled Channel detected at Tag AI_Volts_Shunt_014
4/24/2026 11:17:26 AM,202,Warning,WT8-GUI,83099849,HM,Overscaled Channel detected at Tag AI_Volts_Shunt_015
4/24/2026 11:17:26 AM,202,Warning,WT8-GUI,83099850,HM,Overscaled Channel detected at Tag AI_Strain_000
4/24/2026 11:17:26 AM,202,Warning,WT8-GUI,83099851,HM,Overscaled Channel detected at Tag AI_Strain_001
4/24/2026 11:17:26 AM,202,Warning,WT8-GUI,83099852,HM,Overscaled Channel detected at Tag AI_Strain_002
4/24/2026 11:17:26 AM,202,Warning,WT8-GUI,83099853,HM,Overscaled Channel detected at Tag AI_Strain_003
4/24/2026 11:17:26 AM,202,Warning,WT8-GUI,83099854,HM,Overscaled Channel detected at Tag AI_Strain_004
4/24/2026 11:17:26 AM,202,Warning,WT8-GUI,83099855,HM,Overscaled Channel detected at Tag AI_Strain_005
4/24/2026 11:17:26 AM,202,Warning,WT8-GUI,83099856,HM,Overscaled Channel detected at Tag AI_Strain_006
4/24/2026 11:17:26 AM,202,Warning,WT8-GUI,83099857,HM,Overscaled Channel detected at Tag AI_Strain_007
4/24/2026 11:17:26 AM,202,Warning,WT8-GUI,83099858,HM,Overscaled Channel detected at Tag AI_TT_000
4/24/2026 11:17:26 AM,202,Warning,WT8-GUI,83099859,HM,Overscaled Channel detected at Tag AI_TT_012
4/24/2026 11:17:26 AM,202,Warning,WT8-GUI,83099860,HM,Overscaled Channel detected at Tag AI_TT_013
4/24/2026 11:17:26 AM,202,Warning,WT8-GUI,83099861,HM,Overscaled Channel detected at Tag AI_TT_014
4/24/2026 11:17:26 AM,202,Warning,WT8-GUI,83099862,HM,Overscaled Channel detected at Tag AI_TT_015
4/24/2026 11:17:26 AM,202,Warning,WT8-GUI,83099863,HM,Overscaled Channel detected at Tag AI_TT_016
4/24/2026 11:17:26 AM,202,Warning,WT8-GUI,83099864,HM,Overscaled Channel detected at Tag AI_TT_017
4/24/2026 11:17:26 AM,202,Warning,WT8-GUI,83099865,HM,Overscaled Channel detected at Tag AI_TT_018
4/24/2026 11:17:26 AM,202,Warning,WT8-GUI,83099866,HM,Overscaled Channel detected at Tag AI_TT_001
4/24/2026 11:17:26 AM,202,Warning,WT8-GUI,83099867,HM,Overscaled Channel detected at Tag AI_TT_019
4/24/2026 11:17:26 AM,202,Warning,WT8-GUI,83099868,HM,Overscaled Channel detected at Tag AI_TT_020
4/24/2026 11:17:26 AM,202,Warning,WT8-GUI,83099869,HM,Overscaled Channel detected at Tag AI_TT_021
4/24/2026 11:17:26 AM,202,Warning,WT8-GUI,83099870,HM,Overscaled Channel detected at Tag AI_TT_022
4/24/2026 11:17:26 AM,202,Warning,WT8-GUI,83099871,HM,Overscaled Channel detected at Tag AI_TT_023
4/24/2026 11:17:26 AM,202,Warning,WT8-GUI,83099872,HM,Overscaled Channel detected at Tag AI_TT_024
4/24/2026 11:17:26 AM,202,Warning,WT8-GUI,83099873,HM,Overscaled Channel detected at Tag AI_TT_025
4/24/2026 11:17:26 AM,202,Warning,WT8-GUI,83099874,HM,Overscaled Channel detected at Tag AI_TT_026
4/24/2026 11:17:26 AM,202,Warning,WT8-GUI,83099875,HM,Overscaled Channel detected at Tag AI_TT_027
4/24/2026 11:17:26 AM,202,Warning,WT8-GUI,83099876,HM,Overscaled Channel detected at Tag AI_TT_028
4/24/2026 11:17:26 AM,202,Warning,WT8-GUI,83099877,HM,Overscaled Channel detected at Tag AI_TT_004
4/24/2026 11:17:26 AM,202,Warning,WT8-GUI,83099878,HM,Overscaled Channel detected at Tag AI_TT_005
4/24/2026 11:17:26 AM,202,Warning,WT8-GUI,83099879,HM,Overscaled Channel detected at Tag AI_TT_006
4/24/2026 11:17:26 AM,202,Warning,WT8-GUI,83099880,HM,Overscaled Channel detected at Tag AI_TT_007
4/24/2026 11:17:26 AM,202,Warning,WT8-GUI,83099881,HM,Overscaled Channel detected at Tag AI_TT_008
4/24/2026 11:17:26 AM,202,Warning,WT8-GUI,83099882,HM,Overscaled Channel detected at Tag AI_TK_000
4/24/2026 11:17:26 AM,202,Warning,WT8-GUI,83099883,HM,Overscaled Channel detected at Tag AI_TK_009
4/24/2026 11:17:26 AM,202,Warning,WT8-GUI,83099884,HM,Overscaled Channel detected at Tag AI_TK_010
4/24/2026 11:17:26 AM,202,Warning,WT8-GUI,83099885,HM,Overscaled Channel detected at Tag AI_TK_011
4/24/2026 11:17:26 AM,202,Warning,WT8-GUI,83099886,HM,Overscaled Channel detected at Tag AI_TK_012
4/24/2026 11:17:26 AM,202,Warning,WT8-GUI,83099887,HM,Overscaled Channel detected at Tag AI_TT_009
4/24/2026 11:17:26 AM,202,Warning,WT8-GUI,83099888,HM,Overscaled Channel detected at Tag AI_TT_010
4/24/2026 11:17:26 AM,202,Warning,WT8-GUI,83099889,HM,Overscaled Channel detected at Tag AI_TT_011
4/24/2026 11:17:58 AM,0,Debug,WT8-GUI,83099890,BALANCE,"Sent balance command ""SetYaw#15.099999#2.000000""."
4/24/2026 11:18:10 AM,301005,Warning,WT8-GUI,83099891,OPC,OPC Server Graybox.Simulator.1 on host localhost has not updated data in 115 minute(s).
4/24/2026 11:18:26 AM,202,Warning,WT8-GUI,83099892,HM,Overscaled Channel detected at Tag AI_Volts_Shunt_001
4/24/2026 11:18:26 AM,202,Warning,WT8-GUI,83099893,HM,Overscaled Channel detected at Tag AI_Volts_Shunt_003
4/24/2026 11:18:26 AM,202,Warning,WT8-GUI,83099894,HM,Overscaled Channel detected at Tag AI_Volts_Shunt_004
4/24/2026 11:18:26 AM,202,Warning,WT8-GUI,83099895,HM,Overscaled Channel detected at Tag AI_TK_003
4/24/2026 11:18:26 AM,202,Warning,WT8-GUI,83099896,HM,Overscaled Channel detected at Tag AI_TT_002
4/24/2026 11:18:26 AM,202,Warning,WT8-GUI,83099897,HM,Overscaled Channel detected at Tag AI_TT_029
4/24/2026 11:18:26 AM,202,Warning,WT8-GUI,83099898,HM,Overscaled Channel detected at Tag AI_TT_030
4/24/2026 11:18:26 AM,202,Warning,WT8-GUI,83099899,HM,Overscaled Channel detected at Tag AI_TT_003
4/24/2026 11:18:26 AM,202,Warning,WT8-GUI,83099900,HM,Overscaled Channel detected at Tag AI_Volts_Shunt_000
4/24/2026 11:18:26 AM,202,Warning,WT8-GUI,83099901,HM,Overscaled Channel detected at Tag AI_TK_013
4/24/2026 11:18:26 AM,202,Warning,WT8-GUI,83099902,HM,Overscaled Channel detected at Tag AI_TK_014
4/24/2026 11:18:26 AM,202,Warning,WT8-GUI,83099903,HM,Overscaled Channel detected at Tag AI_TK_015
4/24/2026 11:18:26 AM,202,Warning,WT8-GUI,83099904,HM,Overscaled Channel detected at Tag AI_TK_016
4/24/2026 11:18:26 AM,202,Warning,WT8-GUI,83099905,HM,Overscaled Channel detected at Tag AI_TK_017
4/24/2026 11:18:26 AM,202,Warning,WT8-GUI,83099906,HM,Overscaled Channel detected at Tag AI_TK_018
4/24/2026 11:18:26 AM,202,Warning,WT8-GUI,83099907,HM,Overscaled Channel detected at Tag AI_TK_001
4/24/2026 11:18:26 AM,202,Warning,WT8-GUI,83099908,HM,Overscaled Channel detected at Tag AI_TK_019
4/24/2026 11:18:26 AM,202,Warning,WT8-GUI,83099909,HM,Overscaled Channel detected at Tag AI_TK_020
4/24/2026 11:18:26 AM,202,Warning,WT8-GUI,83099910,HM,Overscaled Channel detected at Tag AI_TK_021
4/24/2026 11:18:26 AM,202,Warning,WT8-GUI,83099911,HM,Overscaled Channel detected at Tag AI_TK_022
4/24/2026 11:18:26 AM,202,Warning,WT8-GUI,83099912,HM,Overscaled Channel detected at Tag AI_TK_023
4/24/2026 11:18:26 AM,202,Warning,WT8-GUI,83099913,HM,Overscaled Channel detected at Tag AI_TK_024
4/24/2026 11:18:26 AM,202,Warning,WT8-GUI,83099914,HM,Overscaled Channel detected at Tag AI_TK_025
4/24/2026 11:18:26 AM,202,Warning,WT8-GUI,83099915,HM,Overscaled Channel detected at Tag AI_TK_026
4/24/2026 11:18:26 AM,202,Warning,WT8-GUI,83099916,HM,Overscaled Channel detected at Tag AI_TK_027
4/24/2026 11:18:26 AM,202,Warning,WT8-GUI,83099917,HM,Overscaled Channel detected at Tag AI_TK_028
4/24/2026 11:18:26 AM,202,Warning,WT8-GUI,83099918,HM,Overscaled Channel detected at Tag AI_TK_002
4/24/2026 11:18:26 AM,202,Warning,WT8-GUI,83099919,HM,Overscaled Channel detected at Tag AI_TK_029
4/24/2026 11:18:26 AM,202,Warning,WT8-GUI,83099920,HM,Overscaled Channel detected at Tag AI_TK_030
4/24/2026 11:18:26 AM,202,Warning,WT8-GUI,83099921,HM,Overscaled Channel detected at Tag AI_TK_004
4/24/2026 11:18:26 AM,202,Warning,WT8-GUI,83099922,HM,Overscaled Channel detected at Tag AI_TK_005
4/24/2026 11:18:26 AM,202,Warning,WT8-GUI,83099923,HM,Overscaled Channel detected at Tag AI_TK_006
4/24/2026 11:18:26 AM,202,Warning,WT8-GUI,83099924,HM,Overscaled Channel detected at Tag AI_TK_007
4/24/2026 11:18:26 AM,202,Warning,WT8-GUI,83099925,HM,Overscaled Channel detected at Tag AI_TK_008
4/24/2026 11:18:26 AM,202,Warning,WT8-GUI,83099926,HM,Overscaled Channel detected at Tag AI_Volts_Shunt_006
4/24/2026 11:18:26 AM,202,Warning,WT8-GUI,83099927,HM,Overscaled Channel detected at Tag AI_Volts_Shunt_007
4/24/2026 11:18:26 AM,202,Warning,WT8-GUI,83099928,HM,Overscaled Channel detected at Tag AI_Volts_Shunt_008
4/24/2026 11:18:26 AM,202,Warning,WT8-GUI,83099929,HM,Overscaled Channel detected at Tag AI_Volts_Shunt_009
4/24/2026 11:18:26 AM,202,Warning,WT8-GUI,83099930,HM,Overscaled Channel detected at Tag AI_Volts_Shunt_010
4/24/2026 11:18:26 AM,202,Warning,WT8-GUI,83099931,HM,Overscaled Channel detected at Tag AI_Volts_Shunt_011
4/24/2026 11:18:26 AM,202,Warning,WT8-GUI,83099932,HM,Overscaled Channel detected at Tag AI_Volts_Shunt_012
4/24/2026 11:18:26 AM,202,Warning,WT8-GUI,83099933,HM,Overscaled Channel detected at Tag AI_Volts_Shunt_013
4/24/2026 11:18:26 AM,202,Warning,WT8-GUI,83099934,HM,Overscaled Channel detected at Tag AI_Volts_Shunt_014
4/24/2026 11:18:26 AM,202,Warning,WT8-GUI,83099935,HM,Overscaled Channel detected at Tag AI_Volts_Shunt_015
4/24/2026 11:18:26 AM,202,Warning,WT8-GUI,83099936,HM,Overscaled Channel detected at Tag AI_Strain_000
4/24/2026 11:18:26 AM,202,Warning,WT8-GUI,83099937,HM,Overscaled Channel detected at Tag AI_Strain_001
4/24/2026 11:18:26 AM,202,Warning,WT8-GUI,83099938,HM,Overscaled Channel detected at Tag AI_Strain_002
4/24/2026 11:18:26 AM,202,Warning,WT8-GUI,83099939,HM,Overscaled Channel detected at Tag AI_Strain_003
4/24/2026 11:18:26 AM,202,Warning,WT8-GUI,83099940,HM,Overscaled Channel detected at Tag AI_Strain_004
4/24/2026 11:18:26 AM,202,Warning,WT8-GUI,83099941,HM,Overscaled Channel detected at Tag AI_Strain_005
4/24/2026 11:18:26 AM,202,Warning,WT8-GUI,83099942,HM,Overscaled Channel detected at Tag AI_Strain_006
4/24/2026 11:18:26 AM,202,Warning,WT8-GUI,83099943,HM,Overscaled Channel detected at Tag AI_Strain_007
4/24/2026 11:18:26 AM,202,Warning,WT8-GUI,83099944,HM,Overscaled Channel detected at Tag AI_TT_000
4/24/2026 11:18:26 AM,202,Warning,WT8-GUI,83099945,HM,Overscaled Channel detected at Tag AI_TT_012
4/24/2026 11:18:26 AM,202,Warning,WT8-GUI,83099946,HM,Overscaled Channel detected at Tag AI_TT_013
4/24/2026 11:18:26 AM,202,Warning,WT8-GUI,83099947,HM,Overscaled Channel detected at Tag AI_TT_014
4/24/2026 11:18:26 AM,202,Warning,WT8-GUI,83099948,HM,Overscaled Channel detected at Tag AI_TT_015
4/24/2026 11:18:26 AM,202,Warning,WT8-GUI,83099949,HM,Overscaled Channel detected at Tag AI_TT_016
4/24/2026 11:18:26 AM,202,Warning,WT8-GUI,83099950,HM,Overscaled Channel detected at Tag AI_TT_017
4/24/2026 11:18:26 AM,202,Warning,WT8-GUI,83099951,HM,Overscaled Channel detected at Tag AI_TT_018
4/24/2026 11:18:26 AM,202,Warning,WT8-GUI,83099952,HM,Overscaled Channel detected at Tag AI_TT_001
4/24/2026 11:18:26 AM,202,Warning,WT8-GUI,83099953,HM,Overscaled Channel detected at Tag AI_TT_019
4/24/2026 11:18:26 AM,202,Warning,WT8-GUI,83099954,HM,Overscaled Channel detected at Tag AI_TT_020
4/24/2026 11:18:26 AM,202,Warning,WT8-GUI,83099955,HM,Overscaled Channel detected at Tag AI_TT_021
4/24/2026 11:18:26 AM,202,Warning,WT8-GUI,83099956,HM,Overscaled Channel detected at Tag AI_TT_022
4/24/2026 11:18:26 AM,202,Warning,WT8-GUI,83099957,HM,Overscaled Channel detected at Tag AI_TT_023
4/24/2026 11:18:26 AM,202,Warning,WT8-GUI,83099958,HM,Overscaled Channel detected at Tag AI_TT_024
4/24/2026 11:18:26 AM,202,Warning,WT8-GUI,83099959,HM,Overscaled Channel detected at Tag AI_TT_025
4/24/2026 11:18:26 AM,202,Warning,WT8-GUI,83099960,HM,Overscaled Channel detected at Tag AI_TT_026
4/24/2026 11:18:26 AM,202,Warning,WT8-GUI,83099961,HM,Overscaled Channel detected at Tag AI_TT_027
4/24/2026 11:18:26 AM,202,Warning,WT8-GUI,83099962,HM,Overscaled Channel detected at Tag AI_TT_028
4/24/2026 11:18:26 AM,202,Warning,WT8-GUI,83099963,HM,Overscaled Channel detected at Tag AI_TT_004
4/24/2026 11:18:26 AM,202,Warning,WT8-GUI,83099964,HM,Overscaled Channel detected at Tag AI_TT_005
4/24/2026 11:18:26 AM,202,Warning,WT8-GUI,83099965,HM,Overscaled Channel detected at Tag AI_TT_006
4/24/2026 11:18:26 AM,202,Warning,WT8-GUI,83099966,HM,Overscaled Channel detected at Tag AI_TT_007
4/24/2026 11:18:26 AM,202,Warning,WT8-GUI,83099967,HM,Overscaled Channel detected at Tag AI_TT_008
4/24/2026 11:18:26 AM,202,Warning,WT8-GUI,83099968,HM,Overscaled Channel detected at Tag AI_TK_000
4/24/2026 11:18:26 AM,202,Warning,WT8-GUI,83099969,HM,Overscaled Channel detected at Tag AI_TK_009
4/24/2026 11:18:26 AM,202,Warning,WT8-GUI,83099970,HM,Overscaled Channel detected at Tag AI_TK_010
4/24/2026 11:18:26 AM,202,Warning,WT8-GUI,83099971,HM,Overscaled Channel detected at Tag AI_TK_011
4/24/2026 11:18:26 AM,202,Warning,WT8-GUI,83099972,HM,Overscaled Channel detected at Tag AI_TK_012
4/24/2026 11:18:26 AM,202,Warning,WT8-GUI,83099973,HM,Overscaled Channel detected at Tag AI_TT_009
4/24/2026 11:18:26 AM,202,Warning,WT8-GUI,83099974,HM,Overscaled Channel detected at Tag AI_TT_010
4/24/2026 11:18:26 AM,202,Warning,WT8-GUI,83099975,HM,Overscaled Channel detected at Tag AI_TT_011
4/24/2026 11:19:10 AM,301005,Warning,WT8-GUI,83099976,OPC,OPC Server Graybox.Simulator.1 on host localhost has not updated data in 116 minute(s).
4/24/2026 11:19:26 AM,202,Warning,WT8-GUI,83099977,HM,Overscaled Channel detected at Tag AI_Volts_Shunt_001
4/24/2026 11:19:26 AM,202,Warning,WT8-GUI,83099978,HM,Overscaled Channel detected at Tag AI_Volts_Shunt_003
4/24/2026 11:19:26 AM,202,Warning,WT8-GUI,83099979,HM,Overscaled Channel detected at Tag AI_Volts_Shunt_004
4/24/2026 11:19:26 AM,202,Warning,WT8-GUI,83099980,HM,Overscaled Channel detected at Tag AI_TK_003
4/24/2026 11:19:26 AM,202,Warning,WT8-GUI,83099981,HM,Overscaled Channel detected at Tag AI_TT_002
4/24/2026 11:19:26 AM,202,Warning,WT8-GUI,83099982,HM,Overscaled Channel detected at Tag AI_TT_029
4/24/2026 11:19:26 AM,202,Warning,WT8-GUI,83099983,HM,Overscaled Channel detected at Tag AI_TT_030
4/24/2026 11:19:26 AM,202,Warning,WT8-GUI,83099984,HM,Overscaled Channel detected at Tag AI_TT_003
4/24/2026 11:19:26 AM,202,Warning,WT8-GUI,83099985,HM,Overscaled Channel detected at Tag AI_Volts_Shunt_000
4/24/2026 11:19:26 AM,202,Warning,WT8-GUI,83099986,HM,Overscaled Channel detected at Tag AI_Volts_Shunt_006
4/24/2026 11:19:26 AM,202,Warning,WT8-GUI,83099987,HM,Overscaled Channel detected at Tag AI_Volts_Shunt_007
4/24/2026 11:19:26 AM,202,Warning,WT8-GUI,83099988,HM,Overscaled Channel detected at Tag AI_Volts_Shunt_008
4/24/2026 11:19:26 AM,202,Warning,WT8-GUI,83099989,HM,Overscaled Channel detected at Tag AI_Volts_Shunt_009
4/24/2026 11:19:26 AM,202,Warning,WT8-GUI,83099990,HM,Overscaled Channel detected at Tag AI_Volts_Shunt_010
4/24/2026 11:19:26 AM,202,Warning,WT8-GUI,83099991,HM,Overscaled Channel detected at Tag AI_Volts_Shunt_011
4/24/2026 11:19:26 AM,202,Warning,WT8-GUI,83099992,HM,Overscaled Channel detected at Tag AI_Volts_Shunt_012
4/24/2026 11:19:26 AM,202,Warning,WT8-GUI,83099993,HM,Overscaled Channel detected at Tag AI_Volts_Shunt_013
4/24/2026 11:19:26 AM,202,Warning,WT8-GUI,83099994,HM,Overscaled Channel detected at Tag AI_Volts_Shunt_014
4/24/2026 11:19:26 AM,202,Warning,WT8-GUI,83099995,HM,Overscaled Channel detected at Tag AI_Volts_Shunt_015
4/24/2026 11:19:26 AM,202,Warning,WT8-GUI,83099996,HM,Overscaled Channel detected at Tag AI_TK_013
4/24/2026 11:19:26 AM,202,Warning,WT8-GUI,83099997,HM,Overscaled Channel detected at Tag AI_TK_014
4/24/2026 11:19:26 AM,202,Warning,WT8-GUI,83099998,HM,Overscaled Channel detected at Tag AI_TK_015
4/24/2026 11:19:26 AM,202,Warning,WT8-GUI,83099999,HM,Overscaled Channel detected at Tag AI_TK_016
4/24/2026 11:19:26 AM,202,Warning,WT8-GUI,83100000,HM,Overscaled Channel detected at Tag AI_TK_017
4/24/2026 11:19:26 AM,202,Warning,WT8-GUI,83100001,HM,Overscaled Channel detected at Tag AI_TK_018
4/24/2026 11:19:26 AM,202,Warning,WT8-GUI,83100002,HM,Overscaled Channel detected at Tag AI_TK_001
4/24/2026 11:19:26 AM,202,Warning,WT8-GUI,83100003,HM,Overscaled Channel detected at Tag AI_TK_019
4/24/2026 11:19:26 AM,202,Warning,WT8-GUI,83100004,HM,Overscaled Channel detected at Tag AI_TK_020
4/24/2026 11:19:26 AM,202,Warning,WT8-GUI,83100005,HM,Overscaled Channel detected at Tag AI_TK_021
4/24/2026 11:19:26 AM,202,Warning,WT8-GUI,83100006,HM,Overscaled Channel detected at Tag AI_TK_022
4/24/2026 11:19:26 AM,202,Warning,WT8-GUI,83100007,HM,Overscaled Channel detected at Tag AI_TK_023
4/24/2026 11:19:26 AM,202,Warning,WT8-GUI,83100008,HM,Overscaled Channel detected at Tag AI_TK_024
4/24/2026 11:19:26 AM,202,Warning,WT8-GUI,83100009,HM,Overscaled Channel detected at Tag AI_TK_025
4/24/2026 11:19:26 AM,202,Warning,WT8-GUI,83100010,HM,Overscaled Channel detected at Tag AI_TK_026
4/24/2026 11:19:26 AM,202,Warning,WT8-GUI,83100011,HM,Overscaled Channel detected at Tag AI_TK_027
4/24/2026 11:19:26 AM,202,Warning,WT8-GUI,83100012,HM,Overscaled Channel detected at Tag AI_TK_028
4/24/2026 11:19:26 AM,202,Warning,WT8-GUI,83100013,HM,Overscaled Channel detected at Tag AI_TK_002
4/24/2026 11:19:26 AM,202,Warning,WT8-GUI,83100014,HM,Overscaled Channel detected at Tag AI_TK_029
4/24/2026 11:19:26 AM,202,Warning,WT8-GUI,83100015,HM,Overscaled Channel detected at Tag AI_TK_030
4/24/2026 11:19:26 AM,202,Warning,WT8-GUI,83100016,HM,Overscaled Channel detected at Tag AI_TK_004
4/24/2026 11:19:26 AM,202,Warning,WT8-GUI,83100017,HM,Overscaled Channel detected at Tag AI_TK_005
4/24/2026 11:19:26 AM,202,Warning,WT8-GUI,83100018,HM,Overscaled Channel detected at Tag AI_TK_006
4/24/2026 11:19:26 AM,202,Warning,WT8-GUI,83100019,HM,Overscaled Channel detected at Tag AI_TK_007
4/24/2026 11:19:26 AM,202,Warning,WT8-GUI,83100020,HM,Overscaled Channel detected at Tag AI_TK_008
4/24/2026 11:19:26 AM,202,Warning,WT8-GUI,83100021,HM,Overscaled Channel detected at Tag AI_Strain_000
4/24/2026 11:19:26 AM,202,Warning,WT8-GUI,83100022,HM,Overscaled Channel detected at Tag AI_Strain_001
4/24/2026 11:19:26 AM,202,Warning,WT8-GUI,83100023,HM,Overscaled Channel detected at Tag AI_Strain_002
4/24/2026 11:19:26 AM,202,Warning,WT8-GUI,83100024,HM,Overscaled Channel detected at Tag AI_Strain_003
4/24/2026 11:19:26 AM,202,Warning,WT8-GUI,83100025,HM,Overscaled Channel detected at Tag AI_Strain_004
4/24/2026 11:19:26 AM,202,Warning,WT8-GUI,83100026,HM,Overscaled Channel detected at Tag AI_Strain_005
4/24/2026 11:19:26 AM,202,Warning,WT8-GUI,83100027,HM,Overscaled Channel detected at Tag AI_Strain_006
4/24/2026 11:19:26 AM,202,Warning,WT8-GUI,83100028,HM,Overscaled Channel detected at Tag AI_Strain_007
4/24/2026 11:19:26 AM,202,Warning,WT8-GUI,83100029,HM,Overscaled Channel detected at Tag AI_TT_000
4/24/2026 11:19:26 AM,202,Warning,WT8-GUI,83100030,HM,Overscaled Channel detected at Tag AI_TT_012
4/24/2026 11:19:26 AM,202,Warning,WT8-GUI,83100031,HM,Overscaled Channel detected at Tag AI_TT_013
4/24/2026 11:19:26 AM,202,Warning,WT8-GUI,83100032,HM,Overscaled Channel detected at Tag AI_TT_014
4/24/2026 11:19:26 AM,202,Warning,WT8-GUI,83100033,HM,Overscaled Channel detected at Tag AI_TT_015
4/24/2026 11:19:26 AM,202,Warning,WT8-GUI,83100034,HM,Overscaled Channel detected at Tag AI_TT_016
4/24/2026 11:19:26 AM,202,Warning,WT8-GUI,83100035,HM,Overscaled Channel detected at Tag AI_TT_017
4/24/2026 11:19:26 AM,202,Warning,WT8-GUI,83100036,HM,Overscaled Channel detected at Tag AI_TT_018
4/24/2026 11:19:26 AM,202,Warning,WT8-GUI,83100037,HM,Overscaled Channel detected at Tag AI_TT_001
4/24/2026 11:19:26 AM,202,Warning,WT8-GUI,83100038,HM,Overscaled Channel detected at Tag AI_TT_019
4/24/2026 11:19:26 AM,202,Warning,WT8-GUI,83100039,HM,Overscaled Channel detected at Tag AI_TT_020
4/24/2026 11:19:26 AM,202,Warning,WT8-GUI,83100040,HM,Overscaled Channel detected at Tag AI_TT_021
4/24/2026 11:19:26 AM,202,Warning,WT8-GUI,83100041,HM,Overscaled Channel detected at Tag AI_TT_022
4/24/2026 11:19:26 AM,202,Warning,WT8-GUI,83100042,HM,Overscaled Channel detected at Tag AI_TT_023
4/24/2026 11:19:26 AM,202,Warning,WT8-GUI,83100043,HM,Overscaled Channel detected at Tag AI_TT_024
4/24/2026 11:19:26 AM,202,Warning,WT8-GUI,83100044,HM,Overscaled Channel detected at Tag AI_TT_025
4/24/2026 11:19:26 AM,202,Warning,WT8-GUI,83100045,HM,Overscaled Channel detected at Tag AI_TT_026
4/24/2026 11:19:26 AM,202,Warning,WT8-GUI,83100046,HM,Overscaled Channel detected at Tag AI_TT_027
4/24/2026 11:19:26 AM,202,Warning,WT8-GUI,83100047,HM,Overscaled Channel detected at Tag AI_TT_028
4/24/2026 11:19:26 AM,202,Warning,WT8-GUI,83100048,HM,Overscaled Channel detected at Tag AI_TT_004
4/24/2026 11:19:26 AM,202,Warning,WT8-GUI,83100049,HM,Overscaled Channel detected at Tag AI_TT_005
4/24/2026 11:19:26 AM,202,Warning,WT8-GUI,83100050,HM,Overscaled Channel detected at Tag AI_TT_006
4/24/2026 11:19:26 AM,202,Warning,WT8-GUI,83100051,HM,Overscaled Channel detected at Tag AI_TT_007
4/24/2026 11:19:26 AM,202,Warning,WT8-GUI,83100052,HM,Overscaled Channel detected at Tag AI_TT_008
4/24/2026 11:19:26 AM,202,Warning,WT8-GUI,83100053,HM,Overscaled Channel detected at Tag AI_TK_000
4/24/2026 11:19:26 AM,202,Warning,WT8-GUI,83100054,HM,Overscaled Channel detected at Tag AI_TK_009
4/24/2026 11:19:26 AM,202,Warning,WT8-GUI,83100055,HM,Overscaled Channel detected at Tag AI_TK_010
4/24/2026 11:19:26 AM,202,Warning,WT8-GUI,83100056,HM,Overscaled Channel detected at Tag AI_TK_011
4/24/2026 11:19:26 AM,202,Warning,WT8-GUI,83100057,HM,Overscaled Channel detected at Tag AI_TK_012
4/24/2026 11:19:26 AM,202,Warning,WT8-GUI,83100058,HM,Overscaled Channel detected at Tag AI_TT_009
4/24/2026 11:19:26 AM,202,Warning,WT8-GUI,83100059,HM,Overscaled Channel detected at Tag AI_TT_010
4/24/2026 11:19:26 AM,202,Warning,WT8-GUI,83100060,HM,Overscaled Channel detected at Tag AI_TT_011
4/24/2026 11:20:10 AM,301005,Warning,WT8-GUI,83100061,OPC,OPC Server Graybox.Simulator.1 on host localhost has not updated data in 117 minute(s).
4/24/2026 11:20:26 AM,202,Warning,WT8-GUI,83100062,HM,Overscaled Channel detected at Tag AI_Volts_Shunt_001
4/24/2026 11:20:26 AM,202,Warning,WT8-GUI,83100063,HM,Overscaled Channel detected at Tag AI_Volts_Shunt_003
4/24/2026 11:20:26 AM,202,Warning,WT8-GUI,83100064,HM,Overscaled Channel detected at Tag AI_Volts_Shunt_004
4/24/2026 11:20:26 AM,202,Warning,WT8-GUI,83100065,HM,Overscaled Channel detected at Tag AI_TK_003
4/24/2026 11:20:26 AM,202,Warning,WT8-GUI,83100066,HM,Overscaled Channel detected at Tag AI_TT_002
4/24/2026 11:20:26 AM,202,Warning,WT8-GUI,83100067,HM,Overscaled Channel detected at Tag AI_TT_029
4/24/2026 11:20:26 AM,202,Warning,WT8-GUI,83100068,HM,Overscaled Channel detected at Tag AI_TT_030
4/24/2026 11:20:26 AM,202,Warning,WT8-GUI,83100069,HM,Overscaled Channel detected at Tag AI_TT_003
4/24/2026 11:20:26 AM,202,Warning,WT8-GUI,83100070,HM,Overscaled Channel detected at Tag AI_Volts_Shunt_000
4/24/2026 11:20:26 AM,202,Warning,WT8-GUI,83100071,HM,Overscaled Channel detected at Tag AI_TK_013
4/24/2026 11:20:26 AM,202,Warning,WT8-GUI,83100072,HM,Overscaled Channel detected at Tag AI_TK_014
4/24/2026 11:20:26 AM,202,Warning,WT8-GUI,83100073,HM,Overscaled Channel detected at Tag AI_TK_015
4/24/2026 11:20:26 AM,202,Warning,WT8-GUI,83100074,HM,Overscaled Channel detected at Tag AI_TK_016
4/24/2026 11:20:26 AM,202,Warning,WT8-GUI,83100075,HM,Overscaled Channel detected at Tag AI_TK_017
4/24/2026 11:20:26 AM,202,Warning,WT8-GUI,83100076,HM,Overscaled Channel detected at Tag AI_TK_018
4/24/2026 11:20:26 AM,202,Warning,WT8-GUI,83100077,HM,Overscaled Channel detected at Tag AI_TK_001
4/24/2026 11:20:26 AM,202,Warning,WT8-GUI,83100078,HM,Overscaled Channel detected at Tag AI_TK_019
4/24/2026 11:20:26 AM,202,Warning,WT8-GUI,83100079,HM,Overscaled Channel detected at Tag AI_TK_020
4/24/2026 11:20:26 AM,202,Warning,WT8-GUI,83100080,HM,Overscaled Channel detected at Tag AI_TK_021
4/24/2026 11:20:26 AM,202,Warning,WT8-GUI,83100081,HM,Overscaled Channel detected at Tag AI_TK_022
4/24/2026 11:20:26 AM,202,Warning,WT8-GUI,83100082,HM,Overscaled Channel detected at Tag AI_TK_023
4/24/2026 11:20:26 AM,202,Warning,WT8-GUI,83100083,HM,Overscaled Channel detected at Tag AI_TK_024
4/24/2026 11:20:26 AM,202,Warning,WT8-GUI,83100084,HM,Overscaled Channel detected at Tag AI_TK_025
4/24/2026 11:20:26 AM,202,Warning,WT8-GUI,83100085,HM,Overscaled Channel detected at Tag AI_TK_026
4/24/2026 11:20:26 AM,202,Warning,WT8-GUI,83100086,HM,Overscaled Channel detected at Tag AI_TK_027
4/24/2026 11:20:26 AM,202,Warning,WT8-GUI,83100087,HM,Overscaled Channel detected at Tag AI_TK_028
4/24/2026 11:20:26 AM,202,Warning,WT8-GUI,83100088,HM,Overscaled Channel detected at Tag AI_TK_002
4/24/2026 11:20:26 AM,202,Warning,WT8-GUI,83100089,HM,Overscaled Channel detected at Tag AI_TK_029
4/24/2026 11:20:26 AM,202,Warning,WT8-GUI,83100090,HM,Overscaled Channel detected at Tag AI_TK_030
4/24/2026 11:20:26 AM,202,Warning,WT8-GUI,83100091,HM,Overscaled Channel detected at Tag AI_TK_004
4/24/2026 11:20:26 AM,202,Warning,WT8-GUI,83100092,HM,Overscaled Channel detected at Tag AI_TK_005
4/24/2026 11:20:26 AM,202,Warning,WT8-GUI,83100093,HM,Overscaled Channel detected at Tag AI_TK_006
4/24/2026 11:20:26 AM,202,Warning,WT8-GUI,83100094,HM,Overscaled Channel detected at Tag AI_TK_007
4/24/2026 11:20:26 AM,202,Warning,WT8-GUI,83100095,HM,Overscaled Channel detected at Tag AI_TK_008
4/24/2026 11:20:26 AM,202,Warning,WT8-GUI,83100096,HM,Overscaled Channel detected at Tag AI_Volts_Shunt_006
4/24/2026 11:20:26 AM,202,Warning,WT8-GUI,83100097,HM,Overscaled Channel detected at Tag AI_Volts_Shunt_007
4/24/2026 11:20:26 AM,202,Warning,WT8-GUI,83100098,HM,Overscaled Channel detected at Tag AI_Volts_Shunt_008
4/24/2026 11:20:26 AM,202,Warning,WT8-GUI,83100099,HM,Overscaled Channel detected at Tag AI_Volts_Shunt_009
4/24/2026 11:20:26 AM,202,Warning,WT8-GUI,83100100,HM,Overscaled Channel detected at Tag AI_Volts_Shunt_010
4/24/2026 11:20:26 AM,202,Warning,WT8-GUI,83100101,HM,Overscaled Channel detected at Tag AI_Volts_Shunt_011
4/24/2026 11:20:26 AM,202,Warning,WT8-GUI,83100102,HM,Overscaled Channel detected at Tag AI_Volts_Shunt_012
4/24/2026 11:20:26 AM,202,Warning,WT8-GUI,83100103,HM,Overscaled Channel detected at Tag AI_Volts_Shunt_013
4/24/2026 11:20:26 AM,202,Warning,WT8-GUI,83100104,HM,Overscaled Channel detected at Tag AI_Volts_Shunt_014
4/24/2026 11:20:26 AM,202,Warning,WT8-GUI,83100105,HM,Overscaled Channel detected at Tag AI_Volts_Shunt_015
4/24/2026 11:20:26 AM,202,Warning,WT8-GUI,83100106,HM,Overscaled Channel detected at Tag AI_Strain_000
4/24/2026 11:20:26 AM,202,Warning,WT8-GUI,83100107,HM,Overscaled Channel detected at Tag AI_Strain_001
4/24/2026 11:20:26 AM,202,Warning,WT8-GUI,83100108,HM,Overscaled Channel detected at Tag AI_Strain_002
4/24/2026 11:20:26 AM,202,Warning,WT8-GUI,83100109,HM,Overscaled Channel detected at Tag AI_Strain_003
4/24/2026 11:20:26 AM,202,Warning,WT8-GUI,83100110,HM,Overscaled Channel detected at Tag AI_Strain_004
4/24/2026 11:20:26 AM,202,Warning,WT8-GUI,83100111,HM,Overscaled Channel detected at Tag AI_Strain_005
4/24/2026 11:20:26 AM,202,Warning,WT8-GUI,83100112,HM,Overscaled Channel detected at Tag AI_Strain_006
4/24/2026 11:20:26 AM,202,Warning,WT8-GUI,83100113,HM,Overscaled Channel detected at Tag AI_Strain_007
4/24/2026 11:20:26 AM,202,Warning,WT8-GUI,83100114,HM,Overscaled Channel detected at Tag AI_TT_000
4/24/2026 11:20:26 AM,202,Warning,WT8-GUI,83100115,HM,Overscaled Channel detected at Tag AI_TT_012
4/24/2026 11:20:26 AM,202,Warning,WT8-GUI,83100116,HM,Overscaled Channel detected at Tag AI_TT_013
4/24/2026 11:20:26 AM,202,Warning,WT8-GUI,83100117,HM,Overscaled Channel detected at Tag AI_TT_014
4/24/2026 11:20:26 AM,202,Warning,WT8-GUI,83100118,HM,Overscaled Channel detected at Tag AI_TT_015
4/24/2026 11:20:26 AM,202,Warning,WT8-GUI,83100119,HM,Overscaled Channel detected at Tag AI_TT_016
4/24/2026 11:20:26 AM,202,Warning,WT8-GUI,83100120,HM,Overscaled Channel detected at Tag AI_TT_017
4/24/2026 11:20:26 AM,202,Warning,WT8-GUI,83100121,HM,Overscaled Channel detected at Tag AI_TT_018
4/24/2026 11:20:26 AM,202,Warning,WT8-GUI,83100122,HM,Overscaled Channel detected at Tag AI_TT_001
4/24/2026 11:20:26 AM,202,Warning,WT8-GUI,83100123,HM,Overscaled Channel detected at Tag AI_TT_019
4/24/2026 11:20:26 AM,202,Warning,WT8-GUI,83100124,HM,Overscaled Channel detected at Tag AI_TT_020
4/24/2026 11:20:26 AM,202,Warning,WT8-GUI,83100125,HM,Overscaled Channel detected at Tag AI_TT_021
4/24/2026 11:20:26 AM,202,Warning,WT8-GUI,83100126,HM,Overscaled Channel detected at Tag AI_TT_022
4/24/2026 11:20:26 AM,202,Warning,WT8-GUI,83100127,HM,Overscaled Channel detected at Tag AI_TT_023
4/24/2026 11:20:26 AM,202,Warning,WT8-GUI,83100128,HM,Overscaled Channel detected at Tag AI_TT_024
4/24/2026 11:20:26 AM,202,Warning,WT8-GUI,83100129,HM,Overscaled Channel detected at Tag AI_TT_025
4/24/2026 11:20:26 AM,202,Warning,WT8-GUI,83100130,HM,Overscaled Channel detected at Tag AI_TT_026
4/24/2026 11:20:26 AM,202,Warning,WT8-GUI,83100131,HM,Overscaled Channel detected at Tag AI_TT_027
4/24/2026 11:20:26 AM,202,Warning,WT8-GUI,83100132,HM,Overscaled Channel detected at Tag AI_TT_028
4/24/2026 11:20:26 AM,202,Warning,WT8-GUI,83100133,HM,Overscaled Channel detected at Tag AI_TT_004
4/24/2026 11:20:26 AM,202,Warning,WT8-GUI,83100134,HM,Overscaled Channel detected at Tag AI_TT_005
4/24/2026 11:20:26 AM,202,Warning,WT8-GUI,83100135,HM,Overscaled Channel detected at Tag AI_TT_006
4/24/2026 11:20:26 AM,202,Warning,WT8-GUI,83100136,HM,Overscaled Channel detected at Tag AI_TT_007
4/24/2026 11:20:26 AM,202,Warning,WT8-GUI,83100137,HM,Overscaled Channel detected at Tag AI_TT_008
4/24/2026 11:20:26 AM,202,Warning,WT8-GUI,83100138,HM,Overscaled Channel detected at Tag AI_TK_000
4/24/2026 11:20:26 AM,202,Warning,WT8-GUI,83100139,HM,Overscaled Channel detected at Tag AI_TK_009
4/24/2026 11:20:26 AM,202,Warning,WT8-GUI,83100140,HM,Overscaled Channel detected at Tag AI_TK_010
4/24/2026 11:20:26 AM,202,Warning,WT8-GUI,83100141,HM,Overscaled Channel detected at Tag AI_TK_011
4/24/2026 11:20:26 AM,202,Warning,WT8-GUI,83100142,HM,Overscaled Channel detected at Tag AI_TK_012
4/24/2026 11:20:26 AM,202,Warning,WT8-GUI,83100143,HM,Overscaled Channel detected at Tag AI_TT_009
4/24/2026 11:20:26 AM,202,Warning,WT8-GUI,83100144,HM,Overscaled Channel detected at Tag AI_TT_010
4/24/2026 11:20:26 AM,202,Warning,WT8-GUI,83100145,HM,Overscaled Channel detected at Tag AI_TT_011
4/24/2026 11:21:10 AM,301005,Warning,WT8-GUI,83100146,OPC,OPC Server Graybox.Simulator.1 on host localhost has not updated data in 118 minute(s).
4/24/2026 11:21:26 AM,202,Warning,WT8-GUI,83100147,HM,Overscaled Channel detected at Tag AI_Volts_Shunt_001
4/24/2026 11:21:26 AM,202,Warning,WT8-GUI,83100148,HM,Overscaled Channel detected at Tag AI_Volts_Shunt_003
4/24/2026 11:21:26 AM,202,Warning,WT8-GUI,83100149,HM,Overscaled Channel detected at Tag AI_Volts_Shunt_004
4/24/2026 11:21:26 AM,202,Warning,WT8-GUI,83100150,HM,Overscaled Channel detected at Tag AI_TK_003
4/24/2026 11:21:26 AM,202,Warning,WT8-GUI,83100151,HM,Overscaled Channel detected at Tag AI_TT_002
4/24/2026 11:21:26 AM,202,Warning,WT8-GUI,83100152,HM,Overscaled Channel detected at Tag AI_TT_029
4/24/2026 11:21:26 AM,202,Warning,WT8-GUI,83100153,HM,Overscaled Channel detected at Tag AI_TT_030
4/24/2026 11:21:26 AM,202,Warning,WT8-GUI,83100154,HM,Overscaled Channel detected at Tag AI_TT_003
4/24/2026 11:21:26 AM,202,Warning,WT8-GUI,83100155,HM,Overscaled Channel detected at Tag AI_Volts_Shunt_000
4/24/2026 11:21:26 AM,202,Warning,WT8-GUI,83100156,HM,Overscaled Channel detected at Tag AI_TK_013
4/24/2026 11:21:26 AM,202,Warning,WT8-GUI,83100157,HM,Overscaled Channel detected at Tag AI_TK_014
4/24/2026 11:21:26 AM,202,Warning,WT8-GUI,83100158,HM,Overscaled Channel detected at Tag AI_TK_015
4/24/2026 11:21:26 AM,202,Warning,WT8-GUI,83100159,HM,Overscaled Channel detected at Tag AI_TK_016
4/24/2026 11:21:26 AM,202,Warning,WT8-GUI,83100160,HM,Overscaled Channel detected at Tag AI_TK_017
4/24/2026 11:21:26 AM,202,Warning,WT8-GUI,83100161,HM,Overscaled Channel detected at Tag AI_TK_018
4/24/2026 11:21:26 AM,202,Warning,WT8-GUI,83100162,HM,Overscaled Channel detected at Tag AI_TK_001
4/24/2026 11:21:26 AM,202,Warning,WT8-GUI,83100163,HM,Overscaled Channel detected at Tag AI_TK_019
4/24/2026 11:21:26 AM,202,Warning,WT8-GUI,83100164,HM,Overscaled Channel detected at Tag AI_TK_020
4/24/2026 11:21:26 AM,202,Warning,WT8-GUI,83100165,HM,Overscaled Channel detected at Tag AI_TK_021
4/24/2026 11:21:26 AM,202,Warning,WT8-GUI,83100166,HM,Overscaled Channel detected at Tag AI_TK_022
4/24/2026 11:21:26 AM,202,Warning,WT8-GUI,83100167,HM,Overscaled Channel detected at Tag AI_TK_023
4/24/2026 11:21:26 AM,202,Warning,WT8-GUI,83100168,HM,Overscaled Channel detected at Tag AI_TK_024
4/24/2026 11:21:26 AM,202,Warning,WT8-GUI,83100169,HM,Overscaled Channel detected at Tag AI_TK_025
4/24/2026 11:21:26 AM,202,Warning,WT8-GUI,83100170,HM,Overscaled Channel detected at Tag AI_TK_026
4/24/2026 11:21:26 AM,202,Warning,WT8-GUI,83100171,HM,Overscaled Channel detected at Tag AI_TK_027
4/24/2026 11:21:26 AM,202,Warning,WT8-GUI,83100172,HM,Overscaled Channel detected at Tag AI_TK_028
4/24/2026 11:21:26 AM,202,Warning,WT8-GUI,83100173,HM,Overscaled Channel detected at Tag AI_TK_002
4/24/2026 11:21:26 AM,202,Warning,WT8-GUI,83100174,HM,Overscaled Channel detected at Tag AI_TK_029
4/24/2026 11:21:26 AM,202,Warning,WT8-GUI,83100175,HM,Overscaled Channel detected at Tag AI_TK_030
4/24/2026 11:21:26 AM,202,Warning,WT8-GUI,83100176,HM,Overscaled Channel detected at Tag AI_TK_004
4/24/2026 11:21:26 AM,202,Warning,WT8-GUI,83100177,HM,Overscaled Channel detected at Tag AI_TK_005
4/24/2026 11:21:26 AM,202,Warning,WT8-GUI,83100178,HM,Overscaled Channel detected at Tag AI_TK_006
4/24/2026 11:21:26 AM,202,Warning,WT8-GUI,83100179,HM,Overscaled Channel detected at Tag AI_TK_007
4/24/2026 11:21:26 AM,202,Warning,WT8-GUI,83100180,HM,Overscaled Channel detected at Tag AI_TK_008
4/24/2026 11:21:26 AM,202,Warning,WT8-GUI,83100181,HM,Overscaled Channel detected at Tag AI_Volts_Shunt_006
4/24/2026 11:21:26 AM,202,Warning,WT8-GUI,83100182,HM,Overscaled Channel detected at Tag AI_Volts_Shunt_007
4/24/2026 11:21:26 AM,202,Warning,WT8-GUI,83100183,HM,Overscaled Channel detected at Tag AI_Volts_Shunt_008
4/24/2026 11:21:26 AM,202,Warning,WT8-GUI,83100184,HM,Overscaled Channel detected at Tag AI_Volts_Shunt_009
4/24/2026 11:21:26 AM,202,Warning,WT8-GUI,83100185,HM,Overscaled Channel detected at Tag AI_Volts_Shunt_010
4/24/2026 11:21:26 AM,202,Warning,WT8-GUI,83100186,HM,Overscaled Channel detected at Tag AI_Volts_Shunt_011
4/24/2026 11:21:26 AM,202,Warning,WT8-GUI,83100187,HM,Overscaled Channel detected at Tag AI_Volts_Shunt_012
4/24/2026 11:21:26 AM,202,Warning,WT8-GUI,83100188,HM,Overscaled Channel detected at Tag AI_Volts_Shunt_013
4/24/2026 11:21:26 AM,202,Warning,WT8-GUI,83100189,HM,Overscaled Channel detected at Tag AI_Volts_Shunt_014
4/24/2026 11:21:26 AM,202,Warning,WT8-GUI,83100190,HM,Overscaled Channel detected at Tag AI_Volts_Shunt_015
4/24/2026 11:21:26 AM,202,Warning,WT8-GUI,83100191,HM,Overscaled Channel detected at Tag AI_Strain_000
4/24/2026 11:21:26 AM,202,Warning,WT8-GUI,83100192,HM,Overscaled Channel detected at Tag AI_Strain_001
4/24/2026 11:21:26 AM,202,Warning,WT8-GUI,83100193,HM,Overscaled Channel detected at Tag AI_Strain_002
4/24/2026 11:21:26 AM,202,Warning,WT8-GUI,83100194,HM,Overscaled Channel detected at Tag AI_Strain_003
4/24/2026 11:21:26 AM,202,Warning,WT8-GUI,83100195,HM,Overscaled Channel detected at Tag AI_Strain_004
4/24/2026 11:21:26 AM,202,Warning,WT8-GUI,83100196,HM,Overscaled Channel detected at Tag AI_Strain_005
4/24/2026 11:21:26 AM,202,Warning,WT8-GUI,83100197,HM,Overscaled Channel detected at Tag AI_Strain_006
4/24/2026 11:21:26 AM,202,Warning,WT8-GUI,83100198,HM,Overscaled Channel detected at Tag AI_Strain_007
4/24/2026 11:21:26 AM,202,Warning,WT8-GUI,83100199,HM,Overscaled Channel detected at Tag AI_TT_000
4/24/2026 11:21:26 AM,202,Warning,WT8-GUI,83100200,HM,Overscaled Channel detected at Tag AI_TT_012
4/24/2026 11:21:26 AM,202,Warning,WT8-GUI,83100201,HM,Overscaled Channel detected at Tag AI_TT_013
4/24/2026 11:21:26 AM,202,Warning,WT8-GUI,83100202,HM,Overscaled Channel detected at Tag AI_TT_014
4/24/2026 11:21:26 AM,202,Warning,WT8-GUI,83100203,HM,Overscaled Channel detected at Tag AI_TT_015
4/24/2026 11:21:26 AM,202,Warning,WT8-GUI,83100204,HM,Overscaled Channel detected at Tag AI_TT_016
4/24/2026 11:21:26 AM,202,Warning,WT8-GUI,83100205,HM,Overscaled Channel detected at Tag AI_TT_017
4/24/2026 11:21:26 AM,202,Warning,WT8-GUI,83100206,HM,Overscaled Channel detected at Tag AI_TT_018
4/24/2026 11:21:26 AM,202,Warning,WT8-GUI,83100207,HM,Overscaled Channel detected at Tag AI_TT_001
4/24/2026 11:21:26 AM,202,Warning,WT8-GUI,83100208,HM,Overscaled Channel detected at Tag AI_TT_019
4/24/2026 11:21:26 AM,202,Warning,WT8-GUI,83100209,HM,Overscaled Channel detected at Tag AI_TT_020
4/24/2026 11:21:26 AM,202,Warning,WT8-GUI,83100210,HM,Overscaled Channel detected at Tag AI_TT_021
4/24/2026 11:21:26 AM,202,Warning,WT8-GUI,83100211,HM,Overscaled Channel detected at Tag AI_TT_022
4/24/2026 11:21:26 AM,202,Warning,WT8-GUI,83100212,HM,Overscaled Channel detected at Tag AI_TT_023
4/24/2026 11:21:26 AM,202,Warning,WT8-GUI,83100213,HM,Overscaled Channel detected at Tag AI_TT_024
4/24/2026 11:21:26 AM,202,Warning,WT8-GUI,83100214,HM,Overscaled Channel detected at Tag AI_TT_025
4/24/2026 11:21:26 AM,202,Warning,WT8-GUI,83100215,HM,Overscaled Channel detected at Tag AI_TT_026
4/24/2026 11:21:26 AM,202,Warning,WT8-GUI,83100216,HM,Overscaled Channel detected at Tag AI_TT_027
4/24/2026 11:21:26 AM,202,Warning,WT8-GUI,83100217,HM,Overscaled Channel detected at Tag AI_TT_028
4/24/2026 11:21:26 AM,202,Warning,WT8-GUI,83100218,HM,Overscaled Channel detected at Tag AI_TT_004
4/24/2026 11:21:26 AM,202,Warning,WT8-GUI,83100219,HM,Overscaled Channel detected at Tag AI_TT_005
4/24/2026 11:21:26 AM,202,Warning,WT8-GUI,83100220,HM,Overscaled Channel detected at Tag AI_TT_006
4/24/2026 11:21:26 AM,202,Warning,WT8-GUI,83100221,HM,Overscaled Channel detected at Tag AI_TT_007
4/24/2026 11:21:26 AM,202,Warning,WT8-GUI,83100222,HM,Overscaled Channel detected at Tag AI_TT_008
4/24/2026 11:21:26 AM,202,Warning,WT8-GUI,83100223,HM,Overscaled Channel detected at Tag AI_TK_000
4/24/2026 11:21:26 AM,202,Warning,WT8-GUI,83100224,HM,Overscaled Channel detected at Tag AI_TK_009
4/24/2026 11:21:26 AM,202,Warning,WT8-GUI,83100225,HM,Overscaled Channel detected at Tag AI_TK_010
4/24/2026 11:21:26 AM,202,Warning,WT8-GUI,83100226,HM,Overscaled Channel detected at Tag AI_TK_011
4/24/2026 11:21:26 AM,202,Warning,WT8-GUI,83100227,HM,Overscaled Channel detected at Tag AI_TK_012
4/24/2026 11:21:26 AM,202,Warning,WT8-GUI,83100228,HM,Overscaled Channel detected at Tag AI_TT_009
4/24/2026 11:21:26 AM,202,Warning,WT8-GUI,83100229,HM,Overscaled Channel detected at Tag AI_TT_010
4/24/2026 11:21:26 AM,202,Warning,WT8-GUI,83100230,HM,Overscaled Channel detected at Tag AI_TT_011
4/24/2026 11:21:54 AM,0,Debug,WT8-GUI,83100231,BALANCE,"Sent balance command ""SetYaw#20.100000#2.000000""."
4/24/2026 11:22:10 AM,301005,Warning,WT8-GUI,83100232,OPC,OPC Server Graybox.Simulator.1 on host localhost has not updated data in 119 minute(s).
4/24/2026 11:22:26 AM,202,Warning,WT8-GUI,83100233,HM,Overscaled Channel detected at Tag AI_Volts_Shunt_001
4/24/2026 11:22:26 AM,202,Warning,WT8-GUI,83100234,HM,Overscaled Channel detected at Tag AI_Volts_Shunt_003
4/24/2026 11:22:26 AM,202,Warning,WT8-GUI,83100235,HM,Overscaled Channel detected at Tag AI_Volts_Shunt_004
4/24/2026 11:22:26 AM,202,Warning,WT8-GUI,83100236,HM,Overscaled Channel detected at Tag AI_TK_003
4/24/2026 11:22:26 AM,202,Warning,WT8-GUI,83100237,HM,Overscaled Channel detected at Tag AI_TT_002
4/24/2026 11:22:26 AM,202,Warning,WT8-GUI,83100238,HM,Overscaled Channel detected at Tag AI_TT_029
4/24/2026 11:22:26 AM,202,Warning,WT8-GUI,83100239,HM,Overscaled Channel detected at Tag AI_TT_030
4/24/2026 11:22:26 AM,202,Warning,WT8-GUI,83100240,HM,Overscaled Channel detected at Tag AI_TT_003
4/24/2026 11:22:26 AM,202,Warning,WT8-GUI,83100241,HM,Overscaled Channel detected at Tag AI_Volts_Shunt_000
4/24/2026 11:22:26 AM,202,Warning,WT8-GUI,83100242,HM,Overscaled Channel detected at Tag AI_TK_013
4/24/2026 11:22:26 AM,202,Warning,WT8-GUI,83100243,HM,Overscaled Channel detected at Tag AI_TK_014
4/24/2026 11:22:26 AM,202,Warning,WT8-GUI,83100244,HM,Overscaled Channel detected at Tag AI_TK_015
4/24/2026 11:22:26 AM,202,Warning,WT8-GUI,83100245,HM,Overscaled Channel detected at Tag AI_TK_016
4/24/2026 11:22:26 AM,202,Warning,WT8-GUI,83100246,HM,Overscaled Channel detected at Tag AI_TK_017
4/24/2026 11:22:26 AM,202,Warning,WT8-GUI,83100247,HM,Overscaled Channel detected at Tag AI_TK_018
4/24/2026 11:22:26 AM,202,Warning,WT8-GUI,83100248,HM,Overscaled Channel detected at Tag AI_TK_001
4/24/2026 11:22:26 AM,202,Warning,WT8-GUI,83100249,HM,Overscaled Channel detected at Tag AI_TK_019
4/24/2026 11:22:26 AM,202,Warning,WT8-GUI,83100250,HM,Overscaled Channel detected at Tag AI_TK_020
4/24/2026 11:22:26 AM,202,Warning,WT8-GUI,83100251,HM,Overscaled Channel detected at Tag AI_TK_021
4/24/2026 11:22:26 AM,202,Warning,WT8-GUI,83100252,HM,Overscaled Channel detected at Tag AI_TK_022
4/24/2026 11:22:26 AM,202,Warning,WT8-GUI,83100253,HM,Overscaled Channel detected at Tag AI_TK_023
4/24/2026 11:22:26 AM,202,Warning,WT8-GUI,83100254,HM,Overscaled Channel detected at Tag AI_TK_024
4/24/2026 11:22:26 AM,202,Warning,WT8-GUI,83100255,HM,Overscaled Channel detected at Tag AI_TK_025
4/24/2026 11:22:26 AM,202,Warning,WT8-GUI,83100256,HM,Overscaled Channel detected at Tag AI_TK_026
4/24/2026 11:22:26 AM,202,Warning,WT8-GUI,83100257,HM,Overscaled Channel detected at Tag AI_TK_027
4/24/2026 11:22:26 AM,202,Warning,WT8-GUI,83100258,HM,Overscaled Channel detected at Tag AI_TK_028
4/24/2026 11:22:26 AM,202,Warning,WT8-GUI,83100259,HM,Overscaled Channel detected at Tag AI_TK_002
4/24/2026 11:22:26 AM,202,Warning,WT8-GUI,83100260,HM,Overscaled Channel detected at Tag AI_TK_029
4/24/2026 11:22:26 AM,202,Warning,WT8-GUI,83100261,HM,Overscaled Channel detected at Tag AI_TK_030
4/24/2026 11:22:26 AM,202,Warning,WT8-GUI,83100262,HM,Overscaled Channel detected at Tag AI_TK_004
4/24/2026 11:22:26 AM,202,Warning,WT8-GUI,83100263,HM,Overscaled Channel detected at Tag AI_TK_005
4/24/2026 11:22:26 AM,202,Warning,WT8-GUI,83100264,HM,Overscaled Channel detected at Tag AI_TK_006
4/24/2026 11:22:26 AM,202,Warning,WT8-GUI,83100265,HM,Overscaled Channel detected at Tag AI_TK_007
4/24/2026 11:22:26 AM,202,Warning,WT8-GUI,83100266,HM,Overscaled Channel detected at Tag AI_TK_008
4/24/2026 11:22:26 AM,202,Warning,WT8-GUI,83100267,HM,Overscaled Channel detected at Tag AI_Volts_Shunt_006
4/24/2026 11:22:26 AM,202,Warning,WT8-GUI,83100268,HM,Overscaled Channel detected at Tag AI_Volts_Shunt_007
4/24/2026 11:22:26 AM,202,Warning,WT8-GUI,83100269,HM,Overscaled Channel detected at Tag AI_Volts_Shunt_008
4/24/2026 11:22:26 AM,202,Warning,WT8-GUI,83100270,HM,Overscaled Channel detected at Tag AI_Volts_Shunt_009
4/24/2026 11:22:26 AM,202,Warning,WT8-GUI,83100271,HM,Overscaled Channel detected at Tag AI_Volts_Shunt_010
4/24/2026 11:22:26 AM,202,Warning,WT8-GUI,83100272,HM,Overscaled Channel detected at Tag AI_Volts_Shunt_011
4/24/2026 11:22:26 AM,202,Warning,WT8-GUI,83100273,HM,Overscaled Channel detected at Tag AI_Volts_Shunt_012
4/24/2026 11:22:26 AM,202,Warning,WT8-GUI,83100274,HM,Overscaled Channel detected at Tag AI_Volts_Shunt_013
4/24/2026 11:22:26 AM,202,Warning,WT8-GUI,83100275,HM,Overscaled Channel detected at Tag AI_Volts_Shunt_014
4/24/2026 11:22:26 AM,202,Warning,WT8-GUI,83100276,HM,Overscaled Channel detected at Tag AI_Volts_Shunt_015
4/24/2026 11:22:26 AM,202,Warning,WT8-GUI,83100277,HM,Overscaled Channel detected at Tag AI_Strain_000
4/24/2026 11:22:26 AM,202,Warning,WT8-GUI,83100278,HM,Overscaled Channel detected at Tag AI_Strain_001
4/24/2026 11:22:26 AM,202,Warning,WT8-GUI,83100279,HM,Overscaled Channel detected at Tag AI_Strain_002
4/24/2026 11:22:26 AM,202,Warning,WT8-GUI,83100280,HM,Overscaled Channel detected at Tag AI_Strain_003
4/24/2026 11:22:26 AM,202,Warning,WT8-GUI,83100281,HM,Overscaled Channel detected at Tag AI_Strain_004
4/24/2026 11:22:26 AM,202,Warning,WT8-GUI,83100282,HM,Overscaled Channel detected at Tag AI_Strain_005
4/24/2026 11:22:26 AM,202,Warning,WT8-GUI,83100283,HM,Overscaled Channel detected at Tag AI_Strain_006
4/24/2026 11:22:26 AM,202,Warning,WT8-GUI,83100284,HM,Overscaled Channel detected at Tag AI_Strain_007
4/24/2026 11:22:26 AM,202,Warning,WT8-GUI,83100285,HM,Overscaled Channel detected at Tag AI_TT_000
4/24/2026 11:22:26 AM,202,Warning,WT8-GUI,83100286,HM,Overscaled Channel detected at Tag AI_TT_012
4/24/2026 11:22:26 AM,202,Warning,WT8-GUI,83100287,HM,Overscaled Channel detected at Tag AI_TT_013
4/24/2026 11:22:26 AM,202,Warning,WT8-GUI,83100288,HM,Overscaled Channel detected at Tag AI_TT_014
4/24/2026 11:22:26 AM,202,Warning,WT8-GUI,83100289,HM,Overscaled Channel detected at Tag AI_TT_015
4/24/2026 11:22:26 AM,202,Warning,WT8-GUI,83100290,HM,Overscaled Channel detected at Tag AI_TT_016
4/24/2026 11:22:26 AM,202,Warning,WT8-GUI,83100291,HM,Overscaled Channel detected at Tag AI_TT_017
4/24/2026 11:22:26 AM,202,Warning,WT8-GUI,83100292,HM,Overscaled Channel detected at Tag AI_TT_018
4/24/2026 11:22:26 AM,202,Warning,WT8-GUI,83100293,HM,Overscaled Channel detected at Tag AI_TT_001
4/24/2026 11:22:26 AM,202,Warning,WT8-GUI,83100294,HM,Overscaled Channel detected at Tag AI_TT_019
4/24/2026 11:22:26 AM,202,Warning,WT8-GUI,83100295,HM,Overscaled Channel detected at Tag AI_TT_020
4/24/2026 11:22:26 AM,202,Warning,WT8-GUI,83100296,HM,Overscaled Channel detected at Tag AI_TT_021
4/24/2026 11:22:26 AM,202,Warning,WT8-GUI,83100297,HM,Overscaled Channel detected at Tag AI_TT_022
4/24/2026 11:22:26 AM,202,Warning,WT8-GUI,83100298,HM,Overscaled Channel detected at Tag AI_TT_023
4/24/2026 11:22:26 AM,202,Warning,WT8-GUI,83100299,HM,Overscaled Channel detected at Tag AI_TT_024
4/24/2026 11:22:26 AM,202,Warning,WT8-GUI,83100300,HM,Overscaled Channel detected at Tag AI_TT_025
4/24/2026 11:22:26 AM,202,Warning,WT8-GUI,83100301,HM,Overscaled Channel detected at Tag AI_TT_026
4/24/2026 11:22:26 AM,202,Warning,WT8-GUI,83100302,HM,Overscaled Channel detected at Tag AI_TT_027
4/24/2026 11:22:26 AM,202,Warning,WT8-GUI,83100303,HM,Overscaled Channel detected at Tag AI_TT_028
4/24/2026 11:22:26 AM,202,Warning,WT8-GUI,83100304,HM,Overscaled Channel detected at Tag AI_TT_004
4/24/2026 11:22:26 AM,202,Warning,WT8-GUI,83100305,HM,Overscaled Channel detected at Tag AI_TT_005
4/24/2026 11:22:26 AM,202,Warning,WT8-GUI,83100306,HM,Overscaled Channel detected at Tag AI_TT_006
4/24/2026 11:22:26 AM,202,Warning,WT8-GUI,83100307,HM,Overscaled Channel detected at Tag AI_TT_007
4/24/2026 11:22:26 AM,202,Warning,WT8-GUI,83100308,HM,Overscaled Channel detected at Tag AI_TT_008
4/24/2026 11:22:26 AM,202,Warning,WT8-GUI,83100309,HM,Overscaled Channel detected at Tag AI_TK_000
4/24/2026 11:22:26 AM,202,Warning,WT8-GUI,83100310,HM,Overscaled Channel detected at Tag AI_TK_009
4/24/2026 11:22:26 AM,202,Warning,WT8-GUI,83100311,HM,Overscaled Channel detected at Tag AI_TK_010
4/24/2026 11:22:26 AM,202,Warning,WT8-GUI,83100312,HM,Overscaled Channel detected at Tag AI_TK_011
4/24/2026 11:22:26 AM,202,Warning,WT8-GUI,83100313,HM,Overscaled Channel detected at Tag AI_TK_012
4/24/2026 11:22:26 AM,202,Warning,WT8-GUI,83100314,HM,Overscaled Channel detected at Tag AI_TT_009
4/24/2026 11:22:26 AM,202,Warning,WT8-GUI,83100315,HM,Overscaled Channel detected at Tag AI_TT_010
4/24/2026 11:22:26 AM,202,Warning,WT8-GUI,83100316,HM,Overscaled Channel detected at Tag AI_TT_011
4/24/2026 11:23:10 AM,301005,Warning,WT8-GUI,83100317,OPC,OPC Server Graybox.Simulator.1 on host localhost has not updated data in 120 minute(s).
4/24/2026 11:23:26 AM,202,Warning,WT8-GUI,83100318,HM,Overscaled Channel detected at Tag AI_Volts_Shunt_001
4/24/2026 11:23:26 AM,202,Warning,WT8-GUI,83100319,HM,Overscaled Channel detected at Tag AI_Volts_Shunt_003
4/24/2026 11:23:26 AM,202,Warning,WT8-GUI,83100320,HM,Overscaled Channel detected at Tag AI_Volts_Shunt_004
4/24/2026 11:23:26 AM,202,Warning,WT8-GUI,83100321,HM,Overscaled Channel detected at Tag AI_TK_003
4/24/2026 11:23:26 AM,202,Warning,WT8-GUI,83100322,HM,Overscaled Channel detected at Tag AI_TT_002
4/24/2026 11:23:26 AM,202,Warning,WT8-GUI,83100323,HM,Overscaled Channel detected at Tag AI_TT_029
4/24/2026 11:23:26 AM,202,Warning,WT8-GUI,83100324,HM,Overscaled Channel detected at Tag AI_TT_030
4/24/2026 11:23:26 AM,202,Warning,WT8-GUI,83100325,HM,Overscaled Channel detected at Tag AI_TT_003
4/24/2026 11:23:26 AM,202,Warning,WT8-GUI,83100326,HM,Overscaled Channel detected at Tag AI_Volts_Shunt_000
4/24/2026 11:23:26 AM,202,Warning,WT8-GUI,83100327,HM,Overscaled Channel detected at Tag AI_TK_013
4/24/2026 11:23:26 AM,202,Warning,WT8-GUI,83100328,HM,Overscaled Channel detected at Tag AI_TK_014
4/24/2026 11:23:26 AM,202,Warning,WT8-GUI,83100329,HM,Overscaled Channel detected at Tag AI_TK_015
4/24/2026 11:23:26 AM,202,Warning,WT8-GUI,83100330,HM,Overscaled Channel detected at Tag AI_TK_016
4/24/2026 11:23:26 AM,202,Warning,WT8-GUI,83100331,HM,Overscaled Channel detected at Tag AI_TK_017
4/24/2026 11:23:26 AM,202,Warning,WT8-GUI,83100332,HM,Overscaled Channel detected at Tag AI_TK_018
4/24/2026 11:23:26 AM,202,Warning,WT8-GUI,83100333,HM,Overscaled Channel detected at Tag AI_TK_001
4/24/2026 11:23:26 AM,202,Warning,WT8-GUI,83100334,HM,Overscaled Channel detected at Tag AI_TK_019
4/24/2026 11:23:26 AM,202,Warning,WT8-GUI,83100335,HM,Overscaled Channel detected at Tag AI_TK_020
4/24/2026 11:23:26 AM,202,Warning,WT8-GUI,83100336,HM,Overscaled Channel detected at Tag AI_TK_021
4/24/2026 11:23:26 AM,202,Warning,WT8-GUI,83100337,HM,Overscaled Channel detected at Tag AI_TK_022
4/24/2026 11:23:26 AM,202,Warning,WT8-GUI,83100338,HM,Overscaled Channel detected at Tag AI_TK_023
4/24/2026 11:23:26 AM,202,Warning,WT8-GUI,83100339,HM,Overscaled Channel detected at Tag AI_TK_024
4/24/2026 11:23:26 AM,202,Warning,WT8-GUI,83100340,HM,Overscaled Channel detected at Tag AI_TK_025
4/24/2026 11:23:26 AM,202,Warning,WT8-GUI,83100341,HM,Overscaled Channel detected at Tag AI_TK_026
4/24/2026 11:23:26 AM,202,Warning,WT8-GUI,83100342,HM,Overscaled Channel detected at Tag AI_TK_027
4/24/2026 11:23:26 AM,202,Warning,WT8-GUI,83100343,HM,Overscaled Channel detected at Tag AI_TK_028
4/24/2026 11:23:26 AM,202,Warning,WT8-GUI,83100344,HM,Overscaled Channel detected at Tag AI_TK_002
4/24/2026 11:23:26 AM,202,Warning,WT8-GUI,83100345,HM,Overscaled Channel detected at Tag AI_TK_029
4/24/2026 11:23:26 AM,202,Warning,WT8-GUI,83100346,HM,Overscaled Channel detected at Tag AI_TK_030
4/24/2026 11:23:26 AM,202,Warning,WT8-GUI,83100347,HM,Overscaled Channel detected at Tag AI_TK_004
4/24/2026 11:23:26 AM,202,Warning,WT8-GUI,83100348,HM,Overscaled Channel detected at Tag AI_TK_005
4/24/2026 11:23:26 AM,202,Warning,WT8-GUI,83100349,HM,Overscaled Channel detected at Tag AI_TK_006
4/24/2026 11:23:26 AM,202,Warning,WT8-GUI,83100350,HM,Overscaled Channel detected at Tag AI_TK_007
4/24/2026 11:23:26 AM,202,Warning,WT8-GUI,83100351,HM,Overscaled Channel detected at Tag AI_TK_008
4/24/2026 11:23:26 AM,202,Warning,WT8-GUI,83100352,HM,Overscaled Channel detected at Tag AI_Volts_Shunt_006
4/24/2026 11:23:26 AM,202,Warning,WT8-GUI,83100353,HM,Overscaled Channel detected at Tag AI_Volts_Shunt_007
4/24/2026 11:23:26 AM,202,Warning,WT8-GUI,83100354,HM,Overscaled Channel detected at Tag AI_Volts_Shunt_008
4/24/2026 11:23:26 AM,202,Warning,WT8-GUI,83100355,HM,Overscaled Channel detected at Tag AI_Volts_Shunt_009
4/24/2026 11:23:26 AM,202,Warning,WT8-GUI,83100356,HM,Overscaled Channel detected at Tag AI_Volts_Shunt_010
4/24/2026 11:23:26 AM,202,Warning,WT8-GUI,83100357,HM,Overscaled Channel detected at Tag AI_Volts_Shunt_011
4/24/2026 11:23:26 AM,202,Warning,WT8-GUI,83100358,HM,Overscaled Channel detected at Tag AI_Volts_Shunt_012
4/24/2026 11:23:26 AM,202,Warning,WT8-GUI,83100359,HM,Overscaled Channel detected at Tag AI_Volts_Shunt_013
4/24/2026 11:23:26 AM,202,Warning,WT8-GUI,83100360,HM,Overscaled Channel detected at Tag AI_Volts_Shunt_014
4/24/2026 11:23:26 AM,202,Warning,WT8-GUI,83100361,HM,Overscaled Channel detected at Tag AI_Volts_Shunt_015
4/24/2026 11:23:26 AM,202,Warning,WT8-GUI,83100362,HM,Overscaled Channel detected at Tag AI_Strain_000
4/24/2026 11:23:26 AM,202,Warning,WT8-GUI,83100363,HM,Overscaled Channel detected at Tag AI_Strain_001
4/24/2026 11:23:26 AM,202,Warning,WT8-GUI,83100364,HM,Overscaled Channel detected at Tag AI_Strain_002
4/24/2026 11:23:26 AM,202,Warning,WT8-GUI,83100365,HM,Overscaled Channel detected at Tag AI_Strain_003
4/24/2026 11:23:26 AM,202,Warning,WT8-GUI,83100366,HM,Overscaled Channel detected at Tag AI_Strain_004
4/24/2026 11:23:26 AM,202,Warning,WT8-GUI,83100367,HM,Overscaled Channel detected at Tag AI_Strain_005
4/24/2026 11:23:26 AM,202,Warning,WT8-GUI,83100368,HM,Overscaled Channel detected at Tag AI_Strain_006
4/24/2026 11:23:26 AM,202,Warning,WT8-GUI,83100369,HM,Overscaled Channel detected at Tag AI_Strain_007
4/24/2026 11:23:26 AM,202,Warning,WT8-GUI,83100370,HM,Overscaled Channel detected at Tag AI_TT_000
4/24/2026 11:23:26 AM,202,Warning,WT8-GUI,83100371,HM,Overscaled Channel detected at Tag AI_TT_012
4/24/2026 11:23:26 AM,202,Warning,WT8-GUI,83100372,HM,Overscaled Channel detected at Tag AI_TT_013
4/24/2026 11:23:26 AM,202,Warning,WT8-GUI,83100373,HM,Overscaled Channel detected at Tag AI_TT_014
4/24/2026 11:23:26 AM,202,Warning,WT8-GUI,83100374,HM,Overscaled Channel detected at Tag AI_TT_015
4/24/2026 11:23:26 AM,202,Warning,WT8-GUI,83100375,HM,Overscaled Channel detected at Tag AI_TT_016
4/24/2026 11:23:26 AM,202,Warning,WT8-GUI,83100376,HM,Overscaled Channel detected at Tag AI_TT_017
4/24/2026 11:23:26 AM,202,Warning,WT8-GUI,83100377,HM,Overscaled Channel detected at Tag AI_TT_018
4/24/2026 11:23:26 AM,202,Warning,WT8-GUI,83100378,HM,Overscaled Channel detected at Tag AI_TT_001
4/24/2026 11:23:26 AM,202,Warning,WT8-GUI,83100379,HM,Overscaled Channel detected at Tag AI_TT_019
4/24/2026 11:23:26 AM,202,Warning,WT8-GUI,83100380,HM,Overscaled Channel detected at Tag AI_TT_020
4/24/2026 11:23:26 AM,202,Warning,WT8-GUI,83100381,HM,Overscaled Channel detected at Tag AI_TT_021
4/24/2026 11:23:26 AM,202,Warning,WT8-GUI,83100382,HM,Overscaled Channel detected at Tag AI_TT_022
4/24/2026 11:23:26 AM,202,Warning,WT8-GUI,83100383,HM,Overscaled Channel detected at Tag AI_TT_023
4/24/2026 11:23:26 AM,202,Warning,WT8-GUI,83100384,HM,Overscaled Channel detected at Tag AI_TT_024
4/24/2026 11:23:26 AM,202,Warning,WT8-GUI,83100385,HM,Overscaled Channel detected at Tag AI_TT_025
4/24/2026 11:23:26 AM,202,Warning,WT8-GUI,83100386,HM,Overscaled Channel detected at Tag AI_TT_026
4/24/2026 11:23:26 AM,202,Warning,WT8-GUI,83100387,HM,Overscaled Channel detected at Tag AI_TT_027
4/24/2026 11:23:26 AM,202,Warning,WT8-GUI,83100388,HM,Overscaled Channel detected at Tag AI_TT_028
4/24/2026 11:23:26 AM,202,Warning,WT8-GUI,83100389,HM,Overscaled Channel detected at Tag AI_TT_004
4/24/2026 11:23:26 AM,202,Warning,WT8-GUI,83100390,HM,Overscaled Channel detected at Tag AI_TT_005
4/24/2026 11:23:26 AM,202,Warning,WT8-GUI,83100391,HM,Overscaled Channel detected at Tag AI_TT_006
4/24/2026 11:23:26 AM,202,Warning,WT8-GUI,83100392,HM,Overscaled Channel detected at Tag AI_TT_007
4/24/2026 11:23:26 AM,202,Warning,WT8-GUI,83100393,HM,Overscaled Channel detected at Tag AI_TT_008
4/24/2026 11:23:26 AM,202,Warning,WT8-GUI,83100394,HM,Overscaled Channel detected at Tag AI_TK_000
4/24/2026 11:23:26 AM,202,Warning,WT8-GUI,83100395,HM,Overscaled Channel detected at Tag AI_TK_009
4/24/2026 11:23:26 AM,202,Warning,WT8-GUI,83100396,HM,Overscaled Channel detected at Tag AI_TK_010
4/24/2026 11:23:26 AM,202,Warning,WT8-GUI,83100397,HM,Overscaled Channel detected at Tag AI_TK_011
4/24/2026 11:23:26 AM,202,Warning,WT8-GUI,83100398,HM,Overscaled Channel detected at Tag AI_TK_012
4/24/2026 11:23:26 AM,202,Warning,WT8-GUI,83100399,HM,Overscaled Channel detected at Tag AI_TT_009
4/24/2026 11:23:26 AM,202,Warning,WT8-GUI,83100400,HM,Overscaled Channel detected at Tag AI_TT_010
4/24/2026 11:23:26 AM,202,Warning,WT8-GUI,83100401,HM,Overscaled Channel detected at Tag AI_TT_011
4/24/2026 11:24:10 AM,301005,Warning,WT8-GUI,83100402,OPC,OPC Server Graybox.Simulator.1 on host localhost has not updated data in 121 minute(s).
4/24/2026 11:24:26 AM,202,Warning,WT8-GUI,83100403,HM,Overscaled Channel detected at Tag AI_Volts_Shunt_001
4/24/2026 11:24:26 AM,202,Warning,WT8-GUI,83100404,HM,Overscaled Channel detected at Tag AI_Volts_Shunt_003
4/24/2026 11:24:26 AM,202,Warning,WT8-GUI,83100405,HM,Overscaled Channel detected at Tag AI_Volts_Shunt_004
4/24/2026 11:24:26 AM,202,Warning,WT8-GUI,83100406,HM,Overscaled Channel detected at Tag AI_TK_003
4/24/2026 11:24:26 AM,202,Warning,WT8-GUI,83100407,HM,Overscaled Channel detected at Tag AI_TT_002
4/24/2026 11:24:26 AM,202,Warning,WT8-GUI,83100408,HM,Overscaled Channel detected at Tag AI_TT_029
4/24/2026 11:24:26 AM,202,Warning,WT8-GUI,83100409,HM,Overscaled Channel detected at Tag AI_TT_030
4/24/2026 11:24:26 AM,202,Warning,WT8-GUI,83100410,HM,Overscaled Channel detected at Tag AI_TT_003
4/24/2026 11:24:26 AM,202,Warning,WT8-GUI,83100411,HM,Overscaled Channel detected at Tag AI_Volts_Shunt_000
4/24/2026 11:24:26 AM,202,Warning,WT8-GUI,83100412,HM,Overscaled Channel detected at Tag AI_TK_013
4/24/2026 11:24:26 AM,202,Warning,WT8-GUI,83100413,HM,Overscaled Channel detected at Tag AI_TK_014
4/24/2026 11:24:26 AM,202,Warning,WT8-GUI,83100414,HM,Overscaled Channel detected at Tag AI_TK_015
4/24/2026 11:24:26 AM,202,Warning,WT8-GUI,83100415,HM,Overscaled Channel detected at Tag AI_TK_016
4/24/2026 11:24:26 AM,202,Warning,WT8-GUI,83100416,HM,Overscaled Channel detected at Tag AI_TK_017
4/24/2026 11:24:26 AM,202,Warning,WT8-GUI,83100417,HM,Overscaled Channel detected at Tag AI_TK_018
4/24/2026 11:24:26 AM,202,Warning,WT8-GUI,83100418,HM,Overscaled Channel detected at Tag AI_TK_001
4/24/2026 11:24:26 AM,202,Warning,WT8-GUI,83100419,HM,Overscaled Channel detected at Tag AI_TK_019
4/24/2026 11:24:26 AM,202,Warning,WT8-GUI,83100420,HM,Overscaled Channel detected at Tag AI_TK_020
4/24/2026 11:24:26 AM,202,Warning,WT8-GUI,83100421,HM,Overscaled Channel detected at Tag AI_TK_021
4/24/2026 11:24:26 AM,202,Warning,WT8-GUI,83100422,HM,Overscaled Channel detected at Tag AI_TK_022
4/24/2026 11:24:26 AM,202,Warning,WT8-GUI,83100423,HM,Overscaled Channel detected at Tag AI_TK_023
4/24/2026 11:24:26 AM,202,Warning,WT8-GUI,83100424,HM,Overscaled Channel detected at Tag AI_TK_024
4/24/2026 11:24:26 AM,202,Warning,WT8-GUI,83100425,HM,Overscaled Channel detected at Tag AI_TK_025
4/24/2026 11:24:26 AM,202,Warning,WT8-GUI,83100426,HM,Overscaled Channel detected at Tag AI_TK_026
4/24/2026 11:24:26 AM,202,Warning,WT8-GUI,83100427,HM,Overscaled Channel detected at Tag AI_TK_027
4/24/2026 11:24:26 AM,202,Warning,WT8-GUI,83100428,HM,Overscaled Channel detected at Tag AI_TK_028
4/24/2026 11:24:26 AM,202,Warning,WT8-GUI,83100429,HM,Overscaled Channel detected at Tag AI_TK_002
4/24/2026 11:24:26 AM,202,Warning,WT8-GUI,83100430,HM,Overscaled Channel detected at Tag AI_TK_029
4/24/2026 11:24:26 AM,202,Warning,WT8-GUI,83100431,HM,Overscaled Channel detected at Tag AI_TK_030
4/24/2026 11:24:26 AM,202,Warning,WT8-GUI,83100432,HM,Overscaled Channel detected at Tag AI_TK_004
4/24/2026 11:24:26 AM,202,Warning,WT8-GUI,83100433,HM,Overscaled Channel detected at Tag AI_TK_005
4/24/2026 11:24:26 AM,202,Warning,WT8-GUI,83100434,HM,Overscaled Channel detected at Tag AI_TK_006
4/24/2026 11:24:26 AM,202,Warning,WT8-GUI,83100435,HM,Overscaled Channel detected at Tag AI_TK_007
4/24/2026 11:24:26 AM,202,Warning,WT8-GUI,83100436,HM,Overscaled Channel detected at Tag AI_TK_008
4/24/2026 11:24:26 AM,202,Warning,WT8-GUI,83100437,HM,Overscaled Channel detected at Tag AI_Volts_Shunt_006
4/24/2026 11:24:26 AM,202,Warning,WT8-GUI,83100438,HM,Overscaled Channel detected at Tag AI_Volts_Shunt_007
4/24/2026 11:24:26 AM,202,Warning,WT8-GUI,83100439,HM,Overscaled Channel detected at Tag AI_Volts_Shunt_008
4/24/2026 11:24:26 AM,202,Warning,WT8-GUI,83100440,HM,Overscaled Channel detected at Tag AI_Volts_Shunt_009
4/24/2026 11:24:26 AM,202,Warning,WT8-GUI,83100441,HM,Overscaled Channel detected at Tag AI_Volts_Shunt_010
4/24/2026 11:24:26 AM,202,Warning,WT8-GUI,83100442,HM,Overscaled Channel detected at Tag AI_Volts_Shunt_011
4/24/2026 11:24:26 AM,202,Warning,WT8-GUI,83100443,HM,Overscaled Channel detected at Tag AI_Volts_Shunt_012
4/24/2026 11:24:26 AM,202,Warning,WT8-GUI,83100444,HM,Overscaled Channel detected at Tag AI_Volts_Shunt_013
4/24/2026 11:24:26 AM,202,Warning,WT8-GUI,83100445,HM,Overscaled Channel detected at Tag AI_Volts_Shunt_014
4/24/2026 11:24:26 AM,202,Warning,WT8-GUI,83100446,HM,Overscaled Channel detected at Tag AI_Volts_Shunt_015
4/24/2026 11:24:26 AM,202,Warning,WT8-GUI,83100447,HM,Overscaled Channel detected at Tag AI_Strain_000
4/24/2026 11:24:26 AM,202,Warning,WT8-GUI,83100448,HM,Overscaled Channel detected at Tag AI_Strain_001
4/24/2026 11:24:26 AM,202,Warning,WT8-GUI,83100449,HM,Overscaled Channel detected at Tag AI_Strain_002
4/24/2026 11:24:26 AM,202,Warning,WT8-GUI,83100450,HM,Overscaled Channel detected at Tag AI_Strain_003
4/24/2026 11:24:26 AM,202,Warning,WT8-GUI,83100451,HM,Overscaled Channel detected at Tag AI_Strain_004
4/24/2026 11:24:26 AM,202,Warning,WT8-GUI,83100452,HM,Overscaled Channel detected at Tag AI_Strain_005
4/24/2026 11:24:26 AM,202,Warning,WT8-GUI,83100453,HM,Overscaled Channel detected at Tag AI_Strain_006
4/24/2026 11:24:26 AM,202,Warning,WT8-GUI,83100454,HM,Overscaled Channel detected at Tag AI_Strain_007
4/24/2026 11:24:26 AM,202,Warning,WT8-GUI,83100455,HM,Overscaled Channel detected at Tag AI_TT_000
4/24/2026 11:24:26 AM,202,Warning,WT8-GUI,83100456,HM,Overscaled Channel detected at Tag AI_TT_012
4/24/2026 11:24:26 AM,202,Warning,WT8-GUI,83100457,HM,Overscaled Channel detected at Tag AI_TT_013
4/24/2026 11:24:26 AM,202,Warning,WT8-GUI,83100458,HM,Overscaled Channel detected at Tag AI_TT_014
4/24/2026 11:24:26 AM,202,Warning,WT8-GUI,83100459,HM,Overscaled Channel detected at Tag AI_TT_015
4/24/2026 11:24:26 AM,202,Warning,WT8-GUI,83100460,HM,Overscaled Channel detected at Tag AI_TT_016
4/24/2026 11:24:26 AM,202,Warning,WT8-GUI,83100461,HM,Overscaled Channel detected at Tag AI_TT_017
4/24/2026 11:24:26 AM,202,Warning,WT8-GUI,83100462,HM,Overscaled Channel detected at Tag AI_TT_018
4/24/2026 11:24:26 AM,202,Warning,WT8-GUI,83100463,HM,Overscaled Channel detected at Tag AI_TT_001
4/24/2026 11:24:26 AM,202,Warning,WT8-GUI,83100464,HM,Overscaled Channel detected at Tag AI_TT_019
4/24/2026 11:24:26 AM,202,Warning,WT8-GUI,83100465,HM,Overscaled Channel detected at Tag AI_TT_020
4/24/2026 11:24:26 AM,202,Warning,WT8-GUI,83100466,HM,Overscaled Channel detected at Tag AI_TT_021
4/24/2026 11:24:26 AM,202,Warning,WT8-GUI,83100467,HM,Overscaled Channel detected at Tag AI_TT_022
4/24/2026 11:24:26 AM,202,Warning,WT8-GUI,83100468,HM,Overscaled Channel detected at Tag AI_TT_023
4/24/2026 11:24:26 AM,202,Warning,WT8-GUI,83100469,HM,Overscaled Channel detected at Tag AI_TT_024
4/24/2026 11:24:26 AM,202,Warning,WT8-GUI,83100470,HM,Overscaled Channel detected at Tag AI_TT_025
4/24/2026 11:24:26 AM,202,Warning,WT8-GUI,83100471,HM,Overscaled Channel detected at Tag AI_TT_026
4/24/2026 11:24:26 AM,202,Warning,WT8-GUI,83100472,HM,Overscaled Channel detected at Tag AI_TT_027
4/24/2026 11:24:26 AM,202,Warning,WT8-GUI,83100473,HM,Overscaled Channel detected at Tag AI_TT_028
4/24/2026 11:24:26 AM,202,Warning,WT8-GUI,83100474,HM,Overscaled Channel detected at Tag AI_TT_004
4/24/2026 11:24:26 AM,202,Warning,WT8-GUI,83100475,HM,Overscaled Channel detected at Tag AI_TT_005
4/24/2026 11:24:26 AM,202,Warning,WT8-GUI,83100476,HM,Overscaled Channel detected at Tag AI_TT_006
4/24/2026 11:24:26 AM,202,Warning,WT8-GUI,83100477,HM,Overscaled Channel detected at Tag AI_TT_007
4/24/2026 11:24:26 AM,202,Warning,WT8-GUI,83100478,HM,Overscaled Channel detected at Tag AI_TT_008
4/24/2026 11:24:26 AM,202,Warning,WT8-GUI,83100479,HM,Overscaled Channel detected at Tag AI_TK_000
4/24/2026 11:24:26 AM,202,Warning,WT8-GUI,83100480,HM,Overscaled Channel detected at Tag AI_TK_009
4/24/2026 11:24:26 AM,202,Warning,WT8-GUI,83100481,HM,Overscaled Channel detected at Tag AI_TK_010
4/24/2026 11:24:26 AM,202,Warning,WT8-GUI,83100482,HM,Overscaled Channel detected at Tag AI_TK_011
4/24/2026 11:24:26 AM,202,Warning,WT8-GUI,83100483,HM,Overscaled Channel detected at Tag AI_TK_012
4/24/2026 11:24:26 AM,202,Warning,WT8-GUI,83100484,HM,Overscaled Channel detected at Tag AI_TT_009
4/24/2026 11:24:26 AM,202,Warning,WT8-GUI,83100485,HM,Overscaled Channel detected at Tag AI_TT_010
4/24/2026 11:24:26 AM,202,Warning,WT8-GUI,83100486,HM,Overscaled Channel detected at Tag AI_TT_011
4/24/2026 11:24:54 AM,0,Debug,WT8-GUI,83100487,BALANCE,"Sent balance command ""SetYaw#10.099999#2.000000""."
4/24/2026 11:25:10 AM,301005,Warning,WT8-GUI,83100488,OPC,OPC Server Graybox.Simulator.1 on host localhost has not updated data in 122 minute(s).
4/24/2026 11:25:26 AM,202,Warning,WT8-GUI,83100489,HM,Overscaled Channel detected at Tag AI_Volts_Shunt_001
4/24/2026 11:25:26 AM,202,Warning,WT8-GUI,83100490,HM,Overscaled Channel detected at Tag AI_Volts_Shunt_003
4/24/2026 11:25:26 AM,202,Warning,WT8-GUI,83100491,HM,Overscaled Channel detected at Tag AI_Volts_Shunt_004
4/24/2026 11:25:26 AM,202,Warning,WT8-GUI,83100492,HM,Overscaled Channel detected at Tag AI_TK_003
4/24/2026 11:25:26 AM,202,Warning,WT8-GUI,83100493,HM,Overscaled Channel detected at Tag AI_TT_002
4/24/2026 11:25:26 AM,202,Warning,WT8-GUI,83100494,HM,Overscaled Channel detected at Tag AI_TT_029
4/24/2026 11:25:26 AM,202,Warning,WT8-GUI,83100495,HM,Overscaled Channel detected at Tag AI_TT_030
4/24/2026 11:25:26 AM,202,Warning,WT8-GUI,83100496,HM,Overscaled Channel detected at Tag AI_TT_003
4/24/2026 11:25:26 AM,202,Warning,WT8-GUI,83100497,HM,Overscaled Channel detected at Tag AI_Volts_Shunt_000
4/24/2026 11:25:26 AM,202,Warning,WT8-GUI,83100498,HM,Overscaled Channel detected at Tag AI_TK_013
4/24/2026 11:25:26 AM,202,Warning,WT8-GUI,83100499,HM,Overscaled Channel detected at Tag AI_TK_014
4/24/2026 11:25:26 AM,202,Warning,WT8-GUI,83100500,HM,Overscaled Channel detected at Tag AI_TK_015
4/24/2026 11:25:26 AM,202,Warning,WT8-GUI,83100501,HM,Overscaled Channel detected at Tag AI_TK_016
4/24/2026 11:25:26 AM,202,Warning,WT8-GUI,83100502,HM,Overscaled Channel detected at Tag AI_TK_017
4/24/2026 11:25:26 AM,202,Warning,WT8-GUI,83100503,HM,Overscaled Channel detected at Tag AI_TK_018
4/24/2026 11:25:26 AM,202,Warning,WT8-GUI,83100504,HM,Overscaled Channel detected at Tag AI_TK_001
4/24/2026 11:25:26 AM,202,Warning,WT8-GUI,83100505,HM,Overscaled Channel detected at Tag AI_TK_019
4/24/2026 11:25:26 AM,202,Warning,WT8-GUI,83100506,HM,Overscaled Channel detected at Tag AI_TK_020
4/24/2026 11:25:26 AM,202,Warning,WT8-GUI,83100507,HM,Overscaled Channel detected at Tag AI_TK_021
4/24/2026 11:25:26 AM,202,Warning,WT8-GUI,83100508,HM,Overscaled Channel detected at Tag AI_TK_022
4/24/2026 11:25:26 AM,202,Warning,WT8-GUI,83100509,HM,Overscaled Channel detected at Tag AI_TK_023
4/24/2026 11:25:26 AM,202,Warning,WT8-GUI,83100510,HM,Overscaled Channel detected at Tag AI_TK_024
4/24/2026 11:25:26 AM,202,Warning,WT8-GUI,83100511,HM,Overscaled Channel detected at Tag AI_TK_025
4/24/2026 11:25:26 AM,202,Warning,WT8-GUI,83100512,HM,Overscaled Channel detected at Tag AI_TK_026
4/24/2026 11:25:26 AM,202,Warning,WT8-GUI,83100513,HM,Overscaled Channel detected at Tag AI_TK_027
4/24/2026 11:25:26 AM,202,Warning,WT8-GUI,83100514,HM,Overscaled Channel detected at Tag AI_TK_028
4/24/2026 11:25:26 AM,202,Warning,WT8-GUI,83100515,HM,Overscaled Channel detected at Tag AI_TK_002
4/24/2026 11:25:26 AM,202,Warning,WT8-GUI,83100516,HM,Overscaled Channel detected at Tag AI_TK_029
4/24/2026 11:25:26 AM,202,Warning,WT8-GUI,83100517,HM,Overscaled Channel detected at Tag AI_TK_030
4/24/2026 11:25:26 AM,202,Warning,WT8-GUI,83100518,HM,Overscaled Channel detected at Tag AI_TK_005
4/24/2026 11:25:26 AM,202,Warning,WT8-GUI,83100519,HM,Overscaled Channel detected at Tag AI_TK_006
4/24/2026 11:25:26 AM,202,Warning,WT8-GUI,83100520,HM,Overscaled Channel detected at Tag AI_TK_007
4/24/2026 11:25:26 AM,202,Warning,WT8-GUI,83100521,HM,Overscaled Channel detected at Tag AI_TK_008
4/24/2026 11:25:26 AM,202,Warning,WT8-GUI,83100522,HM,Overscaled Channel detected at Tag AI_Volts_Shunt_006
4/24/2026 11:25:26 AM,202,Warning,WT8-GUI,83100523,HM,Overscaled Channel detected at Tag AI_Volts_Shunt_007
4/24/2026 11:25:26 AM,202,Warning,WT8-GUI,83100524,HM,Overscaled Channel detected at Tag AI_Volts_Shunt_008
4/24/2026 11:25:26 AM,202,Warning,WT8-GUI,83100525,HM,Overscaled Channel detected at Tag AI_Volts_Shunt_009
4/24/2026 11:25:26 AM,202,Warning,WT8-GUI,83100526,HM,Overscaled Channel detected at Tag AI_Volts_Shunt_010
4/24/2026 11:25:26 AM,202,Warning,WT8-GUI,83100527,HM,Overscaled Channel detected at Tag AI_Volts_Shunt_011
4/24/2026 11:25:26 AM,202,Warning,WT8-GUI,83100528,HM,Overscaled Channel detected at Tag AI_Volts_Shunt_012
4/24/2026 11:25:26 AM,202,Warning,WT8-GUI,83100529,HM,Overscaled Channel detected at Tag AI_Volts_Shunt_013
4/24/2026 11:25:26 AM,202,Warning,WT8-GUI,83100530,HM,Overscaled Channel detected at Tag AI_Volts_Shunt_014
4/24/2026 11:25:26 AM,202,Warning,WT8-GUI,83100531,HM,Overscaled Channel detected at Tag AI_Volts_Shunt_015
4/24/2026 11:25:26 AM,202,Warning,WT8-GUI,83100532,HM,Overscaled Channel detected at Tag AI_Strain_000
4/24/2026 11:25:26 AM,202,Warning,WT8-GUI,83100533,HM,Overscaled Channel detected at Tag AI_Strain_001
4/24/2026 11:25:26 AM,202,Warning,WT8-GUI,83100534,HM,Overscaled Channel detected at Tag AI_Strain_002
4/24/2026 11:25:26 AM,202,Warning,WT8-GUI,83100535,HM,Overscaled Channel detected at Tag AI_Strain_003
4/24/2026 11:25:26 AM,202,Warning,WT8-GUI,83100536,HM,Overscaled Channel detected at Tag AI_Strain_004
4/24/2026 11:25:26 AM,202,Warning,WT8-GUI,83100537,HM,Overscaled Channel detected at Tag AI_Strain_005
4/24/2026 11:25:26 AM,202,Warning,WT8-GUI,83100538,HM,Overscaled Channel detected at Tag AI_Strain_006
4/24/2026 11:25:26 AM,202,Warning,WT8-GUI,83100539,HM,Overscaled Channel detected at Tag AI_Strain_007
4/24/2026 11:25:26 AM,202,Warning,WT8-GUI,83100540,HM,Overscaled Channel detected at Tag AI_TT_000
4/24/2026 11:25:26 AM,202,Warning,WT8-GUI,83100541,HM,Overscaled Channel detected at Tag AI_TT_012
4/24/2026 11:25:26 AM,202,Warning,WT8-GUI,83100542,HM,Overscaled Channel detected at Tag AI_TT_013
4/24/2026 11:25:26 AM,202,Warning,WT8-GUI,83100543,HM,Overscaled Channel detected at Tag AI_TT_014
4/24/2026 11:25:26 AM,202,Warning,WT8-GUI,83100544,HM,Overscaled Channel detected at Tag AI_TT_015
4/24/2026 11:25:26 AM,202,Warning,WT8-GUI,83100545,HM,Overscaled Channel detected at Tag AI_TT_016
4/24/2026 11:25:26 AM,202,Warning,WT8-GUI,83100546,HM,Overscaled Channel detected at Tag AI_TT_017
4/24/2026 11:25:26 AM,202,Warning,WT8-GUI,83100547,HM,Overscaled Channel detected at Tag AI_TT_018
4/24/2026 11:25:26 AM,202,Warning,WT8-GUI,83100548,HM,Overscaled Channel detected at Tag AI_TT_001
4/24/2026 11:25:26 AM,202,Warning,WT8-GUI,83100549,HM,Overscaled Channel detected at Tag AI_TT_019
4/24/2026 11:25:26 AM,202,Warning,WT8-GUI,83100550,HM,Overscaled Channel detected at Tag AI_TT_020
4/24/2026 11:25:26 AM,202,Warning,WT8-GUI,83100551,HM,Overscaled Channel detected at Tag AI_TT_021
4/24/2026 11:25:26 AM,202,Warning,WT8-GUI,83100552,HM,Overscaled Channel detected at Tag AI_TT_022
4/24/2026 11:25:26 AM,202,Warning,WT8-GUI,83100553,HM,Overscaled Channel detected at Tag AI_TT_023
4/24/2026 11:25:26 AM,202,Warning,WT8-GUI,83100554,HM,Overscaled Channel detected at Tag AI_TT_024
4/24/2026 11:25:26 AM,202,Warning,WT8-GUI,83100555,HM,Overscaled Channel detected at Tag AI_TT_025
4/24/2026 11:25:26 AM,202,Warning,WT8-GUI,83100556,HM,Overscaled Channel detected at Tag AI_TT_026
4/24/2026 11:25:26 AM,202,Warning,WT8-GUI,83100557,HM,Overscaled Channel detected at Tag AI_TT_027
4/24/2026 11:25:26 AM,202,Warning,WT8-GUI,83100558,HM,Overscaled Channel detected at Tag AI_TT_028
4/24/2026 11:25:26 AM,202,Warning,WT8-GUI,83100559,HM,Overscaled Channel detected at Tag AI_TT_004
4/24/2026 11:25:26 AM,202,Warning,WT8-GUI,83100560,HM,Overscaled Channel detected at Tag AI_TT_005
4/24/2026 11:25:26 AM,202,Warning,WT8-GUI,83100561,HM,Overscaled Channel detected at Tag AI_TT_006
4/24/2026 11:25:26 AM,202,Warning,WT8-GUI,83100562,HM,Overscaled Channel detected at Tag AI_TK_004
4/24/2026 11:25:26 AM,202,Warning,WT8-GUI,83100563,HM,Overscaled Channel detected at Tag AI_TT_007
4/24/2026 11:25:26 AM,202,Warning,WT8-GUI,83100564,HM,Overscaled Channel detected at Tag AI_TT_008
4/24/2026 11:25:26 AM,202,Warning,WT8-GUI,83100565,HM,Overscaled Channel detected at Tag AI_TK_000
4/24/2026 11:25:26 AM,202,Warning,WT8-GUI,83100566,HM,Overscaled Channel detected at Tag AI_TK_009
4/24/2026 11:25:26 AM,202,Warning,WT8-GUI,83100567,HM,Overscaled Channel detected at Tag AI_TK_010
4/24/2026 11:25:26 AM,202,Warning,WT8-GUI,83100568,HM,Overscaled Channel detected at Tag AI_TK_011
4/24/2026 11:25:26 AM,202,Warning,WT8-GUI,83100569,HM,Overscaled Channel detected at Tag AI_TK_012
4/24/2026 11:25:26 AM,202,Warning,WT8-GUI,83100570,HM,Overscaled Channel detected at Tag AI_TT_009
4/24/2026 11:25:26 AM,202,Warning,WT8-GUI,83100571,HM,Overscaled Channel detected at Tag AI_TT_010
4/24/2026 11:25:26 AM,202,Warning,WT8-GUI,83100572,HM,Overscaled Channel detected at Tag AI_TT_011
4/24/2026 11:26:10 AM,301005,Warning,WT8-GUI,83100573,OPC,OPC Server Graybox.Simulator.1 on host localhost has not updated data in 123 minute(s).
4/24/2026 11:26:26 AM,202,Warning,WT8-GUI,83100574,HM,Overscaled Channel detected at Tag AI_Volts_Shunt_001
4/24/2026 11:26:26 AM,202,Warning,WT8-GUI,83100575,HM,Overscaled Channel detected at Tag AI_Volts_Shunt_003
4/24/2026 11:26:26 AM,202,Warning,WT8-GUI,83100576,HM,Overscaled Channel detected at Tag AI_Volts_Shunt_004
4/24/2026 11:26:26 AM,202,Warning,WT8-GUI,83100577,HM,Overscaled Channel detected at Tag AI_TK_003
4/24/2026 11:26:26 AM,202,Warning,WT8-GUI,83100578,HM,Overscaled Channel detected at Tag AI_TT_002
4/24/2026 11:26:26 AM,202,Warning,WT8-GUI,83100579,HM,Overscaled Channel detected at Tag AI_TT_029
4/24/2026 11:26:26 AM,202,Warning,WT8-GUI,83100580,HM,Overscaled Channel detected at Tag AI_TT_030
4/24/2026 11:26:26 AM,202,Warning,WT8-GUI,83100581,HM,Overscaled Channel detected at Tag AI_TT_003
4/24/2026 11:26:26 AM,202,Warning,WT8-GUI,83100582,HM,Overscaled Channel detected at Tag AI_Volts_Shunt_000
4/24/2026 11:26:26 AM,202,Warning,WT8-GUI,83100583,HM,Overscaled Channel detected at Tag AI_TK_013
4/24/2026 11:26:26 AM,202,Warning,WT8-GUI,83100584,HM,Overscaled Channel detected at Tag AI_TK_014
4/24/2026 11:26:26 AM,202,Warning,WT8-GUI,83100585,HM,Overscaled Channel detected at Tag AI_TK_015
4/24/2026 11:26:26 AM,202,Warning,WT8-GUI,83100586,HM,Overscaled Channel detected at Tag AI_TK_016
4/24/2026 11:26:26 AM,202,Warning,WT8-GUI,83100587,HM,Overscaled Channel detected at Tag AI_TK_017
4/24/2026 11:26:26 AM,202,Warning,WT8-GUI,83100588,HM,Overscaled Channel detected at Tag AI_TK_018
4/24/2026 11:26:26 AM,202,Warning,WT8-GUI,83100589,HM,Overscaled Channel detected at Tag AI_TK_001
4/24/2026 11:26:26 AM,202,Warning,WT8-GUI,83100590,HM,Overscaled Channel detected at Tag AI_TK_019
4/24/2026 11:26:26 AM,202,Warning,WT8-GUI,83100591,HM,Overscaled Channel detected at Tag AI_TK_020
4/24/2026 11:26:26 AM,202,Warning,WT8-GUI,83100592,HM,Overscaled Channel detected at Tag AI_TK_021
4/24/2026 11:26:26 AM,202,Warning,WT8-GUI,83100593,HM,Overscaled Channel detected at Tag AI_TK_022
4/24/2026 11:26:26 AM,202,Warning,WT8-GUI,83100594,HM,Overscaled Channel detected at Tag AI_TK_023
4/24/2026 11:26:26 AM,202,Warning,WT8-GUI,83100595,HM,Overscaled Channel detected at Tag AI_TK_024
4/24/2026 11:26:26 AM,202,Warning,WT8-GUI,83100596,HM,Overscaled Channel detected at Tag AI_TK_025
4/24/2026 11:26:26 AM,202,Warning,WT8-GUI,83100597,HM,Overscaled Channel detected at Tag AI_TK_026
4/24/2026 11:26:26 AM,202,Warning,WT8-GUI,83100598,HM,Overscaled Channel detected at Tag AI_TK_027
4/24/2026 11:26:26 AM,202,Warning,WT8-GUI,83100599,HM,Overscaled Channel detected at Tag AI_TK_028
4/24/2026 11:26:26 AM,202,Warning,WT8-GUI,83100600,HM,Overscaled Channel detected at Tag AI_TK_002
4/24/2026 11:26:26 AM,202,Warning,WT8-GUI,83100601,HM,Overscaled Channel detected at Tag AI_TK_029
4/24/2026 11:26:26 AM,202,Warning,WT8-GUI,83100602,HM,Overscaled Channel detected at Tag AI_TK_030
4/24/2026 11:26:26 AM,202,Warning,WT8-GUI,83100603,HM,Overscaled Channel detected at Tag AI_TK_005
4/24/2026 11:26:26 AM,202,Warning,WT8-GUI,83100604,HM,Overscaled Channel detected at Tag AI_TK_006
4/24/2026 11:26:26 AM,202,Warning,WT8-GUI,83100605,HM,Overscaled Channel detected at Tag AI_TK_007
4/24/2026 11:26:26 AM,202,Warning,WT8-GUI,83100606,HM,Overscaled Channel detected at Tag AI_TK_008
4/24/2026 11:26:26 AM,202,Warning,WT8-GUI,83100607,HM,Overscaled Channel detected at Tag AI_Volts_Shunt_006
4/24/2026 11:26:26 AM,202,Warning,WT8-GUI,83100608,HM,Overscaled Channel detected at Tag AI_Volts_Shunt_007
4/24/2026 11:26:26 AM,202,Warning,WT8-GUI,83100609,HM,Overscaled Channel detected at Tag AI_Volts_Shunt_008
4/24/2026 11:26:26 AM,202,Warning,WT8-GUI,83100610,HM,Overscaled Channel detected at Tag AI_Volts_Shunt_009
4/24/2026 11:26:26 AM,202,Warning,WT8-GUI,83100611,HM,Overscaled Channel detected at Tag AI_Volts_Shunt_010
4/24/2026 11:26:26 AM,202,Warning,WT8-GUI,83100612,HM,Overscaled Channel detected at Tag AI_Volts_Shunt_011
4/24/2026 11:26:26 AM,202,Warning,WT8-GUI,83100613,HM,Overscaled Channel detected at Tag AI_Volts_Shunt_012
4/24/2026 11:26:26 AM,202,Warning,WT8-GUI,83100614,HM,Overscaled Channel detected at Tag AI_Volts_Shunt_013
4/24/2026 11:26:26 AM,202,Warning,WT8-GUI,83100615,HM,Overscaled Channel detected at Tag AI_Volts_Shunt_014
4/24/2026 11:26:26 AM,202,Warning,WT8-GUI,83100616,HM,Overscaled Channel detected at Tag AI_Volts_Shunt_015
4/24/2026 11:26:26 AM,202,Warning,WT8-GUI,83100617,HM,Overscaled Channel detected at Tag AI_Strain_000
4/24/2026 11:26:26 AM,202,Warning,WT8-GUI,83100618,HM,Overscaled Channel detected at Tag AI_Strain_001
4/24/2026 11:26:26 AM,202,Warning,WT8-GUI,83100619,HM,Overscaled Channel detected at Tag AI_Strain_002
4/24/2026 11:26:26 AM,202,Warning,WT8-GUI,83100620,HM,Overscaled Channel detected at Tag AI_Strain_003
4/24/2026 11:26:26 AM,202,Warning,WT8-GUI,83100621,HM,Overscaled Channel detected at Tag AI_Strain_004
4/24/2026 11:26:26 AM,202,Warning,WT8-GUI,83100622,HM,Overscaled Channel detected at Tag AI_Strain_005
4/24/2026 11:26:26 AM,202,Warning,WT8-GUI,83100623,HM,Overscaled Channel detected at Tag AI_Strain_006
4/24/2026 11:26:26 AM,202,Warning,WT8-GUI,83100624,HM,Overscaled Channel detected at Tag AI_Strain_007
4/24/2026 11:26:26 AM,202,Warning,WT8-GUI,83100625,HM,Overscaled Channel detected at Tag AI_TT_000
4/24/2026 11:26:26 AM,202,Warning,WT8-GUI,83100626,HM,Overscaled Channel detected at Tag AI_TT_012
4/24/2026 11:26:26 AM,202,Warning,WT8-GUI,83100627,HM,Overscaled Channel detected at Tag AI_TT_013
4/24/2026 11:26:26 AM,202,Warning,WT8-GUI,83100628,HM,Overscaled Channel detected at Tag AI_TT_014
4/24/2026 11:26:26 AM,202,Warning,WT8-GUI,83100629,HM,Overscaled Channel detected at Tag AI_TT_015
4/24/2026 11:26:26 AM,202,Warning,WT8-GUI,83100630,HM,Overscaled Channel detected at Tag AI_TT_016
4/24/2026 11:26:26 AM,202,Warning,WT8-GUI,83100631,HM,Overscaled Channel detected at Tag AI_TT_017
4/24/2026 11:26:26 AM,202,Warning,WT8-GUI,83100632,HM,Overscaled Channel detected at Tag AI_TT_018
4/24/2026 11:26:26 AM,202,Warning,WT8-GUI,83100633,HM,Overscaled Channel detected at Tag AI_TT_001
4/24/2026 11:26:26 AM,202,Warning,WT8-GUI,83100634,HM,Overscaled Channel detected at Tag AI_TT_019
4/24/2026 11:26:26 AM,202,Warning,WT8-GUI,83100635,HM,Overscaled Channel detected at Tag AI_TT_020
4/24/2026 11:26:26 AM,202,Warning,WT8-GUI,83100636,HM,Overscaled Channel detected at Tag AI_TT_021
4/24/2026 11:26:26 AM,202,Warning,WT8-GUI,83100637,HM,Overscaled Channel detected at Tag AI_TT_022
4/24/2026 11:26:26 AM,202,Warning,WT8-GUI,83100638,HM,Overscaled Channel detected at Tag AI_TT_023
4/24/2026 11:26:26 AM,202,Warning,WT8-GUI,83100639,HM,Overscaled Channel detected at Tag AI_TT_024
4/24/2026 11:26:26 AM,202,Warning,WT8-GUI,83100640,HM,Overscaled Channel detected at Tag AI_TT_025
4/24/2026 11:26:26 AM,202,Warning,WT8-GUI,83100641,HM,Overscaled Channel detected at Tag AI_TT_026
4/24/2026 11:26:26 AM,202,Warning,WT8-GUI,83100642,HM,Overscaled Channel detected at Tag AI_TT_027
4/24/2026 11:26:26 AM,202,Warning,WT8-GUI,83100643,HM,Overscaled Channel detected at Tag AI_TT_028
4/24/2026 11:26:26 AM,202,Warning,WT8-GUI,83100644,HM,Overscaled Channel detected at Tag AI_TT_004
4/24/2026 11:26:26 AM,202,Warning,WT8-GUI,83100645,HM,Overscaled Channel detected at Tag AI_TT_005
4/24/2026 11:26:26 AM,202,Warning,WT8-GUI,83100646,HM,Overscaled Channel detected at Tag AI_TT_006
4/24/2026 11:26:26 AM,202,Warning,WT8-GUI,83100647,HM,Overscaled Channel detected at Tag AI_TK_004
4/24/2026 11:26:26 AM,202,Warning,WT8-GUI,83100648,HM,Overscaled Channel detected at Tag AI_TT_007
4/24/2026 11:26:26 AM,202,Warning,WT8-GUI,83100649,HM,Overscaled Channel detected at Tag AI_TT_008
4/24/2026 11:26:26 AM,202,Warning,WT8-GUI,83100650,HM,Overscaled Channel detected at Tag AI_TK_000
4/24/2026 11:26:26 AM,202,Warning,WT8-GUI,83100651,HM,Overscaled Channel detected at Tag AI_TK_009
4/24/2026 11:26:26 AM,202,Warning,WT8-GUI,83100652,HM,Overscaled Channel detected at Tag AI_TK_010
4/24/2026 11:26:26 AM,202,Warning,WT8-GUI,83100653,HM,Overscaled Channel detected at Tag AI_TK_011
4/24/2026 11:26:26 AM,202,Warning,WT8-GUI,83100654,HM,Overscaled Channel detected at Tag AI_TK_012
4/24/2026 11:26:26 AM,202,Warning,WT8-GUI,83100655,HM,Overscaled Channel detected at Tag AI_TT_009
4/24/2026 11:26:26 AM,202,Warning,WT8-GUI,83100656,HM,Overscaled Channel detected at Tag AI_TT_010
4/24/2026 11:26:26 AM,202,Warning,WT8-GUI,83100657,HM,Overscaled Channel detected at Tag AI_TT_011
4/24/2026 11:26:59 AM,0,Debug,WT8-GUI,83100658,BALANCE,"Sent balance command ""SetYaw#5.100000#2.000000""."
4/24/2026 11:27:10 AM,301005,Warning,WT8-GUI,83100659,OPC,OPC Server Graybox.Simulator.1 on host localhost has not updated data in 124 minute(s).
4/24/2026 11:27:26 AM,202,Warning,WT8-GUI,83100660,HM,Overscaled Channel detected at Tag AI_Volts_Shunt_001
4/24/2026 11:27:26 AM,202,Warning,WT8-GUI,83100661,HM,Overscaled Channel detected at Tag AI_Volts_Shunt_003
4/24/2026 11:27:26 AM,202,Warning,WT8-GUI,83100662,HM,Overscaled Channel detected at Tag AI_Volts_Shunt_004
4/24/2026 11:27:26 AM,202,Warning,WT8-GUI,83100663,HM,Overscaled Channel detected at Tag AI_TK_003
4/24/2026 11:27:26 AM,202,Warning,WT8-GUI,83100664,HM,Overscaled Channel detected at Tag AI_TT_002
4/24/2026 11:27:26 AM,202,Warning,WT8-GUI,83100665,HM,Overscaled Channel detected at Tag AI_TT_029
4/24/2026 11:27:26 AM,202,Warning,WT8-GUI,83100666,HM,Overscaled Channel detected at Tag AI_TT_030
4/24/2026 11:27:26 AM,202,Warning,WT8-GUI,83100667,HM,Overscaled Channel detected at Tag AI_TT_003
4/24/2026 11:27:26 AM,202,Warning,WT8-GUI,83100668,HM,Overscaled Channel detected at Tag AI_Volts_Shunt_000
4/24/2026 11:27:26 AM,202,Warning,WT8-GUI,83100669,HM,Overscaled Channel detected at Tag AI_TK_013
4/24/2026 11:27:26 AM,202,Warning,WT8-GUI,83100670,HM,Overscaled Channel detected at Tag AI_TK_014
4/24/2026 11:27:26 AM,202,Warning,WT8-GUI,83100671,HM,Overscaled Channel detected at Tag AI_TK_015
4/24/2026 11:27:26 AM,202,Warning,WT8-GUI,83100672,HM,Overscaled Channel detected at Tag AI_TK_016
4/24/2026 11:27:26 AM,202,Warning,WT8-GUI,83100673,HM,Overscaled Channel detected at Tag AI_TK_017
4/24/2026 11:27:26 AM,202,Warning,WT8-GUI,83100674,HM,Overscaled Channel detected at Tag AI_TK_018
4/24/2026 11:27:26 AM,202,Warning,WT8-GUI,83100675,HM,Overscaled Channel detected at Tag AI_TK_001
4/24/2026 11:27:26 AM,202,Warning,WT8-GUI,83100676,HM,Overscaled Channel detected at Tag AI_TK_019
4/24/2026 11:27:26 AM,202,Warning,WT8-GUI,83100677,HM,Overscaled Channel detected at Tag AI_TK_020
4/24/2026 11:27:26 AM,202,Warning,WT8-GUI,83100678,HM,Overscaled Channel detected at Tag AI_TK_021
4/24/2026 11:27:26 AM,202,Warning,WT8-GUI,83100679,HM,Overscaled Channel detected at Tag AI_TK_022
4/24/2026 11:27:26 AM,202,Warning,WT8-GUI,83100680,HM,Overscaled Channel detected at Tag AI_TK_023
4/24/2026 11:27:26 AM,202,Warning,WT8-GUI,83100681,HM,Overscaled Channel detected at Tag AI_TK_024
4/24/2026 11:27:26 AM,202,Warning,WT8-GUI,83100682,HM,Overscaled Channel detected at Tag AI_TK_025
4/24/2026 11:27:26 AM,202,Warning,WT8-GUI,83100683,HM,Overscaled Channel detected at Tag AI_TK_026
4/24/2026 11:27:26 AM,202,Warning,WT8-GUI,83100684,HM,Overscaled Channel detected at Tag AI_TK_027
4/24/2026 11:27:26 AM,202,Warning,WT8-GUI,83100685,HM,Overscaled Channel detected at Tag AI_TK_028
4/24/2026 11:27:26 AM,202,Warning,WT8-GUI,83100686,HM,Overscaled Channel detected at Tag AI_TK_002
4/24/2026 11:27:26 AM,202,Warning,WT8-GUI,83100687,HM,Overscaled Channel detected at Tag AI_TK_029
4/24/2026 11:27:26 AM,202,Warning,WT8-GUI,83100688,HM,Overscaled Channel detected at Tag AI_TK_030
4/24/2026 11:27:26 AM,202,Warning,WT8-GUI,83100689,HM,Overscaled Channel detected at Tag AI_TK_005
4/24/2026 11:27:26 AM,202,Warning,WT8-GUI,83100690,HM,Overscaled Channel detected at Tag AI_TK_006
4/24/2026 11:27:26 AM,202,Warning,WT8-GUI,83100691,HM,Overscaled Channel detected at Tag AI_TK_007
4/24/2026 11:27:26 AM,202,Warning,WT8-GUI,83100692,HM,Overscaled Channel detected at Tag AI_TK_008
4/24/2026 11:27:26 AM,202,Warning,WT8-GUI,83100693,HM,Overscaled Channel detected at Tag AI_Volts_Shunt_006
4/24/2026 11:27:26 AM,202,Warning,WT8-GUI,83100694,HM,Overscaled Channel detected at Tag AI_Volts_Shunt_007
4/24/2026 11:27:26 AM,202,Warning,WT8-GUI,83100695,HM,Overscaled Channel detected at Tag AI_Volts_Shunt_008
4/24/2026 11:27:26 AM,202,Warning,WT8-GUI,83100696,HM,Overscaled Channel detected at Tag AI_Volts_Shunt_009
4/24/2026 11:27:26 AM,202,Warning,WT8-GUI,83100697,HM,Overscaled Channel detected at Tag AI_Volts_Shunt_010
4/24/2026 11:27:26 AM,202,Warning,WT8-GUI,83100698,HM,Overscaled Channel detected at Tag AI_Volts_Shunt_011
4/24/2026 11:27:26 AM,202,Warning,WT8-GUI,83100699,HM,Overscaled Channel detected at Tag AI_Volts_Shunt_012
4/24/2026 11:27:26 AM,202,Warning,WT8-GUI,83100700,HM,Overscaled Channel detected at Tag AI_Volts_Shunt_013
4/24/2026 11:27:26 AM,202,Warning,WT8-GUI,83100701,HM,Overscaled Channel detected at Tag AI_Volts_Shunt_014
4/24/2026 11:27:26 AM,202,Warning,WT8-GUI,83100702,HM,Overscaled Channel detected at Tag AI_Volts_Shunt_015
4/24/2026 11:27:26 AM,202,Warning,WT8-GUI,83100703,HM,Overscaled Channel detected at Tag AI_Strain_000
4/24/2026 11:27:26 AM,202,Warning,WT8-GUI,83100704,HM,Overscaled Channel detected at Tag AI_Strain_001
4/24/2026 11:27:26 AM,202,Warning,WT8-GUI,83100705,HM,Overscaled Channel detected at Tag AI_Strain_002
4/24/2026 11:27:26 AM,202,Warning,WT8-GUI,83100706,HM,Overscaled Channel detected at Tag AI_Strain_003
4/24/2026 11:27:26 AM,202,Warning,WT8-GUI,83100707,HM,Overscaled Channel detected at Tag AI_Strain_004
4/24/2026 11:27:26 AM,202,Warning,WT8-GUI,83100708,HM,Overscaled Channel detected at Tag AI_Strain_005
4/24/2026 11:27:26 AM,202,Warning,WT8-GUI,83100709,HM,Overscaled Channel detected at Tag AI_Strain_006
4/24/2026 11:27:26 AM,202,Warning,WT8-GUI,83100710,HM,Overscaled Channel detected at Tag AI_Strain_007
4/24/2026 11:27:26 AM,202,Warning,WT8-GUI,83100711,HM,Overscaled Channel detected at Tag AI_TT_000
4/24/2026 11:27:26 AM,202,Warning,WT8-GUI,83100712,HM,Overscaled Channel detected at Tag AI_TT_012
4/24/2026 11:27:26 AM,202,Warning,WT8-GUI,83100713,HM,Overscaled Channel detected at Tag AI_TT_013
4/24/2026 11:27:26 AM,202,Warning,WT8-GUI,83100714,HM,Overscaled Channel detected at Tag AI_TT_014
4/24/2026 11:27:26 AM,202,Warning,WT8-GUI,83100715,HM,Overscaled Channel detected at Tag AI_TT_015
4/24/2026 11:27:26 AM,202,Warning,WT8-GUI,83100716,HM,Overscaled Channel detected at Tag AI_TT_016
4/24/2026 11:27:26 AM,202,Warning,WT8-GUI,83100717,HM,Overscaled Channel detected at Tag AI_TT_017
4/24/2026 11:27:26 AM,202,Warning,WT8-GUI,83100718,HM,Overscaled Channel detected at Tag AI_TT_018
4/24/2026 11:27:26 AM,202,Warning,WT8-GUI,83100719,HM,Overscaled Channel detected at Tag AI_TT_001
4/24/2026 11:27:26 AM,202,Warning,WT8-GUI,83100720,HM,Overscaled Channel detected at Tag AI_TT_019
4/24/2026 11:27:26 AM,202,Warning,WT8-GUI,83100721,HM,Overscaled Channel detected at Tag AI_TT_020
4/24/2026 11:27:26 AM,202,Warning,WT8-GUI,83100722,HM,Overscaled Channel detected at Tag AI_TT_021
4/24/2026 11:27:26 AM,202,Warning,WT8-GUI,83100723,HM,Overscaled Channel detected at Tag AI_TT_022
4/24/2026 11:27:26 AM,202,Warning,WT8-GUI,83100724,HM,Overscaled Channel detected at Tag AI_TT_023
4/24/2026 11:27:26 AM,202,Warning,WT8-GUI,83100725,HM,Overscaled Channel detected at Tag AI_TT_024
4/24/2026 11:27:26 AM,202,Warning,WT8-GUI,83100726,HM,Overscaled Channel detected at Tag AI_TT_025
4/24/2026 11:27:26 AM,202,Warning,WT8-GUI,83100727,HM,Overscaled Channel detected at Tag AI_TT_026
4/24/2026 11:27:26 AM,202,Warning,WT8-GUI,83100728,HM,Overscaled Channel detected at Tag AI_TT_027
4/24/2026 11:27:26 AM,202,Warning,WT8-GUI,83100729,HM,Overscaled Channel detected at Tag AI_TT_028
4/24/2026 11:27:26 AM,202,Warning,WT8-GUI,83100730,HM,Overscaled Channel detected at Tag AI_TT_004
4/24/2026 11:27:26 AM,202,Warning,WT8-GUI,83100731,HM,Overscaled Channel detected at Tag AI_TT_005
4/24/2026 11:27:26 AM,202,Warning,WT8-GUI,83100732,HM,Overscaled Channel detected at Tag AI_TT_006
4/24/2026 11:27:26 AM,202,Warning,WT8-GUI,83100733,HM,Overscaled Channel detected at Tag AI_TK_000
4/24/2026 11:27:26 AM,202,Warning,WT8-GUI,83100734,HM,Overscaled Channel detected at Tag AI_TK_009
4/24/2026 11:27:26 AM,202,Warning,WT8-GUI,83100735,HM,Overscaled Channel detected at Tag AI_TK_010
4/24/2026 11:27:26 AM,202,Warning,WT8-GUI,83100736,HM,Overscaled Channel detected at Tag AI_TK_011
4/24/2026 11:27:26 AM,202,Warning,WT8-GUI,83100737,HM,Overscaled Channel detected at Tag AI_TK_012
4/24/2026 11:27:26 AM,202,Warning,WT8-GUI,83100738,HM,Overscaled Channel detected at Tag AI_TK_004
4/24/2026 11:27:26 AM,202,Warning,WT8-GUI,83100739,HM,Overscaled Channel detected at Tag AI_TT_007
4/24/2026 11:27:26 AM,202,Warning,WT8-GUI,83100740,HM,Overscaled Channel detected at Tag AI_TT_008
4/24/2026 11:27:26 AM,202,Warning,WT8-GUI,83100741,HM,Overscaled Channel detected at Tag AI_TT_009
4/24/2026 11:27:26 AM,202,Warning,WT8-GUI,83100742,HM,Overscaled Channel detected at Tag AI_TT_010
4/24/2026 11:27:26 AM,202,Warning,WT8-GUI,83100743,HM,Overscaled Channel detected at Tag AI_TT_011
4/24/2026 11:28:10 AM,301005,Warning,WT8-GUI,83100744,OPC,OPC Server Graybox.Simulator.1 on host localhost has not updated data in 125 minute(s).
4/24/2026 11:28:26 AM,202,Warning,WT8-GUI,83100745,HM,Overscaled Channel detected at Tag AI_Volts_Shunt_001
4/24/2026 11:28:26 AM,202,Warning,WT8-GUI,83100746,HM,Overscaled Channel detected at Tag AI_Volts_Shunt_003
4/24/2026 11:28:26 AM,202,Warning,WT8-GUI,83100747,HM,Overscaled Channel detected at Tag AI_Volts_Shunt_004
4/24/2026 11:28:26 AM,202,Warning,WT8-GUI,83100748,HM,Overscaled Channel detected at Tag AI_TK_003
4/24/2026 11:28:26 AM,202,Warning,WT8-GUI,83100749,HM,Overscaled Channel detected at Tag AI_TT_002
4/24/2026 11:28:26 AM,202,Warning,WT8-GUI,83100750,HM,Overscaled Channel detected at Tag AI_TT_029
4/24/2026 11:28:26 AM,202,Warning,WT8-GUI,83100751,HM,Overscaled Channel detected at Tag AI_TT_030
4/24/2026 11:28:26 AM,202,Warning,WT8-GUI,83100752,HM,Overscaled Channel detected at Tag AI_TT_003
4/24/2026 11:28:26 AM,202,Warning,WT8-GUI,83100753,HM,Overscaled Channel detected at Tag AI_Volts_Shunt_000
4/24/2026 11:28:26 AM,202,Warning,WT8-GUI,83100754,HM,Overscaled Channel detected at Tag AI_TK_013
4/24/2026 11:28:26 AM,202,Warning,WT8-GUI,83100755,HM,Overscaled Channel detected at Tag AI_TK_014
4/24/2026 11:28:26 AM,202,Warning,WT8-GUI,83100756,HM,Overscaled Channel detected at Tag AI_TK_015
4/24/2026 11:28:26 AM,202,Warning,WT8-GUI,83100757,HM,Overscaled Channel detected at Tag AI_TK_016
4/24/2026 11:28:26 AM,202,Warning,WT8-GUI,83100758,HM,Overscaled Channel detected at Tag AI_TK_017
4/24/2026 11:28:26 AM,202,Warning,WT8-GUI,83100759,HM,Overscaled Channel detected at Tag AI_TK_018
4/24/2026 11:28:26 AM,202,Warning,WT8-GUI,83100760,HM,Overscaled Channel detected at Tag AI_TK_001
4/24/2026 11:28:26 AM,202,Warning,WT8-GUI,83100761,HM,Overscaled Channel detected at Tag AI_TK_019
4/24/2026 11:28:26 AM,202,Warning,WT8-GUI,83100762,HM,Overscaled Channel detected at Tag AI_TK_020
4/24/2026 11:28:26 AM,202,Warning,WT8-GUI,83100763,HM,Overscaled Channel detected at Tag AI_TK_021
4/24/2026 11:28:26 AM,202,Warning,WT8-GUI,83100764,HM,Overscaled Channel detected at Tag AI_TK_022
4/24/2026 11:28:26 AM,202,Warning,WT8-GUI,83100765,HM,Overscaled Channel detected at Tag AI_TK_023
4/24/2026 11:28:26 AM,202,Warning,WT8-GUI,83100766,HM,Overscaled Channel detected at Tag AI_TK_024
4/24/2026 11:28:26 AM,202,Warning,WT8-GUI,83100767,HM,Overscaled Channel detected at Tag AI_TK_025
4/24/2026 11:28:26 AM,202,Warning,WT8-GUI,83100768,HM,Overscaled Channel detected at Tag AI_TK_026
4/24/2026 11:28:26 AM,202,Warning,WT8-GUI,83100769,HM,Overscaled Channel detected at Tag AI_TK_027
4/24/2026 11:28:26 AM,202,Warning,WT8-GUI,83100770,HM,Overscaled Channel detected at Tag AI_TK_028
4/24/2026 11:28:26 AM,202,Warning,WT8-GUI,83100771,HM,Overscaled Channel detected at Tag AI_TK_002
4/24/2026 11:28:26 AM,202,Warning,WT8-GUI,83100772,HM,Overscaled Channel detected at Tag AI_TK_029
4/24/2026 11:28:26 AM,202,Warning,WT8-GUI,83100773,HM,Overscaled Channel detected at Tag AI_TK_030
4/24/2026 11:28:26 AM,202,Warning,WT8-GUI,83100774,HM,Overscaled Channel detected at Tag AI_TK_005
4/24/2026 11:28:26 AM,202,Warning,WT8-GUI,83100775,HM,Overscaled Channel detected at Tag AI_TK_006
4/24/2026 11:28:26 AM,202,Warning,WT8-GUI,83100776,HM,Overscaled Channel detected at Tag AI_TK_007
4/24/2026 11:28:26 AM,202,Warning,WT8-GUI,83100777,HM,Overscaled Channel detected at Tag AI_TK_008
4/24/2026 11:28:26 AM,202,Warning,WT8-GUI,83100778,HM,Overscaled Channel detected at Tag AI_Volts_Shunt_006
4/24/2026 11:28:26 AM,202,Warning,WT8-GUI,83100779,HM,Overscaled Channel detected at Tag AI_Volts_Shunt_007
4/24/2026 11:28:26 AM,202,Warning,WT8-GUI,83100780,HM,Overscaled Channel detected at Tag AI_Volts_Shunt_008
4/24/2026 11:28:26 AM,202,Warning,WT8-GUI,83100781,HM,Overscaled Channel detected at Tag AI_Volts_Shunt_009
4/24/2026 11:28:26 AM,202,Warning,WT8-GUI,83100782,HM,Overscaled Channel detected at Tag AI_Volts_Shunt_010
4/24/2026 11:28:26 AM,202,Warning,WT8-GUI,83100783,HM,Overscaled Channel detected at Tag AI_Volts_Shunt_011
4/24/2026 11:28:26 AM,202,Warning,WT8-GUI,83100784,HM,Overscaled Channel detected at Tag AI_Volts_Shunt_012
4/24/2026 11:28:26 AM,202,Warning,WT8-GUI,83100785,HM,Overscaled Channel detected at Tag AI_Volts_Shunt_013
4/24/2026 11:28:26 AM,202,Warning,WT8-GUI,83100786,HM,Overscaled Channel detected at Tag AI_Volts_Shunt_014
4/24/2026 11:28:26 AM,202,Warning,WT8-GUI,83100787,HM,Overscaled Channel detected at Tag AI_Volts_Shunt_015
4/24/2026 11:28:26 AM,202,Warning,WT8-GUI,83100788,HM,Overscaled Channel detected at Tag AI_Strain_000
4/24/2026 11:28:26 AM,202,Warning,WT8-GUI,83100789,HM,Overscaled Channel detected at Tag AI_Strain_001
4/24/2026 11:28:26 AM,202,Warning,WT8-GUI,83100790,HM,Overscaled Channel detected at Tag AI_Strain_002
4/24/2026 11:28:26 AM,202,Warning,WT8-GUI,83100791,HM,Overscaled Channel detected at Tag AI_Strain_003
4/24/2026 11:28:26 AM,202,Warning,WT8-GUI,83100792,HM,Overscaled Channel detected at Tag AI_Strain_004
4/24/2026 11:28:26 AM,202,Warning,WT8-GUI,83100793,HM,Overscaled Channel detected at Tag AI_Strain_005
4/24/2026 11:28:26 AM,202,Warning,WT8-GUI,83100794,HM,Overscaled Channel detected at Tag AI_Strain_006
4/24/2026 11:28:26 AM,202,Warning,WT8-GUI,83100795,HM,Overscaled Channel detected at Tag AI_Strain_007
4/24/2026 11:28:26 AM,202,Warning,WT8-GUI,83100796,HM,Overscaled Channel detected at Tag AI_TT_000
4/24/2026 11:28:26 AM,202,Warning,WT8-GUI,83100797,HM,Overscaled Channel detected at Tag AI_TT_012
4/24/2026 11:28:26 AM,202,Warning,WT8-GUI,83100798,HM,Overscaled Channel detected at Tag AI_TT_013
4/24/2026 11:28:26 AM,202,Warning,WT8-GUI,83100799,HM,Overscaled Channel detected at Tag AI_TT_014
4/24/2026 11:28:26 AM,202,Warning,WT8-GUI,83100800,HM,Overscaled Channel detected at Tag AI_TT_015
4/24/2026 11:28:26 AM,202,Warning,WT8-GUI,83100801,HM,Overscaled Channel detected at Tag AI_TT_016
4/24/2026 11:28:26 AM,202,Warning,WT8-GUI,83100802,HM,Overscaled Channel detected at Tag AI_TT_017
4/24/2026 11:28:26 AM,202,Warning,WT8-GUI,83100803,HM,Overscaled Channel detected at Tag AI_TT_018
4/24/2026 11:28:26 AM,202,Warning,WT8-GUI,83100804,HM,Overscaled Channel detected at Tag AI_TT_001
4/24/2026 11:28:26 AM,202,Warning,WT8-GUI,83100805,HM,Overscaled Channel detected at Tag AI_TT_019
4/24/2026 11:28:26 AM,202,Warning,WT8-GUI,83100806,HM,Overscaled Channel detected at Tag AI_TT_020
4/24/2026 11:28:26 AM,202,Warning,WT8-GUI,83100807,HM,Overscaled Channel detected at Tag AI_TT_021
4/24/2026 11:28:26 AM,202,Warning,WT8-GUI,83100808,HM,Overscaled Channel detected at Tag AI_TT_022
4/24/2026 11:28:26 AM,202,Warning,WT8-GUI,83100809,HM,Overscaled Channel detected at Tag AI_TT_023
4/24/2026 11:28:26 AM,202,Warning,WT8-GUI,83100810,HM,Overscaled Channel detected at Tag AI_TT_024
4/24/2026 11:28:26 AM,202,Warning,WT8-GUI,83100811,HM,Overscaled Channel detected at Tag AI_TT_025
4/24/2026 11:28:26 AM,202,Warning,WT8-GUI,83100812,HM,Overscaled Channel detected at Tag AI_TT_026
4/24/2026 11:28:26 AM,202,Warning,WT8-GUI,83100813,HM,Overscaled Channel detected at Tag AI_TT_027
4/24/2026 11:28:26 AM,202,Warning,WT8-GUI,83100814,HM,Overscaled Channel detected at Tag AI_TT_028
4/24/2026 11:28:26 AM,202,Warning,WT8-GUI,83100815,HM,Overscaled Channel detected at Tag AI_TT_004
4/24/2026 11:28:26 AM,202,Warning,WT8-GUI,83100816,HM,Overscaled Channel detected at Tag AI_TT_005
4/24/2026 11:28:26 AM,202,Warning,WT8-GUI,83100817,HM,Overscaled Channel detected at Tag AI_TT_006
4/24/2026 11:28:26 AM,202,Warning,WT8-GUI,83100818,HM,Overscaled Channel detected at Tag AI_TK_000
4/24/2026 11:28:26 AM,202,Warning,WT8-GUI,83100819,HM,Overscaled Channel detected at Tag AI_TK_009
4/24/2026 11:28:26 AM,202,Warning,WT8-GUI,83100820,HM,Overscaled Channel detected at Tag AI_TK_010
4/24/2026 11:28:26 AM,202,Warning,WT8-GUI,83100821,HM,Overscaled Channel detected at Tag AI_TK_011
4/24/2026 11:28:26 AM,202,Warning,WT8-GUI,83100822,HM,Overscaled Channel detected at Tag AI_TK_012
4/24/2026 11:28:26 AM,202,Warning,WT8-GUI,83100823,HM,Overscaled Channel detected at Tag AI_TK_004
4/24/2026 11:28:26 AM,202,Warning,WT8-GUI,83100824,HM,Overscaled Channel detected at Tag AI_TT_007
4/24/2026 11:28:26 AM,202,Warning,WT8-GUI,83100825,HM,Overscaled Channel detected at Tag AI_TT_008
4/24/2026 11:28:26 AM,202,Warning,WT8-GUI,83100826,HM,Overscaled Channel detected at Tag AI_TT_009
4/24/2026 11:28:26 AM,202,Warning,WT8-GUI,83100827,HM,Overscaled Channel detected at Tag AI_TT_010
4/24/2026 11:28:26 AM,202,Warning,WT8-GUI,83100828,HM,Overscaled Channel detected at Tag AI_TT_011
4/24/2026 11:29:07 AM,0,Debug,WT8-GUI,83100829,BALANCE,"Sent balance command ""SetYaw#-2.900000#2.000000""."
4/24/2026 11:29:10 AM,301005,Warning,WT8-GUI,83100830,OPC,OPC Server Graybox.Simulator.1 on host localhost has not updated data in 126 minute(s).
4/24/2026 11:29:26 AM,202,Warning,WT8-GUI,83100831,HM,Overscaled Channel detected at Tag AI_Volts_Shunt_001
4/24/2026 11:29:26 AM,202,Warning,WT8-GUI,83100832,HM,Overscaled Channel detected at Tag AI_Volts_Shunt_003
4/24/2026 11:29:26 AM,202,Warning,WT8-GUI,83100833,HM,Overscaled Channel detected at Tag AI_Volts_Shunt_004
4/24/2026 11:29:26 AM,202,Warning,WT8-GUI,83100834,HM,Overscaled Channel detected at Tag AI_TK_003
4/24/2026 11:29:26 AM,202,Warning,WT8-GUI,83100835,HM,Overscaled Channel detected at Tag AI_TT_002
4/24/2026 11:29:26 AM,202,Warning,WT8-GUI,83100836,HM,Overscaled Channel detected at Tag AI_TT_029
4/24/2026 11:29:26 AM,202,Warning,WT8-GUI,83100837,HM,Overscaled Channel detected at Tag AI_TT_030
4/24/2026 11:29:26 AM,202,Warning,WT8-GUI,83100838,HM,Overscaled Channel detected at Tag AI_TT_003
4/24/2026 11:29:26 AM,202,Warning,WT8-GUI,83100839,HM,Overscaled Channel detected at Tag AI_Volts_Shunt_000
4/24/2026 11:29:26 AM,202,Warning,WT8-GUI,83100840,HM,Overscaled Channel detected at Tag AI_TK_013
4/24/2026 11:29:26 AM,202,Warning,WT8-GUI,83100841,HM,Overscaled Channel detected at Tag AI_TK_014
4/24/2026 11:29:26 AM,202,Warning,WT8-GUI,83100842,HM,Overscaled Channel detected at Tag AI_TK_015
4/24/2026 11:29:26 AM,202,Warning,WT8-GUI,83100843,HM,Overscaled Channel detected at Tag AI_TK_016
4/24/2026 11:29:26 AM,202,Warning,WT8-GUI,83100844,HM,Overscaled Channel detected at Tag AI_TK_017
4/24/2026 11:29:26 AM,202,Warning,WT8-GUI,83100845,HM,Overscaled Channel detected at Tag AI_TK_018
4/24/2026 11:29:26 AM,202,Warning,WT8-GUI,83100846,HM,Overscaled Channel detected at Tag AI_TK_001
4/24/2026 11:29:26 AM,202,Warning,WT8-GUI,83100847,HM,Overscaled Channel detected at Tag AI_TK_019
4/24/2026 11:29:26 AM,202,Warning,WT8-GUI,83100848,HM,Overscaled Channel detected at Tag AI_TK_020
4/24/2026 11:29:26 AM,202,Warning,WT8-GUI,83100849,HM,Overscaled Channel detected at Tag AI_TK_021
4/24/2026 11:29:26 AM,202,Warning,WT8-GUI,83100850,HM,Overscaled Channel detected at Tag AI_TK_022
4/24/2026 11:29:26 AM,202,Warning,WT8-GUI,83100851,HM,Overscaled Channel detected at Tag AI_TK_023
4/24/2026 11:29:26 AM,202,Warning,WT8-GUI,83100852,HM,Overscaled Channel detected at Tag AI_TK_024
4/24/2026 11:29:26 AM,202,Warning,WT8-GUI,83100853,HM,Overscaled Channel detected at Tag AI_TK_025
4/24/2026 11:29:26 AM,202,Warning,WT8-GUI,83100854,HM,Overscaled Channel detected at Tag AI_TK_026
4/24/2026 11:29:26 AM,202,Warning,WT8-GUI,83100855,HM,Overscaled Channel detected at Tag AI_TK_027
4/24/2026 11:29:26 AM,202,Warning,WT8-GUI,83100856,HM,Overscaled Channel detected at Tag AI_TK_028
4/24/2026 11:29:26 AM,202,Warning,WT8-GUI,83100857,HM,Overscaled Channel detected at Tag AI_TK_002
4/24/2026 11:29:26 AM,202,Warning,WT8-GUI,83100858,HM,Overscaled Channel detected at Tag AI_TK_029
4/24/2026 11:29:26 AM,202,Warning,WT8-GUI,83100859,HM,Overscaled Channel detected at Tag AI_TK_030
4/24/2026 11:29:26 AM,202,Warning,WT8-GUI,83100860,HM,Overscaled Channel detected at Tag AI_TK_005
4/24/2026 11:29:26 AM,202,Warning,WT8-GUI,83100861,HM,Overscaled Channel detected at Tag AI_TK_006
4/24/2026 11:29:26 AM,202,Warning,WT8-GUI,83100862,HM,Overscaled Channel detected at Tag AI_TK_007
4/24/2026 11:29:26 AM,202,Warning,WT8-GUI,83100863,HM,Overscaled Channel detected at Tag AI_TK_008
4/24/2026 11:29:26 AM,202,Warning,WT8-GUI,83100864,HM,Overscaled Channel detected at Tag AI_Volts_Shunt_006
4/24/2026 11:29:26 AM,202,Warning,WT8-GUI,83100865,HM,Overscaled Channel detected at Tag AI_Volts_Shunt_007
4/24/2026 11:29:26 AM,202,Warning,WT8-GUI,83100866,HM,Overscaled Channel detected at Tag AI_Volts_Shunt_008
4/24/2026 11:29:26 AM,202,Warning,WT8-GUI,83100867,HM,Overscaled Channel detected at Tag AI_Volts_Shunt_009
4/24/2026 11:29:26 AM,202,Warning,WT8-GUI,83100868,HM,Overscaled Channel detected at Tag AI_Volts_Shunt_010
4/24/2026 11:29:26 AM,202,Warning,WT8-GUI,83100869,HM,Overscaled Channel detected at Tag AI_Volts_Shunt_011
4/24/2026 11:29:26 AM,202,Warning,WT8-GUI,83100870,HM,Overscaled Channel detected at Tag AI_Volts_Shunt_012
4/24/2026 11:29:26 AM,202,Warning,WT8-GUI,83100871,HM,Overscaled Channel detected at Tag AI_Volts_Shunt_013
4/24/2026 11:29:26 AM,202,Warning,WT8-GUI,83100872,HM,Overscaled Channel detected at Tag AI_Volts_Shunt_014
4/24/2026 11:29:26 AM,202,Warning,WT8-GUI,83100873,HM,Overscaled Channel detected at Tag AI_Volts_Shunt_015
4/24/2026 11:29:26 AM,202,Warning,WT8-GUI,83100874,HM,Overscaled Channel detected at Tag AI_Strain_000
4/24/2026 11:29:26 AM,202,Warning,WT8-GUI,83100875,HM,Overscaled Channel detected at Tag AI_Strain_001
4/24/2026 11:29:26 AM,202,Warning,WT8-GUI,83100876,HM,Overscaled Channel detected at Tag AI_Strain_002
4/24/2026 11:29:26 AM,202,Warning,WT8-GUI,83100877,HM,Overscaled Channel detected at Tag AI_Strain_003
4/24/2026 11:29:26 AM,202,Warning,WT8-GUI,83100878,HM,Overscaled Channel detected at Tag AI_Strain_004
4/24/2026 11:29:26 AM,202,Warning,WT8-GUI,83100879,HM,Overscaled Channel detected at Tag AI_Strain_005
4/24/2026 11:29:26 AM,202,Warning,WT8-GUI,83100880,HM,Overscaled Channel detected at Tag AI_Strain_006
4/24/2026 11:29:26 AM,202,Warning,WT8-GUI,83100881,HM,Overscaled Channel detected at Tag AI_Strain_007
4/24/2026 11:29:26 AM,202,Warning,WT8-GUI,83100882,HM,Overscaled Channel detected at Tag AI_TT_000
4/24/2026 11:29:26 AM,202,Warning,WT8-GUI,83100883,HM,Overscaled Channel detected at Tag AI_TT_012
4/24/2026 11:29:26 AM,202,Warning,WT8-GUI,83100884,HM,Overscaled Channel detected at Tag AI_TT_013
4/24/2026 11:29:26 AM,202,Warning,WT8-GUI,83100885,HM,Overscaled Channel detected at Tag AI_TT_014
4/24/2026 11:29:26 AM,202,Warning,WT8-GUI,83100886,HM,Overscaled Channel detected at Tag AI_TT_015
4/24/2026 11:29:26 AM,202,Warning,WT8-GUI,83100887,HM,Overscaled Channel detected at Tag AI_TT_016
4/24/2026 11:29:26 AM,202,Warning,WT8-GUI,83100888,HM,Overscaled Channel detected at Tag AI_TT_017
4/24/2026 11:29:26 AM,202,Warning,WT8-GUI,83100889,HM,Overscaled Channel detected at Tag AI_TT_018
4/24/2026 11:29:26 AM,202,Warning,WT8-GUI,83100890,HM,Overscaled Channel detected at Tag AI_TT_001
4/24/2026 11:29:26 AM,202,Warning,WT8-GUI,83100891,HM,Overscaled Channel detected at Tag AI_TT_019
4/24/2026 11:29:26 AM,202,Warning,WT8-GUI,83100892,HM,Overscaled Channel detected at Tag AI_TT_020
4/24/2026 11:29:26 AM,202,Warning,WT8-GUI,83100893,HM,Overscaled Channel detected at Tag AI_TT_021
4/24/2026 11:29:26 AM,202,Warning,WT8-GUI,83100894,HM,Overscaled Channel detected at Tag AI_TT_022
4/24/2026 11:29:26 AM,202,Warning,WT8-GUI,83100895,HM,Overscaled Channel detected at Tag AI_TT_023
4/24/2026 11:29:26 AM,202,Warning,WT8-GUI,83100896,HM,Overscaled Channel detected at Tag AI_TT_024
4/24/2026 11:29:26 AM,202,Warning,WT8-GUI,83100897,HM,Overscaled Channel detected at Tag AI_TT_025
4/24/2026 11:29:26 AM,202,Warning,WT8-GUI,83100898,HM,Overscaled Channel detected at Tag AI_TT_026
4/24/2026 11:29:26 AM,202,Warning,WT8-GUI,83100899,HM,Overscaled Channel detected at Tag AI_TT_027
4/24/2026 11:29:26 AM,202,Warning,WT8-GUI,83100900,HM,Overscaled Channel detected at Tag AI_TT_028
4/24/2026 11:29:26 AM,202,Warning,WT8-GUI,83100901,HM,Overscaled Channel detected at Tag AI_TT_004
4/24/2026 11:29:26 AM,202,Warning,WT8-GUI,83100902,HM,Overscaled Channel detected at Tag AI_TT_005
4/24/2026 11:29:26 AM,202,Warning,WT8-GUI,83100903,HM,Overscaled Channel detected at Tag AI_TT_006
4/24/2026 11:29:26 AM,202,Warning,WT8-GUI,83100904,HM,Overscaled Channel detected at Tag AI_TK_000
4/24/2026 11:29:26 AM,202,Warning,WT8-GUI,83100905,HM,Overscaled Channel detected at Tag AI_TK_009
4/24/2026 11:29:26 AM,202,Warning,WT8-GUI,83100906,HM,Overscaled Channel detected at Tag AI_TK_010
4/24/2026 11:29:26 AM,202,Warning,WT8-GUI,83100907,HM,Overscaled Channel detected at Tag AI_TK_011
4/24/2026 11:29:26 AM,202,Warning,WT8-GUI,83100908,HM,Overscaled Channel detected at Tag AI_TK_012
4/24/2026 11:29:26 AM,202,Warning,WT8-GUI,83100909,HM,Overscaled Channel detected at Tag AI_TK_004
4/24/2026 11:29:26 AM,202,Warning,WT8-GUI,83100910,HM,Overscaled Channel detected at Tag AI_TT_007
4/24/2026 11:29:26 AM,202,Warning,WT8-GUI,83100911,HM,Overscaled Channel detected at Tag AI_TT_008
4/24/2026 11:29:26 AM,202,Warning,WT8-GUI,83100912,HM,Overscaled Channel detected at Tag AI_TT_009
4/24/2026 11:29:26 AM,202,Warning,WT8-GUI,83100913,HM,Overscaled Channel detected at Tag AI_TT_010
4/24/2026 11:29:26 AM,202,Warning,WT8-GUI,83100914,HM,Overscaled Channel detected at Tag AI_TT_011
4/24/2026 11:30:10 AM,301005,Warning,WT8-GUI,83100915,OPC,OPC Server Graybox.Simulator.1 on host localhost has not updated data in 127 minute(s).
4/24/2026 11:30:26 AM,202,Warning,WT8-GUI,83100916,HM,Overscaled Channel detected at Tag AI_Volts_Shunt_001
4/24/2026 11:30:26 AM,202,Warning,WT8-GUI,83100917,HM,Overscaled Channel detected at Tag AI_Volts_Shunt_003
4/24/2026 11:30:26 AM,202,Warning,WT8-GUI,83100918,HM,Overscaled Channel detected at Tag AI_Volts_Shunt_004
4/24/2026 11:30:26 AM,202,Warning,WT8-GUI,83100919,HM,Overscaled Channel detected at Tag AI_TK_003
4/24/2026 11:30:26 AM,202,Warning,WT8-GUI,83100920,HM,Overscaled Channel detected at Tag AI_TT_002
4/24/2026 11:30:26 AM,202,Warning,WT8-GUI,83100921,HM,Overscaled Channel detected at Tag AI_TT_029
4/24/2026 11:30:26 AM,202,Warning,WT8-GUI,83100922,HM,Overscaled Channel detected at Tag AI_TT_030
4/24/2026 11:30:26 AM,202,Warning,WT8-GUI,83100923,HM,Overscaled Channel detected at Tag AI_TT_003
4/24/2026 11:30:26 AM,202,Warning,WT8-GUI,83100924,HM,Overscaled Channel detected at Tag AI_Volts_Shunt_000
4/24/2026 11:30:26 AM,202,Warning,WT8-GUI,83100925,HM,Overscaled Channel detected at Tag AI_TK_013
4/24/2026 11:30:26 AM,202,Warning,WT8-GUI,83100926,HM,Overscaled Channel detected at Tag AI_TK_014
4/24/2026 11:30:26 AM,202,Warning,WT8-GUI,83100927,HM,Overscaled Channel detected at Tag AI_TK_015
4/24/2026 11:30:26 AM,202,Warning,WT8-GUI,83100928,HM,Overscaled Channel detected at Tag AI_TK_016
4/24/2026 11:30:26 AM,202,Warning,WT8-GUI,83100929,HM,Overscaled Channel detected at Tag AI_TK_017
4/24/2026 11:30:26 AM,202,Warning,WT8-GUI,83100930,HM,Overscaled Channel detected at Tag AI_TK_018
4/24/2026 11:30:26 AM,202,Warning,WT8-GUI,83100931,HM,Overscaled Channel detected at Tag AI_TK_001
4/24/2026 11:30:26 AM,202,Warning,WT8-GUI,83100932,HM,Overscaled Channel detected at Tag AI_TK_019
4/24/2026 11:30:26 AM,202,Warning,WT8-GUI,83100933,HM,Overscaled Channel detected at Tag AI_TK_020
4/24/2026 11:30:26 AM,202,Warning,WT8-GUI,83100934,HM,Overscaled Channel detected at Tag AI_TK_021
4/24/2026 11:30:26 AM,202,Warning,WT8-GUI,83100935,HM,Overscaled Channel detected at Tag AI_TK_022
4/24/2026 11:30:26 AM,202,Warning,WT8-GUI,83100936,HM,Overscaled Channel detected at Tag AI_TK_023
4/24/2026 11:30:26 AM,202,Warning,WT8-GUI,83100937,HM,Overscaled Channel detected at Tag AI_TK_024
4/24/2026 11:30:26 AM,202,Warning,WT8-GUI,83100938,HM,Overscaled Channel detected at Tag AI_TK_025
4/24/2026 11:30:26 AM,202,Warning,WT8-GUI,83100939,HM,Overscaled Channel detected at Tag AI_TK_026
4/24/2026 11:30:26 AM,202,Warning,WT8-GUI,83100940,HM,Overscaled Channel detected at Tag AI_TK_027
4/24/2026 11:30:26 AM,202,Warning,WT8-GUI,83100941,HM,Overscaled Channel detected at Tag AI_TK_028
4/24/2026 11:30:26 AM,202,Warning,WT8-GUI,83100942,HM,Overscaled Channel detected at Tag AI_TK_002
4/24/2026 11:30:26 AM,202,Warning,WT8-GUI,83100943,HM,Overscaled Channel detected at Tag AI_TK_029
4/24/2026 11:30:26 AM,202,Warning,WT8-GUI,83100944,HM,Overscaled Channel detected at Tag AI_TK_030
4/24/2026 11:30:26 AM,202,Warning,WT8-GUI,83100945,HM,Overscaled Channel detected at Tag AI_TK_005
4/24/2026 11:30:26 AM,202,Warning,WT8-GUI,83100946,HM,Overscaled Channel detected at Tag AI_TK_006
4/24/2026 11:30:26 AM,202,Warning,WT8-GUI,83100947,HM,Overscaled Channel detected at Tag AI_TK_007
4/24/2026 11:30:26 AM,202,Warning,WT8-GUI,83100948,HM,Overscaled Channel detected at Tag AI_TK_008
4/24/2026 11:30:26 AM,202,Warning,WT8-GUI,83100949,HM,Overscaled Channel detected at Tag AI_Volts_Shunt_006
4/24/2026 11:30:26 AM,202,Warning,WT8-GUI,83100950,HM,Overscaled Channel detected at Tag AI_Volts_Shunt_007
4/24/2026 11:30:26 AM,202,Warning,WT8-GUI,83100951,HM,Overscaled Channel detected at Tag AI_Volts_Shunt_008
4/24/2026 11:30:26 AM,202,Warning,WT8-GUI,83100952,HM,Overscaled Channel detected at Tag AI_Volts_Shunt_009
4/24/2026 11:30:26 AM,202,Warning,WT8-GUI,83100953,HM,Overscaled Channel detected at Tag AI_Volts_Shunt_010
4/24/2026 11:30:26 AM,202,Warning,WT8-GUI,83100954,HM,Overscaled Channel detected at Tag AI_Volts_Shunt_011
4/24/2026 11:30:26 AM,202,Warning,WT8-GUI,83100955,HM,Overscaled Channel detected at Tag AI_Volts_Shunt_012
4/24/2026 11:30:26 AM,202,Warning,WT8-GUI,83100956,HM,Overscaled Channel detected at Tag AI_Volts_Shunt_013
4/24/2026 11:30:26 AM,202,Warning,WT8-GUI,83100957,HM,Overscaled Channel detected at Tag AI_Volts_Shunt_014
4/24/2026 11:30:26 AM,202,Warning,WT8-GUI,83100958,HM,Overscaled Channel detected at Tag AI_Volts_Shunt_015
4/24/2026 11:30:26 AM,202,Warning,WT8-GUI,83100959,HM,Overscaled Channel detected at Tag AI_Strain_000
4/24/2026 11:30:26 AM,202,Warning,WT8-GUI,83100960,HM,Overscaled Channel detected at Tag AI_Strain_001
4/24/2026 11:30:26 AM,202,Warning,WT8-GUI,83100961,HM,Overscaled Channel detected at Tag AI_Strain_002
4/24/2026 11:30:26 AM,202,Warning,WT8-GUI,83100962,HM,Overscaled Channel detected at Tag AI_Strain_003
4/24/2026 11:30:26 AM,202,Warning,WT8-GUI,83100963,HM,Overscaled Channel detected at Tag AI_Strain_004
4/24/2026 11:30:26 AM,202,Warning,WT8-GUI,83100964,HM,Overscaled Channel detected at Tag AI_Strain_005
4/24/2026 11:30:26 AM,202,Warning,WT8-GUI,83100965,HM,Overscaled Channel detected at Tag AI_Strain_006
4/24/2026 11:30:26 AM,202,Warning,WT8-GUI,83100966,HM,Overscaled Channel detected at Tag AI_Strain_007
4/24/2026 11:30:26 AM,202,Warning,WT8-GUI,83100967,HM,Overscaled Channel detected at Tag AI_TT_000
4/24/2026 11:30:26 AM,202,Warning,WT8-GUI,83100968,HM,Overscaled Channel detected at Tag AI_TT_012
4/24/2026 11:30:26 AM,202,Warning,WT8-GUI,83100969,HM,Overscaled Channel detected at Tag AI_TT_013
4/24/2026 11:30:26 AM,202,Warning,WT8-GUI,83100970,HM,Overscaled Channel detected at Tag AI_TT_014
4/24/2026 11:30:26 AM,202,Warning,WT8-GUI,83100971,HM,Overscaled Channel detected at Tag AI_TT_015
4/24/2026 11:30:26 AM,202,Warning,WT8-GUI,83100972,HM,Overscaled Channel detected at Tag AI_TT_016
4/24/2026 11:30:26 AM,202,Warning,WT8-GUI,83100973,HM,Overscaled Channel detected at Tag AI_TT_017
4/24/2026 11:30:26 AM,202,Warning,WT8-GUI,83100974,HM,Overscaled Channel detected at Tag AI_TT_018
4/24/2026 11:30:26 AM,202,Warning,WT8-GUI,83100975,HM,Overscaled Channel detected at Tag AI_TT_001
4/24/2026 11:30:26 AM,202,Warning,WT8-GUI,83100976,HM,Overscaled Channel detected at Tag AI_TT_019
4/24/2026 11:30:26 AM,202,Warning,WT8-GUI,83100977,HM,Overscaled Channel detected at Tag AI_TT_020
4/24/2026 11:30:26 AM,202,Warning,WT8-GUI,83100978,HM,Overscaled Channel detected at Tag AI_TT_021
4/24/2026 11:30:26 AM,202,Warning,WT8-GUI,83100979,HM,Overscaled Channel detected at Tag AI_TT_022
4/24/2026 11:30:26 AM,202,Warning,WT8-GUI,83100980,HM,Overscaled Channel detected at Tag AI_TT_023
4/24/2026 11:30:26 AM,202,Warning,WT8-GUI,83100981,HM,Overscaled Channel detected at Tag AI_TT_024
4/24/2026 11:30:26 AM,202,Warning,WT8-GUI,83100982,HM,Overscaled Channel detected at Tag AI_TT_025
4/24/2026 11:30:26 AM,202,Warning,WT8-GUI,83100983,HM,Overscaled Channel detected at Tag AI_TT_026
4/24/2026 11:30:26 AM,202,Warning,WT8-GUI,83100984,HM,Overscaled Channel detected at Tag AI_TT_027
4/24/2026 11:30:26 AM,202,Warning,WT8-GUI,83100985,HM,Overscaled Channel detected at Tag AI_TT_028
4/24/2026 11:30:26 AM,202,Warning,WT8-GUI,83100986,HM,Overscaled Channel detected at Tag AI_TT_004
4/24/2026 11:30:26 AM,202,Warning,WT8-GUI,83100987,HM,Overscaled Channel detected at Tag AI_TT_005
4/24/2026 11:30:26 AM,202,Warning,WT8-GUI,83100988,HM,Overscaled Channel detected at Tag AI_TT_006
4/24/2026 11:30:26 AM,202,Warning,WT8-GUI,83100989,HM,Overscaled Channel detected at Tag AI_TK_000
4/24/2026 11:30:26 AM,202,Warning,WT8-GUI,83100990,HM,Overscaled Channel detected at Tag AI_TK_009
4/24/2026 11:30:26 AM,202,Warning,WT8-GUI,83100991,HM,Overscaled Channel detected at Tag AI_TK_010
4/24/2026 11:30:26 AM,202,Warning,WT8-GUI,83100992,HM,Overscaled Channel detected at Tag AI_TK_011
4/24/2026 11:30:26 AM,202,Warning,WT8-GUI,83100993,HM,Overscaled Channel detected at Tag AI_TK_012
4/24/2026 11:30:26 AM,202,Warning,WT8-GUI,83100994,HM,Overscaled Channel detected at Tag AI_TK_004
4/24/2026 11:30:26 AM,202,Warning,WT8-GUI,83100995,HM,Overscaled Channel detected at Tag AI_TT_007
4/24/2026 11:30:26 AM,202,Warning,WT8-GUI,83100996,HM,Overscaled Channel detected at Tag AI_TT_008
4/24/2026 11:30:26 AM,202,Warning,WT8-GUI,83100997,HM,Overscaled Channel detected at Tag AI_TT_009
4/24/2026 11:30:26 AM,202,Warning,WT8-GUI,83100998,HM,Overscaled Channel detected at Tag AI_TT_010
4/24/2026 11:30:26 AM,202,Warning,WT8-GUI,83100999,HM,Overscaled Channel detected at Tag AI_TT_011
4/24/2026 11:31:10 AM,301005,Warning,WT8-GUI,83101000,OPC,OPC Server Graybox.Simulator.1 on host localhost has not updated data in 128 minute(s).
4/24/2026 11:31:26 AM,202,Warning,WT8-GUI,83101001,HM,Overscaled Channel detected at Tag AI_Volts_Shunt_001
4/24/2026 11:31:26 AM,202,Warning,WT8-GUI,83101002,HM,Overscaled Channel detected at Tag AI_Volts_Shunt_003
4/24/2026 11:31:26 AM,202,Warning,WT8-GUI,83101003,HM,Overscaled Channel detected at Tag AI_Volts_Shunt_004
4/24/2026 11:31:26 AM,202,Warning,WT8-GUI,83101004,HM,Overscaled Channel detected at Tag AI_TK_003
4/24/2026 11:31:26 AM,202,Warning,WT8-GUI,83101005,HM,Overscaled Channel detected at Tag AI_TT_002
4/24/2026 11:31:26 AM,202,Warning,WT8-GUI,83101006,HM,Overscaled Channel detected at Tag AI_TT_029
4/24/2026 11:31:26 AM,202,Warning,WT8-GUI,83101007,HM,Overscaled Channel detected at Tag AI_TT_030
4/24/2026 11:31:26 AM,202,Warning,WT8-GUI,83101008,HM,Overscaled Channel detected at Tag AI_TT_003
4/24/2026 11:31:26 AM,202,Warning,WT8-GUI,83101009,HM,Overscaled Channel detected at Tag AI_Volts_Shunt_000
4/24/2026 11:31:26 AM,202,Warning,WT8-GUI,83101010,HM,Overscaled Channel detected at Tag AI_TK_013
4/24/2026 11:31:26 AM,202,Warning,WT8-GUI,83101011,HM,Overscaled Channel detected at Tag AI_TK_014
4/24/2026 11:31:26 AM,202,Warning,WT8-GUI,83101012,HM,Overscaled Channel detected at Tag AI_TK_015
4/24/2026 11:31:26 AM,202,Warning,WT8-GUI,83101013,HM,Overscaled Channel detected at Tag AI_TK_016
4/24/2026 11:31:26 AM,202,Warning,WT8-GUI,83101014,HM,Overscaled Channel detected at Tag AI_TK_017
4/24/2026 11:31:26 AM,202,Warning,WT8-GUI,83101015,HM,Overscaled Channel detected at Tag AI_TK_018
4/24/2026 11:31:26 AM,202,Warning,WT8-GUI,83101016,HM,Overscaled Channel detected at Tag AI_TK_001
4/24/2026 11:31:26 AM,202,Warning,WT8-GUI,83101017,HM,Overscaled Channel detected at Tag AI_TK_019
4/24/2026 11:31:26 AM,202,Warning,WT8-GUI,83101018,HM,Overscaled Channel detected at Tag AI_TK_020
4/24/2026 11:31:26 AM,202,Warning,WT8-GUI,83101019,HM,Overscaled Channel detected at Tag AI_TK_021
4/24/2026 11:31:26 AM,202,Warning,WT8-GUI,83101020,HM,Overscaled Channel detected at Tag AI_TK_022
4/24/2026 11:31:26 AM,202,Warning,WT8-GUI,83101021,HM,Overscaled Channel detected at Tag AI_TK_023
4/24/2026 11:31:26 AM,202,Warning,WT8-GUI,83101022,HM,Overscaled Channel detected at Tag AI_TK_024
4/24/2026 11:31:26 AM,202,Warning,WT8-GUI,83101023,HM,Overscaled Channel detected at Tag AI_TK_025
4/24/2026 11:31:26 AM,202,Warning,WT8-GUI,83101024,HM,Overscaled Channel detected at Tag AI_TK_026
4/24/2026 11:31:26 AM,202,Warning,WT8-GUI,83101025,HM,Overscaled Channel detected at Tag AI_TK_027
4/24/2026 11:31:26 AM,202,Warning,WT8-GUI,83101026,HM,Overscaled Channel detected at Tag AI_TK_028
4/24/2026 11:31:26 AM,202,Warning,WT8-GUI,83101027,HM,Overscaled Channel detected at Tag AI_TK_002
4/24/2026 11:31:26 AM,202,Warning,WT8-GUI,83101028,HM,Overscaled Channel detected at Tag AI_TK_029
4/24/2026 11:31:26 AM,202,Warning,WT8-GUI,83101029,HM,Overscaled Channel detected at Tag AI_TK_030
4/24/2026 11:31:26 AM,202,Warning,WT8-GUI,83101030,HM,Overscaled Channel detected at Tag AI_TK_005
4/24/2026 11:31:26 AM,202,Warning,WT8-GUI,83101031,HM,Overscaled Channel detected at Tag AI_TK_006
4/24/2026 11:31:26 AM,202,Warning,WT8-GUI,83101032,HM,Overscaled Channel detected at Tag AI_TK_007
4/24/2026 11:31:26 AM,202,Warning,WT8-GUI,83101033,HM,Overscaled Channel detected at Tag AI_TK_008
4/24/2026 11:31:26 AM,202,Warning,WT8-GUI,83101034,HM,Overscaled Channel detected at Tag AI_Volts_Shunt_006
4/24/2026 11:31:26 AM,202,Warning,WT8-GUI,83101035,HM,Overscaled Channel detected at Tag AI_Volts_Shunt_007
4/24/2026 11:31:26 AM,202,Warning,WT8-GUI,83101036,HM,Overscaled Channel detected at Tag AI_Volts_Shunt_008
4/24/2026 11:31:26 AM,202,Warning,WT8-GUI,83101037,HM,Overscaled Channel detected at Tag AI_Volts_Shunt_009
4/24/2026 11:31:26 AM,202,Warning,WT8-GUI,83101038,HM,Overscaled Channel detected at Tag AI_Volts_Shunt_010
4/24/2026 11:31:26 AM,202,Warning,WT8-GUI,83101039,HM,Overscaled Channel detected at Tag AI_Volts_Shunt_011
4/24/2026 11:31:26 AM,202,Warning,WT8-GUI,83101040,HM,Overscaled Channel detected at Tag AI_Volts_Shunt_012
4/24/2026 11:31:26 AM,202,Warning,WT8-GUI,83101041,HM,Overscaled Channel detected at Tag AI_Volts_Shunt_013
4/24/2026 11:31:26 AM,202,Warning,WT8-GUI,83101042,HM,Overscaled Channel detected at Tag AI_Volts_Shunt_014
4/24/2026 11:31:26 AM,202,Warning,WT8-GUI,83101043,HM,Overscaled Channel detected at Tag AI_Volts_Shunt_015
4/24/2026 11:31:26 AM,202,Warning,WT8-GUI,83101044,HM,Overscaled Channel detected at Tag AI_Strain_000
4/24/2026 11:31:26 AM,202,Warning,WT8-GUI,83101045,HM,Overscaled Channel detected at Tag AI_Strain_001
4/24/2026 11:31:26 AM,202,Warning,WT8-GUI,83101046,HM,Overscaled Channel detected at Tag AI_Strain_002
4/24/2026 11:31:26 AM,202,Warning,WT8-GUI,83101047,HM,Overscaled Channel detected at Tag AI_Strain_003
4/24/2026 11:31:26 AM,202,Warning,WT8-GUI,83101048,HM,Overscaled Channel detected at Tag AI_Strain_004
4/24/2026 11:31:26 AM,202,Warning,WT8-GUI,83101049,HM,Overscaled Channel detected at Tag AI_Strain_005
4/24/2026 11:31:26 AM,202,Warning,WT8-GUI,83101050,HM,Overscaled Channel detected at Tag AI_Strain_006
4/24/2026 11:31:26 AM,202,Warning,WT8-GUI,83101051,HM,Overscaled Channel detected at Tag AI_Strain_007
4/24/2026 11:31:26 AM,202,Warning,WT8-GUI,83101052,HM,Overscaled Channel detected at Tag AI_TT_000
4/24/2026 11:31:26 AM,202,Warning,WT8-GUI,83101053,HM,Overscaled Channel detected at Tag AI_TT_012
4/24/2026 11:31:26 AM,202,Warning,WT8-GUI,83101054,HM,Overscaled Channel detected at Tag AI_TT_013
4/24/2026 11:31:26 AM,202,Warning,WT8-GUI,83101055,HM,Overscaled Channel detected at Tag AI_TT_014
4/24/2026 11:31:26 AM,202,Warning,WT8-GUI,83101056,HM,Overscaled Channel detected at Tag AI_TT_015
4/24/2026 11:31:26 AM,202,Warning,WT8-GUI,83101057,HM,Overscaled Channel detected at Tag AI_TT_016
4/24/2026 11:31:26 AM,202,Warning,WT8-GUI,83101058,HM,Overscaled Channel detected at Tag AI_TT_017
4/24/2026 11:31:26 AM,202,Warning,WT8-GUI,83101059,HM,Overscaled Channel detected at Tag AI_TT_018
4/24/2026 11:31:26 AM,202,Warning,WT8-GUI,83101060,HM,Overscaled Channel detected at Tag AI_TT_001
4/24/2026 11:31:26 AM,202,Warning,WT8-GUI,83101061,HM,Overscaled Channel detected at Tag AI_TT_019
4/24/2026 11:31:26 AM,202,Warning,WT8-GUI,83101062,HM,Overscaled Channel detected at Tag AI_TT_020
4/24/2026 11:31:26 AM,202,Warning,WT8-GUI,83101063,HM,Overscaled Channel detected at Tag AI_TT_021
4/24/2026 11:31:26 AM,202,Warning,WT8-GUI,83101064,HM,Overscaled Channel detected at Tag AI_TT_022
4/24/2026 11:31:26 AM,202,Warning,WT8-GUI,83101065,HM,Overscaled Channel detected at Tag AI_TT_023
4/24/2026 11:31:26 AM,202,Warning,WT8-GUI,83101066,HM,Overscaled Channel detected at Tag AI_TT_024
4/24/2026 11:31:26 AM,202,Warning,WT8-GUI,83101067,HM,Overscaled Channel detected at Tag AI_TT_025
4/24/2026 11:31:26 AM,202,Warning,WT8-GUI,83101068,HM,Overscaled Channel detected at Tag AI_TT_026
4/24/2026 11:31:26 AM,202,Warning,WT8-GUI,83101069,HM,Overscaled Channel detected at Tag AI_TT_027
4/24/2026 11:31:26 AM,202,Warning,WT8-GUI,83101070,HM,Overscaled Channel detected at Tag AI_TT_028
4/24/2026 11:31:26 AM,202,Warning,WT8-GUI,83101071,HM,Overscaled Channel detected at Tag AI_TT_004
4/24/2026 11:31:26 AM,202,Warning,WT8-GUI,83101072,HM,Overscaled Channel detected at Tag AI_TT_005
4/24/2026 11:31:26 AM,202,Warning,WT8-GUI,83101073,HM,Overscaled Channel detected at Tag AI_TT_006
4/24/2026 11:31:26 AM,202,Warning,WT8-GUI,83101074,HM,Overscaled Channel detected at Tag AI_TK_000
4/24/2026 11:31:26 AM,202,Warning,WT8-GUI,83101075,HM,Overscaled Channel detected at Tag AI_TK_009
4/24/2026 11:31:26 AM,202,Warning,WT8-GUI,83101076,HM,Overscaled Channel detected at Tag AI_TK_010
4/24/2026 11:31:26 AM,202,Warning,WT8-GUI,83101077,HM,Overscaled Channel detected at Tag AI_TK_011
4/24/2026 11:31:26 AM,202,Warning,WT8-GUI,83101078,HM,Overscaled Channel detected at Tag AI_TK_012
4/24/2026 11:31:26 AM,202,Warning,WT8-GUI,83101079,HM,Overscaled Channel detected at Tag AI_TK_004
4/24/2026 11:31:26 AM,202,Warning,WT8-GUI,83101080,HM,Overscaled Channel detected at Tag AI_TT_007
4/24/2026 11:31:26 AM,202,Warning,WT8-GUI,83101081,HM,Overscaled Channel detected at Tag AI_TT_008
4/24/2026 11:31:26 AM,202,Warning,WT8-GUI,83101082,HM,Overscaled Channel detected at Tag AI_TT_009
4/24/2026 11:31:26 AM,202,Warning,WT8-GUI,83101083,HM,Overscaled Channel detected at Tag AI_TT_010
4/24/2026 11:31:26 AM,202,Warning,WT8-GUI,83101084,HM,Overscaled Channel detected at Tag AI_TT_011
4/24/2026 11:32:10 AM,301005,Warning,WT8-GUI,83101085,OPC,OPC Server Graybox.Simulator.1 on host localhost has not updated data in 129 minute(s).
4/24/2026 11:32:11 AM,0,Debug,WT8-GUI,83101086,BALANCE,"Sent balance command ""SetYaw#-4.900000#2.000000""."
4/24/2026 11:32:26 AM,202,Warning,WT8-GUI,83101087,HM,Overscaled Channel detected at Tag AI_Volts_Shunt_001
4/24/2026 11:32:26 AM,202,Warning,WT8-GUI,83101088,HM,Overscaled Channel detected at Tag AI_Volts_Shunt_003
4/24/2026 11:32:26 AM,202,Warning,WT8-GUI,83101089,HM,Overscaled Channel detected at Tag AI_Volts_Shunt_004
4/24/2026 11:32:26 AM,202,Warning,WT8-GUI,83101090,HM,Overscaled Channel detected at Tag AI_TK_003
4/24/2026 11:32:26 AM,202,Warning,WT8-GUI,83101091,HM,Overscaled Channel detected at Tag AI_TT_002
4/24/2026 11:32:26 AM,202,Warning,WT8-GUI,83101092,HM,Overscaled Channel detected at Tag AI_TT_029
4/24/2026 11:32:26 AM,202,Warning,WT8-GUI,83101093,HM,Overscaled Channel detected at Tag AI_TT_030
4/24/2026 11:32:26 AM,202,Warning,WT8-GUI,83101094,HM,Overscaled Channel detected at Tag AI_TT_003
4/24/2026 11:32:26 AM,202,Warning,WT8-GUI,83101095,HM,Overscaled Channel detected at Tag AI_Volts_Shunt_000
4/24/2026 11:32:26 AM,202,Warning,WT8-GUI,83101096,HM,Overscaled Channel detected at Tag AI_TK_013
4/24/2026 11:32:26 AM,202,Warning,WT8-GUI,83101097,HM,Overscaled Channel detected at Tag AI_TK_014
4/24/2026 11:32:26 AM,202,Warning,WT8-GUI,83101098,HM,Overscaled Channel detected at Tag AI_TK_015
4/24/2026 11:32:26 AM,202,Warning,WT8-GUI,83101099,HM,Overscaled Channel detected at Tag AI_TK_016
4/24/2026 11:32:26 AM,202,Warning,WT8-GUI,83101100,HM,Overscaled Channel detected at Tag AI_TK_017
4/24/2026 11:32:26 AM,202,Warning,WT8-GUI,83101101,HM,Overscaled Channel detected at Tag AI_TK_018
4/24/2026 11:32:26 AM,202,Warning,WT8-GUI,83101102,HM,Overscaled Channel detected at Tag AI_TK_001
4/24/2026 11:32:26 AM,202,Warning,WT8-GUI,83101103,HM,Overscaled Channel detected at Tag AI_TK_019
4/24/2026 11:32:26 AM,202,Warning,WT8-GUI,83101104,HM,Overscaled Channel detected at Tag AI_TK_020
4/24/2026 11:32:26 AM,202,Warning,WT8-GUI,83101105,HM,Overscaled Channel detected at Tag AI_TK_021
4/24/2026 11:32:26 AM,202,Warning,WT8-GUI,83101106,HM,Overscaled Channel detected at Tag AI_TK_022
4/24/2026 11:32:26 AM,202,Warning,WT8-GUI,83101107,HM,Overscaled Channel detected at Tag AI_TK_023
4/24/2026 11:32:26 AM,202,Warning,WT8-GUI,83101108,HM,Overscaled Channel detected at Tag AI_TK_024
4/24/2026 11:32:26 AM,202,Warning,WT8-GUI,83101109,HM,Overscaled Channel detected at Tag AI_TK_025
4/24/2026 11:32:26 AM,202,Warning,WT8-GUI,83101110,HM,Overscaled Channel detected at Tag AI_TK_026
4/24/2026 11:32:26 AM,202,Warning,WT8-GUI,83101111,HM,Overscaled Channel detected at Tag AI_TK_027
4/24/2026 11:32:26 AM,202,Warning,WT8-GUI,83101112,HM,Overscaled Channel detected at Tag AI_TK_028
4/24/2026 11:32:26 AM,202,Warning,WT8-GUI,83101113,HM,Overscaled Channel detected at Tag AI_TK_002
4/24/2026 11:32:26 AM,202,Warning,WT8-GUI,83101114,HM,Overscaled Channel detected at Tag AI_TK_029
4/24/2026 11:32:26 AM,202,Warning,WT8-GUI,83101115,HM,Overscaled Channel detected at Tag AI_TK_030
4/24/2026 11:32:26 AM,202,Warning,WT8-GUI,83101116,HM,Overscaled Channel detected at Tag AI_TK_005
4/24/2026 11:32:26 AM,202,Warning,WT8-GUI,83101117,HM,Overscaled Channel detected at Tag AI_TK_006
4/24/2026 11:32:26 AM,202,Warning,WT8-GUI,83101118,HM,Overscaled Channel detected at Tag AI_TK_007
4/24/2026 11:32:26 AM,202,Warning,WT8-GUI,83101119,HM,Overscaled Channel detected at Tag AI_TK_008
4/24/2026 11:32:26 AM,202,Warning,WT8-GUI,83101120,HM,Overscaled Channel detected at Tag AI_Volts_Shunt_006
4/24/2026 11:32:26 AM,202,Warning,WT8-GUI,83101121,HM,Overscaled Channel detected at Tag AI_Volts_Shunt_007
4/24/2026 11:32:26 AM,202,Warning,WT8-GUI,83101122,HM,Overscaled Channel detected at Tag AI_Volts_Shunt_008
4/24/2026 11:32:26 AM,202,Warning,WT8-GUI,83101123,HM,Overscaled Channel detected at Tag AI_Volts_Shunt_009
4/24/2026 11:32:26 AM,202,Warning,WT8-GUI,83101124,HM,Overscaled Channel detected at Tag AI_Volts_Shunt_010
4/24/2026 11:32:26 AM,202,Warning,WT8-GUI,83101125,HM,Overscaled Channel detected at Tag AI_Volts_Shunt_011
4/24/2026 11:32:26 AM,202,Warning,WT8-GUI,83101126,HM,Overscaled Channel detected at Tag AI_Volts_Shunt_012
4/24/2026 11:32:26 AM,202,Warning,WT8-GUI,83101127,HM,Overscaled Channel detected at Tag AI_Volts_Shunt_013
4/24/2026 11:32:26 AM,202,Warning,WT8-GUI,83101128,HM,Overscaled Channel detected at Tag AI_Volts_Shunt_014
4/24/2026 11:32:26 AM,202,Warning,WT8-GUI,83101129,HM,Overscaled Channel detected at Tag AI_Volts_Shunt_015
4/24/2026 11:32:26 AM,202,Warning,WT8-GUI,83101130,HM,Overscaled Channel detected at Tag AI_Strain_000
4/24/2026 11:32:26 AM,202,Warning,WT8-GUI,83101131,HM,Overscaled Channel detected at Tag AI_Strain_001
4/24/2026 11:32:26 AM,202,Warning,WT8-GUI,83101132,HM,Overscaled Channel detected at Tag AI_Strain_002
4/24/2026 11:32:26 AM,202,Warning,WT8-GUI,83101133,HM,Overscaled Channel detected at Tag AI_Strain_003
4/24/2026 11:32:26 AM,202,Warning,WT8-GUI,83101134,HM,Overscaled Channel detected at Tag AI_Strain_004
4/24/2026 11:32:26 AM,202,Warning,WT8-GUI,83101135,HM,Overscaled Channel detected at Tag AI_Strain_005
4/24/2026 11:32:26 AM,202,Warning,WT8-GUI,83101136,HM,Overscaled Channel detected at Tag AI_Strain_006
4/24/2026 11:32:26 AM,202,Warning,WT8-GUI,83101137,HM,Overscaled Channel detected at Tag AI_Strain_007
4/24/2026 11:32:26 AM,202,Warning,WT8-GUI,83101138,HM,Overscaled Channel detected at Tag AI_TT_000
4/24/2026 11:32:26 AM,202,Warning,WT8-GUI,83101139,HM,Overscaled Channel detected at Tag AI_TT_012
4/24/2026 11:32:26 AM,202,Warning,WT8-GUI,83101140,HM,Overscaled Channel detected at Tag AI_TT_013
4/24/2026 11:32:26 AM,202,Warning,WT8-GUI,83101141,HM,Overscaled Channel detected at Tag AI_TT_014
4/24/2026 11:32:26 AM,202,Warning,WT8-GUI,83101142,HM,Overscaled Channel detected at Tag AI_TT_015
4/24/2026 11:32:26 AM,202,Warning,WT8-GUI,83101143,HM,Overscaled Channel detected at Tag AI_TT_016
4/24/2026 11:32:26 AM,202,Warning,WT8-GUI,83101144,HM,Overscaled Channel detected at Tag AI_TT_017
4/24/2026 11:32:26 AM,202,Warning,WT8-GUI,83101145,HM,Overscaled Channel detected at Tag AI_TT_018
4/24/2026 11:32:26 AM,202,Warning,WT8-GUI,83101146,HM,Overscaled Channel detected at Tag AI_TT_001
4/24/2026 11:32:26 AM,202,Warning,WT8-GUI,83101147,HM,Overscaled Channel detected at Tag AI_TT_019
4/24/2026 11:32:26 AM,202,Warning,WT8-GUI,83101148,HM,Overscaled Channel detected at Tag AI_TT_020
4/24/2026 11:32:26 AM,202,Warning,WT8-GUI,83101149,HM,Overscaled Channel detected at Tag AI_TT_021
4/24/2026 11:32:26 AM,202,Warning,WT8-GUI,83101150,HM,Overscaled Channel detected at Tag AI_TT_022
4/24/2026 11:32:26 AM,202,Warning,WT8-GUI,83101151,HM,Overscaled Channel detected at Tag AI_TT_023
4/24/2026 11:32:26 AM,202,Warning,WT8-GUI,83101152,HM,Overscaled Channel detected at Tag AI_TT_024
4/24/2026 11:32:26 AM,202,Warning,WT8-GUI,83101153,HM,Overscaled Channel detected at Tag AI_TT_025
4/24/2026 11:32:26 AM,202,Warning,WT8-GUI,83101154,HM,Overscaled Channel detected at Tag AI_TT_026
4/24/2026 11:32:26 AM,202,Warning,WT8-GUI,83101155,HM,Overscaled Channel detected at Tag AI_TT_027
4/24/2026 11:32:26 AM,202,Warning,WT8-GUI,83101156,HM,Overscaled Channel detected at Tag AI_TT_028
4/24/2026 11:32:26 AM,202,Warning,WT8-GUI,83101157,HM,Overscaled Channel detected at Tag AI_TT_004
4/24/2026 11:32:26 AM,202,Warning,WT8-GUI,83101158,HM,Overscaled Channel detected at Tag AI_TT_005
4/24/2026 11:32:26 AM,202,Warning,WT8-GUI,83101159,HM,Overscaled Channel detected at Tag AI_TT_006
4/24/2026 11:32:26 AM,202,Warning,WT8-GUI,83101160,HM,Overscaled Channel detected at Tag AI_TK_000
4/24/2026 11:32:26 AM,202,Warning,WT8-GUI,83101161,HM,Overscaled Channel detected at Tag AI_TK_009
4/24/2026 11:32:26 AM,202,Warning,WT8-GUI,83101162,HM,Overscaled Channel detected at Tag AI_TK_010
4/24/2026 11:32:26 AM,202,Warning,WT8-GUI,83101163,HM,Overscaled Channel detected at Tag AI_TK_011
4/24/2026 11:32:26 AM,202,Warning,WT8-GUI,83101164,HM,Overscaled Channel detected at Tag AI_TK_012
4/24/2026 11:32:26 AM,202,Warning,WT8-GUI,83101165,HM,Overscaled Channel detected at Tag AI_TK_004
4/24/2026 11:32:26 AM,202,Warning,WT8-GUI,83101166,HM,Overscaled Channel detected at Tag AI_TT_007
4/24/2026 11:32:26 AM,202,Warning,WT8-GUI,83101167,HM,Overscaled Channel detected at Tag AI_TT_008
4/24/2026 11:32:26 AM,202,Warning,WT8-GUI,83101168,HM,Overscaled Channel detected at Tag AI_TT_009
4/24/2026 11:32:26 AM,202,Warning,WT8-GUI,83101169,HM,Overscaled Channel detected at Tag AI_TT_010
4/24/2026 11:32:26 AM,202,Warning,WT8-GUI,83101170,HM,Overscaled Channel detected at Tag AI_TT_011
4/24/2026 11:33:10 AM,301005,Warning,WT8-GUI,83101171,OPC,OPC Server Graybox.Simulator.1 on host localhost has not updated data in 130 minute(s).
4/24/2026 11:33:26 AM,202,Warning,WT8-GUI,83101172,HM,Overscaled Channel detected at Tag AI_Volts_Shunt_001
4/24/2026 11:33:26 AM,202,Warning,WT8-GUI,83101173,HM,Overscaled Channel detected at Tag AI_Volts_Shunt_003
4/24/2026 11:33:26 AM,202,Warning,WT8-GUI,83101174,HM,Overscaled Channel detected at Tag AI_Volts_Shunt_004
4/24/2026 11:33:26 AM,202,Warning,WT8-GUI,83101175,HM,Overscaled Channel detected at Tag AI_TK_003
4/24/2026 11:33:26 AM,202,Warning,WT8-GUI,83101176,HM,Overscaled Channel detected at Tag AI_TT_002
4/24/2026 11:33:26 AM,202,Warning,WT8-GUI,83101177,HM,Overscaled Channel detected at Tag AI_TT_029
4/24/2026 11:33:26 AM,202,Warning,WT8-GUI,83101178,HM,Overscaled Channel detected at Tag AI_TT_030
4/24/2026 11:33:26 AM,202,Warning,WT8-GUI,83101179,HM,Overscaled Channel detected at Tag AI_TT_003
4/24/2026 11:33:26 AM,202,Warning,WT8-GUI,83101180,HM,Overscaled Channel detected at Tag AI_Volts_Shunt_000
4/24/2026 11:33:26 AM,202,Warning,WT8-GUI,83101181,HM,Overscaled Channel detected at Tag AI_TK_000
4/24/2026 11:33:26 AM,202,Warning,WT8-GUI,83101182,HM,Overscaled Channel detected at Tag AI_TK_009
4/24/2026 11:33:26 AM,202,Warning,WT8-GUI,83101183,HM,Overscaled Channel detected at Tag AI_TK_010
4/24/2026 11:33:26 AM,202,Warning,WT8-GUI,83101184,HM,Overscaled Channel detected at Tag AI_TK_011
4/24/2026 11:33:26 AM,202,Warning,WT8-GUI,83101185,HM,Overscaled Channel detected at Tag AI_TK_012
4/24/2026 11:33:26 AM,202,Warning,WT8-GUI,83101186,HM,Overscaled Channel detected at Tag AI_TK_013
4/24/2026 11:33:26 AM,202,Warning,WT8-GUI,83101187,HM,Overscaled Channel detected at Tag AI_TK_014
4/24/2026 11:33:26 AM,202,Warning,WT8-GUI,83101188,HM,Overscaled Channel detected at Tag AI_TK_015
4/24/2026 11:33:26 AM,202,Warning,WT8-GUI,83101189,HM,Overscaled Channel detected at Tag AI_TK_016
4/24/2026 11:33:26 AM,202,Warning,WT8-GUI,83101190,HM,Overscaled Channel detected at Tag AI_TK_017
4/24/2026 11:33:26 AM,202,Warning,WT8-GUI,83101191,HM,Overscaled Channel detected at Tag AI_TK_018
4/24/2026 11:33:26 AM,202,Warning,WT8-GUI,83101192,HM,Overscaled Channel detected at Tag AI_TK_001
4/24/2026 11:33:26 AM,202,Warning,WT8-GUI,83101193,HM,Overscaled Channel detected at Tag AI_TK_019
4/24/2026 11:33:26 AM,202,Warning,WT8-GUI,83101194,HM,Overscaled Channel detected at Tag AI_TK_020
4/24/2026 11:33:26 AM,202,Warning,WT8-GUI,83101195,HM,Overscaled Channel detected at Tag AI_TK_021
4/24/2026 11:33:26 AM,202,Warning,WT8-GUI,83101196,HM,Overscaled Channel detected at Tag AI_TK_022
4/24/2026 11:33:26 AM,202,Warning,WT8-GUI,83101197,HM,Overscaled Channel detected at Tag AI_TK_023
4/24/2026 11:33:26 AM,202,Warning,WT8-GUI,83101198,HM,Overscaled Channel detected at Tag AI_TK_024
4/24/2026 11:33:26 AM,202,Warning,WT8-GUI,83101199,HM,Overscaled Channel detected at Tag AI_TK_025
4/24/2026 11:33:26 AM,202,Warning,WT8-GUI,83101200,HM,Overscaled Channel detected at Tag AI_TK_026
4/24/2026 11:33:26 AM,202,Warning,WT8-GUI,83101201,HM,Overscaled Channel detected at Tag AI_TK_027
4/24/2026 11:33:26 AM,202,Warning,WT8-GUI,83101202,HM,Overscaled Channel detected at Tag AI_TK_028
4/24/2026 11:33:26 AM,202,Warning,WT8-GUI,83101203,HM,Overscaled Channel detected at Tag AI_TK_002
4/24/2026 11:33:26 AM,202,Warning,WT8-GUI,83101204,HM,Overscaled Channel detected at Tag AI_TK_029
4/24/2026 11:33:26 AM,202,Warning,WT8-GUI,83101205,HM,Overscaled Channel detected at Tag AI_TK_030
4/24/2026 11:33:26 AM,202,Warning,WT8-GUI,83101206,HM,Overscaled Channel detected at Tag AI_TK_004
4/24/2026 11:33:26 AM,202,Warning,WT8-GUI,83101207,HM,Overscaled Channel detected at Tag AI_TK_005
4/24/2026 11:33:26 AM,202,Warning,WT8-GUI,83101208,HM,Overscaled Channel detected at Tag AI_TK_006
4/24/2026 11:33:26 AM,202,Warning,WT8-GUI,83101209,HM,Overscaled Channel detected at Tag AI_TK_007
4/24/2026 11:33:26 AM,202,Warning,WT8-GUI,83101210,HM,Overscaled Channel detected at Tag AI_TK_008
4/24/2026 11:33:26 AM,202,Warning,WT8-GUI,83101211,HM,Overscaled Channel detected at Tag AI_Volts_Shunt_006
4/24/2026 11:33:26 AM,202,Warning,WT8-GUI,83101212,HM,Overscaled Channel detected at Tag AI_Volts_Shunt_007
4/24/2026 11:33:26 AM,202,Warning,WT8-GUI,83101213,HM,Overscaled Channel detected at Tag AI_Volts_Shunt_008
4/24/2026 11:33:26 AM,202,Warning,WT8-GUI,83101214,HM,Overscaled Channel detected at Tag AI_Volts_Shunt_009
4/24/2026 11:33:26 AM,202,Warning,WT8-GUI,83101215,HM,Overscaled Channel detected at Tag AI_Volts_Shunt_010
4/24/2026 11:33:26 AM,202,Warning,WT8-GUI,83101216,HM,Overscaled Channel detected at Tag AI_Volts_Shunt_011
4/24/2026 11:33:26 AM,202,Warning,WT8-GUI,83101217,HM,Overscaled Channel detected at Tag AI_Volts_Shunt_012
4/24/2026 11:33:26 AM,202,Warning,WT8-GUI,83101218,HM,Overscaled Channel detected at Tag AI_Volts_Shunt_013
4/24/2026 11:33:26 AM,202,Warning,WT8-GUI,83101219,HM,Overscaled Channel detected at Tag AI_Volts_Shunt_014
4/24/2026 11:33:26 AM,202,Warning,WT8-GUI,83101220,HM,Overscaled Channel detected at Tag AI_Volts_Shunt_015
4/24/2026 11:33:26 AM,202,Warning,WT8-GUI,83101221,HM,Overscaled Channel detected at Tag AI_Strain_000
4/24/2026 11:33:26 AM,202,Warning,WT8-GUI,83101222,HM,Overscaled Channel detected at Tag AI_Strain_001
4/24/2026 11:33:26 AM,202,Warning,WT8-GUI,83101223,HM,Overscaled Channel detected at Tag AI_Strain_002
4/24/2026 11:33:26 AM,202,Warning,WT8-GUI,83101224,HM,Overscaled Channel detected at Tag AI_Strain_003
4/24/2026 11:33:26 AM,202,Warning,WT8-GUI,83101225,HM,Overscaled Channel detected at Tag AI_Strain_004
4/24/2026 11:33:26 AM,202,Warning,WT8-GUI,83101226,HM,Overscaled Channel detected at Tag AI_Strain_005
4/24/2026 11:33:26 AM,202,Warning,WT8-GUI,83101227,HM,Overscaled Channel detected at Tag AI_Strain_006
4/24/2026 11:33:26 AM,202,Warning,WT8-GUI,83101228,HM,Overscaled Channel detected at Tag AI_Strain_007
4/24/2026 11:33:26 AM,202,Warning,WT8-GUI,83101229,HM,Overscaled Channel detected at Tag AI_TT_000
4/24/2026 11:33:26 AM,202,Warning,WT8-GUI,83101230,HM,Overscaled Channel detected at Tag AI_TT_012
4/24/2026 11:33:26 AM,202,Warning,WT8-GUI,83101231,HM,Overscaled Channel detected at Tag AI_TT_013
4/24/2026 11:33:26 AM,202,Warning,WT8-GUI,83101232,HM,Overscaled Channel detected at Tag AI_TT_014
4/24/2026 11:33:26 AM,202,Warning,WT8-GUI,83101233,HM,Overscaled Channel detected at Tag AI_TT_015
4/24/2026 11:33:26 AM,202,Warning,WT8-GUI,83101234,HM,Overscaled Channel detected at Tag AI_TT_016
4/24/2026 11:33:26 AM,202,Warning,WT8-GUI,83101235,HM,Overscaled Channel detected at Tag AI_TT_017
4/24/2026 11:33:26 AM,202,Warning,WT8-GUI,83101236,HM,Overscaled Channel detected at Tag AI_TT_018
4/24/2026 11:33:26 AM,202,Warning,WT8-GUI,83101237,HM,Overscaled Channel detected at Tag AI_TT_001
4/24/2026 11:33:26 AM,202,Warning,WT8-GUI,83101238,HM,Overscaled Channel detected at Tag AI_TT_019
4/24/2026 11:33:26 AM,202,Warning,WT8-GUI,83101239,HM,Overscaled Channel detected at Tag AI_TT_020
4/24/2026 11:33:26 AM,202,Warning,WT8-GUI,83101240,HM,Overscaled Channel detected at Tag AI_TT_021
4/24/2026 11:33:26 AM,202,Warning,WT8-GUI,83101241,HM,Overscaled Channel detected at Tag AI_TT_022
4/24/2026 11:33:26 AM,202,Warning,WT8-GUI,83101242,HM,Overscaled Channel detected at Tag AI_TT_023
4/24/2026 11:33:26 AM,202,Warning,WT8-GUI,83101243,HM,Overscaled Channel detected at Tag AI_TT_024
4/24/2026 11:33:26 AM,202,Warning,WT8-GUI,83101244,HM,Overscaled Channel detected at Tag AI_TT_025
4/24/2026 11:33:26 AM,202,Warning,WT8-GUI,83101245,HM,Overscaled Channel detected at Tag AI_TT_026
4/24/2026 11:33:26 AM,202,Warning,WT8-GUI,83101246,HM,Overscaled Channel detected at Tag AI_TT_027
4/24/2026 11:33:26 AM,202,Warning,WT8-GUI,83101247,HM,Overscaled Channel detected at Tag AI_TT_028
4/24/2026 11:33:26 AM,202,Warning,WT8-GUI,83101248,HM,Overscaled Channel detected at Tag AI_TT_004
4/24/2026 11:33:26 AM,202,Warning,WT8-GUI,83101249,HM,Overscaled Channel detected at Tag AI_TT_005
4/24/2026 11:33:26 AM,202,Warning,WT8-GUI,83101250,HM,Overscaled Channel detected at Tag AI_TT_006
4/24/2026 11:33:26 AM,202,Warning,WT8-GUI,83101251,HM,Overscaled Channel detected at Tag AI_TT_007
4/24/2026 11:33:26 AM,202,Warning,WT8-GUI,83101252,HM,Overscaled Channel detected at Tag AI_TT_008
4/24/2026 11:33:26 AM,202,Warning,WT8-GUI,83101253,HM,Overscaled Channel detected at Tag AI_TT_009
4/24/2026 11:33:26 AM,202,Warning,WT8-GUI,83101254,HM,Overscaled Channel detected at Tag AI_TT_010
4/24/2026 11:33:26 AM,202,Warning,WT8-GUI,83101255,HM,Overscaled Channel detected at Tag AI_TT_011
4/24/2026 11:34:10 AM,301005,Warning,WT8-GUI,83101256,OPC,OPC Server Graybox.Simulator.1 on host localhost has not updated data in 131 minute(s).
4/24/2026 11:34:26 AM,0,Debug,WT8-GUI,83101257,BALANCE,"Sent balance command ""SetYaw#-9.900001#2.000000""."
4/24/2026 11:34:26 AM,202,Warning,WT8-GUI,83101258,HM,Overscaled Channel detected at Tag AI_Volts_Shunt_001
4/24/2026 11:34:26 AM,202,Warning,WT8-GUI,83101259,HM,Overscaled Channel detected at Tag AI_Volts_Shunt_003
4/24/2026 11:34:26 AM,202,Warning,WT8-GUI,83101260,HM,Overscaled Channel detected at Tag AI_Volts_Shunt_004
4/24/2026 11:34:26 AM,202,Warning,WT8-GUI,83101261,HM,Overscaled Channel detected at Tag AI_TK_003
4/24/2026 11:34:26 AM,202,Warning,WT8-GUI,83101262,HM,Overscaled Channel detected at Tag AI_TT_002
4/24/2026 11:34:26 AM,202,Warning,WT8-GUI,83101263,HM,Overscaled Channel detected at Tag AI_TT_029
4/24/2026 11:34:26 AM,202,Warning,WT8-GUI,83101264,HM,Overscaled Channel detected at Tag AI_TT_030
4/24/2026 11:34:26 AM,202,Warning,WT8-GUI,83101265,HM,Overscaled Channel detected at Tag AI_TT_003
4/24/2026 11:34:26 AM,202,Warning,WT8-GUI,83101266,HM,Overscaled Channel detected at Tag AI_Volts_Shunt_000
4/24/2026 11:34:26 AM,202,Warning,WT8-GUI,83101267,HM,Overscaled Channel detected at Tag AI_TK_000
4/24/2026 11:34:26 AM,202,Warning,WT8-GUI,83101268,HM,Overscaled Channel detected at Tag AI_TK_009
4/24/2026 11:34:26 AM,202,Warning,WT8-GUI,83101269,HM,Overscaled Channel detected at Tag AI_TK_010
4/24/2026 11:34:26 AM,202,Warning,WT8-GUI,83101270,HM,Overscaled Channel detected at Tag AI_TK_011
4/24/2026 11:34:26 AM,202,Warning,WT8-GUI,83101271,HM,Overscaled Channel detected at Tag AI_TK_012
4/24/2026 11:34:26 AM,202,Warning,WT8-GUI,83101272,HM,Overscaled Channel detected at Tag AI_TK_013
4/24/2026 11:34:26 AM,202,Warning,WT8-GUI,83101273,HM,Overscaled Channel detected at Tag AI_TK_014
4/24/2026 11:34:26 AM,202,Warning,WT8-GUI,83101274,HM,Overscaled Channel detected at Tag AI_TK_015
4/24/2026 11:34:26 AM,202,Warning,WT8-GUI,83101275,HM,Overscaled Channel detected at Tag AI_TK_016
4/24/2026 11:34:26 AM,202,Warning,WT8-GUI,83101276,HM,Overscaled Channel detected at Tag AI_TK_017
4/24/2026 11:34:26 AM,202,Warning,WT8-GUI,83101277,HM,Overscaled Channel detected at Tag AI_TK_018
4/24/2026 11:34:26 AM,202,Warning,WT8-GUI,83101278,HM,Overscaled Channel detected at Tag AI_TK_001
4/24/2026 11:34:26 AM,202,Warning,WT8-GUI,83101279,HM,Overscaled Channel detected at Tag AI_TK_019
4/24/2026 11:34:26 AM,202,Warning,WT8-GUI,83101280,HM,Overscaled Channel detected at Tag AI_TK_020
4/24/2026 11:34:26 AM,202,Warning,WT8-GUI,83101281,HM,Overscaled Channel detected at Tag AI_TK_021
4/24/2026 11:34:26 AM,202,Warning,WT8-GUI,83101282,HM,Overscaled Channel detected at Tag AI_TK_022
4/24/2026 11:34:26 AM,202,Warning,WT8-GUI,83101283,HM,Overscaled Channel detected at Tag AI_TK_023
4/24/2026 11:34:26 AM,202,Warning,WT8-GUI,83101284,HM,Overscaled Channel detected at Tag AI_TK_024
4/24/2026 11:34:26 AM,202,Warning,WT8-GUI,83101285,HM,Overscaled Channel detected at Tag AI_TK_025
4/24/2026 11:34:26 AM,202,Warning,WT8-GUI,83101286,HM,Overscaled Channel detected at Tag AI_TK_026
4/24/2026 11:34:26 AM,202,Warning,WT8-GUI,83101287,HM,Overscaled Channel detected at Tag AI_TK_027
4/24/2026 11:34:26 AM,202,Warning,WT8-GUI,83101288,HM,Overscaled Channel detected at Tag AI_TK_028
4/24/2026 11:34:26 AM,202,Warning,WT8-GUI,83101289,HM,Overscaled Channel detected at Tag AI_TK_002
4/24/2026 11:34:26 AM,202,Warning,WT8-GUI,83101290,HM,Overscaled Channel detected at Tag AI_TK_029
4/24/2026 11:34:26 AM,202,Warning,WT8-GUI,83101291,HM,Overscaled Channel detected at Tag AI_TK_030
4/24/2026 11:34:26 AM,202,Warning,WT8-GUI,83101292,HM,Overscaled Channel detected at Tag AI_TK_004
4/24/2026 11:34:26 AM,202,Warning,WT8-GUI,83101293,HM,Overscaled Channel detected at Tag AI_TK_005
4/24/2026 11:34:26 AM,202,Warning,WT8-GUI,83101294,HM,Overscaled Channel detected at Tag AI_TK_006
4/24/2026 11:34:26 AM,202,Warning,WT8-GUI,83101295,HM,Overscaled Channel detected at Tag AI_TK_007
4/24/2026 11:34:26 AM,202,Warning,WT8-GUI,83101296,HM,Overscaled Channel detected at Tag AI_TK_008
4/24/2026 11:34:26 AM,202,Warning,WT8-GUI,83101297,HM,Overscaled Channel detected at Tag AI_Volts_Shunt_006
4/24/2026 11:34:26 AM,202,Warning,WT8-GUI,83101298,HM,Overscaled Channel detected at Tag AI_Volts_Shunt_007
4/24/2026 11:34:26 AM,202,Warning,WT8-GUI,83101299,HM,Overscaled Channel detected at Tag AI_Volts_Shunt_008
4/24/2026 11:34:26 AM,202,Warning,WT8-GUI,83101300,HM,Overscaled Channel detected at Tag AI_Volts_Shunt_009
4/24/2026 11:34:26 AM,202,Warning,WT8-GUI,83101301,HM,Overscaled Channel detected at Tag AI_Volts_Shunt_010
4/24/2026 11:34:26 AM,202,Warning,WT8-GUI,83101302,HM,Overscaled Channel detected at Tag AI_Volts_Shunt_011
4/24/2026 11:34:26 AM,202,Warning,WT8-GUI,83101303,HM,Overscaled Channel detected at Tag AI_Volts_Shunt_012
4/24/2026 11:34:26 AM,202,Warning,WT8-GUI,83101304,HM,Overscaled Channel detected at Tag AI_Volts_Shunt_013
4/24/2026 11:34:26 AM,202,Warning,WT8-GUI,83101305,HM,Overscaled Channel detected at Tag AI_Volts_Shunt_014
4/24/2026 11:34:26 AM,202,Warning,WT8-GUI,83101306,HM,Overscaled Channel detected at Tag AI_Volts_Shunt_015
4/24/2026 11:34:26 AM,202,Warning,WT8-GUI,83101307,HM,Overscaled Channel detected at Tag AI_Strain_000
4/24/2026 11:34:26 AM,202,Warning,WT8-GUI,83101308,HM,Overscaled Channel detected at Tag AI_Strain_001
4/24/2026 11:34:26 AM,202,Warning,WT8-GUI,83101309,HM,Overscaled Channel detected at Tag AI_Strain_002
4/24/2026 11:34:26 AM,202,Warning,WT8-GUI,83101310,HM,Overscaled Channel detected at Tag AI_Strain_003
4/24/2026 11:34:26 AM,202,Warning,WT8-GUI,83101311,HM,Overscaled Channel detected at Tag AI_Strain_004
4/24/2026 11:34:26 AM,202,Warning,WT8-GUI,83101312,HM,Overscaled Channel detected at Tag AI_Strain_005
4/24/2026 11:34:26 AM,202,Warning,WT8-GUI,83101313,HM,Overscaled Channel detected at Tag AI_Strain_006
4/24/2026 11:34:26 AM,202,Warning,WT8-GUI,83101314,HM,Overscaled Channel detected at Tag AI_Strain_007
4/24/2026 11:34:26 AM,202,Warning,WT8-GUI,83101315,HM,Overscaled Channel detected at Tag AI_TT_000
4/24/2026 11:34:26 AM,202,Warning,WT8-GUI,83101316,HM,Overscaled Channel detected at Tag AI_TT_012
4/24/2026 11:34:26 AM,202,Warning,WT8-GUI,83101317,HM,Overscaled Channel detected at Tag AI_TT_013
4/24/2026 11:34:26 AM,202,Warning,WT8-GUI,83101318,HM,Overscaled Channel detected at Tag AI_TT_014
4/24/2026 11:34:26 AM,202,Warning,WT8-GUI,83101319,HM,Overscaled Channel detected at Tag AI_TT_015
4/24/2026 11:34:26 AM,202,Warning,WT8-GUI,83101320,HM,Overscaled Channel detected at Tag AI_TT_016
4/24/2026 11:34:26 AM,202,Warning,WT8-GUI,83101321,HM,Overscaled Channel detected at Tag AI_TT_017
4/24/2026 11:34:26 AM,202,Warning,WT8-GUI,83101322,HM,Overscaled Channel detected at Tag AI_TT_018
4/24/2026 11:34:26 AM,202,Warning,WT8-GUI,83101323,HM,Overscaled Channel detected at Tag AI_TT_001
4/24/2026 11:34:26 AM,202,Warning,WT8-GUI,83101324,HM,Overscaled Channel detected at Tag AI_TT_019
4/24/2026 11:34:26 AM,202,Warning,WT8-GUI,83101325,HM,Overscaled Channel detected at Tag AI_TT_020
4/24/2026 11:34:26 AM,202,Warning,WT8-GUI,83101326,HM,Overscaled Channel detected at Tag AI_TT_021
4/24/2026 11:34:26 AM,202,Warning,WT8-GUI,83101327,HM,Overscaled Channel detected at Tag AI_TT_022
4/24/2026 11:34:26 AM,202,Warning,WT8-GUI,83101328,HM,Overscaled Channel detected at Tag AI_TT_023
4/24/2026 11:34:26 AM,202,Warning,WT8-GUI,83101329,HM,Overscaled Channel detected at Tag AI_TT_024
4/24/2026 11:34:26 AM,202,Warning,WT8-GUI,83101330,HM,Overscaled Channel detected at Tag AI_TT_025
4/24/2026 11:34:26 AM,202,Warning,WT8-GUI,83101331,HM,Overscaled Channel detected at Tag AI_TT_026
4/24/2026 11:34:26 AM,202,Warning,WT8-GUI,83101332,HM,Overscaled Channel detected at Tag AI_TT_027
4/24/2026 11:34:26 AM,202,Warning,WT8-GUI,83101333,HM,Overscaled Channel detected at Tag AI_TT_028
4/24/2026 11:34:26 AM,202,Warning,WT8-GUI,83101334,HM,Overscaled Channel detected at Tag AI_TT_004
4/24/2026 11:34:26 AM,202,Warning,WT8-GUI,83101335,HM,Overscaled Channel detected at Tag AI_TT_005
4/24/2026 11:34:26 AM,202,Warning,WT8-GUI,83101336,HM,Overscaled Channel detected at Tag AI_TT_006
4/24/2026 11:34:26 AM,202,Warning,WT8-GUI,83101337,HM,Overscaled Channel detected at Tag AI_TT_007
4/24/2026 11:34:26 AM,202,Warning,WT8-GUI,83101338,HM,Overscaled Channel detected at Tag AI_TT_008
4/24/2026 11:34:26 AM,202,Warning,WT8-GUI,83101339,HM,Overscaled Channel detected at Tag AI_TT_009
4/24/2026 11:34:26 AM,202,Warning,WT8-GUI,83101340,HM,Overscaled Channel detected at Tag AI_TT_010
4/24/2026 11:34:26 AM,202,Warning,WT8-GUI,83101341,HM,Overscaled Channel detected at Tag AI_TT_011
4/24/2026 11:35:10 AM,301005,Warning,WT8-GUI,83101342,OPC,OPC Server Graybox.Simulator.1 on host localhost has not updated data in 132 minute(s).
4/24/2026 11:35:26 AM,202,Warning,WT8-GUI,83101343,HM,Overscaled Channel detected at Tag AI_Volts_Shunt_001
4/24/2026 11:35:26 AM,202,Warning,WT8-GUI,83101344,HM,Overscaled Channel detected at Tag AI_Volts_Shunt_003
4/24/2026 11:35:26 AM,202,Warning,WT8-GUI,83101345,HM,Overscaled Channel detected at Tag AI_Volts_Shunt_004
4/24/2026 11:35:26 AM,202,Warning,WT8-GUI,83101346,HM,Overscaled Channel detected at Tag AI_TK_003
4/24/2026 11:35:26 AM,202,Warning,WT8-GUI,83101347,HM,Overscaled Channel detected at Tag AI_Volts_Shunt_000
4/24/2026 11:35:26 AM,202,Warning,WT8-GUI,83101348,HM,Overscaled Channel detected at Tag AI_TT_002
4/24/2026 11:35:26 AM,202,Warning,WT8-GUI,83101349,HM,Overscaled Channel detected at Tag AI_TT_029
4/24/2026 11:35:26 AM,202,Warning,WT8-GUI,83101350,HM,Overscaled Channel detected at Tag AI_TT_030
4/24/2026 11:35:26 AM,202,Warning,WT8-GUI,83101351,HM,Overscaled Channel detected at Tag AI_TT_003
4/24/2026 11:35:26 AM,202,Warning,WT8-GUI,83101352,HM,Overscaled Channel detected at Tag AI_TK_026
4/24/2026 11:35:26 AM,202,Warning,WT8-GUI,83101353,HM,Overscaled Channel detected at Tag AI_TK_027
4/24/2026 11:35:26 AM,202,Warning,WT8-GUI,83101354,HM,Overscaled Channel detected at Tag AI_TK_028
4/24/2026 11:35:26 AM,202,Warning,WT8-GUI,83101355,HM,Overscaled Channel detected at Tag AI_TK_000
4/24/2026 11:35:26 AM,202,Warning,WT8-GUI,83101356,HM,Overscaled Channel detected at Tag AI_TK_009
4/24/2026 11:35:26 AM,202,Warning,WT8-GUI,83101357,HM,Overscaled Channel detected at Tag AI_TK_010
4/24/2026 11:35:26 AM,202,Warning,WT8-GUI,83101358,HM,Overscaled Channel detected at Tag AI_TK_011
4/24/2026 11:35:26 AM,202,Warning,WT8-GUI,83101359,HM,Overscaled Channel detected at Tag AI_TK_012
4/24/2026 11:35:26 AM,202,Warning,WT8-GUI,83101360,HM,Overscaled Channel detected at Tag AI_TK_013
4/24/2026 11:35:26 AM,202,Warning,WT8-GUI,83101361,HM,Overscaled Channel detected at Tag AI_TK_014
4/24/2026 11:35:26 AM,202,Warning,WT8-GUI,83101362,HM,Overscaled Channel detected at Tag AI_TK_015
4/24/2026 11:35:26 AM,202,Warning,WT8-GUI,83101363,HM,Overscaled Channel detected at Tag AI_TK_016
4/24/2026 11:35:26 AM,202,Warning,WT8-GUI,83101364,HM,Overscaled Channel detected at Tag AI_TK_017
4/24/2026 11:35:26 AM,202,Warning,WT8-GUI,83101365,HM,Overscaled Channel detected at Tag AI_TK_018
4/24/2026 11:35:26 AM,202,Warning,WT8-GUI,83101366,HM,Overscaled Channel detected at Tag AI_TK_001
4/24/2026 11:35:26 AM,202,Warning,WT8-GUI,83101367,HM,Overscaled Channel detected at Tag AI_TK_019
4/24/2026 11:35:26 AM,202,Warning,WT8-GUI,83101368,HM,Overscaled Channel detected at Tag AI_TK_020
4/24/2026 11:35:26 AM,202,Warning,WT8-GUI,83101369,HM,Overscaled Channel detected at Tag AI_TK_021
4/24/2026 11:35:26 AM,202,Warning,WT8-GUI,83101370,HM,Overscaled Channel detected at Tag AI_TK_022
4/24/2026 11:35:26 AM,202,Warning,WT8-GUI,83101371,HM,Overscaled Channel detected at Tag AI_TK_023
4/24/2026 11:35:26 AM,202,Warning,WT8-GUI,83101372,HM,Overscaled Channel detected at Tag AI_TK_024
4/24/2026 11:35:26 AM,202,Warning,WT8-GUI,83101373,HM,Overscaled Channel detected at Tag AI_TK_025
4/24/2026 11:35:26 AM,202,Warning,WT8-GUI,83101374,HM,Overscaled Channel detected at Tag AI_TK_002
4/24/2026 11:35:26 AM,202,Warning,WT8-GUI,83101375,HM,Overscaled Channel detected at Tag AI_TK_029
4/24/2026 11:35:26 AM,202,Warning,WT8-GUI,83101376,HM,Overscaled Channel detected at Tag AI_TK_030
4/24/2026 11:35:26 AM,202,Warning,WT8-GUI,83101377,HM,Overscaled Channel detected at Tag AI_TK_004
4/24/2026 11:35:26 AM,202,Warning,WT8-GUI,83101378,HM,Overscaled Channel detected at Tag AI_TK_005
4/24/2026 11:35:26 AM,202,Warning,WT8-GUI,83101379,HM,Overscaled Channel detected at Tag AI_TK_006
4/24/2026 11:35:26 AM,202,Warning,WT8-GUI,83101380,HM,Overscaled Channel detected at Tag AI_TK_007
4/24/2026 11:35:26 AM,202,Warning,WT8-GUI,83101381,HM,Overscaled Channel detected at Tag AI_TK_008
4/24/2026 11:35:26 AM,202,Warning,WT8-GUI,83101382,HM,Overscaled Channel detected at Tag AI_Volts_Shunt_006
4/24/2026 11:35:26 AM,202,Warning,WT8-GUI,83101383,HM,Overscaled Channel detected at Tag AI_Volts_Shunt_007
4/24/2026 11:35:26 AM,202,Warning,WT8-GUI,83101384,HM,Overscaled Channel detected at Tag AI_Volts_Shunt_008
4/24/2026 11:35:26 AM,202,Warning,WT8-GUI,83101385,HM,Overscaled Channel detected at Tag AI_Volts_Shunt_009
4/24/2026 11:35:26 AM,202,Warning,WT8-GUI,83101386,HM,Overscaled Channel detected at Tag AI_Volts_Shunt_010
4/24/2026 11:35:26 AM,202,Warning,WT8-GUI,83101387,HM,Overscaled Channel detected at Tag AI_Volts_Shunt_011
4/24/2026 11:35:26 AM,202,Warning,WT8-GUI,83101388,HM,Overscaled Channel detected at Tag AI_Volts_Shunt_012
4/24/2026 11:35:26 AM,202,Warning,WT8-GUI,83101389,HM,Overscaled Channel detected at Tag AI_Volts_Shunt_013
4/24/2026 11:35:26 AM,202,Warning,WT8-GUI,83101390,HM,Overscaled Channel detected at Tag AI_Volts_Shunt_014
4/24/2026 11:35:26 AM,202,Warning,WT8-GUI,83101391,HM,Overscaled Channel detected at Tag AI_Volts_Shunt_015
4/24/2026 11:35:26 AM,202,Warning,WT8-GUI,83101392,HM,Overscaled Channel detected at Tag AI_Strain_000
4/24/2026 11:35:26 AM,202,Warning,WT8-GUI,83101393,HM,Overscaled Channel detected at Tag AI_Strain_001
4/24/2026 11:35:26 AM,202,Warning,WT8-GUI,83101394,HM,Overscaled Channel detected at Tag AI_Strain_002
4/24/2026 11:35:26 AM,202,Warning,WT8-GUI,83101395,HM,Overscaled Channel detected at Tag AI_Strain_003
4/24/2026 11:35:26 AM,202,Warning,WT8-GUI,83101396,HM,Overscaled Channel detected at Tag AI_Strain_004
4/24/2026 11:35:26 AM,202,Warning,WT8-GUI,83101397,HM,Overscaled Channel detected at Tag AI_Strain_005
4/24/2026 11:35:26 AM,202,Warning,WT8-GUI,83101398,HM,Overscaled Channel detected at Tag AI_Strain_006
4/24/2026 11:35:26 AM,202,Warning,WT8-GUI,83101399,HM,Overscaled Channel detected at Tag AI_Strain_007
4/24/2026 11:35:26 AM,202,Warning,WT8-GUI,83101400,HM,Overscaled Channel detected at Tag AI_TT_000
4/24/2026 11:35:26 AM,202,Warning,WT8-GUI,83101401,HM,Overscaled Channel detected at Tag AI_TT_012
4/24/2026 11:35:26 AM,202,Warning,WT8-GUI,83101402,HM,Overscaled Channel detected at Tag AI_TT_013
4/24/2026 11:35:26 AM,202,Warning,WT8-GUI,83101403,HM,Overscaled Channel detected at Tag AI_TT_014
4/24/2026 11:35:26 AM,202,Warning,WT8-GUI,83101404,HM,Overscaled Channel detected at Tag AI_TT_015
4/24/2026 11:35:26 AM,202,Warning,WT8-GUI,83101405,HM,Overscaled Channel detected at Tag AI_TT_016
4/24/2026 11:35:26 AM,202,Warning,WT8-GUI,83101406,HM,Overscaled Channel detected at Tag AI_TT_017
4/24/2026 11:35:26 AM,202,Warning,WT8-GUI,83101407,HM,Overscaled Channel detected at Tag AI_TT_018
4/24/2026 11:35:26 AM,202,Warning,WT8-GUI,83101408,HM,Overscaled Channel detected at Tag AI_TT_001
4/24/2026 11:35:26 AM,202,Warning,WT8-GUI,83101409,HM,Overscaled Channel detected at Tag AI_TT_019
4/24/2026 11:35:26 AM,202,Warning,WT8-GUI,83101410,HM,Overscaled Channel detected at Tag AI_TT_020
4/24/2026 11:35:26 AM,202,Warning,WT8-GUI,83101411,HM,Overscaled Channel detected at Tag AI_TT_021
4/24/2026 11:35:26 AM,202,Warning,WT8-GUI,83101412,HM,Overscaled Channel detected at Tag AI_TT_022
4/24/2026 11:35:26 AM,202,Warning,WT8-GUI,83101413,HM,Overscaled Channel detected at Tag AI_TT_023
4/24/2026 11:35:26 AM,202,Warning,WT8-GUI,83101414,HM,Overscaled Channel detected at Tag AI_TT_024
4/24/2026 11:35:26 AM,202,Warning,WT8-GUI,83101415,HM,Overscaled Channel detected at Tag AI_TT_025
4/24/2026 11:35:26 AM,202,Warning,WT8-GUI,83101416,HM,Overscaled Channel detected at Tag AI_TT_026
4/24/2026 11:35:26 AM,202,Warning,WT8-GUI,83101417,HM,Overscaled Channel detected at Tag AI_TT_027
4/24/2026 11:35:26 AM,202,Warning,WT8-GUI,83101418,HM,Overscaled Channel detected at Tag AI_TT_028
4/24/2026 11:35:26 AM,202,Warning,WT8-GUI,83101419,HM,Overscaled Channel detected at Tag AI_TT_004
4/24/2026 11:35:26 AM,202,Warning,WT8-GUI,83101420,HM,Overscaled Channel detected at Tag AI_TT_005
4/24/2026 11:35:26 AM,202,Warning,WT8-GUI,83101421,HM,Overscaled Channel detected at Tag AI_TT_006
4/24/2026 11:35:26 AM,202,Warning,WT8-GUI,83101422,HM,Overscaled Channel detected at Tag AI_TT_007
4/24/2026 11:35:26 AM,202,Warning,WT8-GUI,83101423,HM,Overscaled Channel detected at Tag AI_TT_008
4/24/2026 11:35:26 AM,202,Warning,WT8-GUI,83101424,HM,Overscaled Channel detected at Tag AI_TT_009
4/24/2026 11:35:26 AM,202,Warning,WT8-GUI,83101425,HM,Overscaled Channel detected at Tag AI_TT_010
4/24/2026 11:35:26 AM,202,Warning,WT8-GUI,83101426,HM,Overscaled Channel detected at Tag AI_TT_011
4/24/2026 11:36:10 AM,301005,Warning,WT8-GUI,83101427,OPC,OPC Server Graybox.Simulator.1 on host localhost has not updated data in 133 minute(s).
4/24/2026 11:36:26 AM,202,Warning,WT8-GUI,83101428,HM,Overscaled Channel detected at Tag AI_Volts_Shunt_001
4/24/2026 11:36:26 AM,202,Warning,WT8-GUI,83101429,HM,Overscaled Channel detected at Tag AI_Volts_Shunt_003
4/24/2026 11:36:26 AM,202,Warning,WT8-GUI,83101430,HM,Overscaled Channel detected at Tag AI_Volts_Shunt_004
4/24/2026 11:36:26 AM,202,Warning,WT8-GUI,83101431,HM,Overscaled Channel detected at Tag AI_TK_003
4/24/2026 11:36:26 AM,202,Warning,WT8-GUI,83101432,HM,Overscaled Channel detected at Tag AI_Volts_Shunt_000
4/24/2026 11:36:26 AM,202,Warning,WT8-GUI,83101433,HM,Overscaled Channel detected at Tag AI_TT_002
4/24/2026 11:36:26 AM,202,Warning,WT8-GUI,83101434,HM,Overscaled Channel detected at Tag AI_TT_029
4/24/2026 11:36:26 AM,202,Warning,WT8-GUI,83101435,HM,Overscaled Channel detected at Tag AI_TT_030
4/24/2026 11:36:26 AM,202,Warning,WT8-GUI,83101436,HM,Overscaled Channel detected at Tag AI_TT_003
4/24/2026 11:36:26 AM,202,Warning,WT8-GUI,83101437,HM,Overscaled Channel detected at Tag AI_TK_026
4/24/2026 11:36:26 AM,202,Warning,WT8-GUI,83101438,HM,Overscaled Channel detected at Tag AI_TK_027
4/24/2026 11:36:26 AM,202,Warning,WT8-GUI,83101439,HM,Overscaled Channel detected at Tag AI_TK_028
4/24/2026 11:36:26 AM,202,Warning,WT8-GUI,83101440,HM,Overscaled Channel detected at Tag AI_TK_000
4/24/2026 11:36:26 AM,202,Warning,WT8-GUI,83101441,HM,Overscaled Channel detected at Tag AI_TK_009
4/24/2026 11:36:26 AM,202,Warning,WT8-GUI,83101442,HM,Overscaled Channel detected at Tag AI_TK_010
4/24/2026 11:36:26 AM,202,Warning,WT8-GUI,83101443,HM,Overscaled Channel detected at Tag AI_TK_011
4/24/2026 11:36:26 AM,202,Warning,WT8-GUI,83101444,HM,Overscaled Channel detected at Tag AI_TK_012
4/24/2026 11:36:26 AM,202,Warning,WT8-GUI,83101445,HM,Overscaled Channel detected at Tag AI_TK_013
4/24/2026 11:36:26 AM,202,Warning,WT8-GUI,83101446,HM,Overscaled Channel detected at Tag AI_TK_014
4/24/2026 11:36:26 AM,202,Warning,WT8-GUI,83101447,HM,Overscaled Channel detected at Tag AI_TK_015
4/24/2026 11:36:26 AM,202,Warning,WT8-GUI,83101448,HM,Overscaled Channel detected at Tag AI_TK_016
4/24/2026 11:36:26 AM,202,Warning,WT8-GUI,83101449,HM,Overscaled Channel detected at Tag AI_TK_017
4/24/2026 11:36:26 AM,202,Warning,WT8-GUI,83101450,HM,Overscaled Channel detected at Tag AI_TK_018
4/24/2026 11:36:26 AM,202,Warning,WT8-GUI,83101451,HM,Overscaled Channel detected at Tag AI_TK_001
4/24/2026 11:36:26 AM,202,Warning,WT8-GUI,83101452,HM,Overscaled Channel detected at Tag AI_TK_019
4/24/2026 11:36:26 AM,202,Warning,WT8-GUI,83101453,HM,Overscaled Channel detected at Tag AI_TK_020
4/24/2026 11:36:26 AM,202,Warning,WT8-GUI,83101454,HM,Overscaled Channel detected at Tag AI_TK_021
4/24/2026 11:36:26 AM,202,Warning,WT8-GUI,83101455,HM,Overscaled Channel detected at Tag AI_TK_022
4/24/2026 11:36:26 AM,202,Warning,WT8-GUI,83101456,HM,Overscaled Channel detected at Tag AI_TK_023
4/24/2026 11:36:26 AM,202,Warning,WT8-GUI,83101457,HM,Overscaled Channel detected at Tag AI_TK_024
4/24/2026 11:36:26 AM,202,Warning,WT8-GUI,83101458,HM,Overscaled Channel detected at Tag AI_TK_025
4/24/2026 11:36:26 AM,202,Warning,WT8-GUI,83101459,HM,Overscaled Channel detected at Tag AI_TK_002
4/24/2026 11:36:26 AM,202,Warning,WT8-GUI,83101460,HM,Overscaled Channel detected at Tag AI_TK_029
4/24/2026 11:36:26 AM,202,Warning,WT8-GUI,83101461,HM,Overscaled Channel detected at Tag AI_TK_030
4/24/2026 11:36:26 AM,202,Warning,WT8-GUI,83101462,HM,Overscaled Channel detected at Tag AI_TK_004
4/24/2026 11:36:26 AM,202,Warning,WT8-GUI,83101463,HM,Overscaled Channel detected at Tag AI_TK_005
4/24/2026 11:36:26 AM,202,Warning,WT8-GUI,83101464,HM,Overscaled Channel detected at Tag AI_TK_006
4/24/2026 11:36:26 AM,202,Warning,WT8-GUI,83101465,HM,Overscaled Channel detected at Tag AI_TK_007
4/24/2026 11:36:26 AM,202,Warning,WT8-GUI,83101466,HM,Overscaled Channel detected at Tag AI_TK_008
4/24/2026 11:36:26 AM,202,Warning,WT8-GUI,83101467,HM,Overscaled Channel detected at Tag AI_Volts_Shunt_006
4/24/2026 11:36:26 AM,202,Warning,WT8-GUI,83101468,HM,Overscaled Channel detected at Tag AI_Volts_Shunt_007
4/24/2026 11:36:26 AM,202,Warning,WT8-GUI,83101469,HM,Overscaled Channel detected at Tag AI_Volts_Shunt_008
4/24/2026 11:36:26 AM,202,Warning,WT8-GUI,83101470,HM,Overscaled Channel detected at Tag AI_Volts_Shunt_009
4/24/2026 11:36:26 AM,202,Warning,WT8-GUI,83101471,HM,Overscaled Channel detected at Tag AI_Volts_Shunt_010
4/24/2026 11:36:26 AM,202,Warning,WT8-GUI,83101472,HM,Overscaled Channel detected at Tag AI_Volts_Shunt_011
4/24/2026 11:36:26 AM,202,Warning,WT8-GUI,83101473,HM,Overscaled Channel detected at Tag AI_Volts_Shunt_012
4/24/2026 11:36:26 AM,202,Warning,WT8-GUI,83101474,HM,Overscaled Channel detected at Tag AI_Volts_Shunt_013
4/24/2026 11:36:26 AM,202,Warning,WT8-GUI,83101475,HM,Overscaled Channel detected at Tag AI_Volts_Shunt_014
4/24/2026 11:36:26 AM,202,Warning,WT8-GUI,83101476,HM,Overscaled Channel detected at Tag AI_Volts_Shunt_015
4/24/2026 11:36:26 AM,202,Warning,WT8-GUI,83101477,HM,Overscaled Channel detected at Tag AI_Strain_000
4/24/2026 11:36:26 AM,202,Warning,WT8-GUI,83101478,HM,Overscaled Channel detected at Tag AI_Strain_001
4/24/2026 11:36:26 AM,202,Warning,WT8-GUI,83101479,HM,Overscaled Channel detected at Tag AI_Strain_002
4/24/2026 11:36:26 AM,202,Warning,WT8-GUI,83101480,HM,Overscaled Channel detected at Tag AI_Strain_003
4/24/2026 11:36:26 AM,202,Warning,WT8-GUI,83101481,HM,Overscaled Channel detected at Tag AI_Strain_004
4/24/2026 11:36:26 AM,202,Warning,WT8-GUI,83101482,HM,Overscaled Channel detected at Tag AI_Strain_005
4/24/2026 11:36:26 AM,202,Warning,WT8-GUI,83101483,HM,Overscaled Channel detected at Tag AI_Strain_006
4/24/2026 11:36:26 AM,202,Warning,WT8-GUI,83101484,HM,Overscaled Channel detected at Tag AI_Strain_007
4/24/2026 11:36:26 AM,202,Warning,WT8-GUI,83101485,HM,Overscaled Channel detected at Tag AI_TT_000
4/24/2026 11:36:26 AM,202,Warning,WT8-GUI,83101486,HM,Overscaled Channel detected at Tag AI_TT_012
4/24/2026 11:36:26 AM,202,Warning,WT8-GUI,83101487,HM,Overscaled Channel detected at Tag AI_TT_013
4/24/2026 11:36:26 AM,202,Warning,WT8-GUI,83101488,HM,Overscaled Channel detected at Tag AI_TT_014
4/24/2026 11:36:26 AM,202,Warning,WT8-GUI,83101489,HM,Overscaled Channel detected at Tag AI_TT_015
4/24/2026 11:36:26 AM,202,Warning,WT8-GUI,83101490,HM,Overscaled Channel detected at Tag AI_TT_016
4/24/2026 11:36:26 AM,202,Warning,WT8-GUI,83101491,HM,Overscaled Channel detected at Tag AI_TT_017
4/24/2026 11:36:26 AM,202,Warning,WT8-GUI,83101492,HM,Overscaled Channel detected at Tag AI_TT_018
4/24/2026 11:36:26 AM,202,Warning,WT8-GUI,83101493,HM,Overscaled Channel detected at Tag AI_TT_001
4/24/2026 11:36:26 AM,202,Warning,WT8-GUI,83101494,HM,Overscaled Channel detected at Tag AI_TT_019
4/24/2026 11:36:26 AM,202,Warning,WT8-GUI,83101495,HM,Overscaled Channel detected at Tag AI_TT_020
4/24/2026 11:36:26 AM,202,Warning,WT8-GUI,83101496,HM,Overscaled Channel detected at Tag AI_TT_021
4/24/2026 11:36:26 AM,202,Warning,WT8-GUI,83101497,HM,Overscaled Channel detected at Tag AI_TT_022
4/24/2026 11:36:26 AM,202,Warning,WT8-GUI,83101498,HM,Overscaled Channel detected at Tag AI_TT_023
4/24/2026 11:36:26 AM,202,Warning,WT8-GUI,83101499,HM,Overscaled Channel detected at Tag AI_TT_024
4/24/2026 11:36:26 AM,202,Warning,WT8-GUI,83101500,HM,Overscaled Channel detected at Tag AI_TT_025
4/24/2026 11:36:26 AM,202,Warning,WT8-GUI,83101501,HM,Overscaled Channel detected at Tag AI_TT_026
4/24/2026 11:36:26 AM,202,Warning,WT8-GUI,83101502,HM,Overscaled Channel detected at Tag AI_TT_027
4/24/2026 11:36:26 AM,202,Warning,WT8-GUI,83101503,HM,Overscaled Channel detected at Tag AI_TT_028
4/24/2026 11:36:26 AM,202,Warning,WT8-GUI,83101504,HM,Overscaled Channel detected at Tag AI_TT_004
4/24/2026 11:36:26 AM,202,Warning,WT8-GUI,83101505,HM,Overscaled Channel detected at Tag AI_TT_005
4/24/2026 11:36:26 AM,202,Warning,WT8-GUI,83101506,HM,Overscaled Channel detected at Tag AI_TT_006
4/24/2026 11:36:26 AM,202,Warning,WT8-GUI,83101507,HM,Overscaled Channel detected at Tag AI_TT_007
4/24/2026 11:36:26 AM,202,Warning,WT8-GUI,83101508,HM,Overscaled Channel detected at Tag AI_TT_008
4/24/2026 11:36:26 AM,202,Warning,WT8-GUI,83101509,HM,Overscaled Channel detected at Tag AI_TT_009
4/24/2026 11:36:26 AM,202,Warning,WT8-GUI,83101510,HM,Overscaled Channel detected at Tag AI_TT_010
4/24/2026 11:36:26 AM,202,Warning,WT8-GUI,83101511,HM,Overscaled Channel detected at Tag AI_TT_011
4/24/2026 11:36:52 AM,0,Debug,WT8-GUI,83101512,BALANCE,"Sent balance command ""SetYaw#-14.900001#2.000000""."
4/24/2026 11:37:10 AM,301005,Warning,WT8-GUI,83101513,OPC,OPC Server Graybox.Simulator.1 on host localhost has not updated data in 134 minute(s).
4/24/2026 11:37:26 AM,202,Warning,WT8-GUI,83101514,HM,Overscaled Channel detected at Tag AI_Volts_Shunt_001
4/24/2026 11:37:26 AM,202,Warning,WT8-GUI,83101515,HM,Overscaled Channel detected at Tag AI_Volts_Shunt_003
4/24/2026 11:37:26 AM,202,Warning,WT8-GUI,83101516,HM,Overscaled Channel detected at Tag AI_Volts_Shunt_004
4/24/2026 11:37:26 AM,202,Warning,WT8-GUI,83101517,HM,Overscaled Channel detected at Tag AI_TK_003
4/24/2026 11:37:26 AM,202,Warning,WT8-GUI,83101518,HM,Overscaled Channel detected at Tag AI_Volts_Shunt_000
4/24/2026 11:37:26 AM,202,Warning,WT8-GUI,83101519,HM,Overscaled Channel detected at Tag AI_TT_002
4/24/2026 11:37:26 AM,202,Warning,WT8-GUI,83101520,HM,Overscaled Channel detected at Tag AI_TT_029
4/24/2026 11:37:26 AM,202,Warning,WT8-GUI,83101521,HM,Overscaled Channel detected at Tag AI_TT_030
4/24/2026 11:37:26 AM,202,Warning,WT8-GUI,83101522,HM,Overscaled Channel detected at Tag AI_TT_003
4/24/2026 11:37:26 AM,202,Warning,WT8-GUI,83101523,HM,Overscaled Channel detected at Tag AI_TK_027
4/24/2026 11:37:26 AM,202,Warning,WT8-GUI,83101524,HM,Overscaled Channel detected at Tag AI_TK_028
4/24/2026 11:37:26 AM,202,Warning,WT8-GUI,83101525,HM,Overscaled Channel detected at Tag AI_TK_000
4/24/2026 11:37:26 AM,202,Warning,WT8-GUI,83101526,HM,Overscaled Channel detected at Tag AI_TK_009
4/24/2026 11:37:26 AM,202,Warning,WT8-GUI,83101527,HM,Overscaled Channel detected at Tag AI_TK_010
4/24/2026 11:37:26 AM,202,Warning,WT8-GUI,83101528,HM,Overscaled Channel detected at Tag AI_TK_011
4/24/2026 11:37:26 AM,202,Warning,WT8-GUI,83101529,HM,Overscaled Channel detected at Tag AI_TK_012
4/24/2026 11:37:26 AM,202,Warning,WT8-GUI,83101530,HM,Overscaled Channel detected at Tag AI_TK_013
4/24/2026 11:37:26 AM,202,Warning,WT8-GUI,83101531,HM,Overscaled Channel detected at Tag AI_TK_014
4/24/2026 11:37:26 AM,202,Warning,WT8-GUI,83101532,HM,Overscaled Channel detected at Tag AI_TK_026
4/24/2026 11:37:26 AM,202,Warning,WT8-GUI,83101533,HM,Overscaled Channel detected at Tag AI_Volts_Shunt_006
4/24/2026 11:37:26 AM,202,Warning,WT8-GUI,83101534,HM,Overscaled Channel detected at Tag AI_Volts_Shunt_007
4/24/2026 11:37:26 AM,202,Warning,WT8-GUI,83101535,HM,Overscaled Channel detected at Tag AI_Volts_Shunt_008
4/24/2026 11:37:26 AM,202,Warning,WT8-GUI,83101536,HM,Overscaled Channel detected at Tag AI_Volts_Shunt_009
4/24/2026 11:37:26 AM,202,Warning,WT8-GUI,83101537,HM,Overscaled Channel detected at Tag AI_Volts_Shunt_010
4/24/2026 11:37:26 AM,202,Warning,WT8-GUI,83101538,HM,Overscaled Channel detected at Tag AI_Volts_Shunt_011
4/24/2026 11:37:26 AM,202,Warning,WT8-GUI,83101539,HM,Overscaled Channel detected at Tag AI_Volts_Shunt_012
4/24/2026 11:37:26 AM,202,Warning,WT8-GUI,83101540,HM,Overscaled Channel detected at Tag AI_Volts_Shunt_013
4/24/2026 11:37:26 AM,202,Warning,WT8-GUI,83101541,HM,Overscaled Channel detected at Tag AI_Volts_Shunt_014
4/24/2026 11:37:26 AM,202,Warning,WT8-GUI,83101542,HM,Overscaled Channel detected at Tag AI_Volts_Shunt_015
4/24/2026 11:37:26 AM,202,Warning,WT8-GUI,83101543,HM,Overscaled Channel detected at Tag AI_Strain_000
4/24/2026 11:37:26 AM,202,Warning,WT8-GUI,83101544,HM,Overscaled Channel detected at Tag AI_Strain_001
4/24/2026 11:37:26 AM,202,Warning,WT8-GUI,83101545,HM,Overscaled Channel detected at Tag AI_Strain_002
4/24/2026 11:37:26 AM,202,Warning,WT8-GUI,83101546,HM,Overscaled Channel detected at Tag AI_Strain_003
4/24/2026 11:37:26 AM,202,Warning,WT8-GUI,83101547,HM,Overscaled Channel detected at Tag AI_Strain_004
4/24/2026 11:37:26 AM,202,Warning,WT8-GUI,83101548,HM,Overscaled Channel detected at Tag AI_Strain_005
4/24/2026 11:37:26 AM,202,Warning,WT8-GUI,83101549,HM,Overscaled Channel detected at Tag AI_Strain_006
4/24/2026 11:37:26 AM,202,Warning,WT8-GUI,83101550,HM,Overscaled Channel detected at Tag AI_Strain_007
4/24/2026 11:37:26 AM,202,Warning,WT8-GUI,83101551,HM,Overscaled Channel detected at Tag AI_TT_007
4/24/2026 11:37:26 AM,202,Warning,WT8-GUI,83101552,HM,Overscaled Channel detected at Tag AI_TT_008
4/24/2026 11:37:26 AM,202,Warning,WT8-GUI,83101553,HM,Overscaled Channel detected at Tag AI_TK_015
4/24/2026 11:37:26 AM,202,Warning,WT8-GUI,83101554,HM,Overscaled Channel detected at Tag AI_TK_016
4/24/2026 11:37:26 AM,202,Warning,WT8-GUI,83101555,HM,Overscaled Channel detected at Tag AI_TK_017
4/24/2026 11:37:26 AM,202,Warning,WT8-GUI,83101556,HM,Overscaled Channel detected at Tag AI_TK_018
4/24/2026 11:37:26 AM,202,Warning,WT8-GUI,83101557,HM,Overscaled Channel detected at Tag AI_TK_001
4/24/2026 11:37:26 AM,202,Warning,WT8-GUI,83101558,HM,Overscaled Channel detected at Tag AI_TK_019
4/24/2026 11:37:26 AM,202,Warning,WT8-GUI,83101559,HM,Overscaled Channel detected at Tag AI_TK_020
4/24/2026 11:37:26 AM,202,Warning,WT8-GUI,83101560,HM,Overscaled Channel detected at Tag AI_TK_021
4/24/2026 11:37:26 AM,202,Warning,WT8-GUI,83101561,HM,Overscaled Channel detected at Tag AI_TK_022
4/24/2026 11:37:26 AM,202,Warning,WT8-GUI,83101562,HM,Overscaled Channel detected at Tag AI_TK_023
4/24/2026 11:37:26 AM,202,Warning,WT8-GUI,83101563,HM,Overscaled Channel detected at Tag AI_TK_024
4/24/2026 11:37:26 AM,202,Warning,WT8-GUI,83101564,HM,Overscaled Channel detected at Tag AI_TK_025
4/24/2026 11:37:26 AM,202,Warning,WT8-GUI,83101565,HM,Overscaled Channel detected at Tag AI_TK_002
4/24/2026 11:37:26 AM,202,Warning,WT8-GUI,83101566,HM,Overscaled Channel detected at Tag AI_TK_029
4/24/2026 11:37:26 AM,202,Warning,WT8-GUI,83101567,HM,Overscaled Channel detected at Tag AI_TK_030
4/24/2026 11:37:26 AM,202,Warning,WT8-GUI,83101568,HM,Overscaled Channel detected at Tag AI_TK_004
4/24/2026 11:37:26 AM,202,Warning,WT8-GUI,83101569,HM,Overscaled Channel detected at Tag AI_TK_005
4/24/2026 11:37:26 AM,202,Warning,WT8-GUI,83101570,HM,Overscaled Channel detected at Tag AI_TK_006
4/24/2026 11:37:26 AM,202,Warning,WT8-GUI,83101571,HM,Overscaled Channel detected at Tag AI_TK_007
4/24/2026 11:37:26 AM,202,Warning,WT8-GUI,83101572,HM,Overscaled Channel detected at Tag AI_TK_008
4/24/2026 11:37:26 AM,202,Warning,WT8-GUI,83101573,HM,Overscaled Channel detected at Tag AI_TT_000
4/24/2026 11:37:26 AM,202,Warning,WT8-GUI,83101574,HM,Overscaled Channel detected at Tag AI_TT_009
4/24/2026 11:37:26 AM,202,Warning,WT8-GUI,83101575,HM,Overscaled Channel detected at Tag AI_TT_010
4/24/2026 11:37:26 AM,202,Warning,WT8-GUI,83101576,HM,Overscaled Channel detected at Tag AI_TT_011
4/24/2026 11:37:26 AM,202,Warning,WT8-GUI,83101577,HM,Overscaled Channel detected at Tag AI_TT_012
4/24/2026 11:37:26 AM,202,Warning,WT8-GUI,83101578,HM,Overscaled Channel detected at Tag AI_TT_013
4/24/2026 11:37:26 AM,202,Warning,WT8-GUI,83101579,HM,Overscaled Channel detected at Tag AI_TT_014
4/24/2026 11:37:26 AM,202,Warning,WT8-GUI,83101580,HM,Overscaled Channel detected at Tag AI_TT_015
4/24/2026 11:37:26 AM,202,Warning,WT8-GUI,83101581,HM,Overscaled Channel detected at Tag AI_TT_016
4/24/2026 11:37:26 AM,202,Warning,WT8-GUI,83101582,HM,Overscaled Channel detected at Tag AI_TT_017
4/24/2026 11:37:26 AM,202,Warning,WT8-GUI,83101583,HM,Overscaled Channel detected at Tag AI_TT_018
4/24/2026 11:37:26 AM,202,Warning,WT8-GUI,83101584,HM,Overscaled Channel detected at Tag AI_TT_001
4/24/2026 11:37:26 AM,202,Warning,WT8-GUI,83101585,HM,Overscaled Channel detected at Tag AI_TT_019
4/24/2026 11:37:26 AM,202,Warning,WT8-GUI,83101586,HM,Overscaled Channel detected at Tag AI_TT_020
4/24/2026 11:37:26 AM,202,Warning,WT8-GUI,83101587,HM,Overscaled Channel detected at Tag AI_TT_021
4/24/2026 11:37:26 AM,202,Warning,WT8-GUI,83101588,HM,Overscaled Channel detected at Tag AI_TT_022
4/24/2026 11:37:26 AM,202,Warning,WT8-GUI,83101589,HM,Overscaled Channel detected at Tag AI_TT_023
4/24/2026 11:37:26 AM,202,Warning,WT8-GUI,83101590,HM,Overscaled Channel detected at Tag AI_TT_024
4/24/2026 11:37:26 AM,202,Warning,WT8-GUI,83101591,HM,Overscaled Channel detected at Tag AI_TT_025
4/24/2026 11:37:26 AM,202,Warning,WT8-GUI,83101592,HM,Overscaled Channel detected at Tag AI_TT_026
4/24/2026 11:37:26 AM,202,Warning,WT8-GUI,83101593,HM,Overscaled Channel detected at Tag AI_TT_027
4/24/2026 11:37:26 AM,202,Warning,WT8-GUI,83101594,HM,Overscaled Channel detected at Tag AI_TT_028
4/24/2026 11:37:26 AM,202,Warning,WT8-GUI,83101595,HM,Overscaled Channel detected at Tag AI_TT_004
4/24/2026 11:37:26 AM,202,Warning,WT8-GUI,83101596,HM,Overscaled Channel detected at Tag AI_TT_005
4/24/2026 11:37:26 AM,202,Warning,WT8-GUI,83101597,HM,Overscaled Channel detected at Tag AI_TT_006
4/24/2026 11:38:10 AM,301005,Warning,WT8-GUI,83101598,OPC,OPC Server Graybox.Simulator.1 on host localhost has not updated data in 135 minute(s).
4/24/2026 11:38:26 AM,202,Warning,WT8-GUI,83101599,HM,Overscaled Channel detected at Tag AI_Volts_Shunt_001
4/24/2026 11:38:26 AM,202,Warning,WT8-GUI,83101600,HM,Overscaled Channel detected at Tag AI_Volts_Shunt_003
4/24/2026 11:38:26 AM,202,Warning,WT8-GUI,83101601,HM,Overscaled Channel detected at Tag AI_Volts_Shunt_004
4/24/2026 11:38:26 AM,202,Warning,WT8-GUI,83101602,HM,Overscaled Channel detected at Tag AI_TK_003
4/24/2026 11:38:26 AM,202,Warning,WT8-GUI,83101603,HM,Overscaled Channel detected at Tag AI_Volts_Shunt_000
4/24/2026 11:38:26 AM,202,Warning,WT8-GUI,83101604,HM,Overscaled Channel detected at Tag AI_TT_002
4/24/2026 11:38:26 AM,202,Warning,WT8-GUI,83101605,HM,Overscaled Channel detected at Tag AI_TT_029
4/24/2026 11:38:26 AM,202,Warning,WT8-GUI,83101606,HM,Overscaled Channel detected at Tag AI_TT_030
4/24/2026 11:38:26 AM,202,Warning,WT8-GUI,83101607,HM,Overscaled Channel detected at Tag AI_TT_003
4/24/2026 11:38:26 AM,202,Warning,WT8-GUI,83101608,HM,Overscaled Channel detected at Tag AI_TK_027
4/24/2026 11:38:26 AM,202,Warning,WT8-GUI,83101609,HM,Overscaled Channel detected at Tag AI_TK_028
4/24/2026 11:38:26 AM,202,Warning,WT8-GUI,83101610,HM,Overscaled Channel detected at Tag AI_TK_000
4/24/2026 11:38:26 AM,202,Warning,WT8-GUI,83101611,HM,Overscaled Channel detected at Tag AI_TK_009
4/24/2026 11:38:26 AM,202,Warning,WT8-GUI,83101612,HM,Overscaled Channel detected at Tag AI_TK_010
4/24/2026 11:38:26 AM,202,Warning,WT8-GUI,83101613,HM,Overscaled Channel detected at Tag AI_TK_011
4/24/2026 11:38:26 AM,202,Warning,WT8-GUI,83101614,HM,Overscaled Channel detected at Tag AI_TK_012
4/24/2026 11:38:26 AM,202,Warning,WT8-GUI,83101615,HM,Overscaled Channel detected at Tag AI_TK_013
4/24/2026 11:38:26 AM,202,Warning,WT8-GUI,83101616,HM,Overscaled Channel detected at Tag AI_TK_014
4/24/2026 11:38:26 AM,202,Warning,WT8-GUI,83101617,HM,Overscaled Channel detected at Tag AI_TK_026
4/24/2026 11:38:26 AM,202,Warning,WT8-GUI,83101618,HM,Overscaled Channel detected at Tag AI_Volts_Shunt_006
4/24/2026 11:38:26 AM,202,Warning,WT8-GUI,83101619,HM,Overscaled Channel detected at Tag AI_Volts_Shunt_007
4/24/2026 11:38:26 AM,202,Warning,WT8-GUI,83101620,HM,Overscaled Channel detected at Tag AI_Volts_Shunt_008
4/24/2026 11:38:26 AM,202,Warning,WT8-GUI,83101621,HM,Overscaled Channel detected at Tag AI_Volts_Shunt_009
4/24/2026 11:38:26 AM,202,Warning,WT8-GUI,83101622,HM,Overscaled Channel detected at Tag AI_Volts_Shunt_010
4/24/2026 11:38:26 AM,202,Warning,WT8-GUI,83101623,HM,Overscaled Channel detected at Tag AI_Volts_Shunt_011
4/24/2026 11:38:26 AM,202,Warning,WT8-GUI,83101624,HM,Overscaled Channel detected at Tag AI_Volts_Shunt_012
4/24/2026 11:38:26 AM,202,Warning,WT8-GUI,83101625,HM,Overscaled Channel detected at Tag AI_Volts_Shunt_013
4/24/2026 11:38:26 AM,202,Warning,WT8-GUI,83101626,HM,Overscaled Channel detected at Tag AI_Volts_Shunt_014
4/24/2026 11:38:26 AM,202,Warning,WT8-GUI,83101627,HM,Overscaled Channel detected at Tag AI_Volts_Shunt_015
4/24/2026 11:38:26 AM,202,Warning,WT8-GUI,83101628,HM,Overscaled Channel detected at Tag AI_Strain_000
4/24/2026 11:38:26 AM,202,Warning,WT8-GUI,83101629,HM,Overscaled Channel detected at Tag AI_Strain_001
4/24/2026 11:38:26 AM,202,Warning,WT8-GUI,83101630,HM,Overscaled Channel detected at Tag AI_Strain_002
4/24/2026 11:38:26 AM,202,Warning,WT8-GUI,83101631,HM,Overscaled Channel detected at Tag AI_Strain_003
4/24/2026 11:38:26 AM,202,Warning,WT8-GUI,83101632,HM,Overscaled Channel detected at Tag AI_Strain_004
4/24/2026 11:38:26 AM,202,Warning,WT8-GUI,83101633,HM,Overscaled Channel detected at Tag AI_Strain_005
4/24/2026 11:38:26 AM,202,Warning,WT8-GUI,83101634,HM,Overscaled Channel detected at Tag AI_Strain_006
4/24/2026 11:38:26 AM,202,Warning,WT8-GUI,83101635,HM,Overscaled Channel detected at Tag AI_Strain_007
4/24/2026 11:38:26 AM,202,Warning,WT8-GUI,83101636,HM,Overscaled Channel detected at Tag AI_TT_007
4/24/2026 11:38:26 AM,202,Warning,WT8-GUI,83101637,HM,Overscaled Channel detected at Tag AI_TT_008
4/24/2026 11:38:26 AM,202,Warning,WT8-GUI,83101638,HM,Overscaled Channel detected at Tag AI_TK_015
4/24/2026 11:38:26 AM,202,Warning,WT8-GUI,83101639,HM,Overscaled Channel detected at Tag AI_TK_016
4/24/2026 11:38:26 AM,202,Warning,WT8-GUI,83101640,HM,Overscaled Channel detected at Tag AI_TK_017
4/24/2026 11:38:26 AM,202,Warning,WT8-GUI,83101641,HM,Overscaled Channel detected at Tag AI_TK_018
4/24/2026 11:38:26 AM,202,Warning,WT8-GUI,83101642,HM,Overscaled Channel detected at Tag AI_TK_001
4/24/2026 11:38:26 AM,202,Warning,WT8-GUI,83101643,HM,Overscaled Channel detected at Tag AI_TK_019
4/24/2026 11:38:26 AM,202,Warning,WT8-GUI,83101644,HM,Overscaled Channel detected at Tag AI_TK_020
4/24/2026 11:38:26 AM,202,Warning,WT8-GUI,83101645,HM,Overscaled Channel detected at Tag AI_TK_021
4/24/2026 11:38:26 AM,202,Warning,WT8-GUI,83101646,HM,Overscaled Channel detected at Tag AI_TK_022
4/24/2026 11:38:26 AM,202,Warning,WT8-GUI,83101647,HM,Overscaled Channel detected at Tag AI_TK_023
4/24/2026 11:38:26 AM,202,Warning,WT8-GUI,83101648,HM,Overscaled Channel detected at Tag AI_TK_024
4/24/2026 11:38:26 AM,202,Warning,WT8-GUI,83101649,HM,Overscaled Channel detected at Tag AI_TK_025
4/24/2026 11:38:26 AM,202,Warning,WT8-GUI,83101650,HM,Overscaled Channel detected at Tag AI_TK_002
4/24/2026 11:38:26 AM,202,Warning,WT8-GUI,83101651,HM,Overscaled Channel detected at Tag AI_TK_029
4/24/2026 11:38:26 AM,202,Warning,WT8-GUI,83101652,HM,Overscaled Channel detected at Tag AI_TK_030
4/24/2026 11:38:26 AM,202,Warning,WT8-GUI,83101653,HM,Overscaled Channel detected at Tag AI_TK_004
4/24/2026 11:38:26 AM,202,Warning,WT8-GUI,83101654,HM,Overscaled Channel detected at Tag AI_TK_005
4/24/2026 11:38:26 AM,202,Warning,WT8-GUI,83101655,HM,Overscaled Channel detected at Tag AI_TK_006
4/24/2026 11:38:26 AM,202,Warning,WT8-GUI,83101656,HM,Overscaled Channel detected at Tag AI_TK_007
4/24/2026 11:38:26 AM,202,Warning,WT8-GUI,83101657,HM,Overscaled Channel detected at Tag AI_TK_008
4/24/2026 11:38:26 AM,202,Warning,WT8-GUI,83101658,HM,Overscaled Channel detected at Tag AI_TT_000
4/24/2026 11:38:26 AM,202,Warning,WT8-GUI,83101659,HM,Overscaled Channel detected at Tag AI_TT_009
4/24/2026 11:38:26 AM,202,Warning,WT8-GUI,83101660,HM,Overscaled Channel detected at Tag AI_TT_010
4/24/2026 11:38:26 AM,202,Warning,WT8-GUI,83101661,HM,Overscaled Channel detected at Tag AI_TT_011
4/24/2026 11:38:26 AM,202,Warning,WT8-GUI,83101662,HM,Overscaled Channel detected at Tag AI_TT_012
4/24/2026 11:38:26 AM,202,Warning,WT8-GUI,83101663,HM,Overscaled Channel detected at Tag AI_TT_013
4/24/2026 11:38:26 AM,202,Warning,WT8-GUI,83101664,HM,Overscaled Channel detected at Tag AI_TT_014
4/24/2026 11:38:26 AM,202,Warning,WT8-GUI,83101665,HM,Overscaled Channel detected at Tag AI_TT_015
4/24/2026 11:38:26 AM,202,Warning,WT8-GUI,83101666,HM,Overscaled Channel detected at Tag AI_TT_016
4/24/2026 11:38:26 AM,202,Warning,WT8-GUI,83101667,HM,Overscaled Channel detected at Tag AI_TT_017
4/24/2026 11:38:26 AM,202,Warning,WT8-GUI,83101668,HM,Overscaled Channel detected at Tag AI_TT_018
4/24/2026 11:38:26 AM,202,Warning,WT8-GUI,83101669,HM,Overscaled Channel detected at Tag AI_TT_001
4/24/2026 11:38:26 AM,202,Warning,WT8-GUI,83101670,HM,Overscaled Channel detected at Tag AI_TT_019
4/24/2026 11:38:26 AM,202,Warning,WT8-GUI,83101671,HM,Overscaled Channel detected at Tag AI_TT_020
4/24/2026 11:38:26 AM,202,Warning,WT8-GUI,83101672,HM,Overscaled Channel detected at Tag AI_TT_021
4/24/2026 11:38:26 AM,202,Warning,WT8-GUI,83101673,HM,Overscaled Channel detected at Tag AI_TT_022
4/24/2026 11:38:26 AM,202,Warning,WT8-GUI,83101674,HM,Overscaled Channel detected at Tag AI_TT_023
4/24/2026 11:38:26 AM,202,Warning,WT8-GUI,83101675,HM,Overscaled Channel detected at Tag AI_TT_024
4/24/2026 11:38:26 AM,202,Warning,WT8-GUI,83101676,HM,Overscaled Channel detected at Tag AI_TT_025
4/24/2026 11:38:26 AM,202,Warning,WT8-GUI,83101677,HM,Overscaled Channel detected at Tag AI_TT_026
4/24/2026 11:38:26 AM,202,Warning,WT8-GUI,83101678,HM,Overscaled Channel detected at Tag AI_TT_027
4/24/2026 11:38:26 AM,202,Warning,WT8-GUI,83101679,HM,Overscaled Channel detected at Tag AI_TT_028
4/24/2026 11:38:26 AM,202,Warning,WT8-GUI,83101680,HM,Overscaled Channel detected at Tag AI_TT_004
4/24/2026 11:38:26 AM,202,Warning,WT8-GUI,83101681,HM,Overscaled Channel detected at Tag AI_TT_005
4/24/2026 11:38:26 AM,202,Warning,WT8-GUI,83101682,HM,Overscaled Channel detected at Tag AI_TT_006
4/24/2026 11:39:10 AM,301005,Warning,WT8-GUI,83101683,OPC,OPC Server Graybox.Simulator.1 on host localhost has not updated data in 136 minute(s).
4/24/2026 11:39:26 AM,202,Warning,WT8-GUI,83101684,HM,Overscaled Channel detected at Tag AI_Volts_Shunt_001
4/24/2026 11:39:26 AM,202,Warning,WT8-GUI,83101685,HM,Overscaled Channel detected at Tag AI_Volts_Shunt_003
4/24/2026 11:39:26 AM,202,Warning,WT8-GUI,83101686,HM,Overscaled Channel detected at Tag AI_Volts_Shunt_004
4/24/2026 11:39:26 AM,202,Warning,WT8-GUI,83101687,HM,Overscaled Channel detected at Tag AI_Volts_Shunt_000
4/24/2026 11:39:26 AM,202,Warning,WT8-GUI,83101688,HM,Overscaled Channel detected at Tag AI_TK_003
4/24/2026 11:39:26 AM,202,Warning,WT8-GUI,83101689,HM,Overscaled Channel detected at Tag AI_TT_002
4/24/2026 11:39:26 AM,202,Warning,WT8-GUI,83101690,HM,Overscaled Channel detected at Tag AI_TT_029
4/24/2026 11:39:26 AM,202,Warning,WT8-GUI,83101691,HM,Overscaled Channel detected at Tag AI_TT_030
4/24/2026 11:39:26 AM,202,Warning,WT8-GUI,83101692,HM,Overscaled Channel detected at Tag AI_TT_003
4/24/2026 11:39:26 AM,202,Warning,WT8-GUI,83101693,HM,Overscaled Channel detected at Tag AI_TK_000
4/24/2026 11:39:26 AM,202,Warning,WT8-GUI,83101694,HM,Overscaled Channel detected at Tag AI_TK_009
4/24/2026 11:39:26 AM,202,Warning,WT8-GUI,83101695,HM,Overscaled Channel detected at Tag AI_TK_010
4/24/2026 11:39:26 AM,202,Warning,WT8-GUI,83101696,HM,Overscaled Channel detected at Tag AI_TK_011
4/24/2026 11:39:26 AM,202,Warning,WT8-GUI,83101697,HM,Overscaled Channel detected at Tag AI_TK_012
4/24/2026 11:39:26 AM,202,Warning,WT8-GUI,83101698,HM,Overscaled Channel detected at Tag AI_TK_013
4/24/2026 11:39:26 AM,202,Warning,WT8-GUI,83101699,HM,Overscaled Channel detected at Tag AI_TK_014
4/24/2026 11:39:26 AM,202,Warning,WT8-GUI,83101700,HM,Overscaled Channel detected at Tag AI_TK_026
4/24/2026 11:39:26 AM,202,Warning,WT8-GUI,83101701,HM,Overscaled Channel detected at Tag AI_TK_027
4/24/2026 11:39:26 AM,202,Warning,WT8-GUI,83101702,HM,Overscaled Channel detected at Tag AI_TK_028
4/24/2026 11:39:26 AM,202,Warning,WT8-GUI,83101703,HM,Overscaled Channel detected at Tag AI_Volts_Shunt_006
4/24/2026 11:39:26 AM,202,Warning,WT8-GUI,83101704,HM,Overscaled Channel detected at Tag AI_Volts_Shunt_007
4/24/2026 11:39:26 AM,202,Warning,WT8-GUI,83101705,HM,Overscaled Channel detected at Tag AI_Volts_Shunt_008
4/24/2026 11:39:26 AM,202,Warning,WT8-GUI,83101706,HM,Overscaled Channel detected at Tag AI_Volts_Shunt_009
4/24/2026 11:39:26 AM,202,Warning,WT8-GUI,83101707,HM,Overscaled Channel detected at Tag AI_Volts_Shunt_010
4/24/2026 11:39:26 AM,202,Warning,WT8-GUI,83101708,HM,Overscaled Channel detected at Tag AI_Volts_Shunt_011
4/24/2026 11:39:26 AM,202,Warning,WT8-GUI,83101709,HM,Overscaled Channel detected at Tag AI_Volts_Shunt_012
4/24/2026 11:39:26 AM,202,Warning,WT8-GUI,83101710,HM,Overscaled Channel detected at Tag AI_Volts_Shunt_013
4/24/2026 11:39:26 AM,202,Warning,WT8-GUI,83101711,HM,Overscaled Channel detected at Tag AI_Volts_Shunt_014
4/24/2026 11:39:26 AM,202,Warning,WT8-GUI,83101712,HM,Overscaled Channel detected at Tag AI_Volts_Shunt_015
4/24/2026 11:39:26 AM,202,Warning,WT8-GUI,83101713,HM,Overscaled Channel detected at Tag AI_Strain_000
4/24/2026 11:39:26 AM,202,Warning,WT8-GUI,83101714,HM,Overscaled Channel detected at Tag AI_Strain_001
4/24/2026 11:39:26 AM,202,Warning,WT8-GUI,83101715,HM,Overscaled Channel detected at Tag AI_Strain_002
4/24/2026 11:39:26 AM,202,Warning,WT8-GUI,83101716,HM,Overscaled Channel detected at Tag AI_Strain_003
4/24/2026 11:39:26 AM,202,Warning,WT8-GUI,83101717,HM,Overscaled Channel detected at Tag AI_Strain_004
4/24/2026 11:39:26 AM,202,Warning,WT8-GUI,83101718,HM,Overscaled Channel detected at Tag AI_Strain_005
4/24/2026 11:39:26 AM,202,Warning,WT8-GUI,83101719,HM,Overscaled Channel detected at Tag AI_Strain_006
4/24/2026 11:39:26 AM,202,Warning,WT8-GUI,83101720,HM,Overscaled Channel detected at Tag AI_Strain_007
4/24/2026 11:39:26 AM,202,Warning,WT8-GUI,83101721,HM,Overscaled Channel detected at Tag AI_TT_007
4/24/2026 11:39:26 AM,202,Warning,WT8-GUI,83101722,HM,Overscaled Channel detected at Tag AI_TT_008
4/24/2026 11:39:26 AM,202,Warning,WT8-GUI,83101723,HM,Overscaled Channel detected at Tag AI_TK_015
4/24/2026 11:39:26 AM,202,Warning,WT8-GUI,83101724,HM,Overscaled Channel detected at Tag AI_TK_016
4/24/2026 11:39:26 AM,202,Warning,WT8-GUI,83101725,HM,Overscaled Channel detected at Tag AI_TK_017
4/24/2026 11:39:26 AM,202,Warning,WT8-GUI,83101726,HM,Overscaled Channel detected at Tag AI_TK_018
4/24/2026 11:39:26 AM,202,Warning,WT8-GUI,83101727,HM,Overscaled Channel detected at Tag AI_TK_001
4/24/2026 11:39:26 AM,202,Warning,WT8-GUI,83101728,HM,Overscaled Channel detected at Tag AI_TK_019
4/24/2026 11:39:26 AM,202,Warning,WT8-GUI,83101729,HM,Overscaled Channel detected at Tag AI_TK_020
4/24/2026 11:39:26 AM,202,Warning,WT8-GUI,83101730,HM,Overscaled Channel detected at Tag AI_TK_021
4/24/2026 11:39:26 AM,202,Warning,WT8-GUI,83101731,HM,Overscaled Channel detected at Tag AI_TK_022
4/24/2026 11:39:26 AM,202,Warning,WT8-GUI,83101732,HM,Overscaled Channel detected at Tag AI_TK_023
4/24/2026 11:39:26 AM,202,Warning,WT8-GUI,83101733,HM,Overscaled Channel detected at Tag AI_TK_024
4/24/2026 11:39:26 AM,202,Warning,WT8-GUI,83101734,HM,Overscaled Channel detected at Tag AI_TK_025
4/24/2026 11:39:26 AM,202,Warning,WT8-GUI,83101735,HM,Overscaled Channel detected at Tag AI_TT_000
4/24/2026 11:39:26 AM,202,Warning,WT8-GUI,83101736,HM,Overscaled Channel detected at Tag AI_TT_009
4/24/2026 11:39:26 AM,202,Warning,WT8-GUI,83101737,HM,Overscaled Channel detected at Tag AI_TT_010
4/24/2026 11:39:26 AM,202,Warning,WT8-GUI,83101738,HM,Overscaled Channel detected at Tag AI_TT_011
4/24/2026 11:39:26 AM,202,Warning,WT8-GUI,83101739,HM,Overscaled Channel detected at Tag AI_TT_012
4/24/2026 11:39:26 AM,202,Warning,WT8-GUI,83101740,HM,Overscaled Channel detected at Tag AI_TT_013
4/24/2026 11:39:26 AM,202,Warning,WT8-GUI,83101741,HM,Overscaled Channel detected at Tag AI_TT_014
4/24/2026 11:39:26 AM,202,Warning,WT8-GUI,83101742,HM,Overscaled Channel detected at Tag AI_TT_015
4/24/2026 11:39:26 AM,202,Warning,WT8-GUI,83101743,HM,Overscaled Channel detected at Tag AI_TT_016
4/24/2026 11:39:26 AM,202,Warning,WT8-GUI,83101744,HM,Overscaled Channel detected at Tag AI_TT_017
4/24/2026 11:39:26 AM,202,Warning,WT8-GUI,83101745,HM,Overscaled Channel detected at Tag AI_TK_002
4/24/2026 11:39:26 AM,202,Warning,WT8-GUI,83101746,HM,Overscaled Channel detected at Tag AI_TK_029
4/24/2026 11:39:26 AM,202,Warning,WT8-GUI,83101747,HM,Overscaled Channel detected at Tag AI_TK_030
4/24/2026 11:39:26 AM,202,Warning,WT8-GUI,83101748,HM,Overscaled Channel detected at Tag AI_TK_004
4/24/2026 11:39:26 AM,202,Warning,WT8-GUI,83101749,HM,Overscaled Channel detected at Tag AI_TK_005
4/24/2026 11:39:26 AM,202,Warning,WT8-GUI,83101750,HM,Overscaled Channel detected at Tag AI_TK_006
4/24/2026 11:39:26 AM,202,Warning,WT8-GUI,83101751,HM,Overscaled Channel detected at Tag AI_TK_007
4/24/2026 11:39:26 AM,202,Warning,WT8-GUI,83101752,HM,Overscaled Channel detected at Tag AI_TK_008
4/24/2026 11:39:26 AM,202,Warning,WT8-GUI,83101753,HM,Overscaled Channel detected at Tag AI_TT_018
4/24/2026 11:39:26 AM,202,Warning,WT8-GUI,83101754,HM,Overscaled Channel detected at Tag AI_TT_001
4/24/2026 11:39:26 AM,202,Warning,WT8-GUI,83101755,HM,Overscaled Channel detected at Tag AI_TT_019
4/24/2026 11:39:26 AM,202,Warning,WT8-GUI,83101756,HM,Overscaled Channel detected at Tag AI_TT_020
4/24/2026 11:39:26 AM,202,Warning,WT8-GUI,83101757,HM,Overscaled Channel detected at Tag AI_TT_021
4/24/2026 11:39:26 AM,202,Warning,WT8-GUI,83101758,HM,Overscaled Channel detected at Tag AI_TT_022
4/24/2026 11:39:26 AM,202,Warning,WT8-GUI,83101759,HM,Overscaled Channel detected at Tag AI_TT_023
4/24/2026 11:39:26 AM,202,Warning,WT8-GUI,83101760,HM,Overscaled Channel detected at Tag AI_TT_024
4/24/2026 11:39:26 AM,202,Warning,WT8-GUI,83101761,HM,Overscaled Channel detected at Tag AI_TT_025
4/24/2026 11:39:26 AM,202,Warning,WT8-GUI,83101762,HM,Overscaled Channel detected at Tag AI_TT_026
4/24/2026 11:39:26 AM,202,Warning,WT8-GUI,83101763,HM,Overscaled Channel detected at Tag AI_TT_027
4/24/2026 11:39:26 AM,202,Warning,WT8-GUI,83101764,HM,Overscaled Channel detected at Tag AI_TT_028
4/24/2026 11:39:26 AM,202,Warning,WT8-GUI,83101765,HM,Overscaled Channel detected at Tag AI_TT_004
4/24/2026 11:39:26 AM,202,Warning,WT8-GUI,83101766,HM,Overscaled Channel detected at Tag AI_TT_005
4/24/2026 11:39:26 AM,202,Warning,WT8-GUI,83101767,HM,Overscaled Channel detected at Tag AI_TT_006
4/24/2026 11:40:02 AM,0,Debug,WT8-GUI,83101768,BALANCE,"Sent balance command ""SetYaw#-19.900000#2.000000""."
4/24/2026 11:40:10 AM,301005,Warning,WT8-GUI,83101769,OPC,OPC Server Graybox.Simulator.1 on host localhost has not updated data in 137 minute(s).
4/24/2026 11:40:26 AM,202,Warning,WT8-GUI,83101770,HM,Overscaled Channel detected at Tag AI_Volts_Shunt_001
4/24/2026 11:40:26 AM,202,Warning,WT8-GUI,83101771,HM,Overscaled Channel detected at Tag AI_Volts_Shunt_003
4/24/2026 11:40:26 AM,202,Warning,WT8-GUI,83101772,HM,Overscaled Channel detected at Tag AI_Volts_Shunt_004
4/24/2026 11:40:26 AM,202,Warning,WT8-GUI,83101773,HM,Overscaled Channel detected at Tag AI_Volts_Shunt_000
4/24/2026 11:40:26 AM,202,Warning,WT8-GUI,83101774,HM,Overscaled Channel detected at Tag AI_TK_003
4/24/2026 11:40:26 AM,202,Warning,WT8-GUI,83101775,HM,Overscaled Channel detected at Tag AI_TT_002
4/24/2026 11:40:26 AM,202,Warning,WT8-GUI,83101776,HM,Overscaled Channel detected at Tag AI_TT_029
4/24/2026 11:40:26 AM,202,Warning,WT8-GUI,83101777,HM,Overscaled Channel detected at Tag AI_TT_030
4/24/2026 11:40:26 AM,202,Warning,WT8-GUI,83101778,HM,Overscaled Channel detected at Tag AI_TT_003
4/24/2026 11:40:26 AM,202,Warning,WT8-GUI,83101779,HM,Overscaled Channel detected at Tag AI_TK_000
4/24/2026 11:40:26 AM,202,Warning,WT8-GUI,83101780,HM,Overscaled Channel detected at Tag AI_TK_009
4/24/2026 11:40:26 AM,202,Warning,WT8-GUI,83101781,HM,Overscaled Channel detected at Tag AI_TK_010
4/24/2026 11:40:26 AM,202,Warning,WT8-GUI,83101782,HM,Overscaled Channel detected at Tag AI_TK_011
4/24/2026 11:40:26 AM,202,Warning,WT8-GUI,83101783,HM,Overscaled Channel detected at Tag AI_TK_012
4/24/2026 11:40:26 AM,202,Warning,WT8-GUI,83101784,HM,Overscaled Channel detected at Tag AI_TK_013
4/24/2026 11:40:26 AM,202,Warning,WT8-GUI,83101785,HM,Overscaled Channel detected at Tag AI_TK_014
4/24/2026 11:40:26 AM,202,Warning,WT8-GUI,83101786,HM,Overscaled Channel detected at Tag AI_TK_026
4/24/2026 11:40:26 AM,202,Warning,WT8-GUI,83101787,HM,Overscaled Channel detected at Tag AI_TK_027
4/24/2026 11:40:26 AM,202,Warning,WT8-GUI,83101788,HM,Overscaled Channel detected at Tag AI_TK_028
4/24/2026 11:40:26 AM,202,Warning,WT8-GUI,83101789,HM,Overscaled Channel detected at Tag AI_Volts_Shunt_006
4/24/2026 11:40:26 AM,202,Warning,WT8-GUI,83101790,HM,Overscaled Channel detected at Tag AI_Volts_Shunt_007
4/24/2026 11:40:26 AM,202,Warning,WT8-GUI,83101791,HM,Overscaled Channel detected at Tag AI_Volts_Shunt_008
4/24/2026 11:40:26 AM,202,Warning,WT8-GUI,83101792,HM,Overscaled Channel detected at Tag AI_Volts_Shunt_009
4/24/2026 11:40:26 AM,202,Warning,WT8-GUI,83101793,HM,Overscaled Channel detected at Tag AI_Volts_Shunt_010
4/24/2026 11:40:26 AM,202,Warning,WT8-GUI,83101794,HM,Overscaled Channel detected at Tag AI_Volts_Shunt_011
4/24/2026 11:40:26 AM,202,Warning,WT8-GUI,83101795,HM,Overscaled Channel detected at Tag AI_Volts_Shunt_012
4/24/2026 11:40:26 AM,202,Warning,WT8-GUI,83101796,HM,Overscaled Channel detected at Tag AI_Volts_Shunt_013
4/24/2026 11:40:26 AM,202,Warning,WT8-GUI,83101797,HM,Overscaled Channel detected at Tag AI_Volts_Shunt_014
4/24/2026 11:40:26 AM,202,Warning,WT8-GUI,83101798,HM,Overscaled Channel detected at Tag AI_Volts_Shunt_015
4/24/2026 11:40:26 AM,202,Warning,WT8-GUI,83101799,HM,Overscaled Channel detected at Tag AI_Strain_000
4/24/2026 11:40:26 AM,202,Warning,WT8-GUI,83101800,HM,Overscaled Channel detected at Tag AI_Strain_001
4/24/2026 11:40:26 AM,202,Warning,WT8-GUI,83101801,HM,Overscaled Channel detected at Tag AI_Strain_002
4/24/2026 11:40:26 AM,202,Warning,WT8-GUI,83101802,HM,Overscaled Channel detected at Tag AI_Strain_003
4/24/2026 11:40:26 AM,202,Warning,WT8-GUI,83101803,HM,Overscaled Channel detected at Tag AI_Strain_004
4/24/2026 11:40:26 AM,202,Warning,WT8-GUI,83101804,HM,Overscaled Channel detected at Tag AI_Strain_005
4/24/2026 11:40:26 AM,202,Warning,WT8-GUI,83101805,HM,Overscaled Channel detected at Tag AI_Strain_006
4/24/2026 11:40:26 AM,202,Warning,WT8-GUI,83101806,HM,Overscaled Channel detected at Tag AI_Strain_007
4/24/2026 11:40:26 AM,202,Warning,WT8-GUI,83101807,HM,Overscaled Channel detected at Tag AI_TT_007
4/24/2026 11:40:26 AM,202,Warning,WT8-GUI,83101808,HM,Overscaled Channel detected at Tag AI_TT_008
4/24/2026 11:40:26 AM,202,Warning,WT8-GUI,83101809,HM,Overscaled Channel detected at Tag AI_TK_015
4/24/2026 11:40:26 AM,202,Warning,WT8-GUI,83101810,HM,Overscaled Channel detected at Tag AI_TK_016
4/24/2026 11:40:26 AM,202,Warning,WT8-GUI,83101811,HM,Overscaled Channel detected at Tag AI_TK_017
4/24/2026 11:40:26 AM,202,Warning,WT8-GUI,83101812,HM,Overscaled Channel detected at Tag AI_TK_018
4/24/2026 11:40:26 AM,202,Warning,WT8-GUI,83101813,HM,Overscaled Channel detected at Tag AI_TK_001
4/24/2026 11:40:26 AM,202,Warning,WT8-GUI,83101814,HM,Overscaled Channel detected at Tag AI_TK_019
4/24/2026 11:40:26 AM,202,Warning,WT8-GUI,83101815,HM,Overscaled Channel detected at Tag AI_TK_020
4/24/2026 11:40:26 AM,202,Warning,WT8-GUI,83101816,HM,Overscaled Channel detected at Tag AI_TK_021
4/24/2026 11:40:26 AM,202,Warning,WT8-GUI,83101817,HM,Overscaled Channel detected at Tag AI_TK_022
4/24/2026 11:40:26 AM,202,Warning,WT8-GUI,83101818,HM,Overscaled Channel detected at Tag AI_TK_023
4/24/2026 11:40:26 AM,202,Warning,WT8-GUI,83101819,HM,Overscaled Channel detected at Tag AI_TK_024
4/24/2026 11:40:26 AM,202,Warning,WT8-GUI,83101820,HM,Overscaled Channel detected at Tag AI_TK_025
4/24/2026 11:40:26 AM,202,Warning,WT8-GUI,83101821,HM,Overscaled Channel detected at Tag AI_TT_000
4/24/2026 11:40:26 AM,202,Warning,WT8-GUI,83101822,HM,Overscaled Channel detected at Tag AI_TT_009
4/24/2026 11:40:26 AM,202,Warning,WT8-GUI,83101823,HM,Overscaled Channel detected at Tag AI_TT_010
4/24/2026 11:40:26 AM,202,Warning,WT8-GUI,83101824,HM,Overscaled Channel detected at Tag AI_TT_011
4/24/2026 11:40:26 AM,202,Warning,WT8-GUI,83101825,HM,Overscaled Channel detected at Tag AI_TT_012
4/24/2026 11:40:26 AM,202,Warning,WT8-GUI,83101826,HM,Overscaled Channel detected at Tag AI_TT_013
4/24/2026 11:40:26 AM,202,Warning,WT8-GUI,83101827,HM,Overscaled Channel detected at Tag AI_TT_014
4/24/2026 11:40:26 AM,202,Warning,WT8-GUI,83101828,HM,Overscaled Channel detected at Tag AI_TT_015
4/24/2026 11:40:26 AM,202,Warning,WT8-GUI,83101829,HM,Overscaled Channel detected at Tag AI_TT_016
4/24/2026 11:40:26 AM,202,Warning,WT8-GUI,83101830,HM,Overscaled Channel detected at Tag AI_TT_017
4/24/2026 11:40:26 AM,202,Warning,WT8-GUI,83101831,HM,Overscaled Channel detected at Tag AI_TK_002
4/24/2026 11:40:26 AM,202,Warning,WT8-GUI,83101832,HM,Overscaled Channel detected at Tag AI_TK_029
4/24/2026 11:40:26 AM,202,Warning,WT8-GUI,83101833,HM,Overscaled Channel detected at Tag AI_TK_030
4/24/2026 11:40:26 AM,202,Warning,WT8-GUI,83101834,HM,Overscaled Channel detected at Tag AI_TK_004
4/24/2026 11:40:26 AM,202,Warning,WT8-GUI,83101835,HM,Overscaled Channel detected at Tag AI_TK_005
4/24/2026 11:40:26 AM,202,Warning,WT8-GUI,83101836,HM,Overscaled Channel detected at Tag AI_TK_006
4/24/2026 11:40:26 AM,202,Warning,WT8-GUI,83101837,HM,Overscaled Channel detected at Tag AI_TK_007
4/24/2026 11:40:26 AM,202,Warning,WT8-GUI,83101838,HM,Overscaled Channel detected at Tag AI_TK_008
4/24/2026 11:40:26 AM,202,Warning,WT8-GUI,83101839,HM,Overscaled Channel detected at Tag AI_TT_018
4/24/2026 11:40:26 AM,202,Warning,WT8-GUI,83101840,HM,Overscaled Channel detected at Tag AI_TT_001
4/24/2026 11:40:26 AM,202,Warning,WT8-GUI,83101841,HM,Overscaled Channel detected at Tag AI_TT_019
4/24/2026 11:40:26 AM,202,Warning,WT8-GUI,83101842,HM,Overscaled Channel detected at Tag AI_TT_020
4/24/2026 11:40:26 AM,202,Warning,WT8-GUI,83101843,HM,Overscaled Channel detected at Tag AI_TT_021
4/24/2026 11:40:26 AM,202,Warning,WT8-GUI,83101844,HM,Overscaled Channel detected at Tag AI_TT_022
4/24/2026 11:40:26 AM,202,Warning,WT8-GUI,83101845,HM,Overscaled Channel detected at Tag AI_TT_023
4/24/2026 11:40:26 AM,202,Warning,WT8-GUI,83101846,HM,Overscaled Channel detected at Tag AI_TT_024
4/24/2026 11:40:26 AM,202,Warning,WT8-GUI,83101847,HM,Overscaled Channel detected at Tag AI_TT_025
4/24/2026 11:40:26 AM,202,Warning,WT8-GUI,83101848,HM,Overscaled Channel detected at Tag AI_TT_026
4/24/2026 11:40:26 AM,202,Warning,WT8-GUI,83101849,HM,Overscaled Channel detected at Tag AI_TT_027
4/24/2026 11:40:26 AM,202,Warning,WT8-GUI,83101850,HM,Overscaled Channel detected at Tag AI_TT_028
4/24/2026 11:40:26 AM,202,Warning,WT8-GUI,83101851,HM,Overscaled Channel detected at Tag AI_TT_004
4/24/2026 11:40:26 AM,202,Warning,WT8-GUI,83101852,HM,Overscaled Channel detected at Tag AI_TT_005
4/24/2026 11:40:26 AM,202,Warning,WT8-GUI,83101853,HM,Overscaled Channel detected at Tag AI_TT_006
4/24/2026 11:41:10 AM,301005,Warning,WT8-GUI,83101854,OPC,OPC Server Graybox.Simulator.1 on host localhost has not updated data in 138 minute(s).
4/24/2026 11:41:26 AM,202,Warning,WT8-GUI,83101855,HM,Overscaled Channel detected at Tag AI_Volts_Shunt_001
4/24/2026 11:41:26 AM,202,Warning,WT8-GUI,83101856,HM,Overscaled Channel detected at Tag AI_Volts_Shunt_003
4/24/2026 11:41:26 AM,202,Warning,WT8-GUI,83101857,HM,Overscaled Channel detected at Tag AI_Volts_Shunt_004
4/24/2026 11:41:26 AM,202,Warning,WT8-GUI,83101858,HM,Overscaled Channel detected at Tag AI_Volts_Shunt_000
4/24/2026 11:41:26 AM,202,Warning,WT8-GUI,83101859,HM,Overscaled Channel detected at Tag AI_TK_003
4/24/2026 11:41:26 AM,202,Warning,WT8-GUI,83101860,HM,Overscaled Channel detected at Tag AI_TT_002
4/24/2026 11:41:26 AM,202,Warning,WT8-GUI,83101861,HM,Overscaled Channel detected at Tag AI_TT_029
4/24/2026 11:41:26 AM,202,Warning,WT8-GUI,83101862,HM,Overscaled Channel detected at Tag AI_TT_030
4/24/2026 11:41:26 AM,202,Warning,WT8-GUI,83101863,HM,Overscaled Channel detected at Tag AI_TT_003
4/24/2026 11:41:26 AM,202,Warning,WT8-GUI,83101864,HM,Overscaled Channel detected at Tag AI_TK_000
4/24/2026 11:41:26 AM,202,Warning,WT8-GUI,83101865,HM,Overscaled Channel detected at Tag AI_TK_009
4/24/2026 11:41:26 AM,202,Warning,WT8-GUI,83101866,HM,Overscaled Channel detected at Tag AI_TK_010
4/24/2026 11:41:26 AM,202,Warning,WT8-GUI,83101867,HM,Overscaled Channel detected at Tag AI_TK_011
4/24/2026 11:41:26 AM,202,Warning,WT8-GUI,83101868,HM,Overscaled Channel detected at Tag AI_TK_012
4/24/2026 11:41:26 AM,202,Warning,WT8-GUI,83101869,HM,Overscaled Channel detected at Tag AI_TK_013
4/24/2026 11:41:26 AM,202,Warning,WT8-GUI,83101870,HM,Overscaled Channel detected at Tag AI_TK_014
4/24/2026 11:41:26 AM,202,Warning,WT8-GUI,83101871,HM,Overscaled Channel detected at Tag AI_TK_026
4/24/2026 11:41:26 AM,202,Warning,WT8-GUI,83101872,HM,Overscaled Channel detected at Tag AI_TK_027
4/24/2026 11:41:26 AM,202,Warning,WT8-GUI,83101873,HM,Overscaled Channel detected at Tag AI_TK_028
4/24/2026 11:41:26 AM,202,Warning,WT8-GUI,83101874,HM,Overscaled Channel detected at Tag AI_Volts_Shunt_006
4/24/2026 11:41:26 AM,202,Warning,WT8-GUI,83101875,HM,Overscaled Channel detected at Tag AI_Volts_Shunt_007
4/24/2026 11:41:26 AM,202,Warning,WT8-GUI,83101876,HM,Overscaled Channel detected at Tag AI_Volts_Shunt_008
4/24/2026 11:41:26 AM,202,Warning,WT8-GUI,83101877,HM,Overscaled Channel detected at Tag AI_Volts_Shunt_009
4/24/2026 11:41:26 AM,202,Warning,WT8-GUI,83101878,HM,Overscaled Channel detected at Tag AI_Volts_Shunt_010
4/24/2026 11:41:26 AM,202,Warning,WT8-GUI,83101879,HM,Overscaled Channel detected at Tag AI_Volts_Shunt_011
4/24/2026 11:41:26 AM,202,Warning,WT8-GUI,83101880,HM,Overscaled Channel detected at Tag AI_Volts_Shunt_012
4/24/2026 11:41:26 AM,202,Warning,WT8-GUI,83101881,HM,Overscaled Channel detected at Tag AI_Volts_Shunt_013
4/24/2026 11:41:26 AM,202,Warning,WT8-GUI,83101882,HM,Overscaled Channel detected at Tag AI_Volts_Shunt_014
4/24/2026 11:41:26 AM,202,Warning,WT8-GUI,83101883,HM,Overscaled Channel detected at Tag AI_Volts_Shunt_015
4/24/2026 11:41:26 AM,202,Warning,WT8-GUI,83101884,HM,Overscaled Channel detected at Tag AI_Strain_000
4/24/2026 11:41:26 AM,202,Warning,WT8-GUI,83101885,HM,Overscaled Channel detected at Tag AI_Strain_001
4/24/2026 11:41:26 AM,202,Warning,WT8-GUI,83101886,HM,Overscaled Channel detected at Tag AI_Strain_002
4/24/2026 11:41:26 AM,202,Warning,WT8-GUI,83101887,HM,Overscaled Channel detected at Tag AI_Strain_003
4/24/2026 11:41:26 AM,202,Warning,WT8-GUI,83101888,HM,Overscaled Channel detected at Tag AI_Strain_004
4/24/2026 11:41:26 AM,202,Warning,WT8-GUI,83101889,HM,Overscaled Channel detected at Tag AI_Strain_005
4/24/2026 11:41:26 AM,202,Warning,WT8-GUI,83101890,HM,Overscaled Channel detected at Tag AI_Strain_006
4/24/2026 11:41:26 AM,202,Warning,WT8-GUI,83101891,HM,Overscaled Channel detected at Tag AI_Strain_007
4/24/2026 11:41:26 AM,202,Warning,WT8-GUI,83101892,HM,Overscaled Channel detected at Tag AI_TT_007
4/24/2026 11:41:26 AM,202,Warning,WT8-GUI,83101893,HM,Overscaled Channel detected at Tag AI_TT_008
4/24/2026 11:41:26 AM,202,Warning,WT8-GUI,83101894,HM,Overscaled Channel detected at Tag AI_TK_015
4/24/2026 11:41:26 AM,202,Warning,WT8-GUI,83101895,HM,Overscaled Channel detected at Tag AI_TK_016
4/24/2026 11:41:26 AM,202,Warning,WT8-GUI,83101896,HM,Overscaled Channel detected at Tag AI_TK_017
4/24/2026 11:41:26 AM,202,Warning,WT8-GUI,83101897,HM,Overscaled Channel detected at Tag AI_TK_018
4/24/2026 11:41:26 AM,202,Warning,WT8-GUI,83101898,HM,Overscaled Channel detected at Tag AI_TK_001
4/24/2026 11:41:26 AM,202,Warning,WT8-GUI,83101899,HM,Overscaled Channel detected at Tag AI_TK_019
4/24/2026 11:41:26 AM,202,Warning,WT8-GUI,83101900,HM,Overscaled Channel detected at Tag AI_TK_020
4/24/2026 11:41:26 AM,202,Warning,WT8-GUI,83101901,HM,Overscaled Channel detected at Tag AI_TK_021
4/24/2026 11:41:26 AM,202,Warning,WT8-GUI,83101902,HM,Overscaled Channel detected at Tag AI_TK_022
4/24/2026 11:41:26 AM,202,Warning,WT8-GUI,83101903,HM,Overscaled Channel detected at Tag AI_TK_023
4/24/2026 11:41:26 AM,202,Warning,WT8-GUI,83101904,HM,Overscaled Channel detected at Tag AI_TK_024
4/24/2026 11:41:26 AM,202,Warning,WT8-GUI,83101905,HM,Overscaled Channel detected at Tag AI_TK_025
4/24/2026 11:41:26 AM,202,Warning,WT8-GUI,83101906,HM,Overscaled Channel detected at Tag AI_TT_000
4/24/2026 11:41:26 AM,202,Warning,WT8-GUI,83101907,HM,Overscaled Channel detected at Tag AI_TT_009
4/24/2026 11:41:26 AM,202,Warning,WT8-GUI,83101908,HM,Overscaled Channel detected at Tag AI_TT_010
4/24/2026 11:41:26 AM,202,Warning,WT8-GUI,83101909,HM,Overscaled Channel detected at Tag AI_TT_011
4/24/2026 11:41:26 AM,202,Warning,WT8-GUI,83101910,HM,Overscaled Channel detected at Tag AI_TT_012
4/24/2026 11:41:26 AM,202,Warning,WT8-GUI,83101911,HM,Overscaled Channel detected at Tag AI_TT_013
4/24/2026 11:41:26 AM,202,Warning,WT8-GUI,83101912,HM,Overscaled Channel detected at Tag AI_TT_014
4/24/2026 11:41:26 AM,202,Warning,WT8-GUI,83101913,HM,Overscaled Channel detected at Tag AI_TT_015
4/24/2026 11:41:26 AM,202,Warning,WT8-GUI,83101914,HM,Overscaled Channel detected at Tag AI_TT_016
4/24/2026 11:41:26 AM,202,Warning,WT8-GUI,83101915,HM,Overscaled Channel detected at Tag AI_TT_017
4/24/2026 11:41:26 AM,202,Warning,WT8-GUI,83101916,HM,Overscaled Channel detected at Tag AI_TK_002
4/24/2026 11:41:26 AM,202,Warning,WT8-GUI,83101917,HM,Overscaled Channel detected at Tag AI_TK_029
4/24/2026 11:41:26 AM,202,Warning,WT8-GUI,83101918,HM,Overscaled Channel detected at Tag AI_TK_030
4/24/2026 11:41:26 AM,202,Warning,WT8-GUI,83101919,HM,Overscaled Channel detected at Tag AI_TK_004
4/24/2026 11:41:26 AM,202,Warning,WT8-GUI,83101920,HM,Overscaled Channel detected at Tag AI_TK_005
4/24/2026 11:41:26 AM,202,Warning,WT8-GUI,83101921,HM,Overscaled Channel detected at Tag AI_TK_006
4/24/2026 11:41:26 AM,202,Warning,WT8-GUI,83101922,HM,Overscaled Channel detected at Tag AI_TK_007
4/24/2026 11:41:26 AM,202,Warning,WT8-GUI,83101923,HM,Overscaled Channel detected at Tag AI_TK_008
4/24/2026 11:41:26 AM,202,Warning,WT8-GUI,83101924,HM,Overscaled Channel detected at Tag AI_TT_018
4/24/2026 11:41:26 AM,202,Warning,WT8-GUI,83101925,HM,Overscaled Channel detected at Tag AI_TT_001
4/24/2026 11:41:26 AM,202,Warning,WT8-GUI,83101926,HM,Overscaled Channel detected at Tag AI_TT_019
4/24/2026 11:41:26 AM,202,Warning,WT8-GUI,83101927,HM,Overscaled Channel detected at Tag AI_TT_020
4/24/2026 11:41:26 AM,202,Warning,WT8-GUI,83101928,HM,Overscaled Channel detected at Tag AI_TT_021
4/24/2026 11:41:26 AM,202,Warning,WT8-GUI,83101929,HM,Overscaled Channel detected at Tag AI_TT_022
4/24/2026 11:41:26 AM,202,Warning,WT8-GUI,83101930,HM,Overscaled Channel detected at Tag AI_TT_023
4/24/2026 11:41:26 AM,202,Warning,WT8-GUI,83101931,HM,Overscaled Channel detected at Tag AI_TT_024
4/24/2026 11:41:26 AM,202,Warning,WT8-GUI,83101932,HM,Overscaled Channel detected at Tag AI_TT_025
4/24/2026 11:41:26 AM,202,Warning,WT8-GUI,83101933,HM,Overscaled Channel detected at Tag AI_TT_026
4/24/2026 11:41:26 AM,202,Warning,WT8-GUI,83101934,HM,Overscaled Channel detected at Tag AI_TT_027
4/24/2026 11:41:26 AM,202,Warning,WT8-GUI,83101935,HM,Overscaled Channel detected at Tag AI_TT_028
4/24/2026 11:41:26 AM,202,Warning,WT8-GUI,83101936,HM,Overscaled Channel detected at Tag AI_TT_004
4/24/2026 11:41:26 AM,202,Warning,WT8-GUI,83101937,HM,Overscaled Channel detected at Tag AI_TT_005
4/24/2026 11:41:26 AM,202,Warning,WT8-GUI,83101938,HM,Overscaled Channel detected at Tag AI_TT_006
4/24/2026 11:42:10 AM,301005,Warning,WT8-GUI,83101939,OPC,OPC Server Graybox.Simulator.1 on host localhost has not updated data in 139 minute(s).
4/24/2026 11:42:26 AM,202,Warning,WT8-GUI,83101940,HM,Overscaled Channel detected at Tag AI_Volts_Shunt_001
4/24/2026 11:42:26 AM,202,Warning,WT8-GUI,83101941,HM,Overscaled Channel detected at Tag AI_Volts_Shunt_003
4/24/2026 11:42:26 AM,202,Warning,WT8-GUI,83101942,HM,Overscaled Channel detected at Tag AI_Volts_Shunt_004
4/24/2026 11:42:26 AM,202,Warning,WT8-GUI,83101943,HM,Overscaled Channel detected at Tag AI_Volts_Shunt_000
4/24/2026 11:42:26 AM,202,Warning,WT8-GUI,83101944,HM,Overscaled Channel detected at Tag AI_TK_003
4/24/2026 11:42:26 AM,202,Warning,WT8-GUI,83101945,HM,Overscaled Channel detected at Tag AI_TT_002
4/24/2026 11:42:26 AM,202,Warning,WT8-GUI,83101946,HM,Overscaled Channel detected at Tag AI_TT_029
4/24/2026 11:42:26 AM,202,Warning,WT8-GUI,83101947,HM,Overscaled Channel detected at Tag AI_TT_030
4/24/2026 11:42:26 AM,202,Warning,WT8-GUI,83101948,HM,Overscaled Channel detected at Tag AI_TT_003
4/24/2026 11:42:26 AM,202,Warning,WT8-GUI,83101949,HM,Overscaled Channel detected at Tag AI_TK_000
4/24/2026 11:42:26 AM,202,Warning,WT8-GUI,83101950,HM,Overscaled Channel detected at Tag AI_TK_009
4/24/2026 11:42:26 AM,202,Warning,WT8-GUI,83101951,HM,Overscaled Channel detected at Tag AI_TK_010
4/24/2026 11:42:26 AM,202,Warning,WT8-GUI,83101952,HM,Overscaled Channel detected at Tag AI_TK_011
4/24/2026 11:42:26 AM,202,Warning,WT8-GUI,83101953,HM,Overscaled Channel detected at Tag AI_TK_012
4/24/2026 11:42:26 AM,202,Warning,WT8-GUI,83101954,HM,Overscaled Channel detected at Tag AI_TK_013
4/24/2026 11:42:26 AM,202,Warning,WT8-GUI,83101955,HM,Overscaled Channel detected at Tag AI_TK_014
4/24/2026 11:42:26 AM,202,Warning,WT8-GUI,83101956,HM,Overscaled Channel detected at Tag AI_TK_026
4/24/2026 11:42:26 AM,202,Warning,WT8-GUI,83101957,HM,Overscaled Channel detected at Tag AI_TK_027
4/24/2026 11:42:26 AM,202,Warning,WT8-GUI,83101958,HM,Overscaled Channel detected at Tag AI_TK_028
4/24/2026 11:42:26 AM,202,Warning,WT8-GUI,83101959,HM,Overscaled Channel detected at Tag AI_Volts_Shunt_006
4/24/2026 11:42:26 AM,202,Warning,WT8-GUI,83101960,HM,Overscaled Channel detected at Tag AI_Volts_Shunt_007
4/24/2026 11:42:26 AM,202,Warning,WT8-GUI,83101961,HM,Overscaled Channel detected at Tag AI_Volts_Shunt_008
4/24/2026 11:42:26 AM,202,Warning,WT8-GUI,83101962,HM,Overscaled Channel detected at Tag AI_Volts_Shunt_009
4/24/2026 11:42:26 AM,202,Warning,WT8-GUI,83101963,HM,Overscaled Channel detected at Tag AI_Volts_Shunt_010
4/24/2026 11:42:26 AM,202,Warning,WT8-GUI,83101964,HM,Overscaled Channel detected at Tag AI_Volts_Shunt_011
4/24/2026 11:42:26 AM,202,Warning,WT8-GUI,83101965,HM,Overscaled Channel detected at Tag AI_Volts_Shunt_012
4/24/2026 11:42:26 AM,202,Warning,WT8-GUI,83101966,HM,Overscaled Channel detected at Tag AI_Volts_Shunt_013
4/24/2026 11:42:26 AM,202,Warning,WT8-GUI,83101967,HM,Overscaled Channel detected at Tag AI_Volts_Shunt_014
4/24/2026 11:42:26 AM,202,Warning,WT8-GUI,83101968,HM,Overscaled Channel detected at Tag AI_Volts_Shunt_015
4/24/2026 11:42:26 AM,202,Warning,WT8-GUI,83101969,HM,Overscaled Channel detected at Tag AI_Strain_000
4/24/2026 11:42:26 AM,202,Warning,WT8-GUI,83101970,HM,Overscaled Channel detected at Tag AI_Strain_001
4/24/2026 11:42:26 AM,202,Warning,WT8-GUI,83101971,HM,Overscaled Channel detected at Tag AI_Strain_002
4/24/2026 11:42:26 AM,202,Warning,WT8-GUI,83101972,HM,Overscaled Channel detected at Tag AI_Strain_003
4/24/2026 11:42:26 AM,202,Warning,WT8-GUI,83101973,HM,Overscaled Channel detected at Tag AI_Strain_004
4/24/2026 11:42:26 AM,202,Warning,WT8-GUI,83101974,HM,Overscaled Channel detected at Tag AI_Strain_005
4/24/2026 11:42:26 AM,202,Warning,WT8-GUI,83101975,HM,Overscaled Channel detected at Tag AI_Strain_006
4/24/2026 11:42:26 AM,202,Warning,WT8-GUI,83101976,HM,Overscaled Channel detected at Tag AI_Strain_007
4/24/2026 11:42:26 AM,202,Warning,WT8-GUI,83101977,HM,Overscaled Channel detected at Tag AI_TT_007
4/24/2026 11:42:26 AM,202,Warning,WT8-GUI,83101978,HM,Overscaled Channel detected at Tag AI_TT_008
4/24/2026 11:42:26 AM,202,Warning,WT8-GUI,83101979,HM,Overscaled Channel detected at Tag AI_TK_015
4/24/2026 11:42:26 AM,202,Warning,WT8-GUI,83101980,HM,Overscaled Channel detected at Tag AI_TK_016
4/24/2026 11:42:26 AM,202,Warning,WT8-GUI,83101981,HM,Overscaled Channel detected at Tag AI_TK_017
4/24/2026 11:42:26 AM,202,Warning,WT8-GUI,83101982,HM,Overscaled Channel detected at Tag AI_TK_018
4/24/2026 11:42:26 AM,202,Warning,WT8-GUI,83101983,HM,Overscaled Channel detected at Tag AI_TK_001
4/24/2026 11:42:26 AM,202,Warning,WT8-GUI,83101984,HM,Overscaled Channel detected at Tag AI_TK_019
4/24/2026 11:42:26 AM,202,Warning,WT8-GUI,83101985,HM,Overscaled Channel detected at Tag AI_TK_020
4/24/2026 11:42:26 AM,202,Warning,WT8-GUI,83101986,HM,Overscaled Channel detected at Tag AI_TK_021
4/24/2026 11:42:26 AM,202,Warning,WT8-GUI,83101987,HM,Overscaled Channel detected at Tag AI_TK_022
4/24/2026 11:42:26 AM,202,Warning,WT8-GUI,83101988,HM,Overscaled Channel detected at Tag AI_TK_023
4/24/2026 11:42:26 AM,202,Warning,WT8-GUI,83101989,HM,Overscaled Channel detected at Tag AI_TK_024
4/24/2026 11:42:26 AM,202,Warning,WT8-GUI,83101990,HM,Overscaled Channel detected at Tag AI_TK_025
4/24/2026 11:42:26 AM,202,Warning,WT8-GUI,83101991,HM,Overscaled Channel detected at Tag AI_TT_000
4/24/2026 11:42:26 AM,202,Warning,WT8-GUI,83101992,HM,Overscaled Channel detected at Tag AI_TT_009
4/24/2026 11:42:26 AM,202,Warning,WT8-GUI,83101993,HM,Overscaled Channel detected at Tag AI_TT_010
4/24/2026 11:42:26 AM,202,Warning,WT8-GUI,83101994,HM,Overscaled Channel detected at Tag AI_TT_011
4/24/2026 11:42:26 AM,202,Warning,WT8-GUI,83101995,HM,Overscaled Channel detected at Tag AI_TT_012
4/24/2026 11:42:26 AM,202,Warning,WT8-GUI,83101996,HM,Overscaled Channel detected at Tag AI_TT_013
4/24/2026 11:42:26 AM,202,Warning,WT8-GUI,83101997,HM,Overscaled Channel detected at Tag AI_TT_014
4/24/2026 11:42:26 AM,202,Warning,WT8-GUI,83101998,HM,Overscaled Channel detected at Tag AI_TT_015
4/24/2026 11:42:26 AM,202,Warning,WT8-GUI,83101999,HM,Overscaled Channel detected at Tag AI_TT_016
4/24/2026 11:42:26 AM,202,Warning,WT8-GUI,83102000,HM,Overscaled Channel detected at Tag AI_TT_017
4/24/2026 11:42:26 AM,202,Warning,WT8-GUI,83102001,HM,Overscaled Channel detected at Tag AI_TK_002
4/24/2026 11:42:26 AM,202,Warning,WT8-GUI,83102002,HM,Overscaled Channel detected at Tag AI_TK_029
4/24/2026 11:42:26 AM,202,Warning,WT8-GUI,83102003,HM,Overscaled Channel detected at Tag AI_TK_030
4/24/2026 11:42:26 AM,202,Warning,WT8-GUI,83102004,HM,Overscaled Channel detected at Tag AI_TK_004
4/24/2026 11:42:26 AM,202,Warning,WT8-GUI,83102005,HM,Overscaled Channel detected at Tag AI_TK_005
4/24/2026 11:42:26 AM,202,Warning,WT8-GUI,83102006,HM,Overscaled Channel detected at Tag AI_TK_006
4/24/2026 11:42:26 AM,202,Warning,WT8-GUI,83102007,HM,Overscaled Channel detected at Tag AI_TK_007
4/24/2026 11:42:26 AM,202,Warning,WT8-GUI,83102008,HM,Overscaled Channel detected at Tag AI_TK_008
4/24/2026 11:42:26 AM,202,Warning,WT8-GUI,83102009,HM,Overscaled Channel detected at Tag AI_TT_018
4/24/2026 11:42:26 AM,202,Warning,WT8-GUI,83102010,HM,Overscaled Channel detected at Tag AI_TT_001
4/24/2026 11:42:26 AM,202,Warning,WT8-GUI,83102011,HM,Overscaled Channel detected at Tag AI_TT_019
4/24/2026 11:42:26 AM,202,Warning,WT8-GUI,83102012,HM,Overscaled Channel detected at Tag AI_TT_020
4/24/2026 11:42:26 AM,202,Warning,WT8-GUI,83102013,HM,Overscaled Channel detected at Tag AI_TT_021
4/24/2026 11:42:26 AM,202,Warning,WT8-GUI,83102014,HM,Overscaled Channel detected at Tag AI_TT_022
4/24/2026 11:42:26 AM,202,Warning,WT8-GUI,83102015,HM,Overscaled Channel detected at Tag AI_TT_023
4/24/2026 11:42:26 AM,202,Warning,WT8-GUI,83102016,HM,Overscaled Channel detected at Tag AI_TT_024
4/24/2026 11:42:26 AM,202,Warning,WT8-GUI,83102017,HM,Overscaled Channel detected at Tag AI_TT_025
4/24/2026 11:42:26 AM,202,Warning,WT8-GUI,83102018,HM,Overscaled Channel detected at Tag AI_TT_026
4/24/2026 11:42:26 AM,202,Warning,WT8-GUI,83102019,HM,Overscaled Channel detected at Tag AI_TT_027
4/24/2026 11:42:26 AM,202,Warning,WT8-GUI,83102020,HM,Overscaled Channel detected at Tag AI_TT_028
4/24/2026 11:42:26 AM,202,Warning,WT8-GUI,83102021,HM,Overscaled Channel detected at Tag AI_TT_004
4/24/2026 11:42:26 AM,202,Warning,WT8-GUI,83102022,HM,Overscaled Channel detected at Tag AI_TT_005
4/24/2026 11:42:26 AM,202,Warning,WT8-GUI,83102023,HM,Overscaled Channel detected at Tag AI_TT_006
4/24/2026 11:42:50 AM,0,Debug,WT8-GUI,83102024,BALANCE,"Sent balance command ""SetYaw#0.100000#2.000000""."
4/24/2026 11:42:55 AM,4,Info,WT8-GUI,83102025,DATASTORE,Group 1 Storage Request  Complete
4/24/2026 11:42:58 AM,0,Debug,WT8-GUI,83102026,Custom Init,"NEW DATA FOLDER: C:\Data\_Facility\DE9956_Ohio State University FSAE_aero_2_240426_092310
Use Custom Init: 0
Custom Init: C:\Data\CustomInit\Custom_Init_Template.xls"
4/24/2026 11:42:58 AM,4,Info,WT8-GUI,83102027,DATASTORE,Group 1 ready to store data. Initialization  Complete
4/24/2026 11:42:58 AM,4,Info,WT8-GUI,83102028,DATASTORE,Group 2 ready to store data. Initialization  Complete
4/24/2026 11:42:58 AM,0,Debug,WT8-GUI,83102029,Custom Init,"NEW DATA FOLDER: C:\Data\_Facility\DE9956_Ohio State University FSAE_aero_2_240426_092310
Use Custom Init: 0
Custom Init: C:\Data\CustomInit\Custom_Init_Template.xls"
4/24/2026 11:42:59 AM,6,Info,WT8-GUI,83102030,DATASTORE,DATASTORE Inactive
4/24/2026 11:42:59 AM,2,Info,WT8-GUI,83102031,ADTMGR,ADTMGR entering Idle mode
4/24/2026 11:42:59 AM,0,Debug,WT8-GUI,83102032,"Spawn VI.vi/Ford.TestSLATE.ADTMgr.lvlib:STOPPED FUNCTION.vi/Ford.TestSLATE.ADTMgr.lvlib:Performance Functions.vi
",C:\Program Files\Jacobs\Test SLATE\Ford.TestSLATE.ConvSelectCriteria.llb\Select Convergence Criteria.vi
4/24/2026 11:43:02 AM,4,Info,WT8-GUI,83102033,,Autoconvert of C:\Data\_Facility\DE9956_Ohio State University FSAE_aero_2_240426_092310\D1.dat complete.
4/24/2026 11:43:07 AM,4,Info,WT8-GUI,83102034,,Autoconvert of C:\Data\_Facility\DE9956_Ohio State University FSAE_aero_2_240426_092310\P1.dat complete.
4/24/2026 11:43:10 AM,301005,Warning,WT8-GUI,83102035,OPC,OPC Server Graybox.Simulator.1 on host localhost has not updated data in 140 minute(s).
4/24/2026 11:43:11 AM,4,Info,WT8-GUI,83102036,,Autoconvert of C:\Data\_Facility\DE9956_Ohio State University FSAE_aero_2_240426_092310\C1.dat complete.
4/24/2026 11:43:26 AM,202,Warning,WT8-GUI,83102037,HM,Overscaled Channel detected at Tag AI_Volts_Shunt_001
4/24/2026 11:43:26 AM,202,Warning,WT8-GUI,83102038,HM,Overscaled Channel detected at Tag AI_Volts_Shunt_003
4/24/2026 11:43:26 AM,202,Warning,WT8-GUI,83102039,HM,Overscaled Channel detected at Tag AI_Volts_Shunt_004
4/24/2026 11:43:26 AM,202,Warning,WT8-GUI,83102040,HM,Overscaled Channel detected at Tag AI_Volts_Shunt_000
4/24/2026 11:43:26 AM,202,Warning,WT8-GUI,83102041,HM,Overscaled Channel detected at Tag AI_TK_003
4/24/2026 11:43:26 AM,202,Warning,WT8-GUI,83102042,HM,Overscaled Channel detected at Tag AI_TT_002
4/24/2026 11:43:26 AM,202,Warning,WT8-GUI,83102043,HM,Overscaled Channel detected at Tag AI_TT_029
4/24/2026 11:43:26 AM,202,Warning,WT8-GUI,83102044,HM,Overscaled Channel detected at Tag AI_TT_030
4/24/2026 11:43:26 AM,202,Warning,WT8-GUI,83102045,HM,Overscaled Channel detected at Tag AI_TT_003
4/24/2026 11:43:26 AM,202,Warning,WT8-GUI,83102046,HM,Overscaled Channel detected at Tag AI_TK_000
4/24/2026 11:43:26 AM,202,Warning,WT8-GUI,83102047,HM,Overscaled Channel detected at Tag AI_TK_009
4/24/2026 11:43:26 AM,202,Warning,WT8-GUI,83102048,HM,Overscaled Channel detected at Tag AI_TK_010
4/24/2026 11:43:26 AM,202,Warning,WT8-GUI,83102049,HM,Overscaled Channel detected at Tag AI_TK_011
4/24/2026 11:43:26 AM,202,Warning,WT8-GUI,83102050,HM,Overscaled Channel detected at Tag AI_TK_012
4/24/2026 11:43:26 AM,202,Warning,WT8-GUI,83102051,HM,Overscaled Channel detected at Tag AI_TK_013
4/24/2026 11:43:26 AM,202,Warning,WT8-GUI,83102052,HM,Overscaled Channel detected at Tag AI_TK_014
4/24/2026 11:43:26 AM,202,Warning,WT8-GUI,83102053,HM,Overscaled Channel detected at Tag AI_TK_026
4/24/2026 11:43:26 AM,202,Warning,WT8-GUI,83102054,HM,Overscaled Channel detected at Tag AI_TK_027
4/24/2026 11:43:26 AM,202,Warning,WT8-GUI,83102055,HM,Overscaled Channel detected at Tag AI_TK_028
4/24/2026 11:43:26 AM,202,Warning,WT8-GUI,83102056,HM,Overscaled Channel detected at Tag AI_Volts_Shunt_006
4/24/2026 11:43:26 AM,202,Warning,WT8-GUI,83102057,HM,Overscaled Channel detected at Tag AI_Volts_Shunt_007
4/24/2026 11:43:26 AM,202,Warning,WT8-GUI,83102058,HM,Overscaled Channel detected at Tag AI_Volts_Shunt_008
4/24/2026 11:43:26 AM,202,Warning,WT8-GUI,83102059,HM,Overscaled Channel detected at Tag AI_Volts_Shunt_009
4/24/2026 11:43:26 AM,202,Warning,WT8-GUI,83102060,HM,Overscaled Channel detected at Tag AI_Volts_Shunt_010
4/24/2026 11:43:26 AM,202,Warning,WT8-GUI,83102061,HM,Overscaled Channel detected at Tag AI_Volts_Shunt_011
4/24/2026 11:43:26 AM,202,Warning,WT8-GUI,83102062,HM,Overscaled Channel detected at Tag AI_Volts_Shunt_012
4/24/2026 11:43:26 AM,202,Warning,WT8-GUI,83102063,HM,Overscaled Channel detected at Tag AI_Volts_Shunt_013
4/24/2026 11:43:26 AM,202,Warning,WT8-GUI,83102064,HM,Overscaled Channel detected at Tag AI_Volts_Shunt_014
4/24/2026 11:43:26 AM,202,Warning,WT8-GUI,83102065,HM,Overscaled Channel detected at Tag AI_Volts_Shunt_015
4/24/2026 11:43:26 AM,202,Warning,WT8-GUI,83102066,HM,Overscaled Channel detected at Tag AI_Strain_000
4/24/2026 11:43:26 AM,202,Warning,WT8-GUI,83102067,HM,Overscaled Channel detected at Tag AI_Strain_001
4/24/2026 11:43:26 AM,202,Warning,WT8-GUI,83102068,HM,Overscaled Channel detected at Tag AI_Strain_002
4/24/2026 11:43:26 AM,202,Warning,WT8-GUI,83102069,HM,Overscaled Channel detected at Tag AI_Strain_003
4/24/2026 11:43:26 AM,202,Warning,WT8-GUI,83102070,HM,Overscaled Channel detected at Tag AI_Strain_004
4/24/2026 11:43:26 AM,202,Warning,WT8-GUI,83102071,HM,Overscaled Channel detected at Tag AI_Strain_005
4/24/2026 11:43:26 AM,202,Warning,WT8-GUI,83102072,HM,Overscaled Channel detected at Tag AI_Strain_006
4/24/2026 11:43:26 AM,202,Warning,WT8-GUI,83102073,HM,Overscaled Channel detected at Tag AI_Strain_007
4/24/2026 11:43:26 AM,202,Warning,WT8-GUI,83102074,HM,Overscaled Channel detected at Tag AI_TT_007
4/24/2026 11:43:26 AM,202,Warning,WT8-GUI,83102075,HM,Overscaled Channel detected at Tag AI_TT_008
4/24/2026 11:43:26 AM,202,Warning,WT8-GUI,83102076,HM,Overscaled Channel detected at Tag AI_TK_015
4/24/2026 11:43:26 AM,202,Warning,WT8-GUI,83102077,HM,Overscaled Channel detected at Tag AI_TK_016
4/24/2026 11:43:26 AM,202,Warning,WT8-GUI,83102078,HM,Overscaled Channel detected at Tag AI_TK_017
4/24/2026 11:43:26 AM,202,Warning,WT8-GUI,83102079,HM,Overscaled Channel detected at Tag AI_TK_018
4/24/2026 11:43:26 AM,202,Warning,WT8-GUI,83102080,HM,Overscaled Channel detected at Tag AI_TK_001
4/24/2026 11:43:26 AM,202,Warning,WT8-GUI,83102081,HM,Overscaled Channel detected at Tag AI_TK_019
4/24/2026 11:43:26 AM,202,Warning,WT8-GUI,83102082,HM,Overscaled Channel detected at Tag AI_TK_020
4/24/2026 11:43:26 AM,202,Warning,WT8-GUI,83102083,HM,Overscaled Channel detected at Tag AI_TK_021
4/24/2026 11:43:26 AM,202,Warning,WT8-GUI,83102084,HM,Overscaled Channel detected at Tag AI_TK_022
4/24/2026 11:43:26 AM,202,Warning,WT8-GUI,83102085,HM,Overscaled Channel detected at Tag AI_TK_023
4/24/2026 11:43:26 AM,202,Warning,WT8-GUI,83102086,HM,Overscaled Channel detected at Tag AI_TK_024
4/24/2026 11:43:26 AM,202,Warning,WT8-GUI,83102087,HM,Overscaled Channel detected at Tag AI_TK_025
4/24/2026 11:43:26 AM,202,Warning,WT8-GUI,83102088,HM,Overscaled Channel detected at Tag AI_TT_000
4/24/2026 11:43:26 AM,202,Warning,WT8-GUI,83102089,HM,Overscaled Channel detected at Tag AI_TT_009
4/24/2026 11:43:26 AM,202,Warning,WT8-GUI,83102090,HM,Overscaled Channel detected at Tag AI_TT_010
4/24/2026 11:43:26 AM,202,Warning,WT8-GUI,83102091,HM,Overscaled Channel detected at Tag AI_TT_011
4/24/2026 11:43:26 AM,202,Warning,WT8-GUI,83102092,HM,Overscaled Channel detected at Tag AI_TT_012
4/24/2026 11:43:26 AM,202,Warning,WT8-GUI,83102093,HM,Overscaled Channel detected at Tag AI_TT_013
4/24/2026 11:43:26 AM,202,Warning,WT8-GUI,83102094,HM,Overscaled Channel detected at Tag AI_TT_014
4/24/2026 11:43:26 AM,202,Warning,WT8-GUI,83102095,HM,Overscaled Channel detected at Tag AI_TT_015
4/24/2026 11:43:26 AM,202,Warning,WT8-GUI,83102096,HM,Overscaled Channel detected at Tag AI_TT_016
4/24/2026 11:43:26 AM,202,Warning,WT8-GUI,83102097,HM,Overscaled Channel detected at Tag AI_TT_017
4/24/2026 11:43:26 AM,202,Warning,WT8-GUI,83102098,HM,Overscaled Channel detected at Tag AI_TK_002
4/24/2026 11:43:26 AM,202,Warning,WT8-GUI,83102099,HM,Overscaled Channel detected at Tag AI_TK_029
4/24/2026 11:43:26 AM,202,Warning,WT8-GUI,83102100,HM,Overscaled Channel detected at Tag AI_TK_030
4/24/2026 11:43:26 AM,202,Warning,WT8-GUI,83102101,HM,Overscaled Channel detected at Tag AI_TK_004
4/24/2026 11:43:26 AM,202,Warning,WT8-GUI,83102102,HM,Overscaled Channel detected at Tag AI_TK_005
4/24/2026 11:43:26 AM,202,Warning,WT8-GUI,83102103,HM,Overscaled Channel detected at Tag AI_TK_006
4/24/2026 11:43:26 AM,202,Warning,WT8-GUI,83102104,HM,Overscaled Channel detected at Tag AI_TK_007
4/24/2026 11:43:26 AM,202,Warning,WT8-GUI,83102105,HM,Overscaled Channel detected at Tag AI_TK_008
4/24/2026 11:43:26 AM,202,Warning,WT8-GUI,83102106,HM,Overscaled Channel detected at Tag AI_TT_018
4/24/2026 11:43:26 AM,202,Warning,WT8-GUI,83102107,HM,Overscaled Channel detected at Tag AI_TT_001
4/24/2026 11:43:26 AM,202,Warning,WT8-GUI,83102108,HM,Overscaled Channel detected at Tag AI_TT_019
4/24/2026 11:43:26 AM,202,Warning,WT8-GUI,83102109,HM,Overscaled Channel detected at Tag AI_TT_020
4/24/2026 11:43:26 AM,202,Warning,WT8-GUI,83102110,HM,Overscaled Channel detected at Tag AI_TT_021
4/24/2026 11:43:26 AM,202,Warning,WT8-GUI,83102111,HM,Overscaled Channel detected at Tag AI_TT_022
4/24/2026 11:43:26 AM,202,Warning,WT8-GUI,83102112,HM,Overscaled Channel detected at Tag AI_TT_023
4/24/2026 11:43:26 AM,202,Warning,WT8-GUI,83102113,HM,Overscaled Channel detected at Tag AI_TT_024
4/24/2026 11:43:26 AM,202,Warning,WT8-GUI,83102114,HM,Overscaled Channel detected at Tag AI_TT_025
4/24/2026 11:43:26 AM,202,Warning,WT8-GUI,83102115,HM,Overscaled Channel detected at Tag AI_TT_026
4/24/2026 11:43:26 AM,202,Warning,WT8-GUI,83102116,HM,Overscaled Channel detected at Tag AI_TT_027
4/24/2026 11:43:26 AM,202,Warning,WT8-GUI,83102117,HM,Overscaled Channel detected at Tag AI_TT_028
4/24/2026 11:43:26 AM,202,Warning,WT8-GUI,83102118,HM,Overscaled Channel detected at Tag AI_TT_004
4/24/2026 11:43:26 AM,202,Warning,WT8-GUI,83102119,HM,Overscaled Channel detected at Tag AI_TT_005
4/24/2026 11:43:26 AM,202,Warning,WT8-GUI,83102120,HM,Overscaled Channel detected at Tag AI_TT_006
4/24/2026 11:44:10 AM,301005,Warning,WT8-GUI,83102121,OPC,OPC Server Graybox.Simulator.1 on host localhost has not updated data in 141 minute(s).
4/24/2026 11:44:26 AM,202,Warning,WT8-GUI,83102122,HM,Overscaled Channel detected at Tag AI_Volts_Shunt_001
4/24/2026 11:44:26 AM,202,Warning,WT8-GUI,83102123,HM,Overscaled Channel detected at Tag AI_Volts_Shunt_003
4/24/2026 11:44:26 AM,202,Warning,WT8-GUI,83102124,HM,Overscaled Channel detected at Tag AI_Volts_Shunt_004
4/24/2026 11:44:26 AM,202,Warning,WT8-GUI,83102125,HM,Overscaled Channel detected at Tag AI_Volts_Shunt_000
4/24/2026 11:44:26 AM,202,Warning,WT8-GUI,83102126,HM,Overscaled Channel detected at Tag AI_TK_003
4/24/2026 11:44:26 AM,202,Warning,WT8-GUI,83102127,HM,Overscaled Channel detected at Tag AI_TT_002
4/24/2026 11:44:26 AM,202,Warning,WT8-GUI,83102128,HM,Overscaled Channel detected at Tag AI_TT_029
4/24/2026 11:44:26 AM,202,Warning,WT8-GUI,83102129,HM,Overscaled Channel detected at Tag AI_TT_030
4/24/2026 11:44:26 AM,202,Warning,WT8-GUI,83102130,HM,Overscaled Channel detected at Tag AI_TT_003
4/24/2026 11:44:26 AM,202,Warning,WT8-GUI,83102131,HM,Overscaled Channel detected at Tag AI_TK_000
4/24/2026 11:44:26 AM,202,Warning,WT8-GUI,83102132,HM,Overscaled Channel detected at Tag AI_TK_009
4/24/2026 11:44:26 AM,202,Warning,WT8-GUI,83102133,HM,Overscaled Channel detected at Tag AI_TK_010
4/24/2026 11:44:26 AM,202,Warning,WT8-GUI,83102134,HM,Overscaled Channel detected at Tag AI_TK_011
4/24/2026 11:44:26 AM,202,Warning,WT8-GUI,83102135,HM,Overscaled Channel detected at Tag AI_TK_012
4/24/2026 11:44:26 AM,202,Warning,WT8-GUI,83102136,HM,Overscaled Channel detected at Tag AI_TK_013
4/24/2026 11:44:26 AM,202,Warning,WT8-GUI,83102137,HM,Overscaled Channel detected at Tag AI_TK_014
4/24/2026 11:44:26 AM,202,Warning,WT8-GUI,83102138,HM,Overscaled Channel detected at Tag AI_TK_026
4/24/2026 11:44:26 AM,202,Warning,WT8-GUI,83102139,HM,Overscaled Channel detected at Tag AI_TK_027
4/24/2026 11:44:26 AM,202,Warning,WT8-GUI,83102140,HM,Overscaled Channel detected at Tag AI_TK_028
4/24/2026 11:44:26 AM,202,Warning,WT8-GUI,83102141,HM,Overscaled Channel detected at Tag AI_Strain_000
4/24/2026 11:44:26 AM,202,Warning,WT8-GUI,83102142,HM,Overscaled Channel detected at Tag AI_Strain_001
4/24/2026 11:44:26 AM,202,Warning,WT8-GUI,83102143,HM,Overscaled Channel detected at Tag AI_Strain_002
4/24/2026 11:44:26 AM,202,Warning,WT8-GUI,83102144,HM,Overscaled Channel detected at Tag AI_Strain_003
4/24/2026 11:44:26 AM,202,Warning,WT8-GUI,83102145,HM,Overscaled Channel detected at Tag AI_Strain_004
4/24/2026 11:44:26 AM,202,Warning,WT8-GUI,83102146,HM,Overscaled Channel detected at Tag AI_Strain_005
4/24/2026 11:44:26 AM,202,Warning,WT8-GUI,83102147,HM,Overscaled Channel detected at Tag AI_Strain_006
4/24/2026 11:44:26 AM,202,Warning,WT8-GUI,83102148,HM,Overscaled Channel detected at Tag AI_Strain_007
4/24/2026 11:44:26 AM,202,Warning,WT8-GUI,83102149,HM,Overscaled Channel detected at Tag AI_TT_007
4/24/2026 11:44:26 AM,202,Warning,WT8-GUI,83102150,HM,Overscaled Channel detected at Tag AI_Volts_Shunt_006
4/24/2026 11:44:26 AM,202,Warning,WT8-GUI,83102151,HM,Overscaled Channel detected at Tag AI_Volts_Shunt_007
4/24/2026 11:44:26 AM,202,Warning,WT8-GUI,83102152,HM,Overscaled Channel detected at Tag AI_Volts_Shunt_008
4/24/2026 11:44:26 AM,202,Warning,WT8-GUI,83102153,HM,Overscaled Channel detected at Tag AI_Volts_Shunt_009
4/24/2026 11:44:26 AM,202,Warning,WT8-GUI,83102154,HM,Overscaled Channel detected at Tag AI_Volts_Shunt_010
4/24/2026 11:44:26 AM,202,Warning,WT8-GUI,83102155,HM,Overscaled Channel detected at Tag AI_Volts_Shunt_011
4/24/2026 11:44:26 AM,202,Warning,WT8-GUI,83102156,HM,Overscaled Channel detected at Tag AI_Volts_Shunt_012
4/24/2026 11:44:26 AM,202,Warning,WT8-GUI,83102157,HM,Overscaled Channel detected at Tag AI_Volts_Shunt_013
4/24/2026 11:44:26 AM,202,Warning,WT8-GUI,83102158,HM,Overscaled Channel detected at Tag AI_Volts_Shunt_014
4/24/2026 11:44:26 AM,202,Warning,WT8-GUI,83102159,HM,Overscaled Channel detected at Tag AI_Volts_Shunt_015
4/24/2026 11:44:26 AM,202,Warning,WT8-GUI,83102160,HM,Overscaled Channel detected at Tag AI_TT_008
4/24/2026 11:44:26 AM,202,Warning,WT8-GUI,83102161,HM,Overscaled Channel detected at Tag AI_TK_015
4/24/2026 11:44:26 AM,202,Warning,WT8-GUI,83102162,HM,Overscaled Channel detected at Tag AI_TK_016
4/24/2026 11:44:26 AM,202,Warning,WT8-GUI,83102163,HM,Overscaled Channel detected at Tag AI_TK_017
4/24/2026 11:44:26 AM,202,Warning,WT8-GUI,83102164,HM,Overscaled Channel detected at Tag AI_TK_018
4/24/2026 11:44:26 AM,202,Warning,WT8-GUI,83102165,HM,Overscaled Channel detected at Tag AI_TK_001
4/24/2026 11:44:26 AM,202,Warning,WT8-GUI,83102166,HM,Overscaled Channel detected at Tag AI_TK_019
4/24/2026 11:44:26 AM,202,Warning,WT8-GUI,83102167,HM,Overscaled Channel detected at Tag AI_TK_020
4/24/2026 11:44:26 AM,202,Warning,WT8-GUI,83102168,HM,Overscaled Channel detected at Tag AI_TK_021
4/24/2026 11:44:26 AM,202,Warning,WT8-GUI,83102169,HM,Overscaled Channel detected at Tag AI_TK_022
4/24/2026 11:44:26 AM,202,Warning,WT8-GUI,83102170,HM,Overscaled Channel detected at Tag AI_TK_023
4/24/2026 11:44:26 AM,202,Warning,WT8-GUI,83102171,HM,Overscaled Channel detected at Tag AI_TK_024
4/24/2026 11:44:26 AM,202,Warning,WT8-GUI,83102172,HM,Overscaled Channel detected at Tag AI_TK_025
4/24/2026 11:44:26 AM,202,Warning,WT8-GUI,83102173,HM,Overscaled Channel detected at Tag AI_TT_000
4/24/2026 11:44:26 AM,202,Warning,WT8-GUI,83102174,HM,Overscaled Channel detected at Tag AI_TT_009
4/24/2026 11:44:26 AM,202,Warning,WT8-GUI,83102175,HM,Overscaled Channel detected at Tag AI_TT_010
4/24/2026 11:44:26 AM,202,Warning,WT8-GUI,83102176,HM,Overscaled Channel detected at Tag AI_TT_011
4/24/2026 11:44:26 AM,202,Warning,WT8-GUI,83102177,HM,Overscaled Channel detected at Tag AI_TT_012
4/24/2026 11:44:26 AM,202,Warning,WT8-GUI,83102178,HM,Overscaled Channel detected at Tag AI_TT_013
4/24/2026 11:44:26 AM,202,Warning,WT8-GUI,83102179,HM,Overscaled Channel detected at Tag AI_TT_014
4/24/2026 11:44:26 AM,202,Warning,WT8-GUI,83102180,HM,Overscaled Channel detected at Tag AI_TT_015
4/24/2026 11:44:26 AM,202,Warning,WT8-GUI,83102181,HM,Overscaled Channel detected at Tag AI_TT_016
4/24/2026 11:44:26 AM,202,Warning,WT8-GUI,83102182,HM,Overscaled Channel detected at Tag AI_TT_017
4/24/2026 11:44:26 AM,202,Warning,WT8-GUI,83102183,HM,Overscaled Channel detected at Tag AI_TK_002
4/24/2026 11:44:26 AM,202,Warning,WT8-GUI,83102184,HM,Overscaled Channel detected at Tag AI_TK_029
4/24/2026 11:44:26 AM,202,Warning,WT8-GUI,83102185,HM,Overscaled Channel detected at Tag AI_TK_030
4/24/2026 11:44:26 AM,202,Warning,WT8-GUI,83102186,HM,Overscaled Channel detected at Tag AI_TK_004
4/24/2026 11:44:26 AM,202,Warning,WT8-GUI,83102187,HM,Overscaled Channel detected at Tag AI_TK_005
4/24/2026 11:44:26 AM,202,Warning,WT8-GUI,83102188,HM,Overscaled Channel detected at Tag AI_TK_006
4/24/2026 11:44:26 AM,202,Warning,WT8-GUI,83102189,HM,Overscaled Channel detected at Tag AI_TK_007
4/24/2026 11:44:26 AM,202,Warning,WT8-GUI,83102190,HM,Overscaled Channel detected at Tag AI_TK_008
4/24/2026 11:44:26 AM,202,Warning,WT8-GUI,83102191,HM,Overscaled Channel detected at Tag AI_TT_018
4/24/2026 11:44:26 AM,202,Warning,WT8-GUI,83102192,HM,Overscaled Channel detected at Tag AI_TT_001
4/24/2026 11:44:26 AM,202,Warning,WT8-GUI,83102193,HM,Overscaled Channel detected at Tag AI_TT_019
4/24/2026 11:44:26 AM,202,Warning,WT8-GUI,83102194,HM,Overscaled Channel detected at Tag AI_TT_020
4/24/2026 11:44:26 AM,202,Warning,WT8-GUI,83102195,HM,Overscaled Channel detected at Tag AI_TT_021
4/24/2026 11:44:26 AM,202,Warning,WT8-GUI,83102196,HM,Overscaled Channel detected at Tag AI_TT_022
4/24/2026 11:44:26 AM,202,Warning,WT8-GUI,83102197,HM,Overscaled Channel detected at Tag AI_TT_023
4/24/2026 11:44:26 AM,202,Warning,WT8-GUI,83102198,HM,Overscaled Channel detected at Tag AI_TT_024
4/24/2026 11:44:26 AM,202,Warning,WT8-GUI,83102199,HM,Overscaled Channel detected at Tag AI_TT_025
4/24/2026 11:44:26 AM,202,Warning,WT8-GUI,83102200,HM,Overscaled Channel detected at Tag AI_TT_026
4/24/2026 11:44:26 AM,202,Warning,WT8-GUI,83102201,HM,Overscaled Channel detected at Tag AI_TT_027
4/24/2026 11:44:26 AM,202,Warning,WT8-GUI,83102202,HM,Overscaled Channel detected at Tag AI_TT_028
4/24/2026 11:44:26 AM,202,Warning,WT8-GUI,83102203,HM,Overscaled Channel detected at Tag AI_TT_004
4/24/2026 11:44:26 AM,202,Warning,WT8-GUI,83102204,HM,Overscaled Channel detected at Tag AI_TT_005
4/24/2026 11:44:26 AM,202,Warning,WT8-GUI,83102205,HM,Overscaled Channel detected at Tag AI_TT_006
4/24/2026 11:45:10 AM,301005,Warning,WT8-GUI,83102206,OPC,OPC Server Graybox.Simulator.1 on host localhost has not updated data in 142 minute(s).
4/24/2026 11:45:26 AM,202,Warning,WT8-GUI,83102207,HM,Overscaled Channel detected at Tag AI_Volts_Shunt_001
4/24/2026 11:45:26 AM,202,Warning,WT8-GUI,83102208,HM,Overscaled Channel detected at Tag AI_Volts_Shunt_003
4/24/2026 11:45:26 AM,202,Warning,WT8-GUI,83102209,HM,Overscaled Channel detected at Tag AI_Volts_Shunt_004
4/24/2026 11:45:26 AM,202,Warning,WT8-GUI,83102210,HM,Overscaled Channel detected at Tag AI_Volts_Shunt_000
4/24/2026 11:45:26 AM,202,Warning,WT8-GUI,83102211,HM,Overscaled Channel detected at Tag AI_TK_003
4/24/2026 11:45:26 AM,202,Warning,WT8-GUI,83102212,HM,Overscaled Channel detected at Tag AI_TT_002
4/24/2026 11:45:26 AM,202,Warning,WT8-GUI,83102213,HM,Overscaled Channel detected at Tag AI_TT_029
4/24/2026 11:45:26 AM,202,Warning,WT8-GUI,83102214,HM,Overscaled Channel detected at Tag AI_TT_030
4/24/2026 11:45:26 AM,202,Warning,WT8-GUI,83102215,HM,Overscaled Channel detected at Tag AI_TT_003
4/24/2026 11:45:26 AM,202,Warning,WT8-GUI,83102216,HM,Overscaled Channel detected at Tag AI_TK_026
4/24/2026 11:45:26 AM,202,Warning,WT8-GUI,83102217,HM,Overscaled Channel detected at Tag AI_TK_027
4/24/2026 11:45:26 AM,202,Warning,WT8-GUI,83102218,HM,Overscaled Channel detected at Tag AI_TK_028
4/24/2026 11:45:26 AM,202,Warning,WT8-GUI,83102219,HM,Overscaled Channel detected at Tag AI_TT_007
4/24/2026 11:45:26 AM,202,Warning,WT8-GUI,83102220,HM,Overscaled Channel detected at Tag AI_TK_000
4/24/2026 11:45:26 AM,202,Warning,WT8-GUI,83102221,HM,Overscaled Channel detected at Tag AI_TK_009
4/24/2026 11:45:26 AM,202,Warning,WT8-GUI,83102222,HM,Overscaled Channel detected at Tag AI_TK_010
4/24/2026 11:45:26 AM,202,Warning,WT8-GUI,83102223,HM,Overscaled Channel detected at Tag AI_TK_011
4/24/2026 11:45:26 AM,202,Warning,WT8-GUI,83102224,HM,Overscaled Channel detected at Tag AI_TK_012
4/24/2026 11:45:26 AM,202,Warning,WT8-GUI,83102225,HM,Overscaled Channel detected at Tag AI_TK_013
4/24/2026 11:45:26 AM,202,Warning,WT8-GUI,83102226,HM,Overscaled Channel detected at Tag AI_TK_014
4/24/2026 11:45:26 AM,202,Warning,WT8-GUI,83102227,HM,Overscaled Channel detected at Tag AI_Strain_000
4/24/2026 11:45:26 AM,202,Warning,WT8-GUI,83102228,HM,Overscaled Channel detected at Tag AI_Strain_001
4/24/2026 11:45:26 AM,202,Warning,WT8-GUI,83102229,HM,Overscaled Channel detected at Tag AI_Strain_002
4/24/2026 11:45:26 AM,202,Warning,WT8-GUI,83102230,HM,Overscaled Channel detected at Tag AI_Strain_003
4/24/2026 11:45:26 AM,202,Warning,WT8-GUI,83102231,HM,Overscaled Channel detected at Tag AI_Strain_004
4/24/2026 11:45:26 AM,202,Warning,WT8-GUI,83102232,HM,Overscaled Channel detected at Tag AI_Strain_005
4/24/2026 11:45:26 AM,202,Warning,WT8-GUI,83102233,HM,Overscaled Channel detected at Tag AI_Strain_006
4/24/2026 11:45:26 AM,202,Warning,WT8-GUI,83102234,HM,Overscaled Channel detected at Tag AI_Strain_007
4/24/2026 11:45:26 AM,202,Warning,WT8-GUI,83102235,HM,Overscaled Channel detected at Tag AI_Volts_Shunt_006
4/24/2026 11:45:26 AM,202,Warning,WT8-GUI,83102236,HM,Overscaled Channel detected at Tag AI_Volts_Shunt_007
4/24/2026 11:45:26 AM,202,Warning,WT8-GUI,83102237,HM,Overscaled Channel detected at Tag AI_Volts_Shunt_008
4/24/2026 11:45:26 AM,202,Warning,WT8-GUI,83102238,HM,Overscaled Channel detected at Tag AI_Volts_Shunt_009
4/24/2026 11:45:26 AM,202,Warning,WT8-GUI,83102239,HM,Overscaled Channel detected at Tag AI_Volts_Shunt_010
4/24/2026 11:45:26 AM,202,Warning,WT8-GUI,83102240,HM,Overscaled Channel detected at Tag AI_Volts_Shunt_011
4/24/2026 11:45:26 AM,202,Warning,WT8-GUI,83102241,HM,Overscaled Channel detected at Tag AI_Volts_Shunt_012
4/24/2026 11:45:26 AM,202,Warning,WT8-GUI,83102242,HM,Overscaled Channel detected at Tag AI_Volts_Shunt_013
4/24/2026 11:45:26 AM,202,Warning,WT8-GUI,83102243,HM,Overscaled Channel detected at Tag AI_Volts_Shunt_014
4/24/2026 11:45:26 AM,202,Warning,WT8-GUI,83102244,HM,Overscaled Channel detected at Tag AI_Volts_Shunt_015
4/24/2026 11:45:26 AM,202,Warning,WT8-GUI,83102245,HM,Overscaled Channel detected at Tag AI_TT_008
4/24/2026 11:45:26 AM,202,Warning,WT8-GUI,83102246,HM,Overscaled Channel detected at Tag AI_TK_015
4/24/2026 11:45:26 AM,202,Warning,WT8-GUI,83102247,HM,Overscaled Channel detected at Tag AI_TK_016
4/24/2026 11:45:26 AM,202,Warning,WT8-GUI,83102248,HM,Overscaled Channel detected at Tag AI_TK_017
4/24/2026 11:45:26 AM,202,Warning,WT8-GUI,83102249,HM,Overscaled Channel detected at Tag AI_TK_018
4/24/2026 11:45:26 AM,202,Warning,WT8-GUI,83102250,HM,Overscaled Channel detected at Tag AI_TK_001
4/24/2026 11:45:26 AM,202,Warning,WT8-GUI,83102251,HM,Overscaled Channel detected at Tag AI_TK_019
4/24/2026 11:45:26 AM,202,Warning,WT8-GUI,83102252,HM,Overscaled Channel detected at Tag AI_TK_020
4/24/2026 11:45:26 AM,202,Warning,WT8-GUI,83102253,HM,Overscaled Channel detected at Tag AI_TK_021
4/24/2026 11:45:26 AM,202,Warning,WT8-GUI,83102254,HM,Overscaled Channel detected at Tag AI_TK_022
4/24/2026 11:45:26 AM,202,Warning,WT8-GUI,83102255,HM,Overscaled Channel detected at Tag AI_TK_023
4/24/2026 11:45:26 AM,202,Warning,WT8-GUI,83102256,HM,Overscaled Channel detected at Tag AI_TK_024
4/24/2026 11:45:26 AM,202,Warning,WT8-GUI,83102257,HM,Overscaled Channel detected at Tag AI_TK_025
4/24/2026 11:45:26 AM,202,Warning,WT8-GUI,83102258,HM,Overscaled Channel detected at Tag AI_TT_000
4/24/2026 11:45:26 AM,202,Warning,WT8-GUI,83102259,HM,Overscaled Channel detected at Tag AI_TT_009
4/24/2026 11:45:26 AM,202,Warning,WT8-GUI,83102260,HM,Overscaled Channel detected at Tag AI_TT_010
4/24/2026 11:45:26 AM,202,Warning,WT8-GUI,83102261,HM,Overscaled Channel detected at Tag AI_TT_011
4/24/2026 11:45:26 AM,202,Warning,WT8-GUI,83102262,HM,Overscaled Channel detected at Tag AI_TT_012
4/24/2026 11:45:26 AM,202,Warning,WT8-GUI,83102263,HM,Overscaled Channel detected at Tag AI_TT_013
4/24/2026 11:45:26 AM,202,Warning,WT8-GUI,83102264,HM,Overscaled Channel detected at Tag AI_TT_014
4/24/2026 11:45:26 AM,202,Warning,WT8-GUI,83102265,HM,Overscaled Channel detected at Tag AI_TT_015
4/24/2026 11:45:26 AM,202,Warning,WT8-GUI,83102266,HM,Overscaled Channel detected at Tag AI_TT_016
4/24/2026 11:45:26 AM,202,Warning,WT8-GUI,83102267,HM,Overscaled Channel detected at Tag AI_TT_017
4/24/2026 11:45:26 AM,202,Warning,WT8-GUI,83102268,HM,Overscaled Channel detected at Tag AI_TK_002
4/24/2026 11:45:26 AM,202,Warning,WT8-GUI,83102269,HM,Overscaled Channel detected at Tag AI_TK_029
4/24/2026 11:45:26 AM,202,Warning,WT8-GUI,83102270,HM,Overscaled Channel detected at Tag AI_TK_030
4/24/2026 11:45:26 AM,202,Warning,WT8-GUI,83102271,HM,Overscaled Channel detected at Tag AI_TK_004
4/24/2026 11:45:26 AM,202,Warning,WT8-GUI,83102272,HM,Overscaled Channel detected at Tag AI_TK_005
4/24/2026 11:45:26 AM,202,Warning,WT8-GUI,83102273,HM,Overscaled Channel detected at Tag AI_TK_006
4/24/2026 11:45:26 AM,202,Warning,WT8-GUI,83102274,HM,Overscaled Channel detected at Tag AI_TK_007
4/24/2026 11:45:26 AM,202,Warning,WT8-GUI,83102275,HM,Overscaled Channel detected at Tag AI_TK_008
4/24/2026 11:45:26 AM,202,Warning,WT8-GUI,83102276,HM,Overscaled Channel detected at Tag AI_TT_018
4/24/2026 11:45:26 AM,202,Warning,WT8-GUI,83102277,HM,Overscaled Channel detected at Tag AI_TT_001
4/24/2026 11:45:26 AM,202,Warning,WT8-GUI,83102278,HM,Overscaled Channel detected at Tag AI_TT_019
4/24/2026 11:45:26 AM,202,Warning,WT8-GUI,83102279,HM,Overscaled Channel detected at Tag AI_TT_020
4/24/2026 11:45:26 AM,202,Warning,WT8-GUI,83102280,HM,Overscaled Channel detected at Tag AI_TT_021
4/24/2026 11:45:26 AM,202,Warning,WT8-GUI,83102281,HM,Overscaled Channel detected at Tag AI_TT_022
4/24/2026 11:45:26 AM,202,Warning,WT8-GUI,83102282,HM,Overscaled Channel detected at Tag AI_TT_023
4/24/2026 11:45:26 AM,202,Warning,WT8-GUI,83102283,HM,Overscaled Channel detected at Tag AI_TT_024
4/24/2026 11:45:26 AM,202,Warning,WT8-GUI,83102284,HM,Overscaled Channel detected at Tag AI_TT_025
4/24/2026 11:45:26 AM,202,Warning,WT8-GUI,83102285,HM,Overscaled Channel detected at Tag AI_TT_026
4/24/2026 11:45:26 AM,202,Warning,WT8-GUI,83102286,HM,Overscaled Channel detected at Tag AI_TT_027
4/24/2026 11:45:26 AM,202,Warning,WT8-GUI,83102287,HM,Overscaled Channel detected at Tag AI_TT_028
4/24/2026 11:45:26 AM,202,Warning,WT8-GUI,83102288,HM,Overscaled Channel detected at Tag AI_TT_004
4/24/2026 11:45:26 AM,202,Warning,WT8-GUI,83102289,HM,Overscaled Channel detected at Tag AI_TT_005
4/24/2026 11:45:26 AM,202,Warning,WT8-GUI,83102290,HM,Overscaled Channel detected at Tag AI_TT_006
4/24/2026 11:46:10 AM,301005,Warning,WT8-GUI,83102291,OPC,OPC Server Graybox.Simulator.1 on host localhost has not updated data in 143 minute(s).
4/24/2026 11:46:26 AM,202,Warning,WT8-GUI,83102292,HM,Overscaled Channel detected at Tag AI_Volts_Shunt_001
4/24/2026 11:46:26 AM,202,Warning,WT8-GUI,83102293,HM,Overscaled Channel detected at Tag AI_Volts_Shunt_003
4/24/2026 11:46:26 AM,202,Warning,WT8-GUI,83102294,HM,Overscaled Channel detected at Tag AI_Volts_Shunt_004
4/24/2026 11:46:26 AM,202,Warning,WT8-GUI,83102295,HM,Overscaled Channel detected at Tag AI_Volts_Shunt_000
4/24/2026 11:46:26 AM,202,Warning,WT8-GUI,83102296,HM,Overscaled Channel detected at Tag AI_TK_003
4/24/2026 11:46:26 AM,202,Warning,WT8-GUI,83102297,HM,Overscaled Channel detected at Tag AI_TT_002
4/24/2026 11:46:26 AM,202,Warning,WT8-GUI,83102298,HM,Overscaled Channel detected at Tag AI_TT_029
4/24/2026 11:46:26 AM,202,Warning,WT8-GUI,83102299,HM,Overscaled Channel detected at Tag AI_TT_030
4/24/2026 11:46:26 AM,202,Warning,WT8-GUI,83102300,HM,Overscaled Channel detected at Tag AI_TT_003
4/24/2026 11:46:26 AM,202,Warning,WT8-GUI,83102301,HM,Overscaled Channel detected at Tag AI_TK_009
4/24/2026 11:46:26 AM,202,Warning,WT8-GUI,83102302,HM,Overscaled Channel detected at Tag AI_TK_010
4/24/2026 11:46:26 AM,202,Warning,WT8-GUI,83102303,HM,Overscaled Channel detected at Tag AI_TK_011
4/24/2026 11:46:26 AM,202,Warning,WT8-GUI,83102304,HM,Overscaled Channel detected at Tag AI_TK_012
4/24/2026 11:46:26 AM,202,Warning,WT8-GUI,83102305,HM,Overscaled Channel detected at Tag AI_TK_013
4/24/2026 11:46:26 AM,202,Warning,WT8-GUI,83102306,HM,Overscaled Channel detected at Tag AI_TK_014
4/24/2026 11:46:26 AM,202,Warning,WT8-GUI,83102307,HM,Overscaled Channel detected at Tag AI_TK_026
4/24/2026 11:46:26 AM,202,Warning,WT8-GUI,83102308,HM,Overscaled Channel detected at Tag AI_TK_027
4/24/2026 11:46:26 AM,202,Warning,WT8-GUI,83102309,HM,Overscaled Channel detected at Tag AI_TK_028
4/24/2026 11:46:26 AM,202,Warning,WT8-GUI,83102310,HM,Overscaled Channel detected at Tag AI_TT_007
4/24/2026 11:46:26 AM,202,Warning,WT8-GUI,83102311,HM,Overscaled Channel detected at Tag AI_TK_000
4/24/2026 11:46:26 AM,202,Warning,WT8-GUI,83102312,HM,Overscaled Channel detected at Tag AI_Volts_Shunt_006
4/24/2026 11:46:26 AM,202,Warning,WT8-GUI,83102313,HM,Overscaled Channel detected at Tag AI_Volts_Shunt_007
4/24/2026 11:46:26 AM,202,Warning,WT8-GUI,83102314,HM,Overscaled Channel detected at Tag AI_Volts_Shunt_008
4/24/2026 11:46:26 AM,202,Warning,WT8-GUI,83102315,HM,Overscaled Channel detected at Tag AI_Volts_Shunt_009
4/24/2026 11:46:26 AM,202,Warning,WT8-GUI,83102316,HM,Overscaled Channel detected at Tag AI_Volts_Shunt_010
4/24/2026 11:46:26 AM,202,Warning,WT8-GUI,83102317,HM,Overscaled Channel detected at Tag AI_Volts_Shunt_011
4/24/2026 11:46:26 AM,202,Warning,WT8-GUI,83102318,HM,Overscaled Channel detected at Tag AI_Volts_Shunt_012
4/24/2026 11:46:26 AM,202,Warning,WT8-GUI,83102319,HM,Overscaled Channel detected at Tag AI_Volts_Shunt_013
4/24/2026 11:46:26 AM,202,Warning,WT8-GUI,83102320,HM,Overscaled Channel detected at Tag AI_Volts_Shunt_014
4/24/2026 11:46:26 AM,202,Warning,WT8-GUI,83102321,HM,Overscaled Channel detected at Tag AI_Volts_Shunt_015
4/24/2026 11:46:26 AM,202,Warning,WT8-GUI,83102322,HM,Overscaled Channel detected at Tag AI_Strain_000
4/24/2026 11:46:26 AM,202,Warning,WT8-GUI,83102323,HM,Overscaled Channel detected at Tag AI_Strain_001
4/24/2026 11:46:26 AM,202,Warning,WT8-GUI,83102324,HM,Overscaled Channel detected at Tag AI_Strain_002
4/24/2026 11:46:26 AM,202,Warning,WT8-GUI,83102325,HM,Overscaled Channel detected at Tag AI_Strain_003
4/24/2026 11:46:26 AM,202,Warning,WT8-GUI,83102326,HM,Overscaled Channel detected at Tag AI_Strain_004
4/24/2026 11:46:26 AM,202,Warning,WT8-GUI,83102327,HM,Overscaled Channel detected at Tag AI_Strain_005
4/24/2026 11:46:26 AM,202,Warning,WT8-GUI,83102328,HM,Overscaled Channel detected at Tag AI_Strain_006
4/24/2026 11:46:26 AM,202,Warning,WT8-GUI,83102329,HM,Overscaled Channel detected at Tag AI_Strain_007
4/24/2026 11:46:26 AM,202,Warning,WT8-GUI,83102330,HM,Overscaled Channel detected at Tag AI_TT_008
4/24/2026 11:46:26 AM,202,Warning,WT8-GUI,83102331,HM,Overscaled Channel detected at Tag AI_TK_015
4/24/2026 11:46:26 AM,202,Warning,WT8-GUI,83102332,HM,Overscaled Channel detected at Tag AI_TK_016
4/24/2026 11:46:26 AM,202,Warning,WT8-GUI,83102333,HM,Overscaled Channel detected at Tag AI_TK_017
4/24/2026 11:46:26 AM,202,Warning,WT8-GUI,83102334,HM,Overscaled Channel detected at Tag AI_TK_018
4/24/2026 11:46:26 AM,202,Warning,WT8-GUI,83102335,HM,Overscaled Channel detected at Tag AI_TK_001
4/24/2026 11:46:26 AM,202,Warning,WT8-GUI,83102336,HM,Overscaled Channel detected at Tag AI_TK_019
4/24/2026 11:46:26 AM,202,Warning,WT8-GUI,83102337,HM,Overscaled Channel detected at Tag AI_TK_020
4/24/2026 11:46:26 AM,202,Warning,WT8-GUI,83102338,HM,Overscaled Channel detected at Tag AI_TK_021
4/24/2026 11:46:26 AM,202,Warning,WT8-GUI,83102339,HM,Overscaled Channel detected at Tag AI_TK_022
4/24/2026 11:46:26 AM,202,Warning,WT8-GUI,83102340,HM,Overscaled Channel detected at Tag AI_TK_023
4/24/2026 11:46:26 AM,202,Warning,WT8-GUI,83102341,HM,Overscaled Channel detected at Tag AI_TK_024
4/24/2026 11:46:26 AM,202,Warning,WT8-GUI,83102342,HM,Overscaled Channel detected at Tag AI_TK_025
4/24/2026 11:46:26 AM,202,Warning,WT8-GUI,83102343,HM,Overscaled Channel detected at Tag AI_TT_000
4/24/2026 11:46:26 AM,202,Warning,WT8-GUI,83102344,HM,Overscaled Channel detected at Tag AI_TT_009
4/24/2026 11:46:26 AM,202,Warning,WT8-GUI,83102345,HM,Overscaled Channel detected at Tag AI_TT_010
4/24/2026 11:46:26 AM,202,Warning,WT8-GUI,83102346,HM,Overscaled Channel detected at Tag AI_TT_011
4/24/2026 11:46:26 AM,202,Warning,WT8-GUI,83102347,HM,Overscaled Channel detected at Tag AI_TT_012
4/24/2026 11:46:26 AM,202,Warning,WT8-GUI,83102348,HM,Overscaled Channel detected at Tag AI_TT_013
4/24/2026 11:46:26 AM,202,Warning,WT8-GUI,83102349,HM,Overscaled Channel detected at Tag AI_TT_014
4/24/2026 11:46:26 AM,202,Warning,WT8-GUI,83102350,HM,Overscaled Channel detected at Tag AI_TT_015
4/24/2026 11:46:26 AM,202,Warning,WT8-GUI,83102351,HM,Overscaled Channel detected at Tag AI_TT_016
4/24/2026 11:46:26 AM,202,Warning,WT8-GUI,83102352,HM,Overscaled Channel detected at Tag AI_TT_017
4/24/2026 11:46:26 AM,202,Warning,WT8-GUI,83102353,HM,Overscaled Channel detected at Tag AI_TK_002
4/24/2026 11:46:26 AM,202,Warning,WT8-GUI,83102354,HM,Overscaled Channel detected at Tag AI_TK_029
4/24/2026 11:46:26 AM,202,Warning,WT8-GUI,83102355,HM,Overscaled Channel detected at Tag AI_TK_030
4/24/2026 11:46:26 AM,202,Warning,WT8-GUI,83102356,HM,Overscaled Channel detected at Tag AI_TK_004
4/24/2026 11:46:26 AM,202,Warning,WT8-GUI,83102357,HM,Overscaled Channel detected at Tag AI_TK_005
4/24/2026 11:46:26 AM,202,Warning,WT8-GUI,83102358,HM,Overscaled Channel detected at Tag AI_TK_006
4/24/2026 11:46:26 AM,202,Warning,WT8-GUI,83102359,HM,Overscaled Channel detected at Tag AI_TK_007
4/24/2026 11:46:26 AM,202,Warning,WT8-GUI,83102360,HM,Overscaled Channel detected at Tag AI_TK_008
4/24/2026 11:46:26 AM,202,Warning,WT8-GUI,83102361,HM,Overscaled Channel detected at Tag AI_TT_018
4/24/2026 11:46:26 AM,202,Warning,WT8-GUI,83102362,HM,Overscaled Channel detected at Tag AI_TT_001
4/24/2026 11:46:26 AM,202,Warning,WT8-GUI,83102363,HM,Overscaled Channel detected at Tag AI_TT_019
4/24/2026 11:46:26 AM,202,Warning,WT8-GUI,83102364,HM,Overscaled Channel detected at Tag AI_TT_020
4/24/2026 11:46:26 AM,202,Warning,WT8-GUI,83102365,HM,Overscaled Channel detected at Tag AI_TT_021
4/24/2026 11:46:26 AM,202,Warning,WT8-GUI,83102366,HM,Overscaled Channel detected at Tag AI_TT_022
4/24/2026 11:46:26 AM,202,Warning,WT8-GUI,83102367,HM,Overscaled Channel detected at Tag AI_TT_023
4/24/2026 11:46:26 AM,202,Warning,WT8-GUI,83102368,HM,Overscaled Channel detected at Tag AI_TT_024
4/24/2026 11:46:26 AM,202,Warning,WT8-GUI,83102369,HM,Overscaled Channel detected at Tag AI_TT_025
4/24/2026 11:46:26 AM,202,Warning,WT8-GUI,83102370,HM,Overscaled Channel detected at Tag AI_TT_026
4/24/2026 11:46:26 AM,202,Warning,WT8-GUI,83102371,HM,Overscaled Channel detected at Tag AI_TT_027
4/24/2026 11:46:26 AM,202,Warning,WT8-GUI,83102372,HM,Overscaled Channel detected at Tag AI_TT_028
4/24/2026 11:46:26 AM,202,Warning,WT8-GUI,83102373,HM,Overscaled Channel detected at Tag AI_TT_004
4/24/2026 11:46:26 AM,202,Warning,WT8-GUI,83102374,HM,Overscaled Channel detected at Tag AI_TT_005
4/24/2026 11:46:26 AM,202,Warning,WT8-GUI,83102375,HM,Overscaled Channel detected at Tag AI_TT_006
4/24/2026 11:47:10 AM,301005,Warning,WT8-GUI,83102376,OPC,OPC Server Graybox.Simulator.1 on host localhost has not updated data in 144 minute(s).
4/24/2026 11:47:26 AM,202,Warning,WT8-GUI,83102377,HM,Overscaled Channel detected at Tag AI_Volts_Shunt_001
4/24/2026 11:47:26 AM,202,Warning,WT8-GUI,83102378,HM,Overscaled Channel detected at Tag AI_Volts_Shunt_003
4/24/2026 11:47:26 AM,202,Warning,WT8-GUI,83102379,HM,Overscaled Channel detected at Tag AI_Volts_Shunt_004
4/24/2026 11:47:26 AM,202,Warning,WT8-GUI,83102380,HM,Overscaled Channel detected at Tag AI_Volts_Shunt_000
4/24/2026 11:47:26 AM,202,Warning,WT8-GUI,83102381,HM,Overscaled Channel detected at Tag AI_TK_003
4/24/2026 11:47:26 AM,202,Warning,WT8-GUI,83102382,HM,Overscaled Channel detected at Tag AI_TT_002
4/24/2026 11:47:26 AM,202,Warning,WT8-GUI,83102383,HM,Overscaled Channel detected at Tag AI_TT_029
4/24/2026 11:47:26 AM,202,Warning,WT8-GUI,83102384,HM,Overscaled Channel detected at Tag AI_TT_030
4/24/2026 11:47:26 AM,202,Warning,WT8-GUI,83102385,HM,Overscaled Channel detected at Tag AI_TT_003
4/24/2026 11:47:26 AM,202,Warning,WT8-GUI,83102386,HM,Overscaled Channel detected at Tag AI_TK_009
4/24/2026 11:47:26 AM,202,Warning,WT8-GUI,83102387,HM,Overscaled Channel detected at Tag AI_TK_010
4/24/2026 11:47:26 AM,202,Warning,WT8-GUI,83102388,HM,Overscaled Channel detected at Tag AI_TK_011
4/24/2026 11:47:26 AM,202,Warning,WT8-GUI,83102389,HM,Overscaled Channel detected at Tag AI_TK_012
4/24/2026 11:47:26 AM,202,Warning,WT8-GUI,83102390,HM,Overscaled Channel detected at Tag AI_TK_013
4/24/2026 11:47:26 AM,202,Warning,WT8-GUI,83102391,HM,Overscaled Channel detected at Tag AI_TK_014
4/24/2026 11:47:26 AM,202,Warning,WT8-GUI,83102392,HM,Overscaled Channel detected at Tag AI_TK_026
4/24/2026 11:47:26 AM,202,Warning,WT8-GUI,83102393,HM,Overscaled Channel detected at Tag AI_TK_027
4/24/2026 11:47:26 AM,202,Warning,WT8-GUI,83102394,HM,Overscaled Channel detected at Tag AI_TK_028
4/24/2026 11:47:26 AM,202,Warning,WT8-GUI,83102395,HM,Overscaled Channel detected at Tag AI_TT_007
4/24/2026 11:47:26 AM,202,Warning,WT8-GUI,83102396,HM,Overscaled Channel detected at Tag AI_TK_000
4/24/2026 11:47:26 AM,202,Warning,WT8-GUI,83102397,HM,Overscaled Channel detected at Tag AI_Volts_Shunt_006
4/24/2026 11:47:26 AM,202,Warning,WT8-GUI,83102398,HM,Overscaled Channel detected at Tag AI_Volts_Shunt_007
4/24/2026 11:47:26 AM,202,Warning,WT8-GUI,83102399,HM,Overscaled Channel detected at Tag AI_Volts_Shunt_008
4/24/2026 11:47:26 AM,202,Warning,WT8-GUI,83102400,HM,Overscaled Channel detected at Tag AI_Volts_Shunt_009
4/24/2026 11:47:26 AM,202,Warning,WT8-GUI,83102401,HM,Overscaled Channel detected at Tag AI_Volts_Shunt_010
4/24/2026 11:47:26 AM,202,Warning,WT8-GUI,83102402,HM,Overscaled Channel detected at Tag AI_Volts_Shunt_011
4/24/2026 11:47:26 AM,202,Warning,WT8-GUI,83102403,HM,Overscaled Channel detected at Tag AI_Volts_Shunt_012
4/24/2026 11:47:26 AM,202,Warning,WT8-GUI,83102404,HM,Overscaled Channel detected at Tag AI_Volts_Shunt_013
4/24/2026 11:47:26 AM,202,Warning,WT8-GUI,83102405,HM,Overscaled Channel detected at Tag AI_Volts_Shunt_014
4/24/2026 11:47:26 AM,202,Warning,WT8-GUI,83102406,HM,Overscaled Channel detected at Tag AI_Volts_Shunt_015
4/24/2026 11:47:26 AM,202,Warning,WT8-GUI,83102407,HM,Overscaled Channel detected at Tag AI_Strain_000
4/24/2026 11:47:26 AM,202,Warning,WT8-GUI,83102408,HM,Overscaled Channel detected at Tag AI_Strain_001
4/24/2026 11:47:26 AM,202,Warning,WT8-GUI,83102409,HM,Overscaled Channel detected at Tag AI_Strain_002
4/24/2026 11:47:26 AM,202,Warning,WT8-GUI,83102410,HM,Overscaled Channel detected at Tag AI_Strain_003
4/24/2026 11:47:26 AM,202,Warning,WT8-GUI,83102411,HM,Overscaled Channel detected at Tag AI_Strain_004
4/24/2026 11:47:26 AM,202,Warning,WT8-GUI,83102412,HM,Overscaled Channel detected at Tag AI_Strain_005
4/24/2026 11:47:26 AM,202,Warning,WT8-GUI,83102413,HM,Overscaled Channel detected at Tag AI_Strain_006
4/24/2026 11:47:26 AM,202,Warning,WT8-GUI,83102414,HM,Overscaled Channel detected at Tag AI_Strain_007
4/24/2026 11:47:26 AM,202,Warning,WT8-GUI,83102415,HM,Overscaled Channel detected at Tag AI_TT_008
4/24/2026 11:47:26 AM,202,Warning,WT8-GUI,83102416,HM,Overscaled Channel detected at Tag AI_TK_015
4/24/2026 11:47:26 AM,202,Warning,WT8-GUI,83102417,HM,Overscaled Channel detected at Tag AI_TK_016
4/24/2026 11:47:26 AM,202,Warning,WT8-GUI,83102418,HM,Overscaled Channel detected at Tag AI_TK_017
4/24/2026 11:47:26 AM,202,Warning,WT8-GUI,83102419,HM,Overscaled Channel detected at Tag AI_TK_018
4/24/2026 11:47:26 AM,202,Warning,WT8-GUI,83102420,HM,Overscaled Channel detected at Tag AI_TK_001
4/24/2026 11:47:26 AM,202,Warning,WT8-GUI,83102421,HM,Overscaled Channel detected at Tag AI_TK_019
4/24/2026 11:47:26 AM,202,Warning,WT8-GUI,83102422,HM,Overscaled Channel detected at Tag AI_TK_020
4/24/2026 11:47:26 AM,202,Warning,WT8-GUI,83102423,HM,Overscaled Channel detected at Tag AI_TK_021
4/24/2026 11:47:26 AM,202,Warning,WT8-GUI,83102424,HM,Overscaled Channel detected at Tag AI_TK_022
4/24/2026 11:47:26 AM,202,Warning,WT8-GUI,83102425,HM,Overscaled Channel detected at Tag AI_TK_023
4/24/2026 11:47:26 AM,202,Warning,WT8-GUI,83102426,HM,Overscaled Channel detected at Tag AI_TK_024
4/24/2026 11:47:26 AM,202,Warning,WT8-GUI,83102427,HM,Overscaled Channel detected at Tag AI_TK_025
4/24/2026 11:47:26 AM,202,Warning,WT8-GUI,83102428,HM,Overscaled Channel detected at Tag AI_TT_000
4/24/2026 11:47:26 AM,202,Warning,WT8-GUI,83102429,HM,Overscaled Channel detected at Tag AI_TT_009
4/24/2026 11:47:26 AM,202,Warning,WT8-GUI,83102430,HM,Overscaled Channel detected at Tag AI_TT_010
4/24/2026 11:47:26 AM,202,Warning,WT8-GUI,83102431,HM,Overscaled Channel detected at Tag AI_TT_011
4/24/2026 11:47:26 AM,202,Warning,WT8-GUI,83102432,HM,Overscaled Channel detected at Tag AI_TT_012
4/24/2026 11:47:26 AM,202,Warning,WT8-GUI,83102433,HM,Overscaled Channel detected at Tag AI_TT_013
4/24/2026 11:47:26 AM,202,Warning,WT8-GUI,83102434,HM,Overscaled Channel detected at Tag AI_TT_014
4/24/2026 11:47:26 AM,202,Warning,WT8-GUI,83102435,HM,Overscaled Channel detected at Tag AI_TT_015
4/24/2026 11:47:26 AM,202,Warning,WT8-GUI,83102436,HM,Overscaled Channel detected at Tag AI_TT_016
4/24/2026 11:47:26 AM,202,Warning,WT8-GUI,83102437,HM,Overscaled Channel detected at Tag AI_TT_017
4/24/2026 11:47:26 AM,202,Warning,WT8-GUI,83102438,HM,Overscaled Channel detected at Tag AI_TK_002
4/24/2026 11:47:26 AM,202,Warning,WT8-GUI,83102439,HM,Overscaled Channel detected at Tag AI_TK_029
4/24/2026 11:47:26 AM,202,Warning,WT8-GUI,83102440,HM,Overscaled Channel detected at Tag AI_TK_030
4/24/2026 11:47:26 AM,202,Warning,WT8-GUI,83102441,HM,Overscaled Channel detected at Tag AI_TK_004
4/24/2026 11:47:26 AM,202,Warning,WT8-GUI,83102442,HM,Overscaled Channel detected at Tag AI_TK_005
4/24/2026 11:47:26 AM,202,Warning,WT8-GUI,83102443,HM,Overscaled Channel detected at Tag AI_TK_006
4/24/2026 11:47:26 AM,202,Warning,WT8-GUI,83102444,HM,Overscaled Channel detected at Tag AI_TK_007
4/24/2026 11:47:26 AM,202,Warning,WT8-GUI,83102445,HM,Overscaled Channel detected at Tag AI_TK_008
4/24/2026 11:47:26 AM,202,Warning,WT8-GUI,83102446,HM,Overscaled Channel detected at Tag AI_TT_018
4/24/2026 11:47:26 AM,202,Warning,WT8-GUI,83102447,HM,Overscaled Channel detected at Tag AI_TT_001
4/24/2026 11:47:26 AM,202,Warning,WT8-GUI,83102448,HM,Overscaled Channel detected at Tag AI_TT_019
4/24/2026 11:47:26 AM,202,Warning,WT8-GUI,83102449,HM,Overscaled Channel detected at Tag AI_TT_020
4/24/2026 11:47:26 AM,202,Warning,WT8-GUI,83102450,HM,Overscaled Channel detected at Tag AI_TT_021
4/24/2026 11:47:26 AM,202,Warning,WT8-GUI,83102451,HM,Overscaled Channel detected at Tag AI_TT_022
4/24/2026 11:47:26 AM,202,Warning,WT8-GUI,83102452,HM,Overscaled Channel detected at Tag AI_TT_023
4/24/2026 11:47:26 AM,202,Warning,WT8-GUI,83102453,HM,Overscaled Channel detected at Tag AI_TT_024
4/24/2026 11:47:26 AM,202,Warning,WT8-GUI,83102454,HM,Overscaled Channel detected at Tag AI_TT_025
4/24/2026 11:47:26 AM,202,Warning,WT8-GUI,83102455,HM,Overscaled Channel detected at Tag AI_TT_026
4/24/2026 11:47:26 AM,202,Warning,WT8-GUI,83102456,HM,Overscaled Channel detected at Tag AI_TT_027
4/24/2026 11:47:26 AM,202,Warning,WT8-GUI,83102457,HM,Overscaled Channel detected at Tag AI_TT_028
4/24/2026 11:47:26 AM,202,Warning,WT8-GUI,83102458,HM,Overscaled Channel detected at Tag AI_TT_004
4/24/2026 11:47:26 AM,202,Warning,WT8-GUI,83102459,HM,Overscaled Channel detected at Tag AI_TT_005
4/24/2026 11:47:26 AM,202,Warning,WT8-GUI,83102460,HM,Overscaled Channel detected at Tag AI_TT_006
4/24/2026 11:48:10 AM,301005,Warning,WT8-GUI,83102461,OPC,OPC Server Graybox.Simulator.1 on host localhost has not updated data in 145 minute(s).
4/24/2026 11:48:26 AM,202,Warning,WT8-GUI,83102462,HM,Overscaled Channel detected at Tag AI_Volts_Shunt_001
4/24/2026 11:48:26 AM,202,Warning,WT8-GUI,83102463,HM,Overscaled Channel detected at Tag AI_Volts_Shunt_003
4/24/2026 11:48:26 AM,202,Warning,WT8-GUI,83102464,HM,Overscaled Channel detected at Tag AI_Volts_Shunt_004
4/24/2026 11:48:26 AM,202,Warning,WT8-GUI,83102465,HM,Overscaled Channel detected at Tag AI_Volts_Shunt_000
4/24/2026 11:48:26 AM,202,Warning,WT8-GUI,83102466,HM,Overscaled Channel detected at Tag AI_TK_003
4/24/2026 11:48:26 AM,202,Warning,WT8-GUI,83102467,HM,Overscaled Channel detected at Tag AI_TT_002
4/24/2026 11:48:26 AM,202,Warning,WT8-GUI,83102468,HM,Overscaled Channel detected at Tag AI_TT_029
4/24/2026 11:48:26 AM,202,Warning,WT8-GUI,83102469,HM,Overscaled Channel detected at Tag AI_TT_030
4/24/2026 11:48:26 AM,202,Warning,WT8-GUI,83102470,HM,Overscaled Channel detected at Tag AI_TT_003
4/24/2026 11:48:26 AM,202,Warning,WT8-GUI,83102471,HM,Overscaled Channel detected at Tag AI_TK_009
4/24/2026 11:48:26 AM,202,Warning,WT8-GUI,83102472,HM,Overscaled Channel detected at Tag AI_TK_010
4/24/2026 11:48:26 AM,202,Warning,WT8-GUI,83102473,HM,Overscaled Channel detected at Tag AI_TK_011
4/24/2026 11:48:26 AM,202,Warning,WT8-GUI,83102474,HM,Overscaled Channel detected at Tag AI_TK_012
4/24/2026 11:48:26 AM,202,Warning,WT8-GUI,83102475,HM,Overscaled Channel detected at Tag AI_TK_013
4/24/2026 11:48:26 AM,202,Warning,WT8-GUI,83102476,HM,Overscaled Channel detected at Tag AI_TK_014
4/24/2026 11:48:26 AM,202,Warning,WT8-GUI,83102477,HM,Overscaled Channel detected at Tag AI_TK_026
4/24/2026 11:48:26 AM,202,Warning,WT8-GUI,83102478,HM,Overscaled Channel detected at Tag AI_TK_027
4/24/2026 11:48:26 AM,202,Warning,WT8-GUI,83102479,HM,Overscaled Channel detected at Tag AI_TK_028
4/24/2026 11:48:26 AM,202,Warning,WT8-GUI,83102480,HM,Overscaled Channel detected at Tag AI_TT_007
4/24/2026 11:48:26 AM,202,Warning,WT8-GUI,83102481,HM,Overscaled Channel detected at Tag AI_TK_000
4/24/2026 11:48:26 AM,202,Warning,WT8-GUI,83102482,HM,Overscaled Channel detected at Tag AI_Volts_Shunt_006
4/24/2026 11:48:26 AM,202,Warning,WT8-GUI,83102483,HM,Overscaled Channel detected at Tag AI_Volts_Shunt_007
4/24/2026 11:48:26 AM,202,Warning,WT8-GUI,83102484,HM,Overscaled Channel detected at Tag AI_Volts_Shunt_008
4/24/2026 11:48:26 AM,202,Warning,WT8-GUI,83102485,HM,Overscaled Channel detected at Tag AI_Volts_Shunt_009
4/24/2026 11:48:26 AM,202,Warning,WT8-GUI,83102486,HM,Overscaled Channel detected at Tag AI_Volts_Shunt_010
4/24/2026 11:48:26 AM,202,Warning,WT8-GUI,83102487,HM,Overscaled Channel detected at Tag AI_Volts_Shunt_011
4/24/2026 11:48:26 AM,202,Warning,WT8-GUI,83102488,HM,Overscaled Channel detected at Tag AI_Volts_Shunt_012
4/24/2026 11:48:26 AM,202,Warning,WT8-GUI,83102489,HM,Overscaled Channel detected at Tag AI_Volts_Shunt_013
4/24/2026 11:48:26 AM,202,Warning,WT8-GUI,83102490,HM,Overscaled Channel detected at Tag AI_Volts_Shunt_014
4/24/2026 11:48:26 AM,202,Warning,WT8-GUI,83102491,HM,Overscaled Channel detected at Tag AI_Volts_Shunt_015
4/24/2026 11:48:26 AM,202,Warning,WT8-GUI,83102492,HM,Overscaled Channel detected at Tag AI_Strain_000
4/24/2026 11:48:26 AM,202,Warning,WT8-GUI,83102493,HM,Overscaled Channel detected at Tag AI_Strain_001
4/24/2026 11:48:26 AM,202,Warning,WT8-GUI,83102494,HM,Overscaled Channel detected at Tag AI_Strain_002
4/24/2026 11:48:26 AM,202,Warning,WT8-GUI,83102495,HM,Overscaled Channel detected at Tag AI_Strain_003
4/24/2026 11:48:26 AM,202,Warning,WT8-GUI,83102496,HM,Overscaled Channel detected at Tag AI_Strain_004
4/24/2026 11:48:26 AM,202,Warning,WT8-GUI,83102497,HM,Overscaled Channel detected at Tag AI_Strain_005
4/24/2026 11:48:26 AM,202,Warning,WT8-GUI,83102498,HM,Overscaled Channel detected at Tag AI_Strain_006
4/24/2026 11:48:26 AM,202,Warning,WT8-GUI,83102499,HM,Overscaled Channel detected at Tag AI_Strain_007
4/24/2026 11:48:26 AM,202,Warning,WT8-GUI,83102500,HM,Overscaled Channel detected at Tag AI_TT_008
4/24/2026 11:48:26 AM,202,Warning,WT8-GUI,83102501,HM,Overscaled Channel detected at Tag AI_TK_015
4/24/2026 11:48:26 AM,202,Warning,WT8-GUI,83102502,HM,Overscaled Channel detected at Tag AI_TK_016
4/24/2026 11:48:26 AM,202,Warning,WT8-GUI,83102503,HM,Overscaled Channel detected at Tag AI_TK_017
4/24/2026 11:48:26 AM,202,Warning,WT8-GUI,83102504,HM,Overscaled Channel detected at Tag AI_TK_018
4/24/2026 11:48:26 AM,202,Warning,WT8-GUI,83102505,HM,Overscaled Channel detected at Tag AI_TK_001
4/24/2026 11:48:26 AM,202,Warning,WT8-GUI,83102506,HM,Overscaled Channel detected at Tag AI_TK_019
4/24/2026 11:48:26 AM,202,Warning,WT8-GUI,83102507,HM,Overscaled Channel detected at Tag AI_TK_020
4/24/2026 11:48:26 AM,202,Warning,WT8-GUI,83102508,HM,Overscaled Channel detected at Tag AI_TK_021
4/24/2026 11:48:26 AM,202,Warning,WT8-GUI,83102509,HM,Overscaled Channel detected at Tag AI_TK_022
4/24/2026 11:48:26 AM,202,Warning,WT8-GUI,83102510,HM,Overscaled Channel detected at Tag AI_TK_023
4/24/2026 11:48:26 AM,202,Warning,WT8-GUI,83102511,HM,Overscaled Channel detected at Tag AI_TK_024
4/24/2026 11:48:26 AM,202,Warning,WT8-GUI,83102512,HM,Overscaled Channel detected at Tag AI_TK_025
4/24/2026 11:48:26 AM,202,Warning,WT8-GUI,83102513,HM,Overscaled Channel detected at Tag AI_TT_000
4/24/2026 11:48:26 AM,202,Warning,WT8-GUI,83102514,HM,Overscaled Channel detected at Tag AI_TT_009
4/24/2026 11:48:26 AM,202,Warning,WT8-GUI,83102515,HM,Overscaled Channel detected at Tag AI_TT_010
4/24/2026 11:48:26 AM,202,Warning,WT8-GUI,83102516,HM,Overscaled Channel detected at Tag AI_TT_011
4/24/2026 11:48:26 AM,202,Warning,WT8-GUI,83102517,HM,Overscaled Channel detected at Tag AI_TT_012
4/24/2026 11:48:26 AM,202,Warning,WT8-GUI,83102518,HM,Overscaled Channel detected at Tag AI_TT_013
4/24/2026 11:48:26 AM,202,Warning,WT8-GUI,83102519,HM,Overscaled Channel detected at Tag AI_TT_014
4/24/2026 11:48:26 AM,202,Warning,WT8-GUI,83102520,HM,Overscaled Channel detected at Tag AI_TT_015
4/24/2026 11:48:26 AM,202,Warning,WT8-GUI,83102521,HM,Overscaled Channel detected at Tag AI_TT_016
4/24/2026 11:48:26 AM,202,Warning,WT8-GUI,83102522,HM,Overscaled Channel detected at Tag AI_TT_017
4/24/2026 11:48:26 AM,202,Warning,WT8-GUI,83102523,HM,Overscaled Channel detected at Tag AI_TK_002
4/24/2026 11:48:26 AM,202,Warning,WT8-GUI,83102524,HM,Overscaled Channel detected at Tag AI_TK_029
4/24/2026 11:48:26 AM,202,Warning,WT8-GUI,83102525,HM,Overscaled Channel detected at Tag AI_TK_030
4/24/2026 11:48:26 AM,202,Warning,WT8-GUI,83102526,HM,Overscaled Channel detected at Tag AI_TK_004
4/24/2026 11:48:26 AM,202,Warning,WT8-GUI,83102527,HM,Overscaled Channel detected at Tag AI_TK_005
4/24/2026 11:48:26 AM,202,Warning,WT8-GUI,83102528,HM,Overscaled Channel detected at Tag AI_TK_006
4/24/2026 11:48:26 AM,202,Warning,WT8-GUI,83102529,HM,Overscaled Channel detected at Tag AI_TK_007
4/24/2026 11:48:26 AM,202,Warning,WT8-GUI,83102530,HM,Overscaled Channel detected at Tag AI_TK_008
4/24/2026 11:48:26 AM,202,Warning,WT8-GUI,83102531,HM,Overscaled Channel detected at Tag AI_TT_018
4/24/2026 11:48:26 AM,202,Warning,WT8-GUI,83102532,HM,Overscaled Channel detected at Tag AI_TT_001
4/24/2026 11:48:26 AM,202,Warning,WT8-GUI,83102533,HM,Overscaled Channel detected at Tag AI_TT_019
4/24/2026 11:48:26 AM,202,Warning,WT8-GUI,83102534,HM,Overscaled Channel detected at Tag AI_TT_020
4/24/2026 11:48:26 AM,202,Warning,WT8-GUI,83102535,HM,Overscaled Channel detected at Tag AI_TT_021
4/24/2026 11:48:26 AM,202,Warning,WT8-GUI,83102536,HM,Overscaled Channel detected at Tag AI_TT_022
4/24/2026 11:48:26 AM,202,Warning,WT8-GUI,83102537,HM,Overscaled Channel detected at Tag AI_TT_023
4/24/2026 11:48:26 AM,202,Warning,WT8-GUI,83102538,HM,Overscaled Channel detected at Tag AI_TT_024
4/24/2026 11:48:26 AM,202,Warning,WT8-GUI,83102539,HM,Overscaled Channel detected at Tag AI_TT_025
4/24/2026 11:48:26 AM,202,Warning,WT8-GUI,83102540,HM,Overscaled Channel detected at Tag AI_TT_026
4/24/2026 11:48:26 AM,202,Warning,WT8-GUI,83102541,HM,Overscaled Channel detected at Tag AI_TT_027
4/24/2026 11:48:26 AM,202,Warning,WT8-GUI,83102542,HM,Overscaled Channel detected at Tag AI_TT_028
4/24/2026 11:48:26 AM,202,Warning,WT8-GUI,83102543,HM,Overscaled Channel detected at Tag AI_TT_004
4/24/2026 11:48:26 AM,202,Warning,WT8-GUI,83102544,HM,Overscaled Channel detected at Tag AI_TT_005
4/24/2026 11:48:26 AM,202,Warning,WT8-GUI,83102545,HM,Overscaled Channel detected at Tag AI_TT_006
4/24/2026 11:49:10 AM,301005,Warning,WT8-GUI,83102546,OPC,OPC Server Graybox.Simulator.1 on host localhost has not updated data in 146 minute(s).
4/24/2026 11:49:26 AM,202,Warning,WT8-GUI,83102547,HM,Overscaled Channel detected at Tag AI_Volts_Shunt_001
4/24/2026 11:49:26 AM,202,Warning,WT8-GUI,83102548,HM,Overscaled Channel detected at Tag AI_Volts_Shunt_003
4/24/2026 11:49:26 AM,202,Warning,WT8-GUI,83102549,HM,Overscaled Channel detected at Tag AI_Volts_Shunt_004
4/24/2026 11:49:26 AM,202,Warning,WT8-GUI,83102550,HM,Overscaled Channel detected at Tag AI_Volts_Shunt_000
4/24/2026 11:49:26 AM,202,Warning,WT8-GUI,83102551,HM,Overscaled Channel detected at Tag AI_TK_003
4/24/2026 11:49:26 AM,202,Warning,WT8-GUI,83102552,HM,Overscaled Channel detected at Tag AI_TT_002
4/24/2026 11:49:26 AM,202,Warning,WT8-GUI,83102553,HM,Overscaled Channel detected at Tag AI_TT_029
4/24/2026 11:49:26 AM,202,Warning,WT8-GUI,83102554,HM,Overscaled Channel detected at Tag AI_TT_030
4/24/2026 11:49:26 AM,202,Warning,WT8-GUI,83102555,HM,Overscaled Channel detected at Tag AI_TT_003
4/24/2026 11:49:26 AM,202,Warning,WT8-GUI,83102556,HM,Overscaled Channel detected at Tag AI_TK_009
4/24/2026 11:49:26 AM,202,Warning,WT8-GUI,83102557,HM,Overscaled Channel detected at Tag AI_TK_010
4/24/2026 11:49:26 AM,202,Warning,WT8-GUI,83102558,HM,Overscaled Channel detected at Tag AI_TK_011
4/24/2026 11:49:26 AM,202,Warning,WT8-GUI,83102559,HM,Overscaled Channel detected at Tag AI_TK_012
4/24/2026 11:49:26 AM,202,Warning,WT8-GUI,83102560,HM,Overscaled Channel detected at Tag AI_TK_013
4/24/2026 11:49:26 AM,202,Warning,WT8-GUI,83102561,HM,Overscaled Channel detected at Tag AI_TK_014
4/24/2026 11:49:26 AM,202,Warning,WT8-GUI,83102562,HM,Overscaled Channel detected at Tag AI_TK_026
4/24/2026 11:49:26 AM,202,Warning,WT8-GUI,83102563,HM,Overscaled Channel detected at Tag AI_TK_027
4/24/2026 11:49:26 AM,202,Warning,WT8-GUI,83102564,HM,Overscaled Channel detected at Tag AI_TK_028
4/24/2026 11:49:26 AM,202,Warning,WT8-GUI,83102565,HM,Overscaled Channel detected at Tag AI_TT_007
4/24/2026 11:49:26 AM,202,Warning,WT8-GUI,83102566,HM,Overscaled Channel detected at Tag AI_TK_000
4/24/2026 11:49:26 AM,202,Warning,WT8-GUI,83102567,HM,Overscaled Channel detected at Tag AI_Volts_Shunt_006
4/24/2026 11:49:26 AM,202,Warning,WT8-GUI,83102568,HM,Overscaled Channel detected at Tag AI_Volts_Shunt_007
4/24/2026 11:49:26 AM,202,Warning,WT8-GUI,83102569,HM,Overscaled Channel detected at Tag AI_Volts_Shunt_008
4/24/2026 11:49:26 AM,202,Warning,WT8-GUI,83102570,HM,Overscaled Channel detected at Tag AI_Volts_Shunt_009
4/24/2026 11:49:26 AM,202,Warning,WT8-GUI,83102571,HM,Overscaled Channel detected at Tag AI_Volts_Shunt_010
4/24/2026 11:49:26 AM,202,Warning,WT8-GUI,83102572,HM,Overscaled Channel detected at Tag AI_Volts_Shunt_011
4/24/2026 11:49:26 AM,202,Warning,WT8-GUI,83102573,HM,Overscaled Channel detected at Tag AI_Volts_Shunt_012
4/24/2026 11:49:26 AM,202,Warning,WT8-GUI,83102574,HM,Overscaled Channel detected at Tag AI_Volts_Shunt_013
4/24/2026 11:49:26 AM,202,Warning,WT8-GUI,83102575,HM,Overscaled Channel detected at Tag AI_Volts_Shunt_014
4/24/2026 11:49:26 AM,202,Warning,WT8-GUI,83102576,HM,Overscaled Channel detected at Tag AI_Volts_Shunt_015
4/24/2026 11:49:26 AM,202,Warning,WT8-GUI,83102577,HM,Overscaled Channel detected at Tag AI_Strain_000
4/24/2026 11:49:26 AM,202,Warning,WT8-GUI,83102578,HM,Overscaled Channel detected at Tag AI_Strain_001
4/24/2026 11:49:26 AM,202,Warning,WT8-GUI,83102579,HM,Overscaled Channel detected at Tag AI_Strain_002
4/24/2026 11:49:26 AM,202,Warning,WT8-GUI,83102580,HM,Overscaled Channel detected at Tag AI_Strain_003
4/24/2026 11:49:26 AM,202,Warning,WT8-GUI,83102581,HM,Overscaled Channel detected at Tag AI_Strain_004
4/24/2026 11:49:26 AM,202,Warning,WT8-GUI,83102582,HM,Overscaled Channel detected at Tag AI_Strain_005
4/24/2026 11:49:26 AM,202,Warning,WT8-GUI,83102583,HM,Overscaled Channel detected at Tag AI_Strain_006
4/24/2026 11:49:26 AM,202,Warning,WT8-GUI,83102584,HM,Overscaled Channel detected at Tag AI_Strain_007
4/24/2026 11:49:26 AM,202,Warning,WT8-GUI,83102585,HM,Overscaled Channel detected at Tag AI_TT_008
4/24/2026 11:49:26 AM,202,Warning,WT8-GUI,83102586,HM,Overscaled Channel detected at Tag AI_TK_015
4/24/2026 11:49:26 AM,202,Warning,WT8-GUI,83102587,HM,Overscaled Channel detected at Tag AI_TK_016
4/24/2026 11:49:26 AM,202,Warning,WT8-GUI,83102588,HM,Overscaled Channel detected at Tag AI_TK_017
4/24/2026 11:49:26 AM,202,Warning,WT8-GUI,83102589,HM,Overscaled Channel detected at Tag AI_TK_018
4/24/2026 11:49:26 AM,202,Warning,WT8-GUI,83102590,HM,Overscaled Channel detected at Tag AI_TK_001
4/24/2026 11:49:26 AM,202,Warning,WT8-GUI,83102591,HM,Overscaled Channel detected at Tag AI_TK_019
4/24/2026 11:49:26 AM,202,Warning,WT8-GUI,83102592,HM,Overscaled Channel detected at Tag AI_TK_020
4/24/2026 11:49:26 AM,202,Warning,WT8-GUI,83102593,HM,Overscaled Channel detected at Tag AI_TK_021
4/24/2026 11:49:26 AM,202,Warning,WT8-GUI,83102594,HM,Overscaled Channel detected at Tag AI_TK_022
4/24/2026 11:49:26 AM,202,Warning,WT8-GUI,83102595,HM,Overscaled Channel detected at Tag AI_TK_023
4/24/2026 11:49:26 AM,202,Warning,WT8-GUI,83102596,HM,Overscaled Channel detected at Tag AI_TK_024
4/24/2026 11:49:26 AM,202,Warning,WT8-GUI,83102597,HM,Overscaled Channel detected at Tag AI_TK_025
4/24/2026 11:49:26 AM,202,Warning,WT8-GUI,83102598,HM,Overscaled Channel detected at Tag AI_TT_000
4/24/2026 11:49:26 AM,202,Warning,WT8-GUI,83102599,HM,Overscaled Channel detected at Tag AI_TT_009
4/24/2026 11:49:26 AM,202,Warning,WT8-GUI,83102600,HM,Overscaled Channel detected at Tag AI_TT_010
4/24/2026 11:49:26 AM,202,Warning,WT8-GUI,83102601,HM,Overscaled Channel detected at Tag AI_TT_011
4/24/2026 11:49:26 AM,202,Warning,WT8-GUI,83102602,HM,Overscaled Channel detected at Tag AI_TT_012
4/24/2026 11:49:26 AM,202,Warning,WT8-GUI,83102603,HM,Overscaled Channel detected at Tag AI_TT_013
4/24/2026 11:49:26 AM,202,Warning,WT8-GUI,83102604,HM,Overscaled Channel detected at Tag AI_TT_014
4/24/2026 11:49:26 AM,202,Warning,WT8-GUI,83102605,HM,Overscaled Channel detected at Tag AI_TT_015
4/24/2026 11:49:26 AM,202,Warning,WT8-GUI,83102606,HM,Overscaled Channel detected at Tag AI_TT_016
4/24/2026 11:49:26 AM,202,Warning,WT8-GUI,83102607,HM,Overscaled Channel detected at Tag AI_TT_017
4/24/2026 11:49:26 AM,202,Warning,WT8-GUI,83102608,HM,Overscaled Channel detected at Tag AI_TK_002
4/24/2026 11:49:26 AM,202,Warning,WT8-GUI,83102609,HM,Overscaled Channel detected at Tag AI_TK_029
4/24/2026 11:49:26 AM,202,Warning,WT8-GUI,83102610,HM,Overscaled Channel detected at Tag AI_TK_030
4/24/2026 11:49:26 AM,202,Warning,WT8-GUI,83102611,HM,Overscaled Channel detected at Tag AI_TK_004
4/24/2026 11:49:26 AM,202,Warning,WT8-GUI,83102612,HM,Overscaled Channel detected at Tag AI_TK_005
4/24/2026 11:49:26 AM,202,Warning,WT8-GUI,83102613,HM,Overscaled Channel detected at Tag AI_TK_006
4/24/2026 11:49:26 AM,202,Warning,WT8-GUI,83102614,HM,Overscaled Channel detected at Tag AI_TK_007
4/24/2026 11:49:26 AM,202,Warning,WT8-GUI,83102615,HM,Overscaled Channel detected at Tag AI_TK_008
4/24/2026 11:49:26 AM,202,Warning,WT8-GUI,83102616,HM,Overscaled Channel detected at Tag AI_TT_018
4/24/2026 11:49:26 AM,202,Warning,WT8-GUI,83102617,HM,Overscaled Channel detected at Tag AI_TT_001
4/24/2026 11:49:26 AM,202,Warning,WT8-GUI,83102618,HM,Overscaled Channel detected at Tag AI_TT_019
4/24/2026 11:49:26 AM,202,Warning,WT8-GUI,83102619,HM,Overscaled Channel detected at Tag AI_TT_020
4/24/2026 11:49:26 AM,202,Warning,WT8-GUI,83102620,HM,Overscaled Channel detected at Tag AI_TT_021
4/24/2026 11:49:26 AM,202,Warning,WT8-GUI,83102621,HM,Overscaled Channel detected at Tag AI_TT_022
4/24/2026 11:49:26 AM,202,Warning,WT8-GUI,83102622,HM,Overscaled Channel detected at Tag AI_TT_023
4/24/2026 11:49:26 AM,202,Warning,WT8-GUI,83102623,HM,Overscaled Channel detected at Tag AI_TT_024
4/24/2026 11:49:26 AM,202,Warning,WT8-GUI,83102624,HM,Overscaled Channel detected at Tag AI_TT_025
4/24/2026 11:49:26 AM,202,Warning,WT8-GUI,83102625,HM,Overscaled Channel detected at Tag AI_TT_026
4/24/2026 11:49:26 AM,202,Warning,WT8-GUI,83102626,HM,Overscaled Channel detected at Tag AI_TT_027
4/24/2026 11:49:26 AM,202,Warning,WT8-GUI,83102627,HM,Overscaled Channel detected at Tag AI_TT_028
4/24/2026 11:49:26 AM,202,Warning,WT8-GUI,83102628,HM,Overscaled Channel detected at Tag AI_TT_004
4/24/2026 11:49:26 AM,202,Warning,WT8-GUI,83102629,HM,Overscaled Channel detected at Tag AI_TT_005
4/24/2026 11:49:26 AM,202,Warning,WT8-GUI,83102630,HM,Overscaled Channel detected at Tag AI_TT_006
4/24/2026 11:50:10 AM,301005,Warning,WT8-GUI,83102631,OPC,OPC Server Graybox.Simulator.1 on host localhost has not updated data in 147 minute(s).
4/24/2026 11:50:26 AM,202,Warning,WT8-GUI,83102632,HM,Overscaled Channel detected at Tag AI_Volts_Shunt_001
4/24/2026 11:50:26 AM,202,Warning,WT8-GUI,83102633,HM,Overscaled Channel detected at Tag AI_Volts_Shunt_003
4/24/2026 11:50:26 AM,202,Warning,WT8-GUI,83102634,HM,Overscaled Channel detected at Tag AI_Volts_Shunt_004
4/24/2026 11:50:26 AM,202,Warning,WT8-GUI,83102635,HM,Overscaled Channel detected at Tag AI_Volts_Shunt_000
4/24/2026 11:50:26 AM,202,Warning,WT8-GUI,83102636,HM,Overscaled Channel detected at Tag AI_TK_003
4/24/2026 11:50:26 AM,202,Warning,WT8-GUI,83102637,HM,Overscaled Channel detected at Tag AI_TK_009
4/24/2026 11:50:26 AM,202,Warning,WT8-GUI,83102638,HM,Overscaled Channel detected at Tag AI_TK_010
4/24/2026 11:50:26 AM,202,Warning,WT8-GUI,83102639,HM,Overscaled Channel detected at Tag AI_TK_011
4/24/2026 11:50:26 AM,202,Warning,WT8-GUI,83102640,HM,Overscaled Channel detected at Tag AI_TK_012
4/24/2026 11:50:26 AM,202,Warning,WT8-GUI,83102641,HM,Overscaled Channel detected at Tag AI_TK_013
4/24/2026 11:50:26 AM,202,Warning,WT8-GUI,83102642,HM,Overscaled Channel detected at Tag AI_TK_014
4/24/2026 11:50:26 AM,202,Warning,WT8-GUI,83102643,HM,Overscaled Channel detected at Tag AI_TK_028
4/24/2026 11:50:26 AM,202,Warning,WT8-GUI,83102644,HM,Overscaled Channel detected at Tag AI_TT_002
4/24/2026 11:50:26 AM,202,Warning,WT8-GUI,83102645,HM,Overscaled Channel detected at Tag AI_TT_029
4/24/2026 11:50:26 AM,202,Warning,WT8-GUI,83102646,HM,Overscaled Channel detected at Tag AI_TT_030
4/24/2026 11:50:26 AM,202,Warning,WT8-GUI,83102647,HM,Overscaled Channel detected at Tag AI_TT_003
4/24/2026 11:50:26 AM,202,Warning,WT8-GUI,83102648,HM,Overscaled Channel detected at Tag AI_TT_007
4/24/2026 11:50:26 AM,202,Warning,WT8-GUI,83102649,HM,Overscaled Channel detected at Tag AI_TK_026
4/24/2026 11:50:26 AM,202,Warning,WT8-GUI,83102650,HM,Overscaled Channel detected at Tag AI_TK_027
4/24/2026 11:50:26 AM,202,Warning,WT8-GUI,83102651,HM,Overscaled Channel detected at Tag AI_TK_000
4/24/2026 11:50:26 AM,202,Warning,WT8-GUI,83102652,HM,Overscaled Channel detected at Tag AI_Volts_Shunt_006
4/24/2026 11:50:26 AM,202,Warning,WT8-GUI,83102653,HM,Overscaled Channel detected at Tag AI_Volts_Shunt_007
4/24/2026 11:50:26 AM,202,Warning,WT8-GUI,83102654,HM,Overscaled Channel detected at Tag AI_Volts_Shunt_008
4/24/2026 11:50:26 AM,202,Warning,WT8-GUI,83102655,HM,Overscaled Channel detected at Tag AI_Volts_Shunt_009
4/24/2026 11:50:26 AM,202,Warning,WT8-GUI,83102656,HM,Overscaled Channel detected at Tag AI_Volts_Shunt_010
4/24/2026 11:50:26 AM,202,Warning,WT8-GUI,83102657,HM,Overscaled Channel detected at Tag AI_Volts_Shunt_011
4/24/2026 11:50:26 AM,202,Warning,WT8-GUI,83102658,HM,Overscaled Channel detected at Tag AI_Volts_Shunt_012
4/24/2026 11:50:26 AM,202,Warning,WT8-GUI,83102659,HM,Overscaled Channel detected at Tag AI_Volts_Shunt_013
4/24/2026 11:50:26 AM,202,Warning,WT8-GUI,83102660,HM,Overscaled Channel detected at Tag AI_Volts_Shunt_014
4/24/2026 11:50:26 AM,202,Warning,WT8-GUI,83102661,HM,Overscaled Channel detected at Tag AI_Volts_Shunt_015
4/24/2026 11:50:26 AM,202,Warning,WT8-GUI,83102662,HM,Overscaled Channel detected at Tag AI_Strain_000
4/24/2026 11:50:26 AM,202,Warning,WT8-GUI,83102663,HM,Overscaled Channel detected at Tag AI_Strain_001
4/24/2026 11:50:26 AM,202,Warning,WT8-GUI,83102664,HM,Overscaled Channel detected at Tag AI_Strain_002
4/24/2026 11:50:26 AM,202,Warning,WT8-GUI,83102665,HM,Overscaled Channel detected at Tag AI_Strain_003
4/24/2026 11:50:26 AM,202,Warning,WT8-GUI,83102666,HM,Overscaled Channel detected at Tag AI_Strain_004
4/24/2026 11:50:26 AM,202,Warning,WT8-GUI,83102667,HM,Overscaled Channel detected at Tag AI_Strain_005
4/24/2026 11:50:26 AM,202,Warning,WT8-GUI,83102668,HM,Overscaled Channel detected at Tag AI_Strain_006
4/24/2026 11:50:26 AM,202,Warning,WT8-GUI,83102669,HM,Overscaled Channel detected at Tag AI_Strain_007
4/24/2026 11:50:26 AM,202,Warning,WT8-GUI,83102670,HM,Overscaled Channel detected at Tag AI_TT_008
4/24/2026 11:50:26 AM,202,Warning,WT8-GUI,83102671,HM,Overscaled Channel detected at Tag AI_TK_015
4/24/2026 11:50:26 AM,202,Warning,WT8-GUI,83102672,HM,Overscaled Channel detected at Tag AI_TK_016
4/24/2026 11:50:26 AM,202,Warning,WT8-GUI,83102673,HM,Overscaled Channel detected at Tag AI_TK_017
4/24/2026 11:50:26 AM,202,Warning,WT8-GUI,83102674,HM,Overscaled Channel detected at Tag AI_TK_018
4/24/2026 11:50:26 AM,202,Warning,WT8-GUI,83102675,HM,Overscaled Channel detected at Tag AI_TK_001
4/24/2026 11:50:26 AM,202,Warning,WT8-GUI,83102676,HM,Overscaled Channel detected at Tag AI_TK_019
4/24/2026 11:50:26 AM,202,Warning,WT8-GUI,83102677,HM,Overscaled Channel detected at Tag AI_TK_020
4/24/2026 11:50:26 AM,202,Warning,WT8-GUI,83102678,HM,Overscaled Channel detected at Tag AI_TK_021
4/24/2026 11:50:26 AM,202,Warning,WT8-GUI,83102679,HM,Overscaled Channel detected at Tag AI_TK_022
4/24/2026 11:50:26 AM,202,Warning,WT8-GUI,83102680,HM,Overscaled Channel detected at Tag AI_TK_023
4/24/2026 11:50:26 AM,202,Warning,WT8-GUI,83102681,HM,Overscaled Channel detected at Tag AI_TK_024
4/24/2026 11:50:26 AM,202,Warning,WT8-GUI,83102682,HM,Overscaled Channel detected at Tag AI_TK_025
4/24/2026 11:50:26 AM,202,Warning,WT8-GUI,83102683,HM,Overscaled Channel detected at Tag AI_TT_000
4/24/2026 11:50:26 AM,202,Warning,WT8-GUI,83102684,HM,Overscaled Channel detected at Tag AI_TT_009
4/24/2026 11:50:26 AM,202,Warning,WT8-GUI,83102685,HM,Overscaled Channel detected at Tag AI_TT_010
4/24/2026 11:50:26 AM,202,Warning,WT8-GUI,83102686,HM,Overscaled Channel detected at Tag AI_TT_011
4/24/2026 11:50:26 AM,202,Warning,WT8-GUI,83102687,HM,Overscaled Channel detected at Tag AI_TT_012
4/24/2026 11:50:26 AM,202,Warning,WT8-GUI,83102688,HM,Overscaled Channel detected at Tag AI_TT_013
4/24/2026 11:50:26 AM,202,Warning,WT8-GUI,83102689,HM,Overscaled Channel detected at Tag AI_TT_014
4/24/2026 11:50:26 AM,202,Warning,WT8-GUI,83102690,HM,Overscaled Channel detected at Tag AI_TT_015
4/24/2026 11:50:26 AM,202,Warning,WT8-GUI,83102691,HM,Overscaled Channel detected at Tag AI_TT_016
4/24/2026 11:50:26 AM,202,Warning,WT8-GUI,83102692,HM,Overscaled Channel detected at Tag AI_TT_017
4/24/2026 11:50:26 AM,202,Warning,WT8-GUI,83102693,HM,Overscaled Channel detected at Tag AI_TK_002
4/24/2026 11:50:26 AM,202,Warning,WT8-GUI,83102694,HM,Overscaled Channel detected at Tag AI_TK_029
4/24/2026 11:50:26 AM,202,Warning,WT8-GUI,83102695,HM,Overscaled Channel detected at Tag AI_TK_030
4/24/2026 11:50:26 AM,202,Warning,WT8-GUI,83102696,HM,Overscaled Channel detected at Tag AI_TK_004
4/24/2026 11:50:26 AM,202,Warning,WT8-GUI,83102697,HM,Overscaled Channel detected at Tag AI_TK_005
4/24/2026 11:50:26 AM,202,Warning,WT8-GUI,83102698,HM,Overscaled Channel detected at Tag AI_TK_006
4/24/2026 11:50:26 AM,202,Warning,WT8-GUI,83102699,HM,Overscaled Channel detected at Tag AI_TK_007
4/24/2026 11:50:26 AM,202,Warning,WT8-GUI,83102700,HM,Overscaled Channel detected at Tag AI_TK_008
4/24/2026 11:50:26 AM,202,Warning,WT8-GUI,83102701,HM,Overscaled Channel detected at Tag AI_TT_018
4/24/2026 11:50:26 AM,202,Warning,WT8-GUI,83102702,HM,Overscaled Channel detected at Tag AI_TT_001
4/24/2026 11:50:26 AM,202,Warning,WT8-GUI,83102703,HM,Overscaled Channel detected at Tag AI_TT_019
4/24/2026 11:50:26 AM,202,Warning,WT8-GUI,83102704,HM,Overscaled Channel detected at Tag AI_TT_020
4/24/2026 11:50:26 AM,202,Warning,WT8-GUI,83102705,HM,Overscaled Channel detected at Tag AI_TT_021
4/24/2026 11:50:26 AM,202,Warning,WT8-GUI,83102706,HM,Overscaled Channel detected at Tag AI_TT_022
4/24/2026 11:50:26 AM,202,Warning,WT8-GUI,83102707,HM,Overscaled Channel detected at Tag AI_TT_023
4/24/2026 11:50:26 AM,202,Warning,WT8-GUI,83102708,HM,Overscaled Channel detected at Tag AI_TT_024
4/24/2026 11:50:26 AM,202,Warning,WT8-GUI,83102709,HM,Overscaled Channel detected at Tag AI_TT_025
4/24/2026 11:50:26 AM,202,Warning,WT8-GUI,83102710,HM,Overscaled Channel detected at Tag AI_TT_026
4/24/2026 11:50:26 AM,202,Warning,WT8-GUI,83102711,HM,Overscaled Channel detected at Tag AI_TT_027
4/24/2026 11:50:26 AM,202,Warning,WT8-GUI,83102712,HM,Overscaled Channel detected at Tag AI_TT_028
4/24/2026 11:50:26 AM,202,Warning,WT8-GUI,83102713,HM,Overscaled Channel detected at Tag AI_TT_004
4/24/2026 11:50:26 AM,202,Warning,WT8-GUI,83102714,HM,Overscaled Channel detected at Tag AI_TT_005
4/24/2026 11:50:26 AM,202,Warning,WT8-GUI,83102715,HM,Overscaled Channel detected at Tag AI_TT_006
4/24/2026 11:51:10 AM,301005,Warning,WT8-GUI,83102716,OPC,OPC Server Graybox.Simulator.1 on host localhost has not updated data in 148 minute(s).
4/24/2026 11:51:26 AM,202,Warning,WT8-GUI,83102717,HM,Overscaled Channel detected at Tag AI_Volts_Shunt_001
4/24/2026 11:51:26 AM,202,Warning,WT8-GUI,83102718,HM,Overscaled Channel detected at Tag AI_Volts_Shunt_003
4/24/2026 11:51:26 AM,202,Warning,WT8-GUI,83102719,HM,Overscaled Channel detected at Tag AI_Volts_Shunt_004
4/24/2026 11:51:26 AM,202,Warning,WT8-GUI,83102720,HM,Overscaled Channel detected at Tag AI_Volts_Shunt_000
4/24/2026 11:51:26 AM,202,Warning,WT8-GUI,83102721,HM,Overscaled Channel detected at Tag AI_TK_003
4/24/2026 11:51:26 AM,202,Warning,WT8-GUI,83102722,HM,Overscaled Channel detected at Tag AI_TK_009
4/24/2026 11:51:26 AM,202,Warning,WT8-GUI,83102723,HM,Overscaled Channel detected at Tag AI_TK_010
4/24/2026 11:51:26 AM,202,Warning,WT8-GUI,83102724,HM,Overscaled Channel detected at Tag AI_TK_011
4/24/2026 11:51:26 AM,202,Warning,WT8-GUI,83102725,HM,Overscaled Channel detected at Tag AI_TK_012
4/24/2026 11:51:26 AM,202,Warning,WT8-GUI,83102726,HM,Overscaled Channel detected at Tag AI_TK_013
4/24/2026 11:51:26 AM,202,Warning,WT8-GUI,83102727,HM,Overscaled Channel detected at Tag AI_TK_014
4/24/2026 11:51:26 AM,202,Warning,WT8-GUI,83102728,HM,Overscaled Channel detected at Tag AI_TK_028
4/24/2026 11:51:26 AM,202,Warning,WT8-GUI,83102729,HM,Overscaled Channel detected at Tag AI_TT_002
4/24/2026 11:51:26 AM,202,Warning,WT8-GUI,83102730,HM,Overscaled Channel detected at Tag AI_TT_029
4/24/2026 11:51:26 AM,202,Warning,WT8-GUI,83102731,HM,Overscaled Channel detected at Tag AI_TT_030
4/24/2026 11:51:26 AM,202,Warning,WT8-GUI,83102732,HM,Overscaled Channel detected at Tag AI_TT_003
4/24/2026 11:51:26 AM,202,Warning,WT8-GUI,83102733,HM,Overscaled Channel detected at Tag AI_TT_007
4/24/2026 11:51:26 AM,202,Warning,WT8-GUI,83102734,HM,Overscaled Channel detected at Tag AI_TK_026
4/24/2026 11:51:26 AM,202,Warning,WT8-GUI,83102735,HM,Overscaled Channel detected at Tag AI_TK_027
4/24/2026 11:51:26 AM,202,Warning,WT8-GUI,83102736,HM,Overscaled Channel detected at Tag AI_TK_000
4/24/2026 11:51:26 AM,202,Warning,WT8-GUI,83102737,HM,Overscaled Channel detected at Tag AI_Volts_Shunt_006
4/24/2026 11:51:26 AM,202,Warning,WT8-GUI,83102738,HM,Overscaled Channel detected at Tag AI_Volts_Shunt_007
4/24/2026 11:51:26 AM,202,Warning,WT8-GUI,83102739,HM,Overscaled Channel detected at Tag AI_Volts_Shunt_008
4/24/2026 11:51:26 AM,202,Warning,WT8-GUI,83102740,HM,Overscaled Channel detected at Tag AI_Volts_Shunt_009
4/24/2026 11:51:26 AM,202,Warning,WT8-GUI,83102741,HM,Overscaled Channel detected at Tag AI_Volts_Shunt_010
4/24/2026 11:51:26 AM,202,Warning,WT8-GUI,83102742,HM,Overscaled Channel detected at Tag AI_Volts_Shunt_011
4/24/2026 11:51:26 AM,202,Warning,WT8-GUI,83102743,HM,Overscaled Channel detected at Tag AI_Volts_Shunt_012
4/24/2026 11:51:26 AM,202,Warning,WT8-GUI,83102744,HM,Overscaled Channel detected at Tag AI_Volts_Shunt_013
4/24/2026 11:51:26 AM,202,Warning,WT8-GUI,83102745,HM,Overscaled Channel detected at Tag AI_Volts_Shunt_014
4/24/2026 11:51:26 AM,202,Warning,WT8-GUI,83102746,HM,Overscaled Channel detected at Tag AI_Volts_Shunt_015
4/24/2026 11:51:26 AM,202,Warning,WT8-GUI,83102747,HM,Overscaled Channel detected at Tag AI_Strain_000
4/24/2026 11:51:26 AM,202,Warning,WT8-GUI,83102748,HM,Overscaled Channel detected at Tag AI_Strain_001
4/24/2026 11:51:26 AM,202,Warning,WT8-GUI,83102749,HM,Overscaled Channel detected at Tag AI_Strain_002
4/24/2026 11:51:26 AM,202,Warning,WT8-GUI,83102750,HM,Overscaled Channel detected at Tag AI_Strain_003
4/24/2026 11:51:26 AM,202,Warning,WT8-GUI,83102751,HM,Overscaled Channel detected at Tag AI_Strain_004
4/24/2026 11:51:26 AM,202,Warning,WT8-GUI,83102752,HM,Overscaled Channel detected at Tag AI_Strain_005
4/24/2026 11:51:26 AM,202,Warning,WT8-GUI,83102753,HM,Overscaled Channel detected at Tag AI_Strain_006
4/24/2026 11:51:26 AM,202,Warning,WT8-GUI,83102754,HM,Overscaled Channel detected at Tag AI_Strain_007
4/24/2026 11:51:26 AM,202,Warning,WT8-GUI,83102755,HM,Overscaled Channel detected at Tag AI_TT_008
4/24/2026 11:51:26 AM,202,Warning,WT8-GUI,83102756,HM,Overscaled Channel detected at Tag AI_TK_015
4/24/2026 11:51:26 AM,202,Warning,WT8-GUI,83102757,HM,Overscaled Channel detected at Tag AI_TK_016
4/24/2026 11:51:26 AM,202,Warning,WT8-GUI,83102758,HM,Overscaled Channel detected at Tag AI_TK_017
4/24/2026 11:51:26 AM,202,Warning,WT8-GUI,83102759,HM,Overscaled Channel detected at Tag AI_TK_018
4/24/2026 11:51:26 AM,202,Warning,WT8-GUI,83102760,HM,Overscaled Channel detected at Tag AI_TK_001
4/24/2026 11:51:26 AM,202,Warning,WT8-GUI,83102761,HM,Overscaled Channel detected at Tag AI_TK_019
4/24/2026 11:51:26 AM,202,Warning,WT8-GUI,83102762,HM,Overscaled Channel detected at Tag AI_TK_020
4/24/2026 11:51:26 AM,202,Warning,WT8-GUI,83102763,HM,Overscaled Channel detected at Tag AI_TK_021
4/24/2026 11:51:26 AM,202,Warning,WT8-GUI,83102764,HM,Overscaled Channel detected at Tag AI_TK_022
4/24/2026 11:51:26 AM,202,Warning,WT8-GUI,83102765,HM,Overscaled Channel detected at Tag AI_TK_023
4/24/2026 11:51:26 AM,202,Warning,WT8-GUI,83102766,HM,Overscaled Channel detected at Tag AI_TK_024
4/24/2026 11:51:26 AM,202,Warning,WT8-GUI,83102767,HM,Overscaled Channel detected at Tag AI_TK_025
4/24/2026 11:51:26 AM,202,Warning,WT8-GUI,83102768,HM,Overscaled Channel detected at Tag AI_TT_000
4/24/2026 11:51:26 AM,202,Warning,WT8-GUI,83102769,HM,Overscaled Channel detected at Tag AI_TT_009
4/24/2026 11:51:26 AM,202,Warning,WT8-GUI,83102770,HM,Overscaled Channel detected at Tag AI_TT_010
4/24/2026 11:51:26 AM,202,Warning,WT8-GUI,83102771,HM,Overscaled Channel detected at Tag AI_TT_011
4/24/2026 11:51:26 AM,202,Warning,WT8-GUI,83102772,HM,Overscaled Channel detected at Tag AI_TT_012
4/24/2026 11:51:26 AM,202,Warning,WT8-GUI,83102773,HM,Overscaled Channel detected at Tag AI_TT_013
4/24/2026 11:51:26 AM,202,Warning,WT8-GUI,83102774,HM,Overscaled Channel detected at Tag AI_TT_014
4/24/2026 11:51:26 AM,202,Warning,WT8-GUI,83102775,HM,Overscaled Channel detected at Tag AI_TT_015
4/24/2026 11:51:26 AM,202,Warning,WT8-GUI,83102776,HM,Overscaled Channel detected at Tag AI_TT_016
4/24/2026 11:51:26 AM,202,Warning,WT8-GUI,83102777,HM,Overscaled Channel detected at Tag AI_TT_017
4/24/2026 11:51:26 AM,202,Warning,WT8-GUI,83102778,HM,Overscaled Channel detected at Tag AI_TK_002
4/24/2026 11:51:26 AM,202,Warning,WT8-GUI,83102779,HM,Overscaled Channel detected at Tag AI_TK_029
4/24/2026 11:51:26 AM,202,Warning,WT8-GUI,83102780,HM,Overscaled Channel detected at Tag AI_TK_030
4/24/2026 11:51:26 AM,202,Warning,WT8-GUI,83102781,HM,Overscaled Channel detected at Tag AI_TK_004
4/24/2026 11:51:26 AM,202,Warning,WT8-GUI,83102782,HM,Overscaled Channel detected at Tag AI_TK_005
4/24/2026 11:51:26 AM,202,Warning,WT8-GUI,83102783,HM,Overscaled Channel detected at Tag AI_TK_006
4/24/2026 11:51:26 AM,202,Warning,WT8-GUI,83102784,HM,Overscaled Channel detected at Tag AI_TK_007
4/24/2026 11:51:26 AM,202,Warning,WT8-GUI,83102785,HM,Overscaled Channel detected at Tag AI_TK_008
4/24/2026 11:51:26 AM,202,Warning,WT8-GUI,83102786,HM,Overscaled Channel detected at Tag AI_TT_018
4/24/2026 11:51:26 AM,202,Warning,WT8-GUI,83102787,HM,Overscaled Channel detected at Tag AI_TT_001
4/24/2026 11:51:26 AM,202,Warning,WT8-GUI,83102788,HM,Overscaled Channel detected at Tag AI_TT_019
4/24/2026 11:51:26 AM,202,Warning,WT8-GUI,83102789,HM,Overscaled Channel detected at Tag AI_TT_020
4/24/2026 11:51:26 AM,202,Warning,WT8-GUI,83102790,HM,Overscaled Channel detected at Tag AI_TT_021
4/24/2026 11:51:26 AM,202,Warning,WT8-GUI,83102791,HM,Overscaled Channel detected at Tag AI_TT_022
4/24/2026 11:51:26 AM,202,Warning,WT8-GUI,83102792,HM,Overscaled Channel detected at Tag AI_TT_023
4/24/2026 11:51:26 AM,202,Warning,WT8-GUI,83102793,HM,Overscaled Channel detected at Tag AI_TT_024
4/24/2026 11:51:26 AM,202,Warning,WT8-GUI,83102794,HM,Overscaled Channel detected at Tag AI_TT_025
4/24/2026 11:51:26 AM,202,Warning,WT8-GUI,83102795,HM,Overscaled Channel detected at Tag AI_TT_026
4/24/2026 11:51:26 AM,202,Warning,WT8-GUI,83102796,HM,Overscaled Channel detected at Tag AI_TT_027
4/24/2026 11:51:26 AM,202,Warning,WT8-GUI,83102797,HM,Overscaled Channel detected at Tag AI_TT_028
4/24/2026 11:51:26 AM,202,Warning,WT8-GUI,83102798,HM,Overscaled Channel detected at Tag AI_TT_004
4/24/2026 11:51:26 AM,202,Warning,WT8-GUI,83102799,HM,Overscaled Channel detected at Tag AI_TT_005
4/24/2026 11:51:26 AM,202,Warning,WT8-GUI,83102800,HM,Overscaled Channel detected at Tag AI_TT_006
4/24/2026 11:52:10 AM,301005,Warning,WT8-GUI,83102801,OPC,OPC Server Graybox.Simulator.1 on host localhost has not updated data in 149 minute(s).
4/24/2026 11:52:26 AM,202,Warning,WT8-GUI,83102802,HM,Overscaled Channel detected at Tag AI_Volts_Shunt_001
4/24/2026 11:52:26 AM,202,Warning,WT8-GUI,83102803,HM,Overscaled Channel detected at Tag AI_Volts_Shunt_003
4/24/2026 11:52:26 AM,202,Warning,WT8-GUI,83102804,HM,Overscaled Channel detected at Tag AI_Volts_Shunt_004
4/24/2026 11:52:26 AM,202,Warning,WT8-GUI,83102805,HM,Overscaled Channel detected at Tag AI_Volts_Shunt_000
4/24/2026 11:52:26 AM,202,Warning,WT8-GUI,83102806,HM,Overscaled Channel detected at Tag AI_TK_003
4/24/2026 11:52:26 AM,202,Warning,WT8-GUI,83102807,HM,Overscaled Channel detected at Tag AI_TK_009
4/24/2026 11:52:26 AM,202,Warning,WT8-GUI,83102808,HM,Overscaled Channel detected at Tag AI_TK_010
4/24/2026 11:52:26 AM,202,Warning,WT8-GUI,83102809,HM,Overscaled Channel detected at Tag AI_TK_011
4/24/2026 11:52:26 AM,202,Warning,WT8-GUI,83102810,HM,Overscaled Channel detected at Tag AI_TK_012
4/24/2026 11:52:26 AM,202,Warning,WT8-GUI,83102811,HM,Overscaled Channel detected at Tag AI_TK_013
4/24/2026 11:52:26 AM,202,Warning,WT8-GUI,83102812,HM,Overscaled Channel detected at Tag AI_TK_014
4/24/2026 11:52:26 AM,202,Warning,WT8-GUI,83102813,HM,Overscaled Channel detected at Tag AI_TK_028
4/24/2026 11:52:26 AM,202,Warning,WT8-GUI,83102814,HM,Overscaled Channel detected at Tag AI_TT_002
4/24/2026 11:52:26 AM,202,Warning,WT8-GUI,83102815,HM,Overscaled Channel detected at Tag AI_TT_029
4/24/2026 11:52:26 AM,202,Warning,WT8-GUI,83102816,HM,Overscaled Channel detected at Tag AI_TT_030
4/24/2026 11:52:26 AM,202,Warning,WT8-GUI,83102817,HM,Overscaled Channel detected at Tag AI_TT_003
4/24/2026 11:52:26 AM,202,Warning,WT8-GUI,83102818,HM,Overscaled Channel detected at Tag AI_TT_007
4/24/2026 11:52:26 AM,202,Warning,WT8-GUI,83102819,HM,Overscaled Channel detected at Tag AI_TK_026
4/24/2026 11:52:26 AM,202,Warning,WT8-GUI,83102820,HM,Overscaled Channel detected at Tag AI_TK_027
4/24/2026 11:52:26 AM,202,Warning,WT8-GUI,83102821,HM,Overscaled Channel detected at Tag AI_TK_000
4/24/2026 11:52:26 AM,202,Warning,WT8-GUI,83102822,HM,Overscaled Channel detected at Tag AI_Volts_Shunt_006
4/24/2026 11:52:26 AM,202,Warning,WT8-GUI,83102823,HM,Overscaled Channel detected at Tag AI_Volts_Shunt_007
4/24/2026 11:52:26 AM,202,Warning,WT8-GUI,83102824,HM,Overscaled Channel detected at Tag AI_Volts_Shunt_008
4/24/2026 11:52:26 AM,202,Warning,WT8-GUI,83102825,HM,Overscaled Channel detected at Tag AI_Volts_Shunt_009
4/24/2026 11:52:26 AM,202,Warning,WT8-GUI,83102826,HM,Overscaled Channel detected at Tag AI_Volts_Shunt_010
4/24/2026 11:52:26 AM,202,Warning,WT8-GUI,83102827,HM,Overscaled Channel detected at Tag AI_Volts_Shunt_011
4/24/2026 11:52:26 AM,202,Warning,WT8-GUI,83102828,HM,Overscaled Channel detected at Tag AI_Volts_Shunt_012
4/24/2026 11:52:26 AM,202,Warning,WT8-GUI,83102829,HM,Overscaled Channel detected at Tag AI_Volts_Shunt_013
4/24/2026 11:52:26 AM,202,Warning,WT8-GUI,83102830,HM,Overscaled Channel detected at Tag AI_Volts_Shunt_014
4/24/2026 11:52:26 AM,202,Warning,WT8-GUI,83102831,HM,Overscaled Channel detected at Tag AI_Volts_Shunt_015
4/24/2026 11:52:26 AM,202,Warning,WT8-GUI,83102832,HM,Overscaled Channel detected at Tag AI_Strain_000
4/24/2026 11:52:26 AM,202,Warning,WT8-GUI,83102833,HM,Overscaled Channel detected at Tag AI_Strain_001
4/24/2026 11:52:26 AM,202,Warning,WT8-GUI,83102834,HM,Overscaled Channel detected at Tag AI_Strain_002
4/24/2026 11:52:26 AM,202,Warning,WT8-GUI,83102835,HM,Overscaled Channel detected at Tag AI_Strain_003
4/24/2026 11:52:26 AM,202,Warning,WT8-GUI,83102836,HM,Overscaled Channel detected at Tag AI_Strain_004
4/24/2026 11:52:26 AM,202,Warning,WT8-GUI,83102837,HM,Overscaled Channel detected at Tag AI_Strain_005
4/24/2026 11:52:26 AM,202,Warning,WT8-GUI,83102838,HM,Overscaled Channel detected at Tag AI_Strain_006
4/24/2026 11:52:26 AM,202,Warning,WT8-GUI,83102839,HM,Overscaled Channel detected at Tag AI_Strain_007
4/24/2026 11:52:26 AM,202,Warning,WT8-GUI,83102840,HM,Overscaled Channel detected at Tag AI_TT_008
4/24/2026 11:52:26 AM,202,Warning,WT8-GUI,83102841,HM,Overscaled Channel detected at Tag AI_TK_015
4/24/2026 11:52:26 AM,202,Warning,WT8-GUI,83102842,HM,Overscaled Channel detected at Tag AI_TK_016
4/24/2026 11:52:26 AM,202,Warning,WT8-GUI,83102843,HM,Overscaled Channel detected at Tag AI_TK_017
4/24/2026 11:52:26 AM,202,Warning,WT8-GUI,83102844,HM,Overscaled Channel detected at Tag AI_TK_018
4/24/2026 11:52:26 AM,202,Warning,WT8-GUI,83102845,HM,Overscaled Channel detected at Tag AI_TK_001
4/24/2026 11:52:26 AM,202,Warning,WT8-GUI,83102846,HM,Overscaled Channel detected at Tag AI_TK_019
4/24/2026 11:52:26 AM,202,Warning,WT8-GUI,83102847,HM,Overscaled Channel detected at Tag AI_TK_020
4/24/2026 11:52:26 AM,202,Warning,WT8-GUI,83102848,HM,Overscaled Channel detected at Tag AI_TK_021
4/24/2026 11:52:26 AM,202,Warning,WT8-GUI,83102849,HM,Overscaled Channel detected at Tag AI_TK_022
4/24/2026 11:52:26 AM,202,Warning,WT8-GUI,83102850,HM,Overscaled Channel detected at Tag AI_TK_023
4/24/2026 11:52:26 AM,202,Warning,WT8-GUI,83102851,HM,Overscaled Channel detected at Tag AI_TK_024
4/24/2026 11:52:26 AM,202,Warning,WT8-GUI,83102852,HM,Overscaled Channel detected at Tag AI_TK_025
4/24/2026 11:52:26 AM,202,Warning,WT8-GUI,83102853,HM,Overscaled Channel detected at Tag AI_TT_000
4/24/2026 11:52:26 AM,202,Warning,WT8-GUI,83102854,HM,Overscaled Channel detected at Tag AI_TT_009
4/24/2026 11:52:26 AM,202,Warning,WT8-GUI,83102855,HM,Overscaled Channel detected at Tag AI_TT_010
4/24/2026 11:52:26 AM,202,Warning,WT8-GUI,83102856,HM,Overscaled Channel detected at Tag AI_TT_011
4/24/2026 11:52:26 AM,202,Warning,WT8-GUI,83102857,HM,Overscaled Channel detected at Tag AI_TT_012
4/24/2026 11:52:26 AM,202,Warning,WT8-GUI,83102858,HM,Overscaled Channel detected at Tag AI_TT_013
4/24/2026 11:52:26 AM,202,Warning,WT8-GUI,83102859,HM,Overscaled Channel detected at Tag AI_TT_014
4/24/2026 11:52:26 AM,202,Warning,WT8-GUI,83102860,HM,Overscaled Channel detected at Tag AI_TT_015
4/24/2026 11:52:26 AM,202,Warning,WT8-GUI,83102861,HM,Overscaled Channel detected at Tag AI_TT_016
4/24/2026 11:52:26 AM,202,Warning,WT8-GUI,83102862,HM,Overscaled Channel detected at Tag AI_TT_017
4/24/2026 11:52:26 AM,202,Warning,WT8-GUI,83102863,HM,Overscaled Channel detected at Tag AI_TK_002
4/24/2026 11:52:26 AM,202,Warning,WT8-GUI,83102864,HM,Overscaled Channel detected at Tag AI_TK_029
4/24/2026 11:52:26 AM,202,Warning,WT8-GUI,83102865,HM,Overscaled Channel detected at Tag AI_TK_030
4/24/2026 11:52:26 AM,202,Warning,WT8-GUI,83102866,HM,Overscaled Channel detected at Tag AI_TK_004
4/24/2026 11:52:26 AM,202,Warning,WT8-GUI,83102867,HM,Overscaled Channel detected at Tag AI_TK_005
4/24/2026 11:52:26 AM,202,Warning,WT8-GUI,83102868,HM,Overscaled Channel detected at Tag AI_TK_006
4/24/2026 11:52:26 AM,202,Warning,WT8-GUI,83102869,HM,Overscaled Channel detected at Tag AI_TK_007
4/24/2026 11:52:26 AM,202,Warning,WT8-GUI,83102870,HM,Overscaled Channel detected at Tag AI_TK_008
4/24/2026 11:52:26 AM,202,Warning,WT8-GUI,83102871,HM,Overscaled Channel detected at Tag AI_TT_018
4/24/2026 11:52:26 AM,202,Warning,WT8-GUI,83102872,HM,Overscaled Channel detected at Tag AI_TT_001
4/24/2026 11:52:26 AM,202,Warning,WT8-GUI,83102873,HM,Overscaled Channel detected at Tag AI_TT_019
4/24/2026 11:52:26 AM,202,Warning,WT8-GUI,83102874,HM,Overscaled Channel detected at Tag AI_TT_020
4/24/2026 11:52:26 AM,202,Warning,WT8-GUI,83102875,HM,Overscaled Channel detected at Tag AI_TT_021
4/24/2026 11:52:26 AM,202,Warning,WT8-GUI,83102876,HM,Overscaled Channel detected at Tag AI_TT_022
4/24/2026 11:52:26 AM,202,Warning,WT8-GUI,83102877,HM,Overscaled Channel detected at Tag AI_TT_023
4/24/2026 11:52:26 AM,202,Warning,WT8-GUI,83102878,HM,Overscaled Channel detected at Tag AI_TT_024
4/24/2026 11:52:26 AM,202,Warning,WT8-GUI,83102879,HM,Overscaled Channel detected at Tag AI_TT_025
4/24/2026 11:52:26 AM,202,Warning,WT8-GUI,83102880,HM,Overscaled Channel detected at Tag AI_TT_026
4/24/2026 11:52:26 AM,202,Warning,WT8-GUI,83102881,HM,Overscaled Channel detected at Tag AI_TT_027
4/24/2026 11:52:26 AM,202,Warning,WT8-GUI,83102882,HM,Overscaled Channel detected at Tag AI_TT_028
4/24/2026 11:52:26 AM,202,Warning,WT8-GUI,83102883,HM,Overscaled Channel detected at Tag AI_TT_004
4/24/2026 11:52:26 AM,202,Warning,WT8-GUI,83102884,HM,Overscaled Channel detected at Tag AI_TT_005
4/24/2026 11:52:26 AM,202,Warning,WT8-GUI,83102885,HM,Overscaled Channel detected at Tag AI_TT_006
4/24/2026 11:53:10 AM,301005,Warning,WT8-GUI,83102886,OPC,OPC Server Graybox.Simulator.1 on host localhost has not updated data in 150 minute(s).
4/24/2026 11:53:26 AM,202,Warning,WT8-GUI,83102887,HM,Overscaled Channel detected at Tag AI_Volts_Shunt_001
4/24/2026 11:53:26 AM,202,Warning,WT8-GUI,83102888,HM,Overscaled Channel detected at Tag AI_Volts_Shunt_003
4/24/2026 11:53:26 AM,202,Warning,WT8-GUI,83102889,HM,Overscaled Channel detected at Tag AI_Volts_Shunt_004
4/24/2026 11:53:26 AM,202,Warning,WT8-GUI,83102890,HM,Overscaled Channel detected at Tag AI_Volts_Shunt_000
4/24/2026 11:53:26 AM,202,Warning,WT8-GUI,83102891,HM,Overscaled Channel detected at Tag AI_TK_009
4/24/2026 11:53:26 AM,202,Warning,WT8-GUI,83102892,HM,Overscaled Channel detected at Tag AI_TK_010
4/24/2026 11:53:26 AM,202,Warning,WT8-GUI,83102893,HM,Overscaled Channel detected at Tag AI_TK_011
4/24/2026 11:53:26 AM,202,Warning,WT8-GUI,83102894,HM,Overscaled Channel detected at Tag AI_TK_012
4/24/2026 11:53:26 AM,202,Warning,WT8-GUI,83102895,HM,Overscaled Channel detected at Tag AI_TK_013
4/24/2026 11:53:26 AM,202,Warning,WT8-GUI,83102896,HM,Overscaled Channel detected at Tag AI_TK_014
4/24/2026 11:53:26 AM,202,Warning,WT8-GUI,83102897,HM,Overscaled Channel detected at Tag AI_TK_028
4/24/2026 11:53:26 AM,202,Warning,WT8-GUI,83102898,HM,Overscaled Channel detected at Tag AI_TK_003
4/24/2026 11:53:26 AM,202,Warning,WT8-GUI,83102899,HM,Overscaled Channel detected at Tag AI_TT_002
4/24/2026 11:53:26 AM,202,Warning,WT8-GUI,83102900,HM,Overscaled Channel detected at Tag AI_TT_029
4/24/2026 11:53:26 AM,202,Warning,WT8-GUI,83102901,HM,Overscaled Channel detected at Tag AI_TT_030
4/24/2026 11:53:26 AM,202,Warning,WT8-GUI,83102902,HM,Overscaled Channel detected at Tag AI_TT_003
4/24/2026 11:53:26 AM,202,Warning,WT8-GUI,83102903,HM,Overscaled Channel detected at Tag AI_TT_007
4/24/2026 11:53:26 AM,202,Warning,WT8-GUI,83102904,HM,Overscaled Channel detected at Tag AI_TK_026
4/24/2026 11:53:26 AM,202,Warning,WT8-GUI,83102905,HM,Overscaled Channel detected at Tag AI_TK_027
4/24/2026 11:53:26 AM,202,Warning,WT8-GUI,83102906,HM,Overscaled Channel detected at Tag AI_Volts_Shunt_006
4/24/2026 11:53:26 AM,202,Warning,WT8-GUI,83102907,HM,Overscaled Channel detected at Tag AI_Volts_Shunt_007
4/24/2026 11:53:26 AM,202,Warning,WT8-GUI,83102908,HM,Overscaled Channel detected at Tag AI_Volts_Shunt_008
4/24/2026 11:53:26 AM,202,Warning,WT8-GUI,83102909,HM,Overscaled Channel detected at Tag AI_Volts_Shunt_009
4/24/2026 11:53:26 AM,202,Warning,WT8-GUI,83102910,HM,Overscaled Channel detected at Tag AI_Volts_Shunt_010
4/24/2026 11:53:26 AM,202,Warning,WT8-GUI,83102911,HM,Overscaled Channel detected at Tag AI_Volts_Shunt_011
4/24/2026 11:53:26 AM,202,Warning,WT8-GUI,83102912,HM,Overscaled Channel detected at Tag AI_Volts_Shunt_012
4/24/2026 11:53:26 AM,202,Warning,WT8-GUI,83102913,HM,Overscaled Channel detected at Tag AI_Volts_Shunt_013
4/24/2026 11:53:26 AM,202,Warning,WT8-GUI,83102914,HM,Overscaled Channel detected at Tag AI_Volts_Shunt_014
4/24/2026 11:53:26 AM,202,Warning,WT8-GUI,83102915,HM,Overscaled Channel detected at Tag AI_Volts_Shunt_015
4/24/2026 11:53:26 AM,202,Warning,WT8-GUI,83102916,HM,Overscaled Channel detected at Tag AI_TK_000
4/24/2026 11:53:26 AM,202,Warning,WT8-GUI,83102917,HM,Overscaled Channel detected at Tag AI_Strain_000
4/24/2026 11:53:26 AM,202,Warning,WT8-GUI,83102918,HM,Overscaled Channel detected at Tag AI_Strain_001
4/24/2026 11:53:26 AM,202,Warning,WT8-GUI,83102919,HM,Overscaled Channel detected at Tag AI_Strain_002
4/24/2026 11:53:26 AM,202,Warning,WT8-GUI,83102920,HM,Overscaled Channel detected at Tag AI_Strain_003
4/24/2026 11:53:26 AM,202,Warning,WT8-GUI,83102921,HM,Overscaled Channel detected at Tag AI_Strain_004
4/24/2026 11:53:26 AM,202,Warning,WT8-GUI,83102922,HM,Overscaled Channel detected at Tag AI_Strain_005
4/24/2026 11:53:26 AM,202,Warning,WT8-GUI,83102923,HM,Overscaled Channel detected at Tag AI_Strain_006
4/24/2026 11:53:26 AM,202,Warning,WT8-GUI,83102924,HM,Overscaled Channel detected at Tag AI_Strain_007
4/24/2026 11:53:26 AM,202,Warning,WT8-GUI,83102925,HM,Overscaled Channel detected at Tag AI_TT_008
4/24/2026 11:53:26 AM,202,Warning,WT8-GUI,83102926,HM,Overscaled Channel detected at Tag AI_TK_015
4/24/2026 11:53:26 AM,202,Warning,WT8-GUI,83102927,HM,Overscaled Channel detected at Tag AI_TK_016
4/24/2026 11:53:26 AM,202,Warning,WT8-GUI,83102928,HM,Overscaled Channel detected at Tag AI_TK_017
4/24/2026 11:53:26 AM,202,Warning,WT8-GUI,83102929,HM,Overscaled Channel detected at Tag AI_TK_018
4/24/2026 11:53:26 AM,202,Warning,WT8-GUI,83102930,HM,Overscaled Channel detected at Tag AI_TK_001
4/24/2026 11:53:26 AM,202,Warning,WT8-GUI,83102931,HM,Overscaled Channel detected at Tag AI_TK_019
4/24/2026 11:53:26 AM,202,Warning,WT8-GUI,83102932,HM,Overscaled Channel detected at Tag AI_TK_020
4/24/2026 11:53:26 AM,202,Warning,WT8-GUI,83102933,HM,Overscaled Channel detected at Tag AI_TK_021
4/24/2026 11:53:26 AM,202,Warning,WT8-GUI,83102934,HM,Overscaled Channel detected at Tag AI_TK_022
4/24/2026 11:53:26 AM,202,Warning,WT8-GUI,83102935,HM,Overscaled Channel detected at Tag AI_TK_023
4/24/2026 11:53:26 AM,202,Warning,WT8-GUI,83102936,HM,Overscaled Channel detected at Tag AI_TK_024
4/24/2026 11:53:26 AM,202,Warning,WT8-GUI,83102937,HM,Overscaled Channel detected at Tag AI_TK_025
4/24/2026 11:53:26 AM,202,Warning,WT8-GUI,83102938,HM,Overscaled Channel detected at Tag AI_TK_002
4/24/2026 11:53:26 AM,202,Warning,WT8-GUI,83102939,HM,Overscaled Channel detected at Tag AI_TK_029
4/24/2026 11:53:26 AM,202,Warning,WT8-GUI,83102940,HM,Overscaled Channel detected at Tag AI_TK_030
4/24/2026 11:53:26 AM,202,Warning,WT8-GUI,83102941,HM,Overscaled Channel detected at Tag AI_TK_004
4/24/2026 11:53:26 AM,202,Warning,WT8-GUI,83102942,HM,Overscaled Channel detected at Tag AI_TK_005
4/24/2026 11:53:26 AM,202,Warning,WT8-GUI,83102943,HM,Overscaled Channel detected at Tag AI_TK_006
4/24/2026 11:53:26 AM,202,Warning,WT8-GUI,83102944,HM,Overscaled Channel detected at Tag AI_TK_007
4/24/2026 11:53:26 AM,202,Warning,WT8-GUI,83102945,HM,Overscaled Channel detected at Tag AI_TK_008
4/24/2026 11:53:26 AM,202,Warning,WT8-GUI,83102946,HM,Overscaled Channel detected at Tag AI_TT_000
4/24/2026 11:53:26 AM,202,Warning,WT8-GUI,83102947,HM,Overscaled Channel detected at Tag AI_TT_009
4/24/2026 11:53:26 AM,202,Warning,WT8-GUI,83102948,HM,Overscaled Channel detected at Tag AI_TT_010
4/24/2026 11:53:26 AM,202,Warning,WT8-GUI,83102949,HM,Overscaled Channel detected at Tag AI_TT_011
4/24/2026 11:53:26 AM,202,Warning,WT8-GUI,83102950,HM,Overscaled Channel detected at Tag AI_TT_012
4/24/2026 11:53:26 AM,202,Warning,WT8-GUI,83102951,HM,Overscaled Channel detected at Tag AI_TT_013
4/24/2026 11:53:26 AM,202,Warning,WT8-GUI,83102952,HM,Overscaled Channel detected at Tag AI_TT_014
4/24/2026 11:53:26 AM,202,Warning,WT8-GUI,83102953,HM,Overscaled Channel detected at Tag AI_TT_015
4/24/2026 11:53:26 AM,202,Warning,WT8-GUI,83102954,HM,Overscaled Channel detected at Tag AI_TT_016
4/24/2026 11:53:26 AM,202,Warning,WT8-GUI,83102955,HM,Overscaled Channel detected at Tag AI_TT_017
4/24/2026 11:53:26 AM,202,Warning,WT8-GUI,83102956,HM,Overscaled Channel detected at Tag AI_TT_018
4/24/2026 11:53:26 AM,202,Warning,WT8-GUI,83102957,HM,Overscaled Channel detected at Tag AI_TT_001
4/24/2026 11:53:26 AM,202,Warning,WT8-GUI,83102958,HM,Overscaled Channel detected at Tag AI_TT_019
4/24/2026 11:53:26 AM,202,Warning,WT8-GUI,83102959,HM,Overscaled Channel detected at Tag AI_TT_020
4/24/2026 11:53:26 AM,202,Warning,WT8-GUI,83102960,HM,Overscaled Channel detected at Tag AI_TT_021
4/24/2026 11:53:26 AM,202,Warning,WT8-GUI,83102961,HM,Overscaled Channel detected at Tag AI_TT_022
4/24/2026 11:53:26 AM,202,Warning,WT8-GUI,83102962,HM,Overscaled Channel detected at Tag AI_TT_023
4/24/2026 11:53:26 AM,202,Warning,WT8-GUI,83102963,HM,Overscaled Channel detected at Tag AI_TT_024
4/24/2026 11:53:26 AM,202,Warning,WT8-GUI,83102964,HM,Overscaled Channel detected at Tag AI_TT_025
4/24/2026 11:53:26 AM,202,Warning,WT8-GUI,83102965,HM,Overscaled Channel detected at Tag AI_TT_026
4/24/2026 11:53:26 AM,202,Warning,WT8-GUI,83102966,HM,Overscaled Channel detected at Tag AI_TT_027
4/24/2026 11:53:26 AM,202,Warning,WT8-GUI,83102967,HM,Overscaled Channel detected at Tag AI_TT_028
4/24/2026 11:53:26 AM,202,Warning,WT8-GUI,83102968,HM,Overscaled Channel detected at Tag AI_TT_004
4/24/2026 11:53:26 AM,202,Warning,WT8-GUI,83102969,HM,Overscaled Channel detected at Tag AI_TT_005
4/24/2026 11:53:26 AM,202,Warning,WT8-GUI,83102970,HM,Overscaled Channel detected at Tag AI_TT_006
4/24/2026 11:54:10 AM,301005,Warning,WT8-GUI,83102971,OPC,OPC Server Graybox.Simulator.1 on host localhost has not updated data in 151 minute(s).
4/24/2026 11:54:26 AM,202,Warning,WT8-GUI,83102972,HM,Overscaled Channel detected at Tag AI_Volts_Shunt_001
4/24/2026 11:54:26 AM,202,Warning,WT8-GUI,83102973,HM,Overscaled Channel detected at Tag AI_Volts_Shunt_003
4/24/2026 11:54:26 AM,202,Warning,WT8-GUI,83102974,HM,Overscaled Channel detected at Tag AI_Volts_Shunt_004
4/24/2026 11:54:26 AM,202,Warning,WT8-GUI,83102975,HM,Overscaled Channel detected at Tag AI_Volts_Shunt_000
4/24/2026 11:54:26 AM,202,Warning,WT8-GUI,83102976,HM,Overscaled Channel detected at Tag AI_TK_009
4/24/2026 11:54:26 AM,202,Warning,WT8-GUI,83102977,HM,Overscaled Channel detected at Tag AI_TK_010
4/24/2026 11:54:26 AM,202,Warning,WT8-GUI,83102978,HM,Overscaled Channel detected at Tag AI_TK_011
4/24/2026 11:54:26 AM,202,Warning,WT8-GUI,83102979,HM,Overscaled Channel detected at Tag AI_TK_012
4/24/2026 11:54:26 AM,202,Warning,WT8-GUI,83102980,HM,Overscaled Channel detected at Tag AI_TK_013
4/24/2026 11:54:26 AM,202,Warning,WT8-GUI,83102981,HM,Overscaled Channel detected at Tag AI_TK_014
4/24/2026 11:54:26 AM,202,Warning,WT8-GUI,83102982,HM,Overscaled Channel detected at Tag AI_TK_026
4/24/2026 11:54:26 AM,202,Warning,WT8-GUI,83102983,HM,Overscaled Channel detected at Tag AI_TK_027
4/24/2026 11:54:26 AM,202,Warning,WT8-GUI,83102984,HM,Overscaled Channel detected at Tag AI_TK_028
4/24/2026 11:54:26 AM,202,Warning,WT8-GUI,83102985,HM,Overscaled Channel detected at Tag AI_TK_003
4/24/2026 11:54:26 AM,202,Warning,WT8-GUI,83102986,HM,Overscaled Channel detected at Tag AI_TT_002
4/24/2026 11:54:26 AM,202,Warning,WT8-GUI,83102987,HM,Overscaled Channel detected at Tag AI_TT_029
4/24/2026 11:54:26 AM,202,Warning,WT8-GUI,83102988,HM,Overscaled Channel detected at Tag AI_TT_030
4/24/2026 11:54:26 AM,202,Warning,WT8-GUI,83102989,HM,Overscaled Channel detected at Tag AI_TT_003
4/24/2026 11:54:26 AM,202,Warning,WT8-GUI,83102990,HM,Overscaled Channel detected at Tag AI_TT_007
4/24/2026 11:54:26 AM,202,Warning,WT8-GUI,83102991,HM,Overscaled Channel detected at Tag AI_Volts_Shunt_006
4/24/2026 11:54:26 AM,202,Warning,WT8-GUI,83102992,HM,Overscaled Channel detected at Tag AI_Volts_Shunt_007
4/24/2026 11:54:26 AM,202,Warning,WT8-GUI,83102993,HM,Overscaled Channel detected at Tag AI_Volts_Shunt_008
4/24/2026 11:54:26 AM,202,Warning,WT8-GUI,83102994,HM,Overscaled Channel detected at Tag AI_Volts_Shunt_009
4/24/2026 11:54:26 AM,202,Warning,WT8-GUI,83102995,HM,Overscaled Channel detected at Tag AI_Volts_Shunt_010
4/24/2026 11:54:26 AM,202,Warning,WT8-GUI,83102996,HM,Overscaled Channel detected at Tag AI_Volts_Shunt_011
4/24/2026 11:54:26 AM,202,Warning,WT8-GUI,83102997,HM,Overscaled Channel detected at Tag AI_Volts_Shunt_012
4/24/2026 11:54:26 AM,202,Warning,WT8-GUI,83102998,HM,Overscaled Channel detected at Tag AI_Volts_Shunt_013
4/24/2026 11:54:26 AM,202,Warning,WT8-GUI,83102999,HM,Overscaled Channel detected at Tag AI_Volts_Shunt_014
4/24/2026 11:54:26 AM,202,Warning,WT8-GUI,83103000,HM,Overscaled Channel detected at Tag AI_Volts_Shunt_015
4/24/2026 11:54:26 AM,202,Warning,WT8-GUI,83103001,HM,Overscaled Channel detected at Tag AI_TK_000
4/24/2026 11:54:26 AM,202,Warning,WT8-GUI,83103002,HM,Overscaled Channel detected at Tag AI_Strain_000
4/24/2026 11:54:26 AM,202,Warning,WT8-GUI,83103003,HM,Overscaled Channel detected at Tag AI_Strain_001
4/24/2026 11:54:26 AM,202,Warning,WT8-GUI,83103004,HM,Overscaled Channel detected at Tag AI_Strain_002
4/24/2026 11:54:26 AM,202,Warning,WT8-GUI,83103005,HM,Overscaled Channel detected at Tag AI_Strain_003
4/24/2026 11:54:26 AM,202,Warning,WT8-GUI,83103006,HM,Overscaled Channel detected at Tag AI_Strain_004
4/24/2026 11:54:26 AM,202,Warning,WT8-GUI,83103007,HM,Overscaled Channel detected at Tag AI_Strain_005
4/24/2026 11:54:26 AM,202,Warning,WT8-GUI,83103008,HM,Overscaled Channel detected at Tag AI_Strain_006
4/24/2026 11:54:26 AM,202,Warning,WT8-GUI,83103009,HM,Overscaled Channel detected at Tag AI_Strain_007
4/24/2026 11:54:26 AM,202,Warning,WT8-GUI,83103010,HM,Overscaled Channel detected at Tag AI_TT_008
4/24/2026 11:54:26 AM,202,Warning,WT8-GUI,83103011,HM,Overscaled Channel detected at Tag AI_TK_015
4/24/2026 11:54:26 AM,202,Warning,WT8-GUI,83103012,HM,Overscaled Channel detected at Tag AI_TK_016
4/24/2026 11:54:26 AM,202,Warning,WT8-GUI,83103013,HM,Overscaled Channel detected at Tag AI_TK_017
4/24/2026 11:54:26 AM,202,Warning,WT8-GUI,83103014,HM,Overscaled Channel detected at Tag AI_TK_018
4/24/2026 11:54:26 AM,202,Warning,WT8-GUI,83103015,HM,Overscaled Channel detected at Tag AI_TK_001
4/24/2026 11:54:26 AM,202,Warning,WT8-GUI,83103016,HM,Overscaled Channel detected at Tag AI_TK_019
4/24/2026 11:54:26 AM,202,Warning,WT8-GUI,83103017,HM,Overscaled Channel detected at Tag AI_TK_020
4/24/2026 11:54:26 AM,202,Warning,WT8-GUI,83103018,HM,Overscaled Channel detected at Tag AI_TK_021
4/24/2026 11:54:26 AM,202,Warning,WT8-GUI,83103019,HM,Overscaled Channel detected at Tag AI_TK_022
4/24/2026 11:54:26 AM,202,Warning,WT8-GUI,83103020,HM,Overscaled Channel detected at Tag AI_TK_023
4/24/2026 11:54:26 AM,202,Warning,WT8-GUI,83103021,HM,Overscaled Channel detected at Tag AI_TK_024
4/24/2026 11:54:26 AM,202,Warning,WT8-GUI,83103022,HM,Overscaled Channel detected at Tag AI_TK_025
4/24/2026 11:54:26 AM,202,Warning,WT8-GUI,83103023,HM,Overscaled Channel detected at Tag AI_TK_002
4/24/2026 11:54:26 AM,202,Warning,WT8-GUI,83103024,HM,Overscaled Channel detected at Tag AI_TK_029
4/24/2026 11:54:26 AM,202,Warning,WT8-GUI,83103025,HM,Overscaled Channel detected at Tag AI_TK_030
4/24/2026 11:54:26 AM,202,Warning,WT8-GUI,83103026,HM,Overscaled Channel detected at Tag AI_TK_004
4/24/2026 11:54:26 AM,202,Warning,WT8-GUI,83103027,HM,Overscaled Channel detected at Tag AI_TK_005
4/24/2026 11:54:26 AM,202,Warning,WT8-GUI,83103028,HM,Overscaled Channel detected at Tag AI_TK_006
4/24/2026 11:54:26 AM,202,Warning,WT8-GUI,83103029,HM,Overscaled Channel detected at Tag AI_TK_007
4/24/2026 11:54:26 AM,202,Warning,WT8-GUI,83103030,HM,Overscaled Channel detected at Tag AI_TK_008
4/24/2026 11:54:26 AM,202,Warning,WT8-GUI,83103031,HM,Overscaled Channel detected at Tag AI_TT_000
4/24/2026 11:54:26 AM,202,Warning,WT8-GUI,83103032,HM,Overscaled Channel detected at Tag AI_TT_009
4/24/2026 11:54:26 AM,202,Warning,WT8-GUI,83103033,HM,Overscaled Channel detected at Tag AI_TT_010
4/24/2026 11:54:26 AM,202,Warning,WT8-GUI,83103034,HM,Overscaled Channel detected at Tag AI_TT_011
4/24/2026 11:54:26 AM,202,Warning,WT8-GUI,83103035,HM,Overscaled Channel detected at Tag AI_TT_012
4/24/2026 11:54:26 AM,202,Warning,WT8-GUI,83103036,HM,Overscaled Channel detected at Tag AI_TT_013
4/24/2026 11:54:26 AM,202,Warning,WT8-GUI,83103037,HM,Overscaled Channel detected at Tag AI_TT_014
4/24/2026 11:54:26 AM,202,Warning,WT8-GUI,83103038,HM,Overscaled Channel detected at Tag AI_TT_015
4/24/2026 11:54:26 AM,202,Warning,WT8-GUI,83103039,HM,Overscaled Channel detected at Tag AI_TT_016
4/24/2026 11:54:26 AM,202,Warning,WT8-GUI,83103040,HM,Overscaled Channel detected at Tag AI_TT_017
4/24/2026 11:54:26 AM,202,Warning,WT8-GUI,83103041,HM,Overscaled Channel detected at Tag AI_TT_018
4/24/2026 11:54:26 AM,202,Warning,WT8-GUI,83103042,HM,Overscaled Channel detected at Tag AI_TT_001
4/24/2026 11:54:26 AM,202,Warning,WT8-GUI,83103043,HM,Overscaled Channel detected at Tag AI_TT_019
4/24/2026 11:54:26 AM,202,Warning,WT8-GUI,83103044,HM,Overscaled Channel detected at Tag AI_TT_020
4/24/2026 11:54:26 AM,202,Warning,WT8-GUI,83103045,HM,Overscaled Channel detected at Tag AI_TT_021
4/24/2026 11:54:26 AM,202,Warning,WT8-GUI,83103046,HM,Overscaled Channel detected at Tag AI_TT_022
4/24/2026 11:54:26 AM,202,Warning,WT8-GUI,83103047,HM,Overscaled Channel detected at Tag AI_TT_023
4/24/2026 11:54:26 AM,202,Warning,WT8-GUI,83103048,HM,Overscaled Channel detected at Tag AI_TT_024
4/24/2026 11:54:26 AM,202,Warning,WT8-GUI,83103049,HM,Overscaled Channel detected at Tag AI_TT_025
4/24/2026 11:54:26 AM,202,Warning,WT8-GUI,83103050,HM,Overscaled Channel detected at Tag AI_TT_026
4/24/2026 11:54:26 AM,202,Warning,WT8-GUI,83103051,HM,Overscaled Channel detected at Tag AI_TT_027
4/24/2026 11:54:26 AM,202,Warning,WT8-GUI,83103052,HM,Overscaled Channel detected at Tag AI_TT_028
4/24/2026 11:54:26 AM,202,Warning,WT8-GUI,83103053,HM,Overscaled Channel detected at Tag AI_TT_004
4/24/2026 11:54:26 AM,202,Warning,WT8-GUI,83103054,HM,Overscaled Channel detected at Tag AI_TT_005
4/24/2026 11:54:26 AM,202,Warning,WT8-GUI,83103055,HM,Overscaled Channel detected at Tag AI_TT_006
4/24/2026 11:55:10 AM,301005,Warning,WT8-GUI,83103056,OPC,OPC Server Graybox.Simulator.1 on host localhost has not updated data in 152 minute(s).
4/24/2026 11:55:26 AM,202,Warning,WT8-GUI,83103057,HM,Overscaled Channel detected at Tag AI_Volts_Shunt_001
4/24/2026 11:55:26 AM,202,Warning,WT8-GUI,83103058,HM,Overscaled Channel detected at Tag AI_Volts_Shunt_003
4/24/2026 11:55:26 AM,202,Warning,WT8-GUI,83103059,HM,Overscaled Channel detected at Tag AI_Volts_Shunt_004
4/24/2026 11:55:26 AM,202,Warning,WT8-GUI,83103060,HM,Overscaled Channel detected at Tag AI_Volts_Shunt_000
4/24/2026 11:55:26 AM,202,Warning,WT8-GUI,83103061,HM,Overscaled Channel detected at Tag AI_TK_009
4/24/2026 11:55:26 AM,202,Warning,WT8-GUI,83103062,HM,Overscaled Channel detected at Tag AI_TK_010
4/24/2026 11:55:26 AM,202,Warning,WT8-GUI,83103063,HM,Overscaled Channel detected at Tag AI_TK_011
4/24/2026 11:55:26 AM,202,Warning,WT8-GUI,83103064,HM,Overscaled Channel detected at Tag AI_TK_012
4/24/2026 11:55:26 AM,202,Warning,WT8-GUI,83103065,HM,Overscaled Channel detected at Tag AI_TK_013
4/24/2026 11:55:26 AM,202,Warning,WT8-GUI,83103066,HM,Overscaled Channel detected at Tag AI_TK_014
4/24/2026 11:55:26 AM,202,Warning,WT8-GUI,83103067,HM,Overscaled Channel detected at Tag AI_TK_026
4/24/2026 11:55:26 AM,202,Warning,WT8-GUI,83103068,HM,Overscaled Channel detected at Tag AI_TK_027
4/24/2026 11:55:26 AM,202,Warning,WT8-GUI,83103069,HM,Overscaled Channel detected at Tag AI_TK_028
4/24/2026 11:55:26 AM,202,Warning,WT8-GUI,83103070,HM,Overscaled Channel detected at Tag AI_TK_003
4/24/2026 11:55:26 AM,202,Warning,WT8-GUI,83103071,HM,Overscaled Channel detected at Tag AI_Volts_Shunt_006
4/24/2026 11:55:26 AM,202,Warning,WT8-GUI,83103072,HM,Overscaled Channel detected at Tag AI_Volts_Shunt_007
4/24/2026 11:55:26 AM,202,Warning,WT8-GUI,83103073,HM,Overscaled Channel detected at Tag AI_Volts_Shunt_008
4/24/2026 11:55:26 AM,202,Warning,WT8-GUI,83103074,HM,Overscaled Channel detected at Tag AI_Volts_Shunt_009
4/24/2026 11:55:26 AM,202,Warning,WT8-GUI,83103075,HM,Overscaled Channel detected at Tag AI_Volts_Shunt_010
4/24/2026 11:55:26 AM,202,Warning,WT8-GUI,83103076,HM,Overscaled Channel detected at Tag AI_Volts_Shunt_011
4/24/2026 11:55:26 AM,202,Warning,WT8-GUI,83103077,HM,Overscaled Channel detected at Tag AI_Volts_Shunt_012
4/24/2026 11:55:26 AM,202,Warning,WT8-GUI,83103078,HM,Overscaled Channel detected at Tag AI_Volts_Shunt_013
4/24/2026 11:55:26 AM,202,Warning,WT8-GUI,83103079,HM,Overscaled Channel detected at Tag AI_Volts_Shunt_014
4/24/2026 11:55:26 AM,202,Warning,WT8-GUI,83103080,HM,Overscaled Channel detected at Tag AI_Volts_Shunt_015
4/24/2026 11:55:26 AM,202,Warning,WT8-GUI,83103081,HM,Overscaled Channel detected at Tag AI_TT_002
4/24/2026 11:55:26 AM,202,Warning,WT8-GUI,83103082,HM,Overscaled Channel detected at Tag AI_TT_029
4/24/2026 11:55:26 AM,202,Warning,WT8-GUI,83103083,HM,Overscaled Channel detected at Tag AI_TT_030
4/24/2026 11:55:26 AM,202,Warning,WT8-GUI,83103084,HM,Overscaled Channel detected at Tag AI_TT_003
4/24/2026 11:55:26 AM,202,Warning,WT8-GUI,83103085,HM,Overscaled Channel detected at Tag AI_TT_007
4/24/2026 11:55:26 AM,202,Warning,WT8-GUI,83103086,HM,Overscaled Channel detected at Tag AI_TK_000
4/24/2026 11:55:26 AM,202,Warning,WT8-GUI,83103087,HM,Overscaled Channel detected at Tag AI_Strain_000
4/24/2026 11:55:26 AM,202,Warning,WT8-GUI,83103088,HM,Overscaled Channel detected at Tag AI_Strain_001
4/24/2026 11:55:26 AM,202,Warning,WT8-GUI,83103089,HM,Overscaled Channel detected at Tag AI_Strain_002
4/24/2026 11:55:26 AM,202,Warning,WT8-GUI,83103090,HM,Overscaled Channel detected at Tag AI_Strain_003
4/24/2026 11:55:26 AM,202,Warning,WT8-GUI,83103091,HM,Overscaled Channel detected at Tag AI_Strain_004
4/24/2026 11:55:26 AM,202,Warning,WT8-GUI,83103092,HM,Overscaled Channel detected at Tag AI_Strain_005
4/24/2026 11:55:26 AM,202,Warning,WT8-GUI,83103093,HM,Overscaled Channel detected at Tag AI_Strain_006
4/24/2026 11:55:26 AM,202,Warning,WT8-GUI,83103094,HM,Overscaled Channel detected at Tag AI_Strain_007
4/24/2026 11:55:26 AM,202,Warning,WT8-GUI,83103095,HM,Overscaled Channel detected at Tag AI_TT_008
4/24/2026 11:55:26 AM,202,Warning,WT8-GUI,83103096,HM,Overscaled Channel detected at Tag AI_TK_015
4/24/2026 11:55:26 AM,202,Warning,WT8-GUI,83103097,HM,Overscaled Channel detected at Tag AI_TK_016
4/24/2026 11:55:26 AM,202,Warning,WT8-GUI,83103098,HM,Overscaled Channel detected at Tag AI_TK_017
4/24/2026 11:55:26 AM,202,Warning,WT8-GUI,83103099,HM,Overscaled Channel detected at Tag AI_TK_018
4/24/2026 11:55:26 AM,202,Warning,WT8-GUI,83103100,HM,Overscaled Channel detected at Tag AI_TK_001
4/24/2026 11:55:26 AM,202,Warning,WT8-GUI,83103101,HM,Overscaled Channel detected at Tag AI_TK_019
4/24/2026 11:55:26 AM,202,Warning,WT8-GUI,83103102,HM,Overscaled Channel detected at Tag AI_TK_020
4/24/2026 11:55:26 AM,202,Warning,WT8-GUI,83103103,HM,Overscaled Channel detected at Tag AI_TK_021
4/24/2026 11:55:26 AM,202,Warning,WT8-GUI,83103104,HM,Overscaled Channel detected at Tag AI_TK_022
4/24/2026 11:55:26 AM,202,Warning,WT8-GUI,83103105,HM,Overscaled Channel detected at Tag AI_TK_023
4/24/2026 11:55:26 AM,202,Warning,WT8-GUI,83103106,HM,Overscaled Channel detected at Tag AI_TK_024
4/24/2026 11:55:26 AM,202,Warning,WT8-GUI,83103107,HM,Overscaled Channel detected at Tag AI_TK_025
4/24/2026 11:55:26 AM,202,Warning,WT8-GUI,83103108,HM,Overscaled Channel detected at Tag AI_TK_002
4/24/2026 11:55:26 AM,202,Warning,WT8-GUI,83103109,HM,Overscaled Channel detected at Tag AI_TK_029
4/24/2026 11:55:26 AM,202,Warning,WT8-GUI,83103110,HM,Overscaled Channel detected at Tag AI_TK_030
4/24/2026 11:55:26 AM,202,Warning,WT8-GUI,83103111,HM,Overscaled Channel detected at Tag AI_TK_004
4/24/2026 11:55:26 AM,202,Warning,WT8-GUI,83103112,HM,Overscaled Channel detected at Tag AI_TK_005
4/24/2026 11:55:26 AM,202,Warning,WT8-GUI,83103113,HM,Overscaled Channel detected at Tag AI_TK_006
4/24/2026 11:55:26 AM,202,Warning,WT8-GUI,83103114,HM,Overscaled Channel detected at Tag AI_TK_007
4/24/2026 11:55:26 AM,202,Warning,WT8-GUI,83103115,HM,Overscaled Channel detected at Tag AI_TK_008
4/24/2026 11:55:26 AM,202,Warning,WT8-GUI,83103116,HM,Overscaled Channel detected at Tag AI_TT_000
4/24/2026 11:55:26 AM,202,Warning,WT8-GUI,83103117,HM,Overscaled Channel detected at Tag AI_TT_009
4/24/2026 11:55:26 AM,202,Warning,WT8-GUI,83103118,HM,Overscaled Channel detected at Tag AI_TT_010
4/24/2026 11:55:26 AM,202,Warning,WT8-GUI,83103119,HM,Overscaled Channel detected at Tag AI_TT_011
4/24/2026 11:55:26 AM,202,Warning,WT8-GUI,83103120,HM,Overscaled Channel detected at Tag AI_TT_012
4/24/2026 11:55:26 AM,202,Warning,WT8-GUI,83103121,HM,Overscaled Channel detected at Tag AI_TT_013
4/24/2026 11:55:26 AM,202,Warning,WT8-GUI,83103122,HM,Overscaled Channel detected at Tag AI_TT_014
4/24/2026 11:55:26 AM,202,Warning,WT8-GUI,83103123,HM,Overscaled Channel detected at Tag AI_TT_015
4/24/2026 11:55:26 AM,202,Warning,WT8-GUI,83103124,HM,Overscaled Channel detected at Tag AI_TT_016
4/24/2026 11:55:26 AM,202,Warning,WT8-GUI,83103125,HM,Overscaled Channel detected at Tag AI_TT_017
4/24/2026 11:55:26 AM,202,Warning,WT8-GUI,83103126,HM,Overscaled Channel detected at Tag AI_TT_018
4/24/2026 11:55:26 AM,202,Warning,WT8-GUI,83103127,HM,Overscaled Channel detected at Tag AI_TT_001
4/24/2026 11:55:26 AM,202,Warning,WT8-GUI,83103128,HM,Overscaled Channel detected at Tag AI_TT_019
4/24/2026 11:55:26 AM,202,Warning,WT8-GUI,83103129,HM,Overscaled Channel detected at Tag AI_TT_020
4/24/2026 11:55:26 AM,202,Warning,WT8-GUI,83103130,HM,Overscaled Channel detected at Tag AI_TT_021
4/24/2026 11:55:26 AM,202,Warning,WT8-GUI,83103131,HM,Overscaled Channel detected at Tag AI_TT_022
4/24/2026 11:55:26 AM,202,Warning,WT8-GUI,83103132,HM,Overscaled Channel detected at Tag AI_TT_023
4/24/2026 11:55:26 AM,202,Warning,WT8-GUI,83103133,HM,Overscaled Channel detected at Tag AI_TT_024
4/24/2026 11:55:26 AM,202,Warning,WT8-GUI,83103134,HM,Overscaled Channel detected at Tag AI_TT_025
4/24/2026 11:55:26 AM,202,Warning,WT8-GUI,83103135,HM,Overscaled Channel detected at Tag AI_TT_026
4/24/2026 11:55:26 AM,202,Warning,WT8-GUI,83103136,HM,Overscaled Channel detected at Tag AI_TT_027
4/24/2026 11:55:26 AM,202,Warning,WT8-GUI,83103137,HM,Overscaled Channel detected at Tag AI_TT_028
4/24/2026 11:55:26 AM,202,Warning,WT8-GUI,83103138,HM,Overscaled Channel detected at Tag AI_TT_004
4/24/2026 11:55:26 AM,202,Warning,WT8-GUI,83103139,HM,Overscaled Channel detected at Tag AI_TT_005
4/24/2026 11:55:26 AM,202,Warning,WT8-GUI,83103140,HM,Overscaled Channel detected at Tag AI_TT_006
4/24/2026 11:56:10 AM,301005,Warning,WT8-GUI,83103141,OPC,OPC Server Graybox.Simulator.1 on host localhost has not updated data in 153 minute(s).
4/24/2026 11:56:26 AM,202,Warning,WT8-GUI,83103142,HM,Overscaled Channel detected at Tag AI_Volts_Shunt_001
4/24/2026 11:56:26 AM,202,Warning,WT8-GUI,83103143,HM,Overscaled Channel detected at Tag AI_Volts_Shunt_003
4/24/2026 11:56:26 AM,202,Warning,WT8-GUI,83103144,HM,Overscaled Channel detected at Tag AI_Volts_Shunt_004
4/24/2026 11:56:26 AM,202,Warning,WT8-GUI,83103145,HM,Overscaled Channel detected at Tag AI_Volts_Shunt_000
4/24/2026 11:56:26 AM,202,Warning,WT8-GUI,83103146,HM,Overscaled Channel detected at Tag AI_TT_002
4/24/2026 11:56:26 AM,202,Warning,WT8-GUI,83103147,HM,Overscaled Channel detected at Tag AI_TT_029
4/24/2026 11:56:26 AM,202,Warning,WT8-GUI,83103148,HM,Overscaled Channel detected at Tag AI_TT_030
4/24/2026 11:56:26 AM,202,Warning,WT8-GUI,83103149,HM,Overscaled Channel detected at Tag AI_TK_009
4/24/2026 11:56:26 AM,202,Warning,WT8-GUI,83103150,HM,Overscaled Channel detected at Tag AI_TK_010
4/24/2026 11:56:26 AM,202,Warning,WT8-GUI,83103151,HM,Overscaled Channel detected at Tag AI_TK_011
4/24/2026 11:56:26 AM,202,Warning,WT8-GUI,83103152,HM,Overscaled Channel detected at Tag AI_TK_012
4/24/2026 11:56:26 AM,202,Warning,WT8-GUI,83103153,HM,Overscaled Channel detected at Tag AI_TK_013
4/24/2026 11:56:26 AM,202,Warning,WT8-GUI,83103154,HM,Overscaled Channel detected at Tag AI_TK_014
4/24/2026 11:56:26 AM,202,Warning,WT8-GUI,83103155,HM,Overscaled Channel detected at Tag AI_TK_026
4/24/2026 11:56:26 AM,202,Warning,WT8-GUI,83103156,HM,Overscaled Channel detected at Tag AI_TK_027
4/24/2026 11:56:26 AM,202,Warning,WT8-GUI,83103157,HM,Overscaled Channel detected at Tag AI_TK_028
4/24/2026 11:56:26 AM,202,Warning,WT8-GUI,83103158,HM,Overscaled Channel detected at Tag AI_TK_003
4/24/2026 11:56:26 AM,202,Warning,WT8-GUI,83103159,HM,Overscaled Channel detected at Tag AI_Volts_Shunt_006
4/24/2026 11:56:26 AM,202,Warning,WT8-GUI,83103160,HM,Overscaled Channel detected at Tag AI_Volts_Shunt_007
4/24/2026 11:56:26 AM,202,Warning,WT8-GUI,83103161,HM,Overscaled Channel detected at Tag AI_Volts_Shunt_008
4/24/2026 11:56:26 AM,202,Warning,WT8-GUI,83103162,HM,Overscaled Channel detected at Tag AI_Volts_Shunt_009
4/24/2026 11:56:26 AM,202,Warning,WT8-GUI,83103163,HM,Overscaled Channel detected at Tag AI_Volts_Shunt_010
4/24/2026 11:56:26 AM,202,Warning,WT8-GUI,83103164,HM,Overscaled Channel detected at Tag AI_Volts_Shunt_011
4/24/2026 11:56:26 AM,202,Warning,WT8-GUI,83103165,HM,Overscaled Channel detected at Tag AI_Volts_Shunt_012
4/24/2026 11:56:26 AM,202,Warning,WT8-GUI,83103166,HM,Overscaled Channel detected at Tag AI_Volts_Shunt_013
4/24/2026 11:56:26 AM,202,Warning,WT8-GUI,83103167,HM,Overscaled Channel detected at Tag AI_Volts_Shunt_014
4/24/2026 11:56:26 AM,202,Warning,WT8-GUI,83103168,HM,Overscaled Channel detected at Tag AI_Volts_Shunt_015
4/24/2026 11:56:26 AM,202,Warning,WT8-GUI,83103169,HM,Overscaled Channel detected at Tag AI_TT_003
4/24/2026 11:56:26 AM,202,Warning,WT8-GUI,83103170,HM,Overscaled Channel detected at Tag AI_TT_007
4/24/2026 11:56:26 AM,202,Warning,WT8-GUI,83103171,HM,Overscaled Channel detected at Tag AI_TK_000
4/24/2026 11:56:26 AM,202,Warning,WT8-GUI,83103172,HM,Overscaled Channel detected at Tag AI_Strain_000
4/24/2026 11:56:26 AM,202,Warning,WT8-GUI,83103173,HM,Overscaled Channel detected at Tag AI_Strain_001
4/24/2026 11:56:26 AM,202,Warning,WT8-GUI,83103174,HM,Overscaled Channel detected at Tag AI_Strain_002
4/24/2026 11:56:26 AM,202,Warning,WT8-GUI,83103175,HM,Overscaled Channel detected at Tag AI_Strain_003
4/24/2026 11:56:26 AM,202,Warning,WT8-GUI,83103176,HM,Overscaled Channel detected at Tag AI_Strain_004
4/24/2026 11:56:26 AM,202,Warning,WT8-GUI,83103177,HM,Overscaled Channel detected at Tag AI_Strain_005
4/24/2026 11:56:26 AM,202,Warning,WT8-GUI,83103178,HM,Overscaled Channel detected at Tag AI_Strain_006
4/24/2026 11:56:26 AM,202,Warning,WT8-GUI,83103179,HM,Overscaled Channel detected at Tag AI_Strain_007
4/24/2026 11:56:26 AM,202,Warning,WT8-GUI,83103180,HM,Overscaled Channel detected at Tag AI_TT_008
4/24/2026 11:56:26 AM,202,Warning,WT8-GUI,83103181,HM,Overscaled Channel detected at Tag AI_TK_015
4/24/2026 11:56:26 AM,202,Warning,WT8-GUI,83103182,HM,Overscaled Channel detected at Tag AI_TK_016
4/24/2026 11:56:26 AM,202,Warning,WT8-GUI,83103183,HM,Overscaled Channel detected at Tag AI_TK_017
4/24/2026 11:56:26 AM,202,Warning,WT8-GUI,83103184,HM,Overscaled Channel detected at Tag AI_TK_018
4/24/2026 11:56:26 AM,202,Warning,WT8-GUI,83103185,HM,Overscaled Channel detected at Tag AI_TK_001
4/24/2026 11:56:26 AM,202,Warning,WT8-GUI,83103186,HM,Overscaled Channel detected at Tag AI_TK_019
4/24/2026 11:56:26 AM,202,Warning,WT8-GUI,83103187,HM,Overscaled Channel detected at Tag AI_TK_020
4/24/2026 11:56:26 AM,202,Warning,WT8-GUI,83103188,HM,Overscaled Channel detected at Tag AI_TK_021
4/24/2026 11:56:26 AM,202,Warning,WT8-GUI,83103189,HM,Overscaled Channel detected at Tag AI_TK_022
4/24/2026 11:56:26 AM,202,Warning,WT8-GUI,83103190,HM,Overscaled Channel detected at Tag AI_TK_023
4/24/2026 11:56:26 AM,202,Warning,WT8-GUI,83103191,HM,Overscaled Channel detected at Tag AI_TK_024
4/24/2026 11:56:26 AM,202,Warning,WT8-GUI,83103192,HM,Overscaled Channel detected at Tag AI_TK_025
4/24/2026 11:56:26 AM,202,Warning,WT8-GUI,83103193,HM,Overscaled Channel detected at Tag AI_TK_002
4/24/2026 11:56:26 AM,202,Warning,WT8-GUI,83103194,HM,Overscaled Channel detected at Tag AI_TK_029
4/24/2026 11:56:26 AM,202,Warning,WT8-GUI,83103195,HM,Overscaled Channel detected at Tag AI_TK_030
4/24/2026 11:56:26 AM,202,Warning,WT8-GUI,83103196,HM,Overscaled Channel detected at Tag AI_TK_004
4/24/2026 11:56:26 AM,202,Warning,WT8-GUI,83103197,HM,Overscaled Channel detected at Tag AI_TK_005
4/24/2026 11:56:26 AM,202,Warning,WT8-GUI,83103198,HM,Overscaled Channel detected at Tag AI_TK_006
4/24/2026 11:56:26 AM,202,Warning,WT8-GUI,83103199,HM,Overscaled Channel detected at Tag AI_TK_007
4/24/2026 11:56:26 AM,202,Warning,WT8-GUI,83103200,HM,Overscaled Channel detected at Tag AI_TK_008
4/24/2026 11:56:26 AM,202,Warning,WT8-GUI,83103201,HM,Overscaled Channel detected at Tag AI_TT_000
4/24/2026 11:56:26 AM,202,Warning,WT8-GUI,83103202,HM,Overscaled Channel detected at Tag AI_TT_009
4/24/2026 11:56:26 AM,202,Warning,WT8-GUI,83103203,HM,Overscaled Channel detected at Tag AI_TT_010
4/24/2026 11:56:26 AM,202,Warning,WT8-GUI,83103204,HM,Overscaled Channel detected at Tag AI_TT_011
4/24/2026 11:56:26 AM,202,Warning,WT8-GUI,83103205,HM,Overscaled Channel detected at Tag AI_TT_012
4/24/2026 11:56:26 AM,202,Warning,WT8-GUI,83103206,HM,Overscaled Channel detected at Tag AI_TT_013
4/24/2026 11:56:26 AM,202,Warning,WT8-GUI,83103207,HM,Overscaled Channel detected at Tag AI_TT_014
4/24/2026 11:56:26 AM,202,Warning,WT8-GUI,83103208,HM,Overscaled Channel detected at Tag AI_TT_015
4/24/2026 11:56:26 AM,202,Warning,WT8-GUI,83103209,HM,Overscaled Channel detected at Tag AI_TT_016
4/24/2026 11:56:26 AM,202,Warning,WT8-GUI,83103210,HM,Overscaled Channel detected at Tag AI_TT_017
4/24/2026 11:56:26 AM,202,Warning,WT8-GUI,83103211,HM,Overscaled Channel detected at Tag AI_TT_018
4/24/2026 11:56:26 AM,202,Warning,WT8-GUI,83103212,HM,Overscaled Channel detected at Tag AI_TT_001
4/24/2026 11:56:26 AM,202,Warning,WT8-GUI,83103213,HM,Overscaled Channel detected at Tag AI_TT_019
4/24/2026 11:56:26 AM,202,Warning,WT8-GUI,83103214,HM,Overscaled Channel detected at Tag AI_TT_020
4/24/2026 11:56:26 AM,202,Warning,WT8-GUI,83103215,HM,Overscaled Channel detected at Tag AI_TT_021
4/24/2026 11:56:26 AM,202,Warning,WT8-GUI,83103216,HM,Overscaled Channel detected at Tag AI_TT_022
4/24/2026 11:56:26 AM,202,Warning,WT8-GUI,83103217,HM,Overscaled Channel detected at Tag AI_TT_023
4/24/2026 11:56:26 AM,202,Warning,WT8-GUI,83103218,HM,Overscaled Channel detected at Tag AI_TT_024
4/24/2026 11:56:26 AM,202,Warning,WT8-GUI,83103219,HM,Overscaled Channel detected at Tag AI_TT_025
4/24/2026 11:56:26 AM,202,Warning,WT8-GUI,83103220,HM,Overscaled Channel detected at Tag AI_TT_026
4/24/2026 11:56:26 AM,202,Warning,WT8-GUI,83103221,HM,Overscaled Channel detected at Tag AI_TT_027
4/24/2026 11:56:26 AM,202,Warning,WT8-GUI,83103222,HM,Overscaled Channel detected at Tag AI_TT_028
4/24/2026 11:56:26 AM,202,Warning,WT8-GUI,83103223,HM,Overscaled Channel detected at Tag AI_TT_004
4/24/2026 11:56:26 AM,202,Warning,WT8-GUI,83103224,HM,Overscaled Channel detected at Tag AI_TT_005
4/24/2026 11:56:26 AM,202,Warning,WT8-GUI,83103225,HM,Overscaled Channel detected at Tag AI_TT_006
4/24/2026 11:57:10 AM,301005,Warning,WT8-GUI,83103226,OPC,OPC Server Graybox.Simulator.1 on host localhost has not updated data in 154 minute(s).
4/24/2026 11:57:26 AM,202,Warning,WT8-GUI,83103227,HM,Overscaled Channel detected at Tag AI_Volts_Shunt_000
4/24/2026 11:57:26 AM,202,Warning,WT8-GUI,83103228,HM,Overscaled Channel detected at Tag AI_Volts_Shunt_001
4/24/2026 11:57:26 AM,202,Warning,WT8-GUI,83103229,HM,Overscaled Channel detected at Tag AI_Volts_Shunt_003
4/24/2026 11:57:26 AM,202,Warning,WT8-GUI,83103230,HM,Overscaled Channel detected at Tag AI_Volts_Shunt_004
4/24/2026 11:57:26 AM,202,Warning,WT8-GUI,83103231,HM,Overscaled Channel detected at Tag AI_TT_002
4/24/2026 11:57:26 AM,202,Warning,WT8-GUI,83103232,HM,Overscaled Channel detected at Tag AI_TT_029
4/24/2026 11:57:26 AM,202,Warning,WT8-GUI,83103233,HM,Overscaled Channel detected at Tag AI_TT_030
4/24/2026 11:57:26 AM,202,Warning,WT8-GUI,83103234,HM,Overscaled Channel detected at Tag AI_TK_000
4/24/2026 11:57:26 AM,202,Warning,WT8-GUI,83103235,HM,Overscaled Channel detected at Tag AI_TK_009
4/24/2026 11:57:26 AM,202,Warning,WT8-GUI,83103236,HM,Overscaled Channel detected at Tag AI_TK_010
4/24/2026 11:57:26 AM,202,Warning,WT8-GUI,83103237,HM,Overscaled Channel detected at Tag AI_TK_011
4/24/2026 11:57:26 AM,202,Warning,WT8-GUI,83103238,HM,Overscaled Channel detected at Tag AI_TK_012
4/24/2026 11:57:26 AM,202,Warning,WT8-GUI,83103239,HM,Overscaled Channel detected at Tag AI_TK_013
4/24/2026 11:57:26 AM,202,Warning,WT8-GUI,83103240,HM,Overscaled Channel detected at Tag AI_TK_014
4/24/2026 11:57:26 AM,202,Warning,WT8-GUI,83103241,HM,Overscaled Channel detected at Tag AI_TK_026
4/24/2026 11:57:26 AM,202,Warning,WT8-GUI,83103242,HM,Overscaled Channel detected at Tag AI_TK_027
4/24/2026 11:57:26 AM,202,Warning,WT8-GUI,83103243,HM,Overscaled Channel detected at Tag AI_TK_028
4/24/2026 11:57:26 AM,202,Warning,WT8-GUI,83103244,HM,Overscaled Channel detected at Tag AI_TK_003
4/24/2026 11:57:26 AM,202,Warning,WT8-GUI,83103245,HM,Overscaled Channel detected at Tag AI_Volts_Shunt_006
4/24/2026 11:57:26 AM,202,Warning,WT8-GUI,83103246,HM,Overscaled Channel detected at Tag AI_Volts_Shunt_007
4/24/2026 11:57:26 AM,202,Warning,WT8-GUI,83103247,HM,Overscaled Channel detected at Tag AI_Volts_Shunt_008
4/24/2026 11:57:26 AM,202,Warning,WT8-GUI,83103248,HM,Overscaled Channel detected at Tag AI_Volts_Shunt_009
4/24/2026 11:57:26 AM,202,Warning,WT8-GUI,83103249,HM,Overscaled Channel detected at Tag AI_Volts_Shunt_010
4/24/2026 11:57:26 AM,202,Warning,WT8-GUI,83103250,HM,Overscaled Channel detected at Tag AI_Volts_Shunt_011
4/24/2026 11:57:26 AM,202,Warning,WT8-GUI,83103251,HM,Overscaled Channel detected at Tag AI_Volts_Shunt_012
4/24/2026 11:57:26 AM,202,Warning,WT8-GUI,83103252,HM,Overscaled Channel detected at Tag AI_Volts_Shunt_013
4/24/2026 11:57:26 AM,202,Warning,WT8-GUI,83103253,HM,Overscaled Channel detected at Tag AI_Volts_Shunt_014
4/24/2026 11:57:26 AM,202,Warning,WT8-GUI,83103254,HM,Overscaled Channel detected at Tag AI_Volts_Shunt_015
4/24/2026 11:57:26 AM,202,Warning,WT8-GUI,83103255,HM,Overscaled Channel detected at Tag AI_Strain_000
4/24/2026 11:57:26 AM,202,Warning,WT8-GUI,83103256,HM,Overscaled Channel detected at Tag AI_Strain_001
4/24/2026 11:57:26 AM,202,Warning,WT8-GUI,83103257,HM,Overscaled Channel detected at Tag AI_Strain_002
4/24/2026 11:57:26 AM,202,Warning,WT8-GUI,83103258,HM,Overscaled Channel detected at Tag AI_Strain_003
4/24/2026 11:57:26 AM,202,Warning,WT8-GUI,83103259,HM,Overscaled Channel detected at Tag AI_Strain_004
4/24/2026 11:57:26 AM,202,Warning,WT8-GUI,83103260,HM,Overscaled Channel detected at Tag AI_Strain_005
4/24/2026 11:57:26 AM,202,Warning,WT8-GUI,83103261,HM,Overscaled Channel detected at Tag AI_Strain_006
4/24/2026 11:57:26 AM,202,Warning,WT8-GUI,83103262,HM,Overscaled Channel detected at Tag AI_Strain_007
4/24/2026 11:57:26 AM,202,Warning,WT8-GUI,83103263,HM,Overscaled Channel detected at Tag AI_TT_003
4/24/2026 11:57:26 AM,202,Warning,WT8-GUI,83103264,HM,Overscaled Channel detected at Tag AI_TT_007
4/24/2026 11:57:26 AM,202,Warning,WT8-GUI,83103265,HM,Overscaled Channel detected at Tag AI_TT_008
4/24/2026 11:57:26 AM,202,Warning,WT8-GUI,83103266,HM,Overscaled Channel detected at Tag AI_TK_015
4/24/2026 11:57:26 AM,202,Warning,WT8-GUI,83103267,HM,Overscaled Channel detected at Tag AI_TK_016
4/24/2026 11:57:26 AM,202,Warning,WT8-GUI,83103268,HM,Overscaled Channel detected at Tag AI_TK_017
4/24/2026 11:57:26 AM,202,Warning,WT8-GUI,83103269,HM,Overscaled Channel detected at Tag AI_TK_018
4/24/2026 11:57:26 AM,202,Warning,WT8-GUI,83103270,HM,Overscaled Channel detected at Tag AI_TK_001
4/24/2026 11:57:26 AM,202,Warning,WT8-GUI,83103271,HM,Overscaled Channel detected at Tag AI_TK_019
4/24/2026 11:57:26 AM,202,Warning,WT8-GUI,83103272,HM,Overscaled Channel detected at Tag AI_TK_020
4/24/2026 11:57:26 AM,202,Warning,WT8-GUI,83103273,HM,Overscaled Channel detected at Tag AI_TK_021
4/24/2026 11:57:26 AM,202,Warning,WT8-GUI,83103274,HM,Overscaled Channel detected at Tag AI_TK_022
4/24/2026 11:57:26 AM,202,Warning,WT8-GUI,83103275,HM,Overscaled Channel detected at Tag AI_TK_023
4/24/2026 11:57:26 AM,202,Warning,WT8-GUI,83103276,HM,Overscaled Channel detected at Tag AI_TK_024
4/24/2026 11:57:26 AM,202,Warning,WT8-GUI,83103277,HM,Overscaled Channel detected at Tag AI_TK_025
4/24/2026 11:57:26 AM,202,Warning,WT8-GUI,83103278,HM,Overscaled Channel detected at Tag AI_TK_002
4/24/2026 11:57:26 AM,202,Warning,WT8-GUI,83103279,HM,Overscaled Channel detected at Tag AI_TK_029
4/24/2026 11:57:26 AM,202,Warning,WT8-GUI,83103280,HM,Overscaled Channel detected at Tag AI_TK_030
4/24/2026 11:57:26 AM,202,Warning,WT8-GUI,83103281,HM,Overscaled Channel detected at Tag AI_TK_004
4/24/2026 11:57:26 AM,202,Warning,WT8-GUI,83103282,HM,Overscaled Channel detected at Tag AI_TK_005
4/24/2026 11:57:26 AM,202,Warning,WT8-GUI,83103283,HM,Overscaled Channel detected at Tag AI_TK_006
4/24/2026 11:57:26 AM,202,Warning,WT8-GUI,83103284,HM,Overscaled Channel detected at Tag AI_TK_007
4/24/2026 11:57:26 AM,202,Warning,WT8-GUI,83103285,HM,Overscaled Channel detected at Tag AI_TK_008
4/24/2026 11:57:26 AM,202,Warning,WT8-GUI,83103286,HM,Overscaled Channel detected at Tag AI_TT_000
4/24/2026 11:57:26 AM,202,Warning,WT8-GUI,83103287,HM,Overscaled Channel detected at Tag AI_TT_009
4/24/2026 11:57:26 AM,202,Warning,WT8-GUI,83103288,HM,Overscaled Channel detected at Tag AI_TT_010
4/24/2026 11:57:26 AM,202,Warning,WT8-GUI,83103289,HM,Overscaled Channel detected at Tag AI_TT_011
4/24/2026 11:57:26 AM,202,Warning,WT8-GUI,83103290,HM,Overscaled Channel detected at Tag AI_TT_012
4/24/2026 11:57:26 AM,202,Warning,WT8-GUI,83103291,HM,Overscaled Channel detected at Tag AI_TT_013
4/24/2026 11:57:26 AM,202,Warning,WT8-GUI,83103292,HM,Overscaled Channel detected at Tag AI_TT_014
4/24/2026 11:57:26 AM,202,Warning,WT8-GUI,83103293,HM,Overscaled Channel detected at Tag AI_TT_015
4/24/2026 11:57:26 AM,202,Warning,WT8-GUI,83103294,HM,Overscaled Channel detected at Tag AI_TT_016
4/24/2026 11:57:26 AM,202,Warning,WT8-GUI,83103295,HM,Overscaled Channel detected at Tag AI_TT_017
4/24/2026 11:57:26 AM,202,Warning,WT8-GUI,83103296,HM,Overscaled Channel detected at Tag AI_TT_018
4/24/2026 11:57:26 AM,202,Warning,WT8-GUI,83103297,HM,Overscaled Channel detected at Tag AI_TT_001
4/24/2026 11:57:26 AM,202,Warning,WT8-GUI,83103298,HM,Overscaled Channel detected at Tag AI_TT_019
4/24/2026 11:57:26 AM,202,Warning,WT8-GUI,83103299,HM,Overscaled Channel detected at Tag AI_TT_020
4/24/2026 11:57:26 AM,202,Warning,WT8-GUI,83103300,HM,Overscaled Channel detected at Tag AI_TT_021
4/24/2026 11:57:26 AM,202,Warning,WT8-GUI,83103301,HM,Overscaled Channel detected at Tag AI_TT_022
4/24/2026 11:57:26 AM,202,Warning,WT8-GUI,83103302,HM,Overscaled Channel detected at Tag AI_TT_023
4/24/2026 11:57:26 AM,202,Warning,WT8-GUI,83103303,HM,Overscaled Channel detected at Tag AI_TT_024
4/24/2026 11:57:26 AM,202,Warning,WT8-GUI,83103304,HM,Overscaled Channel detected at Tag AI_TT_025
4/24/2026 11:57:26 AM,202,Warning,WT8-GUI,83103305,HM,Overscaled Channel detected at Tag AI_TT_026
4/24/2026 11:57:26 AM,202,Warning,WT8-GUI,83103306,HM,Overscaled Channel detected at Tag AI_TT_027
4/24/2026 11:57:26 AM,202,Warning,WT8-GUI,83103307,HM,Overscaled Channel detected at Tag AI_TT_028
4/24/2026 11:57:26 AM,202,Warning,WT8-GUI,83103308,HM,Overscaled Channel detected at Tag AI_TT_004
4/24/2026 11:57:26 AM,202,Warning,WT8-GUI,83103309,HM,Overscaled Channel detected at Tag AI_TT_005
4/24/2026 11:57:26 AM,202,Warning,WT8-GUI,83103310,HM,Overscaled Channel detected at Tag AI_TT_006
4/24/2026 11:58:10 AM,301005,Warning,WT8-GUI,83103311,OPC,OPC Server Graybox.Simulator.1 on host localhost has not updated data in 155 minute(s).
4/24/2026 11:58:26 AM,202,Warning,WT8-GUI,83103312,HM,Overscaled Channel detected at Tag AI_Volts_Shunt_000
4/24/2026 11:58:26 AM,202,Warning,WT8-GUI,83103313,HM,Overscaled Channel detected at Tag AI_Volts_Shunt_001
4/24/2026 11:58:26 AM,202,Warning,WT8-GUI,83103314,HM,Overscaled Channel detected at Tag AI_Volts_Shunt_003
4/24/2026 11:58:26 AM,202,Warning,WT8-GUI,83103315,HM,Overscaled Channel detected at Tag AI_Volts_Shunt_004
4/24/2026 11:58:26 AM,202,Warning,WT8-GUI,83103316,HM,Overscaled Channel detected at Tag AI_TT_002
4/24/2026 11:58:26 AM,202,Warning,WT8-GUI,83103317,HM,Overscaled Channel detected at Tag AI_TT_029
4/24/2026 11:58:26 AM,202,Warning,WT8-GUI,83103318,HM,Overscaled Channel detected at Tag AI_TT_030
4/24/2026 11:58:26 AM,202,Warning,WT8-GUI,83103319,HM,Overscaled Channel detected at Tag AI_TK_000
4/24/2026 11:58:26 AM,202,Warning,WT8-GUI,83103320,HM,Overscaled Channel detected at Tag AI_TK_009
4/24/2026 11:58:26 AM,202,Warning,WT8-GUI,83103321,HM,Overscaled Channel detected at Tag AI_TK_010
4/24/2026 11:58:26 AM,202,Warning,WT8-GUI,83103322,HM,Overscaled Channel detected at Tag AI_TK_011
4/24/2026 11:58:26 AM,202,Warning,WT8-GUI,83103323,HM,Overscaled Channel detected at Tag AI_TK_012
4/24/2026 11:58:26 AM,202,Warning,WT8-GUI,83103324,HM,Overscaled Channel detected at Tag AI_TK_013
4/24/2026 11:58:26 AM,202,Warning,WT8-GUI,83103325,HM,Overscaled Channel detected at Tag AI_TK_014
4/24/2026 11:58:26 AM,202,Warning,WT8-GUI,83103326,HM,Overscaled Channel detected at Tag AI_TK_026
4/24/2026 11:58:26 AM,202,Warning,WT8-GUI,83103327,HM,Overscaled Channel detected at Tag AI_TK_027
4/24/2026 11:58:26 AM,202,Warning,WT8-GUI,83103328,HM,Overscaled Channel detected at Tag AI_TK_028
4/24/2026 11:58:26 AM,202,Warning,WT8-GUI,83103329,HM,Overscaled Channel detected at Tag AI_TK_003
4/24/2026 11:58:26 AM,202,Warning,WT8-GUI,83103330,HM,Overscaled Channel detected at Tag AI_Volts_Shunt_006
4/24/2026 11:58:26 AM,202,Warning,WT8-GUI,83103331,HM,Overscaled Channel detected at Tag AI_Volts_Shunt_007
4/24/2026 11:58:26 AM,202,Warning,WT8-GUI,83103332,HM,Overscaled Channel detected at Tag AI_Volts_Shunt_008
4/24/2026 11:58:26 AM,202,Warning,WT8-GUI,83103333,HM,Overscaled Channel detected at Tag AI_Volts_Shunt_009
4/24/2026 11:58:26 AM,202,Warning,WT8-GUI,83103334,HM,Overscaled Channel detected at Tag AI_Volts_Shunt_010
4/24/2026 11:58:26 AM,202,Warning,WT8-GUI,83103335,HM,Overscaled Channel detected at Tag AI_Volts_Shunt_011
4/24/2026 11:58:26 AM,202,Warning,WT8-GUI,83103336,HM,Overscaled Channel detected at Tag AI_Volts_Shunt_012
4/24/2026 11:58:26 AM,202,Warning,WT8-GUI,83103337,HM,Overscaled Channel detected at Tag AI_Volts_Shunt_013
4/24/2026 11:58:26 AM,202,Warning,WT8-GUI,83103338,HM,Overscaled Channel detected at Tag AI_Volts_Shunt_014
4/24/2026 11:58:26 AM,202,Warning,WT8-GUI,83103339,HM,Overscaled Channel detected at Tag AI_Volts_Shunt_015
4/24/2026 11:58:26 AM,202,Warning,WT8-GUI,83103340,HM,Overscaled Channel detected at Tag AI_Strain_000
4/24/2026 11:58:26 AM,202,Warning,WT8-GUI,83103341,HM,Overscaled Channel detected at Tag AI_Strain_001
4/24/2026 11:58:26 AM,202,Warning,WT8-GUI,83103342,HM,Overscaled Channel detected at Tag AI_Strain_002
4/24/2026 11:58:26 AM,202,Warning,WT8-GUI,83103343,HM,Overscaled Channel detected at Tag AI_Strain_003
4/24/2026 11:58:26 AM,202,Warning,WT8-GUI,83103344,HM,Overscaled Channel detected at Tag AI_Strain_004
4/24/2026 11:58:26 AM,202,Warning,WT8-GUI,83103345,HM,Overscaled Channel detected at Tag AI_Strain_005
4/24/2026 11:58:26 AM,202,Warning,WT8-GUI,83103346,HM,Overscaled Channel detected at Tag AI_Strain_006
4/24/2026 11:58:26 AM,202,Warning,WT8-GUI,83103347,HM,Overscaled Channel detected at Tag AI_Strain_007
4/24/2026 11:58:26 AM,202,Warning,WT8-GUI,83103348,HM,Overscaled Channel detected at Tag AI_TT_003
4/24/2026 11:58:26 AM,202,Warning,WT8-GUI,83103349,HM,Overscaled Channel detected at Tag AI_TT_007
4/24/2026 11:58:26 AM,202,Warning,WT8-GUI,83103350,HM,Overscaled Channel detected at Tag AI_TT_008
4/24/2026 11:58:26 AM,202,Warning,WT8-GUI,83103351,HM,Overscaled Channel detected at Tag AI_TK_015
4/24/2026 11:58:26 AM,202,Warning,WT8-GUI,83103352,HM,Overscaled Channel detected at Tag AI_TK_016
4/24/2026 11:58:26 AM,202,Warning,WT8-GUI,83103353,HM,Overscaled Channel detected at Tag AI_TK_017
4/24/2026 11:58:26 AM,202,Warning,WT8-GUI,83103354,HM,Overscaled Channel detected at Tag AI_TK_018
4/24/2026 11:58:26 AM,202,Warning,WT8-GUI,83103355,HM,Overscaled Channel detected at Tag AI_TK_001
4/24/2026 11:58:26 AM,202,Warning,WT8-GUI,83103356,HM,Overscaled Channel detected at Tag AI_TK_019
4/24/2026 11:58:26 AM,202,Warning,WT8-GUI,83103357,HM,Overscaled Channel detected at Tag AI_TK_020
4/24/2026 11:58:26 AM,202,Warning,WT8-GUI,83103358,HM,Overscaled Channel detected at Tag AI_TK_021
4/24/2026 11:58:26 AM,202,Warning,WT8-GUI,83103359,HM,Overscaled Channel detected at Tag AI_TK_022
4/24/2026 11:58:26 AM,202,Warning,WT8-GUI,83103360,HM,Overscaled Channel detected at Tag AI_TK_023
4/24/2026 11:58:26 AM,202,Warning,WT8-GUI,83103361,HM,Overscaled Channel detected at Tag AI_TK_024
4/24/2026 11:58:26 AM,202,Warning,WT8-GUI,83103362,HM,Overscaled Channel detected at Tag AI_TK_025
4/24/2026 11:58:26 AM,202,Warning,WT8-GUI,83103363,HM,Overscaled Channel detected at Tag AI_TK_002
4/24/2026 11:58:26 AM,202,Warning,WT8-GUI,83103364,HM,Overscaled Channel detected at Tag AI_TK_029
4/24/2026 11:58:26 AM,202,Warning,WT8-GUI,83103365,HM,Overscaled Channel detected at Tag AI_TK_030
4/24/2026 11:58:26 AM,202,Warning,WT8-GUI,83103366,HM,Overscaled Channel detected at Tag AI_TK_004
4/24/2026 11:58:26 AM,202,Warning,WT8-GUI,83103367,HM,Overscaled Channel detected at Tag AI_TK_005
4/24/2026 11:58:26 AM,202,Warning,WT8-GUI,83103368,HM,Overscaled Channel detected at Tag AI_TK_006
4/24/2026 11:58:26 AM,202,Warning,WT8-GUI,83103369,HM,Overscaled Channel detected at Tag AI_TK_007
4/24/2026 11:58:26 AM,202,Warning,WT8-GUI,83103370,HM,Overscaled Channel detected at Tag AI_TK_008
4/24/2026 11:58:26 AM,202,Warning,WT8-GUI,83103371,HM,Overscaled Channel detected at Tag AI_TT_000
4/24/2026 11:58:26 AM,202,Warning,WT8-GUI,83103372,HM,Overscaled Channel detected at Tag AI_TT_009
4/24/2026 11:58:26 AM,202,Warning,WT8-GUI,83103373,HM,Overscaled Channel detected at Tag AI_TT_010
4/24/2026 11:58:26 AM,202,Warning,WT8-GUI,83103374,HM,Overscaled Channel detected at Tag AI_TT_011
4/24/2026 11:58:26 AM,202,Warning,WT8-GUI,83103375,HM,Overscaled Channel detected at Tag AI_TT_012
4/24/2026 11:58:26 AM,202,Warning,WT8-GUI,83103376,HM,Overscaled Channel detected at Tag AI_TT_013
4/24/2026 11:58:26 AM,202,Warning,WT8-GUI,83103377,HM,Overscaled Channel detected at Tag AI_TT_014
4/24/2026 11:58:26 AM,202,Warning,WT8-GUI,83103378,HM,Overscaled Channel detected at Tag AI_TT_015
4/24/2026 11:58:26 AM,202,Warning,WT8-GUI,83103379,HM,Overscaled Channel detected at Tag AI_TT_016
4/24/2026 11:58:26 AM,202,Warning,WT8-GUI,83103380,HM,Overscaled Channel detected at Tag AI_TT_017
4/24/2026 11:58:26 AM,202,Warning,WT8-GUI,83103381,HM,Overscaled Channel detected at Tag AI_TT_018
4/24/2026 11:58:26 AM,202,Warning,WT8-GUI,83103382,HM,Overscaled Channel detected at Tag AI_TT_001
4/24/2026 11:58:26 AM,202,Warning,WT8-GUI,83103383,HM,Overscaled Channel detected at Tag AI_TT_019
4/24/2026 11:58:26 AM,202,Warning,WT8-GUI,83103384,HM,Overscaled Channel detected at Tag AI_TT_020
4/24/2026 11:58:26 AM,202,Warning,WT8-GUI,83103385,HM,Overscaled Channel detected at Tag AI_TT_021
4/24/2026 11:58:26 AM,202,Warning,WT8-GUI,83103386,HM,Overscaled Channel detected at Tag AI_TT_022
4/24/2026 11:58:26 AM,202,Warning,WT8-GUI,83103387,HM,Overscaled Channel detected at Tag AI_TT_023
4/24/2026 11:58:26 AM,202,Warning,WT8-GUI,83103388,HM,Overscaled Channel detected at Tag AI_TT_024
4/24/2026 11:58:26 AM,202,Warning,WT8-GUI,83103389,HM,Overscaled Channel detected at Tag AI_TT_025
4/24/2026 11:58:26 AM,202,Warning,WT8-GUI,83103390,HM,Overscaled Channel detected at Tag AI_TT_026
4/24/2026 11:58:26 AM,202,Warning,WT8-GUI,83103391,HM,Overscaled Channel detected at Tag AI_TT_027
4/24/2026 11:58:26 AM,202,Warning,WT8-GUI,83103392,HM,Overscaled Channel detected at Tag AI_TT_028
4/24/2026 11:58:26 AM,202,Warning,WT8-GUI,83103393,HM,Overscaled Channel detected at Tag AI_TT_004
4/24/2026 11:58:26 AM,202,Warning,WT8-GUI,83103394,HM,Overscaled Channel detected at Tag AI_TT_005
4/24/2026 11:58:26 AM,202,Warning,WT8-GUI,83103395,HM,Overscaled Channel detected at Tag AI_TT_006
4/24/2026 11:59:10 AM,301005,Warning,WT8-GUI,83103396,OPC,OPC Server Graybox.Simulator.1 on host localhost has not updated data in 156 minute(s).
4/24/2026 11:59:26 AM,202,Warning,WT8-GUI,83103397,HM,Overscaled Channel detected at Tag AI_Volts_Shunt_000
4/24/2026 11:59:26 AM,202,Warning,WT8-GUI,83103398,HM,Overscaled Channel detected at Tag AI_Volts_Shunt_001
4/24/2026 11:59:26 AM,202,Warning,WT8-GUI,83103399,HM,Overscaled Channel detected at Tag AI_Volts_Shunt_003
4/24/2026 11:59:26 AM,202,Warning,WT8-GUI,83103400,HM,Overscaled Channel detected at Tag AI_Volts_Shunt_004
4/24/2026 11:59:26 AM,202,Warning,WT8-GUI,83103401,HM,Overscaled Channel detected at Tag AI_TT_002
4/24/2026 11:59:26 AM,202,Warning,WT8-GUI,83103402,HM,Overscaled Channel detected at Tag AI_TT_029
4/24/2026 11:59:26 AM,202,Warning,WT8-GUI,83103403,HM,Overscaled Channel detected at Tag AI_TT_030
4/24/2026 11:59:26 AM,202,Warning,WT8-GUI,83103404,HM,Overscaled Channel detected at Tag AI_TK_000
4/24/2026 11:59:26 AM,202,Warning,WT8-GUI,83103405,HM,Overscaled Channel detected at Tag AI_TK_009
4/24/2026 11:59:26 AM,202,Warning,WT8-GUI,83103406,HM,Overscaled Channel detected at Tag AI_TK_010
4/24/2026 11:59:26 AM,202,Warning,WT8-GUI,83103407,HM,Overscaled Channel detected at Tag AI_TK_011
4/24/2026 11:59:26 AM,202,Warning,WT8-GUI,83103408,HM,Overscaled Channel detected at Tag AI_TK_012
4/24/2026 11:59:26 AM,202,Warning,WT8-GUI,83103409,HM,Overscaled Channel detected at Tag AI_TK_013
4/24/2026 11:59:26 AM,202,Warning,WT8-GUI,83103410,HM,Overscaled Channel detected at Tag AI_TK_014
4/24/2026 11:59:26 AM,202,Warning,WT8-GUI,83103411,HM,Overscaled Channel detected at Tag AI_TK_026
4/24/2026 11:59:26 AM,202,Warning,WT8-GUI,83103412,HM,Overscaled Channel detected at Tag AI_TK_027
4/24/2026 11:59:26 AM,202,Warning,WT8-GUI,83103413,HM,Overscaled Channel detected at Tag AI_TK_028
4/24/2026 11:59:26 AM,202,Warning,WT8-GUI,83103414,HM,Overscaled Channel detected at Tag AI_TK_003
4/24/2026 11:59:26 AM,202,Warning,WT8-GUI,83103415,HM,Overscaled Channel detected at Tag AI_Volts_Shunt_006
4/24/2026 11:59:26 AM,202,Warning,WT8-GUI,83103416,HM,Overscaled Channel detected at Tag AI_Volts_Shunt_007
4/24/2026 11:59:26 AM,202,Warning,WT8-GUI,83103417,HM,Overscaled Channel detected at Tag AI_Volts_Shunt_008
4/24/2026 11:59:26 AM,202,Warning,WT8-GUI,83103418,HM,Overscaled Channel detected at Tag AI_Volts_Shunt_009
4/24/2026 11:59:26 AM,202,Warning,WT8-GUI,83103419,HM,Overscaled Channel detected at Tag AI_Volts_Shunt_010
4/24/2026 11:59:26 AM,202,Warning,WT8-GUI,83103420,HM,Overscaled Channel detected at Tag AI_Volts_Shunt_011
4/24/2026 11:59:26 AM,202,Warning,WT8-GUI,83103421,HM,Overscaled Channel detected at Tag AI_Volts_Shunt_012
4/24/2026 11:59:26 AM,202,Warning,WT8-GUI,83103422,HM,Overscaled Channel detected at Tag AI_Volts_Shunt_013
4/24/2026 11:59:26 AM,202,Warning,WT8-GUI,83103423,HM,Overscaled Channel detected at Tag AI_Volts_Shunt_014
4/24/2026 11:59:26 AM,202,Warning,WT8-GUI,83103424,HM,Overscaled Channel detected at Tag AI_Volts_Shunt_015
4/24/2026 11:59:26 AM,202,Warning,WT8-GUI,83103425,HM,Overscaled Channel detected at Tag AI_Strain_000
4/24/2026 11:59:26 AM,202,Warning,WT8-GUI,83103426,HM,Overscaled Channel detected at Tag AI_Strain_001
4/24/2026 11:59:26 AM,202,Warning,WT8-GUI,83103427,HM,Overscaled Channel detected at Tag AI_Strain_002
4/24/2026 11:59:26 AM,202,Warning,WT8-GUI,83103428,HM,Overscaled Channel detected at Tag AI_Strain_003
4/24/2026 11:59:26 AM,202,Warning,WT8-GUI,83103429,HM,Overscaled Channel detected at Tag AI_Strain_004
4/24/2026 11:59:26 AM,202,Warning,WT8-GUI,83103430,HM,Overscaled Channel detected at Tag AI_Strain_005
4/24/2026 11:59:26 AM,202,Warning,WT8-GUI,83103431,HM,Overscaled Channel detected at Tag AI_Strain_006
4/24/2026 11:59:26 AM,202,Warning,WT8-GUI,83103432,HM,Overscaled Channel detected at Tag AI_Strain_007
4/24/2026 11:59:26 AM,202,Warning,WT8-GUI,83103433,HM,Overscaled Channel detected at Tag AI_TT_003
4/24/2026 11:59:26 AM,202,Warning,WT8-GUI,83103434,HM,Overscaled Channel detected at Tag AI_TT_007
4/24/2026 11:59:26 AM,202,Warning,WT8-GUI,83103435,HM,Overscaled Channel detected at Tag AI_TT_008
4/24/2026 11:59:26 AM,202,Warning,WT8-GUI,83103436,HM,Overscaled Channel detected at Tag AI_TK_015
4/24/2026 11:59:26 AM,202,Warning,WT8-GUI,83103437,HM,Overscaled Channel detected at Tag AI_TK_016
4/24/2026 11:59:26 AM,202,Warning,WT8-GUI,83103438,HM,Overscaled Channel detected at Tag AI_TK_017
4/24/2026 11:59:26 AM,202,Warning,WT8-GUI,83103439,HM,Overscaled Channel detected at Tag AI_TK_018
4/24/2026 11:59:26 AM,202,Warning,WT8-GUI,83103440,HM,Overscaled Channel detected at Tag AI_TK_001
4/24/2026 11:59:26 AM,202,Warning,WT8-GUI,83103441,HM,Overscaled Channel detected at Tag AI_TK_019
4/24/2026 11:59:26 AM,202,Warning,WT8-GUI,83103442,HM,Overscaled Channel detected at Tag AI_TK_020
4/24/2026 11:59:26 AM,202,Warning,WT8-GUI,83103443,HM,Overscaled Channel detected at Tag AI_TK_021
4/24/2026 11:59:26 AM,202,Warning,WT8-GUI,83103444,HM,Overscaled Channel detected at Tag AI_TK_022
4/24/2026 11:59:26 AM,202,Warning,WT8-GUI,83103445,HM,Overscaled Channel detected at Tag AI_TK_023
4/24/2026 11:59:26 AM,202,Warning,WT8-GUI,83103446,HM,Overscaled Channel detected at Tag AI_TK_024
4/24/2026 11:59:26 AM,202,Warning,WT8-GUI,83103447,HM,Overscaled Channel detected at Tag AI_TK_025
4/24/2026 11:59:26 AM,202,Warning,WT8-GUI,83103448,HM,Overscaled Channel detected at Tag AI_TK_002
4/24/2026 11:59:26 AM,202,Warning,WT8-GUI,83103449,HM,Overscaled Channel detected at Tag AI_TK_029
4/24/2026 11:59:26 AM,202,Warning,WT8-GUI,83103450,HM,Overscaled Channel detected at Tag AI_TK_030
4/24/2026 11:59:26 AM,202,Warning,WT8-GUI,83103451,HM,Overscaled Channel detected at Tag AI_TK_004
4/24/2026 11:59:26 AM,202,Warning,WT8-GUI,83103452,HM,Overscaled Channel detected at Tag AI_TK_005
4/24/2026 11:59:26 AM,202,Warning,WT8-GUI,83103453,HM,Overscaled Channel detected at Tag AI_TK_006
4/24/2026 11:59:26 AM,202,Warning,WT8-GUI,83103454,HM,Overscaled Channel detected at Tag AI_TK_007
4/24/2026 11:59:26 AM,202,Warning,WT8-GUI,83103455,HM,Overscaled Channel detected at Tag AI_TK_008
4/24/2026 11:59:26 AM,202,Warning,WT8-GUI,83103456,HM,Overscaled Channel detected at Tag AI_TT_000
4/24/2026 11:59:26 AM,202,Warning,WT8-GUI,83103457,HM,Overscaled Channel detected at Tag AI_TT_009
4/24/2026 11:59:26 AM,202,Warning,WT8-GUI,83103458,HM,Overscaled Channel detected at Tag AI_TT_010
4/24/2026 11:59:26 AM,202,Warning,WT8-GUI,83103459,HM,Overscaled Channel detected at Tag AI_TT_011
4/24/2026 11:59:26 AM,202,Warning,WT8-GUI,83103460,HM,Overscaled Channel detected at Tag AI_TT_012
4/24/2026 11:59:26 AM,202,Warning,WT8-GUI,83103461,HM,Overscaled Channel detected at Tag AI_TT_013
4/24/2026 11:59:26 AM,202,Warning,WT8-GUI,83103462,HM,Overscaled Channel detected at Tag AI_TT_014
4/24/2026 11:59:26 AM,202,Warning,WT8-GUI,83103463,HM,Overscaled Channel detected at Tag AI_TT_015
4/24/2026 11:59:26 AM,202,Warning,WT8-GUI,83103464,HM,Overscaled Channel detected at Tag AI_TT_016
4/24/2026 11:59:26 AM,202,Warning,WT8-GUI,83103465,HM,Overscaled Channel detected at Tag AI_TT_017
4/24/2026 11:59:26 AM,202,Warning,WT8-GUI,83103466,HM,Overscaled Channel detected at Tag AI_TT_018
4/24/2026 11:59:26 AM,202,Warning,WT8-GUI,83103467,HM,Overscaled Channel detected at Tag AI_TT_001
4/24/2026 11:59:26 AM,202,Warning,WT8-GUI,83103468,HM,Overscaled Channel detected at Tag AI_TT_019
4/24/2026 11:59:26 AM,202,Warning,WT8-GUI,83103469,HM,Overscaled Channel detected at Tag AI_TT_020
4/24/2026 11:59:26 AM,202,Warning,WT8-GUI,83103470,HM,Overscaled Channel detected at Tag AI_TT_021
4/24/2026 11:59:26 AM,202,Warning,WT8-GUI,83103471,HM,Overscaled Channel detected at Tag AI_TT_022
4/24/2026 11:59:26 AM,202,Warning,WT8-GUI,83103472,HM,Overscaled Channel detected at Tag AI_TT_023
4/24/2026 11:59:26 AM,202,Warning,WT8-GUI,83103473,HM,Overscaled Channel detected at Tag AI_TT_024
4/24/2026 11:59:26 AM,202,Warning,WT8-GUI,83103474,HM,Overscaled Channel detected at Tag AI_TT_025
4/24/2026 11:59:26 AM,202,Warning,WT8-GUI,83103475,HM,Overscaled Channel detected at Tag AI_TT_026
4/24/2026 11:59:26 AM,202,Warning,WT8-GUI,83103476,HM,Overscaled Channel detected at Tag AI_TT_027
4/24/2026 11:59:26 AM,202,Warning,WT8-GUI,83103477,HM,Overscaled Channel detected at Tag AI_TT_028
4/24/2026 11:59:26 AM,202,Warning,WT8-GUI,83103478,HM,Overscaled Channel detected at Tag AI_TT_004
4/24/2026 11:59:26 AM,202,Warning,WT8-GUI,83103479,HM,Overscaled Channel detected at Tag AI_TT_005
4/24/2026 11:59:26 AM,202,Warning,WT8-GUI,83103480,HM,Overscaled Channel detected at Tag AI_TT_006
4/24/2026 12:00:10 PM,301005,Warning,WT8-GUI,83103481,OPC,OPC Server Graybox.Simulator.1 on host localhost has not updated data in 157 minute(s).
4/24/2026 12:00:26 PM,202,Warning,WT8-GUI,83103482,HM,Overscaled Channel detected at Tag AI_Volts_Shunt_000
4/24/2026 12:00:26 PM,202,Warning,WT8-GUI,83103483,HM,Overscaled Channel detected at Tag AI_Volts_Shunt_001
4/24/2026 12:00:26 PM,202,Warning,WT8-GUI,83103484,HM,Overscaled Channel detected at Tag AI_Volts_Shunt_003
4/24/2026 12:00:26 PM,202,Warning,WT8-GUI,83103485,HM,Overscaled Channel detected at Tag AI_Volts_Shunt_004
4/24/2026 12:00:26 PM,202,Warning,WT8-GUI,83103486,HM,Overscaled Channel detected at Tag AI_TT_002
4/24/2026 12:00:26 PM,202,Warning,WT8-GUI,83103487,HM,Overscaled Channel detected at Tag AI_TT_029
4/24/2026 12:00:26 PM,202,Warning,WT8-GUI,83103488,HM,Overscaled Channel detected at Tag AI_TT_030
4/24/2026 12:00:26 PM,202,Warning,WT8-GUI,83103489,HM,Overscaled Channel detected at Tag AI_TT_003
4/24/2026 12:00:26 PM,202,Warning,WT8-GUI,83103490,HM,Overscaled Channel detected at Tag AI_TT_007
4/24/2026 12:00:26 PM,202,Warning,WT8-GUI,83103491,HM,Overscaled Channel detected at Tag AI_TT_008
4/24/2026 12:00:26 PM,202,Warning,WT8-GUI,83103492,HM,Overscaled Channel detected at Tag AI_TK_000
4/24/2026 12:00:26 PM,202,Warning,WT8-GUI,83103493,HM,Overscaled Channel detected at Tag AI_TK_009
4/24/2026 12:00:26 PM,202,Warning,WT8-GUI,83103494,HM,Overscaled Channel detected at Tag AI_TK_010
4/24/2026 12:00:26 PM,202,Warning,WT8-GUI,83103495,HM,Overscaled Channel detected at Tag AI_TK_011
4/24/2026 12:00:26 PM,202,Warning,WT8-GUI,83103496,HM,Overscaled Channel detected at Tag AI_TK_012
4/24/2026 12:00:26 PM,202,Warning,WT8-GUI,83103497,HM,Overscaled Channel detected at Tag AI_TK_013
4/24/2026 12:00:26 PM,202,Warning,WT8-GUI,83103498,HM,Overscaled Channel detected at Tag AI_TK_014
4/24/2026 12:00:26 PM,202,Warning,WT8-GUI,83103499,HM,Overscaled Channel detected at Tag AI_TK_026
4/24/2026 12:00:26 PM,202,Warning,WT8-GUI,83103500,HM,Overscaled Channel detected at Tag AI_TK_027
4/24/2026 12:00:26 PM,202,Warning,WT8-GUI,83103501,HM,Overscaled Channel detected at Tag AI_TK_028
4/24/2026 12:00:26 PM,202,Warning,WT8-GUI,83103502,HM,Overscaled Channel detected at Tag AI_TK_003
4/24/2026 12:00:26 PM,202,Warning,WT8-GUI,83103503,HM,Overscaled Channel detected at Tag AI_Volts_Shunt_006
4/24/2026 12:00:26 PM,202,Warning,WT8-GUI,83103504,HM,Overscaled Channel detected at Tag AI_Volts_Shunt_007
4/24/2026 12:00:26 PM,202,Warning,WT8-GUI,83103505,HM,Overscaled Channel detected at Tag AI_Volts_Shunt_008
4/24/2026 12:00:26 PM,202,Warning,WT8-GUI,83103506,HM,Overscaled Channel detected at Tag AI_Volts_Shunt_009
4/24/2026 12:00:26 PM,202,Warning,WT8-GUI,83103507,HM,Overscaled Channel detected at Tag AI_Volts_Shunt_010
4/24/2026 12:00:26 PM,202,Warning,WT8-GUI,83103508,HM,Overscaled Channel detected at Tag AI_Volts_Shunt_011
4/24/2026 12:00:26 PM,202,Warning,WT8-GUI,83103509,HM,Overscaled Channel detected at Tag AI_Volts_Shunt_012
4/24/2026 12:00:26 PM,202,Warning,WT8-GUI,83103510,HM,Overscaled Channel detected at Tag AI_Volts_Shunt_013
4/24/2026 12:00:26 PM,202,Warning,WT8-GUI,83103511,HM,Overscaled Channel detected at Tag AI_Volts_Shunt_014
4/24/2026 12:00:26 PM,202,Warning,WT8-GUI,83103512,HM,Overscaled Channel detected at Tag AI_Volts_Shunt_015
4/24/2026 12:00:26 PM,202,Warning,WT8-GUI,83103513,HM,Overscaled Channel detected at Tag AI_Strain_000
4/24/2026 12:00:26 PM,202,Warning,WT8-GUI,83103514,HM,Overscaled Channel detected at Tag AI_Strain_001
4/24/2026 12:00:26 PM,202,Warning,WT8-GUI,83103515,HM,Overscaled Channel detected at Tag AI_Strain_002
4/24/2026 12:00:26 PM,202,Warning,WT8-GUI,83103516,HM,Overscaled Channel detected at Tag AI_Strain_003
4/24/2026 12:00:26 PM,202,Warning,WT8-GUI,83103517,HM,Overscaled Channel detected at Tag AI_Strain_004
4/24/2026 12:00:26 PM,202,Warning,WT8-GUI,83103518,HM,Overscaled Channel detected at Tag AI_Strain_005
4/24/2026 12:00:26 PM,202,Warning,WT8-GUI,83103519,HM,Overscaled Channel detected at Tag AI_Strain_006
4/24/2026 12:00:26 PM,202,Warning,WT8-GUI,83103520,HM,Overscaled Channel detected at Tag AI_Strain_007
4/24/2026 12:00:26 PM,202,Warning,WT8-GUI,83103521,HM,Overscaled Channel detected at Tag AI_TK_015
4/24/2026 12:00:26 PM,202,Warning,WT8-GUI,83103522,HM,Overscaled Channel detected at Tag AI_TK_016
4/24/2026 12:00:26 PM,202,Warning,WT8-GUI,83103523,HM,Overscaled Channel detected at Tag AI_TK_017
4/24/2026 12:00:26 PM,202,Warning,WT8-GUI,83103524,HM,Overscaled Channel detected at Tag AI_TK_018
4/24/2026 12:00:26 PM,202,Warning,WT8-GUI,83103525,HM,Overscaled Channel detected at Tag AI_TK_001
4/24/2026 12:00:26 PM,202,Warning,WT8-GUI,83103526,HM,Overscaled Channel detected at Tag AI_TK_019
4/24/2026 12:00:26 PM,202,Warning,WT8-GUI,83103527,HM,Overscaled Channel detected at Tag AI_TK_020
4/24/2026 12:00:26 PM,202,Warning,WT8-GUI,83103528,HM,Overscaled Channel detected at Tag AI_TK_021
4/24/2026 12:00:26 PM,202,Warning,WT8-GUI,83103529,HM,Overscaled Channel detected at Tag AI_TK_022
4/24/2026 12:00:26 PM,202,Warning,WT8-GUI,83103530,HM,Overscaled Channel detected at Tag AI_TK_023
4/24/2026 12:00:26 PM,202,Warning,WT8-GUI,83103531,HM,Overscaled Channel detected at Tag AI_TK_024
4/24/2026 12:00:26 PM,202,Warning,WT8-GUI,83103532,HM,Overscaled Channel detected at Tag AI_TK_025
4/24/2026 12:00:26 PM,202,Warning,WT8-GUI,83103533,HM,Overscaled Channel detected at Tag AI_TK_002
4/24/2026 12:00:26 PM,202,Warning,WT8-GUI,83103534,HM,Overscaled Channel detected at Tag AI_TK_029
4/24/2026 12:00:26 PM,202,Warning,WT8-GUI,83103535,HM,Overscaled Channel detected at Tag AI_TK_030
4/24/2026 12:00:26 PM,202,Warning,WT8-GUI,83103536,HM,Overscaled Channel detected at Tag AI_TK_004
4/24/2026 12:00:26 PM,202,Warning,WT8-GUI,83103537,HM,Overscaled Channel detected at Tag AI_TK_005
4/24/2026 12:00:26 PM,202,Warning,WT8-GUI,83103538,HM,Overscaled Channel detected at Tag AI_TK_006
4/24/2026 12:00:26 PM,202,Warning,WT8-GUI,83103539,HM,Overscaled Channel detected at Tag AI_TK_007
4/24/2026 12:00:26 PM,202,Warning,WT8-GUI,83103540,HM,Overscaled Channel detected at Tag AI_TK_008
4/24/2026 12:00:26 PM,202,Warning,WT8-GUI,83103541,HM,Overscaled Channel detected at Tag AI_TT_000
4/24/2026 12:00:26 PM,202,Warning,WT8-GUI,83103542,HM,Overscaled Channel detected at Tag AI_TT_009
4/24/2026 12:00:26 PM,202,Warning,WT8-GUI,83103543,HM,Overscaled Channel detected at Tag AI_TT_010
4/24/2026 12:00:26 PM,202,Warning,WT8-GUI,83103544,HM,Overscaled Channel detected at Tag AI_TT_011
4/24/2026 12:00:26 PM,202,Warning,WT8-GUI,83103545,HM,Overscaled Channel detected at Tag AI_TT_012
4/24/2026 12:00:26 PM,202,Warning,WT8-GUI,83103546,HM,Overscaled Channel detected at Tag AI_TT_013
4/24/2026 12:00:26 PM,202,Warning,WT8-GUI,83103547,HM,Overscaled Channel detected at Tag AI_TT_014
4/24/2026 12:00:26 PM,202,Warning,WT8-GUI,83103548,HM,Overscaled Channel detected at Tag AI_TT_015
4/24/2026 12:00:26 PM,202,Warning,WT8-GUI,83103549,HM,Overscaled Channel detected at Tag AI_TT_016
4/24/2026 12:00:26 PM,202,Warning,WT8-GUI,83103550,HM,Overscaled Channel detected at Tag AI_TT_017
4/24/2026 12:00:26 PM,202,Warning,WT8-GUI,83103551,HM,Overscaled Channel detected at Tag AI_TT_018
4/24/2026 12:00:26 PM,202,Warning,WT8-GUI,83103552,HM,Overscaled Channel detected at Tag AI_TT_001
4/24/2026 12:00:26 PM,202,Warning,WT8-GUI,83103553,HM,Overscaled Channel detected at Tag AI_TT_019
4/24/2026 12:00:26 PM,202,Warning,WT8-GUI,83103554,HM,Overscaled Channel detected at Tag AI_TT_020
4/24/2026 12:00:26 PM,202,Warning,WT8-GUI,83103555,HM,Overscaled Channel detected at Tag AI_TT_021
4/24/2026 12:00:26 PM,202,Warning,WT8-GUI,83103556,HM,Overscaled Channel detected at Tag AI_TT_022
4/24/2026 12:00:26 PM,202,Warning,WT8-GUI,83103557,HM,Overscaled Channel detected at Tag AI_TT_023
4/24/2026 12:00:26 PM,202,Warning,WT8-GUI,83103558,HM,Overscaled Channel detected at Tag AI_TT_024
4/24/2026 12:00:26 PM,202,Warning,WT8-GUI,83103559,HM,Overscaled Channel detected at Tag AI_TT_025
4/24/2026 12:00:26 PM,202,Warning,WT8-GUI,83103560,HM,Overscaled Channel detected at Tag AI_TT_026
4/24/2026 12:00:26 PM,202,Warning,WT8-GUI,83103561,HM,Overscaled Channel detected at Tag AI_TT_027
4/24/2026 12:00:26 PM,202,Warning,WT8-GUI,83103562,HM,Overscaled Channel detected at Tag AI_TT_028
4/24/2026 12:00:26 PM,202,Warning,WT8-GUI,83103563,HM,Overscaled Channel detected at Tag AI_TT_004
4/24/2026 12:00:26 PM,202,Warning,WT8-GUI,83103564,HM,Overscaled Channel detected at Tag AI_TT_005
4/24/2026 12:00:26 PM,202,Warning,WT8-GUI,83103565,HM,Overscaled Channel detected at Tag AI_TT_006
4/24/2026 12:01:10 PM,301005,Warning,WT8-GUI,83103566,OPC,OPC Server Graybox.Simulator.1 on host localhost has not updated data in 158 minute(s).
4/24/2026 12:01:26 PM,202,Warning,WT8-GUI,83103567,HM,Overscaled Channel detected at Tag AI_Volts_Shunt_000
4/24/2026 12:01:26 PM,202,Warning,WT8-GUI,83103568,HM,Overscaled Channel detected at Tag AI_Volts_Shunt_001
4/24/2026 12:01:26 PM,202,Warning,WT8-GUI,83103569,HM,Overscaled Channel detected at Tag AI_Volts_Shunt_003
4/24/2026 12:01:26 PM,202,Warning,WT8-GUI,83103570,HM,Overscaled Channel detected at Tag AI_Volts_Shunt_004
4/24/2026 12:01:26 PM,202,Warning,WT8-GUI,83103571,HM,Overscaled Channel detected at Tag AI_TT_002
4/24/2026 12:01:26 PM,202,Warning,WT8-GUI,83103572,HM,Overscaled Channel detected at Tag AI_TT_029
4/24/2026 12:01:26 PM,202,Warning,WT8-GUI,83103573,HM,Overscaled Channel detected at Tag AI_TT_030
4/24/2026 12:01:26 PM,202,Warning,WT8-GUI,83103574,HM,Overscaled Channel detected at Tag AI_TT_008
4/24/2026 12:01:26 PM,202,Warning,WT8-GUI,83103575,HM,Overscaled Channel detected at Tag AI_TK_000
4/24/2026 12:01:26 PM,202,Warning,WT8-GUI,83103576,HM,Overscaled Channel detected at Tag AI_TK_009
4/24/2026 12:01:26 PM,202,Warning,WT8-GUI,83103577,HM,Overscaled Channel detected at Tag AI_TK_010
4/24/2026 12:01:26 PM,202,Warning,WT8-GUI,83103578,HM,Overscaled Channel detected at Tag AI_TK_011
4/24/2026 12:01:26 PM,202,Warning,WT8-GUI,83103579,HM,Overscaled Channel detected at Tag AI_TK_012
4/24/2026 12:01:26 PM,202,Warning,WT8-GUI,83103580,HM,Overscaled Channel detected at Tag AI_TK_013
4/24/2026 12:01:26 PM,202,Warning,WT8-GUI,83103581,HM,Overscaled Channel detected at Tag AI_TK_014
4/24/2026 12:01:26 PM,202,Warning,WT8-GUI,83103582,HM,Overscaled Channel detected at Tag AI_TK_026
4/24/2026 12:01:26 PM,202,Warning,WT8-GUI,83103583,HM,Overscaled Channel detected at Tag AI_TK_027
4/24/2026 12:01:26 PM,202,Warning,WT8-GUI,83103584,HM,Overscaled Channel detected at Tag AI_TK_028
4/24/2026 12:01:26 PM,202,Warning,WT8-GUI,83103585,HM,Overscaled Channel detected at Tag AI_TK_003
4/24/2026 12:01:26 PM,202,Warning,WT8-GUI,83103586,HM,Overscaled Channel detected at Tag AI_Volts_Shunt_006
4/24/2026 12:01:26 PM,202,Warning,WT8-GUI,83103587,HM,Overscaled Channel detected at Tag AI_Volts_Shunt_007
4/24/2026 12:01:26 PM,202,Warning,WT8-GUI,83103588,HM,Overscaled Channel detected at Tag AI_Volts_Shunt_008
4/24/2026 12:01:26 PM,202,Warning,WT8-GUI,83103589,HM,Overscaled Channel detected at Tag AI_Volts_Shunt_009
4/24/2026 12:01:26 PM,202,Warning,WT8-GUI,83103590,HM,Overscaled Channel detected at Tag AI_Volts_Shunt_010
4/24/2026 12:01:26 PM,202,Warning,WT8-GUI,83103591,HM,Overscaled Channel detected at Tag AI_Volts_Shunt_011
4/24/2026 12:01:26 PM,202,Warning,WT8-GUI,83103592,HM,Overscaled Channel detected at Tag AI_Volts_Shunt_012
4/24/2026 12:01:26 PM,202,Warning,WT8-GUI,83103593,HM,Overscaled Channel detected at Tag AI_Volts_Shunt_013
4/24/2026 12:01:26 PM,202,Warning,WT8-GUI,83103594,HM,Overscaled Channel detected at Tag AI_Volts_Shunt_014
4/24/2026 12:01:26 PM,202,Warning,WT8-GUI,83103595,HM,Overscaled Channel detected at Tag AI_Volts_Shunt_015
4/24/2026 12:01:26 PM,202,Warning,WT8-GUI,83103596,HM,Overscaled Channel detected at Tag AI_Strain_000
4/24/2026 12:01:26 PM,202,Warning,WT8-GUI,83103597,HM,Overscaled Channel detected at Tag AI_Strain_001
4/24/2026 12:01:26 PM,202,Warning,WT8-GUI,83103598,HM,Overscaled Channel detected at Tag AI_Strain_002
4/24/2026 12:01:26 PM,202,Warning,WT8-GUI,83103599,HM,Overscaled Channel detected at Tag AI_Strain_003
4/24/2026 12:01:26 PM,202,Warning,WT8-GUI,83103600,HM,Overscaled Channel detected at Tag AI_Strain_004
4/24/2026 12:01:26 PM,202,Warning,WT8-GUI,83103601,HM,Overscaled Channel detected at Tag AI_Strain_005
4/24/2026 12:01:26 PM,202,Warning,WT8-GUI,83103602,HM,Overscaled Channel detected at Tag AI_Strain_006
4/24/2026 12:01:26 PM,202,Warning,WT8-GUI,83103603,HM,Overscaled Channel detected at Tag AI_Strain_007
4/24/2026 12:01:26 PM,202,Warning,WT8-GUI,83103604,HM,Overscaled Channel detected at Tag AI_TT_003
4/24/2026 12:01:26 PM,202,Warning,WT8-GUI,83103605,HM,Overscaled Channel detected at Tag AI_TT_007
4/24/2026 12:01:26 PM,202,Warning,WT8-GUI,83103606,HM,Overscaled Channel detected at Tag AI_TK_015
4/24/2026 12:01:26 PM,202,Warning,WT8-GUI,83103607,HM,Overscaled Channel detected at Tag AI_TK_016
4/24/2026 12:01:26 PM,202,Warning,WT8-GUI,83103608,HM,Overscaled Channel detected at Tag AI_TK_017
4/24/2026 12:01:26 PM,202,Warning,WT8-GUI,83103609,HM,Overscaled Channel detected at Tag AI_TK_018
4/24/2026 12:01:26 PM,202,Warning,WT8-GUI,83103610,HM,Overscaled Channel detected at Tag AI_TK_001
4/24/2026 12:01:26 PM,202,Warning,WT8-GUI,83103611,HM,Overscaled Channel detected at Tag AI_TK_019
4/24/2026 12:01:26 PM,202,Warning,WT8-GUI,83103612,HM,Overscaled Channel detected at Tag AI_TK_020
4/24/2026 12:01:26 PM,202,Warning,WT8-GUI,83103613,HM,Overscaled Channel detected at Tag AI_TK_021
4/24/2026 12:01:26 PM,202,Warning,WT8-GUI,83103614,HM,Overscaled Channel detected at Tag AI_TK_022
4/24/2026 12:01:26 PM,202,Warning,WT8-GUI,83103615,HM,Overscaled Channel detected at Tag AI_TK_023
4/24/2026 12:01:26 PM,202,Warning,WT8-GUI,83103616,HM,Overscaled Channel detected at Tag AI_TK_024
4/24/2026 12:01:26 PM,202,Warning,WT8-GUI,83103617,HM,Overscaled Channel detected at Tag AI_TK_025
4/24/2026 12:01:26 PM,202,Warning,WT8-GUI,83103618,HM,Overscaled Channel detected at Tag AI_TK_002
4/24/2026 12:01:26 PM,202,Warning,WT8-GUI,83103619,HM,Overscaled Channel detected at Tag AI_TK_029
4/24/2026 12:01:26 PM,202,Warning,WT8-GUI,83103620,HM,Overscaled Channel detected at Tag AI_TK_030
4/24/2026 12:01:26 PM,202,Warning,WT8-GUI,83103621,HM,Overscaled Channel detected at Tag AI_TK_004
4/24/2026 12:01:26 PM,202,Warning,WT8-GUI,83103622,HM,Overscaled Channel detected at Tag AI_TK_005
4/24/2026 12:01:26 PM,202,Warning,WT8-GUI,83103623,HM,Overscaled Channel detected at Tag AI_TK_006
4/24/2026 12:01:26 PM,202,Warning,WT8-GUI,83103624,HM,Overscaled Channel detected at Tag AI_TK_007
4/24/2026 12:01:26 PM,202,Warning,WT8-GUI,83103625,HM,Overscaled Channel detected at Tag AI_TK_008
4/24/2026 12:01:26 PM,202,Warning,WT8-GUI,83103626,HM,Overscaled Channel detected at Tag AI_TT_000
4/24/2026 12:01:26 PM,202,Warning,WT8-GUI,83103627,HM,Overscaled Channel detected at Tag AI_TT_009
4/24/2026 12:01:26 PM,202,Warning,WT8-GUI,83103628,HM,Overscaled Channel detected at Tag AI_TT_010
4/24/2026 12:01:26 PM,202,Warning,WT8-GUI,83103629,HM,Overscaled Channel detected at Tag AI_TT_011
4/24/2026 12:01:26 PM,202,Warning,WT8-GUI,83103630,HM,Overscaled Channel detected at Tag AI_TT_012
4/24/2026 12:01:26 PM,202,Warning,WT8-GUI,83103631,HM,Overscaled Channel detected at Tag AI_TT_013
4/24/2026 12:01:26 PM,202,Warning,WT8-GUI,83103632,HM,Overscaled Channel detected at Tag AI_TT_014
4/24/2026 12:01:26 PM,202,Warning,WT8-GUI,83103633,HM,Overscaled Channel detected at Tag AI_TT_015
4/24/2026 12:01:26 PM,202,Warning,WT8-GUI,83103634,HM,Overscaled Channel detected at Tag AI_TT_016
4/24/2026 12:01:26 PM,202,Warning,WT8-GUI,83103635,HM,Overscaled Channel detected at Tag AI_TT_017
4/24/2026 12:01:26 PM,202,Warning,WT8-GUI,83103636,HM,Overscaled Channel detected at Tag AI_TT_018
4/24/2026 12:01:26 PM,202,Warning,WT8-GUI,83103637,HM,Overscaled Channel detected at Tag AI_TT_001
4/24/2026 12:01:26 PM,202,Warning,WT8-GUI,83103638,HM,Overscaled Channel detected at Tag AI_TT_019
4/24/2026 12:01:26 PM,202,Warning,WT8-GUI,83103639,HM,Overscaled Channel detected at Tag AI_TT_020
4/24/2026 12:01:26 PM,202,Warning,WT8-GUI,83103640,HM,Overscaled Channel detected at Tag AI_TT_021
4/24/2026 12:01:26 PM,202,Warning,WT8-GUI,83103641,HM,Overscaled Channel detected at Tag AI_TT_022
4/24/2026 12:01:26 PM,202,Warning,WT8-GUI,83103642,HM,Overscaled Channel detected at Tag AI_TT_023
4/24/2026 12:01:26 PM,202,Warning,WT8-GUI,83103643,HM,Overscaled Channel detected at Tag AI_TT_024
4/24/2026 12:01:26 PM,202,Warning,WT8-GUI,83103644,HM,Overscaled Channel detected at Tag AI_TT_025
4/24/2026 12:01:26 PM,202,Warning,WT8-GUI,83103645,HM,Overscaled Channel detected at Tag AI_TT_026
4/24/2026 12:01:26 PM,202,Warning,WT8-GUI,83103646,HM,Overscaled Channel detected at Tag AI_TT_027
4/24/2026 12:01:26 PM,202,Warning,WT8-GUI,83103647,HM,Overscaled Channel detected at Tag AI_TT_028
4/24/2026 12:01:26 PM,202,Warning,WT8-GUI,83103648,HM,Overscaled Channel detected at Tag AI_TT_004
4/24/2026 12:01:26 PM,202,Warning,WT8-GUI,83103649,HM,Overscaled Channel detected at Tag AI_TT_005
4/24/2026 12:01:26 PM,202,Warning,WT8-GUI,83103650,HM,Overscaled Channel detected at Tag AI_TT_006
4/24/2026 12:02:10 PM,301005,Warning,WT8-GUI,83103651,OPC,OPC Server Graybox.Simulator.1 on host localhost has not updated data in 159 minute(s).
4/24/2026 12:02:26 PM,202,Warning,WT8-GUI,83103652,HM,Overscaled Channel detected at Tag AI_Volts_Shunt_000
4/24/2026 12:02:26 PM,202,Warning,WT8-GUI,83103653,HM,Overscaled Channel detected at Tag AI_Volts_Shunt_001
4/24/2026 12:02:26 PM,202,Warning,WT8-GUI,83103654,HM,Overscaled Channel detected at Tag AI_Volts_Shunt_003
4/24/2026 12:02:26 PM,202,Warning,WT8-GUI,83103655,HM,Overscaled Channel detected at Tag AI_Volts_Shunt_004
4/24/2026 12:02:26 PM,202,Warning,WT8-GUI,83103656,HM,Overscaled Channel detected at Tag AI_TT_002
4/24/2026 12:02:26 PM,202,Warning,WT8-GUI,83103657,HM,Overscaled Channel detected at Tag AI_TT_029
4/24/2026 12:02:26 PM,202,Warning,WT8-GUI,83103658,HM,Overscaled Channel detected at Tag AI_TT_030
4/24/2026 12:02:26 PM,202,Warning,WT8-GUI,83103659,HM,Overscaled Channel detected at Tag AI_TT_008
4/24/2026 12:02:26 PM,202,Warning,WT8-GUI,83103660,HM,Overscaled Channel detected at Tag AI_TK_000
4/24/2026 12:02:26 PM,202,Warning,WT8-GUI,83103661,HM,Overscaled Channel detected at Tag AI_TK_009
4/24/2026 12:02:26 PM,202,Warning,WT8-GUI,83103662,HM,Overscaled Channel detected at Tag AI_TK_010
4/24/2026 12:02:26 PM,202,Warning,WT8-GUI,83103663,HM,Overscaled Channel detected at Tag AI_TK_011
4/24/2026 12:02:26 PM,202,Warning,WT8-GUI,83103664,HM,Overscaled Channel detected at Tag AI_TK_012
4/24/2026 12:02:26 PM,202,Warning,WT8-GUI,83103665,HM,Overscaled Channel detected at Tag AI_TK_013
4/24/2026 12:02:26 PM,202,Warning,WT8-GUI,83103666,HM,Overscaled Channel detected at Tag AI_TK_014
4/24/2026 12:02:26 PM,202,Warning,WT8-GUI,83103667,HM,Overscaled Channel detected at Tag AI_TK_026
4/24/2026 12:02:26 PM,202,Warning,WT8-GUI,83103668,HM,Overscaled Channel detected at Tag AI_TK_027
4/24/2026 12:02:26 PM,202,Warning,WT8-GUI,83103669,HM,Overscaled Channel detected at Tag AI_TK_028
4/24/2026 12:02:26 PM,202,Warning,WT8-GUI,83103670,HM,Overscaled Channel detected at Tag AI_TK_003
4/24/2026 12:02:26 PM,202,Warning,WT8-GUI,83103671,HM,Overscaled Channel detected at Tag AI_Volts_Shunt_006
4/24/2026 12:02:26 PM,202,Warning,WT8-GUI,83103672,HM,Overscaled Channel detected at Tag AI_Volts_Shunt_007
4/24/2026 12:02:26 PM,202,Warning,WT8-GUI,83103673,HM,Overscaled Channel detected at Tag AI_Volts_Shunt_008
4/24/2026 12:02:26 PM,202,Warning,WT8-GUI,83103674,HM,Overscaled Channel detected at Tag AI_Volts_Shunt_009
4/24/2026 12:02:26 PM,202,Warning,WT8-GUI,83103675,HM,Overscaled Channel detected at Tag AI_Volts_Shunt_010
4/24/2026 12:02:26 PM,202,Warning,WT8-GUI,83103676,HM,Overscaled Channel detected at Tag AI_Volts_Shunt_011
4/24/2026 12:02:26 PM,202,Warning,WT8-GUI,83103677,HM,Overscaled Channel detected at Tag AI_Volts_Shunt_012
4/24/2026 12:02:26 PM,202,Warning,WT8-GUI,83103678,HM,Overscaled Channel detected at Tag AI_Volts_Shunt_013
4/24/2026 12:02:26 PM,202,Warning,WT8-GUI,83103679,HM,Overscaled Channel detected at Tag AI_Volts_Shunt_014
4/24/2026 12:02:26 PM,202,Warning,WT8-GUI,83103680,HM,Overscaled Channel detected at Tag AI_Volts_Shunt_015
4/24/2026 12:02:26 PM,202,Warning,WT8-GUI,83103681,HM,Overscaled Channel detected at Tag AI_Strain_000
4/24/2026 12:02:26 PM,202,Warning,WT8-GUI,83103682,HM,Overscaled Channel detected at Tag AI_Strain_001
4/24/2026 12:02:26 PM,202,Warning,WT8-GUI,83103683,HM,Overscaled Channel detected at Tag AI_Strain_002
4/24/2026 12:02:26 PM,202,Warning,WT8-GUI,83103684,HM,Overscaled Channel detected at Tag AI_Strain_003
4/24/2026 12:02:26 PM,202,Warning,WT8-GUI,83103685,HM,Overscaled Channel detected at Tag AI_Strain_004
4/24/2026 12:02:26 PM,202,Warning,WT8-GUI,83103686,HM,Overscaled Channel detected at Tag AI_Strain_005
4/24/2026 12:02:26 PM,202,Warning,WT8-GUI,83103687,HM,Overscaled Channel detected at Tag AI_Strain_006
4/24/2026 12:02:26 PM,202,Warning,WT8-GUI,83103688,HM,Overscaled Channel detected at Tag AI_Strain_007
4/24/2026 12:02:26 PM,202,Warning,WT8-GUI,83103689,HM,Overscaled Channel detected at Tag AI_TT_003
4/24/2026 12:02:26 PM,202,Warning,WT8-GUI,83103690,HM,Overscaled Channel detected at Tag AI_TT_007
4/24/2026 12:02:26 PM,202,Warning,WT8-GUI,83103691,HM,Overscaled Channel detected at Tag AI_TK_015
4/24/2026 12:02:26 PM,202,Warning,WT8-GUI,83103692,HM,Overscaled Channel detected at Tag AI_TK_016
4/24/2026 12:02:26 PM,202,Warning,WT8-GUI,83103693,HM,Overscaled Channel detected at Tag AI_TK_017
4/24/2026 12:02:26 PM,202,Warning,WT8-GUI,83103694,HM,Overscaled Channel detected at Tag AI_TK_018
4/24/2026 12:02:26 PM,202,Warning,WT8-GUI,83103695,HM,Overscaled Channel detected at Tag AI_TK_001
4/24/2026 12:02:26 PM,202,Warning,WT8-GUI,83103696,HM,Overscaled Channel detected at Tag AI_TK_019
4/24/2026 12:02:26 PM,202,Warning,WT8-GUI,83103697,HM,Overscaled Channel detected at Tag AI_TK_020
4/24/2026 12:02:26 PM,202,Warning,WT8-GUI,83103698,HM,Overscaled Channel detected at Tag AI_TK_021
4/24/2026 12:02:26 PM,202,Warning,WT8-GUI,83103699,HM,Overscaled Channel detected at Tag AI_TK_022
4/24/2026 12:02:26 PM,202,Warning,WT8-GUI,83103700,HM,Overscaled Channel detected at Tag AI_TK_023
4/24/2026 12:02:26 PM,202,Warning,WT8-GUI,83103701,HM,Overscaled Channel detected at Tag AI_TK_024
4/24/2026 12:02:26 PM,202,Warning,WT8-GUI,83103702,HM,Overscaled Channel detected at Tag AI_TK_025
4/24/2026 12:02:26 PM,202,Warning,WT8-GUI,83103703,HM,Overscaled Channel detected at Tag AI_TK_002
4/24/2026 12:02:26 PM,202,Warning,WT8-GUI,83103704,HM,Overscaled Channel detected at Tag AI_TK_029
4/24/2026 12:02:26 PM,202,Warning,WT8-GUI,83103705,HM,Overscaled Channel detected at Tag AI_TK_030
4/24/2026 12:02:26 PM,202,Warning,WT8-GUI,83103706,HM,Overscaled Channel detected at Tag AI_TK_004
4/24/2026 12:02:26 PM,202,Warning,WT8-GUI,83103707,HM,Overscaled Channel detected at Tag AI_TK_005
4/24/2026 12:02:26 PM,202,Warning,WT8-GUI,83103708,HM,Overscaled Channel detected at Tag AI_TK_006
4/24/2026 12:02:26 PM,202,Warning,WT8-GUI,83103709,HM,Overscaled Channel detected at Tag AI_TK_007
4/24/2026 12:02:26 PM,202,Warning,WT8-GUI,83103710,HM,Overscaled Channel detected at Tag AI_TK_008
4/24/2026 12:02:26 PM,202,Warning,WT8-GUI,83103711,HM,Overscaled Channel detected at Tag AI_TT_000
4/24/2026 12:02:26 PM,202,Warning,WT8-GUI,83103712,HM,Overscaled Channel detected at Tag AI_TT_009
4/24/2026 12:02:26 PM,202,Warning,WT8-GUI,83103713,HM,Overscaled Channel detected at Tag AI_TT_010
4/24/2026 12:02:26 PM,202,Warning,WT8-GUI,83103714,HM,Overscaled Channel detected at Tag AI_TT_011
4/24/2026 12:02:26 PM,202,Warning,WT8-GUI,83103715,HM,Overscaled Channel detected at Tag AI_TT_012
4/24/2026 12:02:26 PM,202,Warning,WT8-GUI,83103716,HM,Overscaled Channel detected at Tag AI_TT_013
4/24/2026 12:02:26 PM,202,Warning,WT8-GUI,83103717,HM,Overscaled Channel detected at Tag AI_TT_014
4/24/2026 12:02:26 PM,202,Warning,WT8-GUI,83103718,HM,Overscaled Channel detected at Tag AI_TT_015
4/24/2026 12:02:26 PM,202,Warning,WT8-GUI,83103719,HM,Overscaled Channel detected at Tag AI_TT_016
4/24/2026 12:02:26 PM,202,Warning,WT8-GUI,83103720,HM,Overscaled Channel detected at Tag AI_TT_017
4/24/2026 12:02:26 PM,202,Warning,WT8-GUI,83103721,HM,Overscaled Channel detected at Tag AI_TT_018
4/24/2026 12:02:26 PM,202,Warning,WT8-GUI,83103722,HM,Overscaled Channel detected at Tag AI_TT_001
4/24/2026 12:02:26 PM,202,Warning,WT8-GUI,83103723,HM,Overscaled Channel detected at Tag AI_TT_019
4/24/2026 12:02:26 PM,202,Warning,WT8-GUI,83103724,HM,Overscaled Channel detected at Tag AI_TT_020
4/24/2026 12:02:26 PM,202,Warning,WT8-GUI,83103725,HM,Overscaled Channel detected at Tag AI_TT_021
4/24/2026 12:02:26 PM,202,Warning,WT8-GUI,83103726,HM,Overscaled Channel detected at Tag AI_TT_022
4/24/2026 12:02:26 PM,202,Warning,WT8-GUI,83103727,HM,Overscaled Channel detected at Tag AI_TT_023
4/24/2026 12:02:26 PM,202,Warning,WT8-GUI,83103728,HM,Overscaled Channel detected at Tag AI_TT_024
4/24/2026 12:02:26 PM,202,Warning,WT8-GUI,83103729,HM,Overscaled Channel detected at Tag AI_TT_025
4/24/2026 12:02:26 PM,202,Warning,WT8-GUI,83103730,HM,Overscaled Channel detected at Tag AI_TT_026
4/24/2026 12:02:26 PM,202,Warning,WT8-GUI,83103731,HM,Overscaled Channel detected at Tag AI_TT_027
4/24/2026 12:02:26 PM,202,Warning,WT8-GUI,83103732,HM,Overscaled Channel detected at Tag AI_TT_028
4/24/2026 12:02:26 PM,202,Warning,WT8-GUI,83103733,HM,Overscaled Channel detected at Tag AI_TT_004
4/24/2026 12:02:26 PM,202,Warning,WT8-GUI,83103734,HM,Overscaled Channel detected at Tag AI_TT_005
4/24/2026 12:02:26 PM,202,Warning,WT8-GUI,83103735,HM,Overscaled Channel detected at Tag AI_TT_006
4/24/2026 12:03:10 PM,301005,Warning,WT8-GUI,83103736,OPC,OPC Server Graybox.Simulator.1 on host localhost has not updated data in 160 minute(s).
4/24/2026 12:03:26 PM,202,Warning,WT8-GUI,83103737,HM,Overscaled Channel detected at Tag AI_Volts_Shunt_000
4/24/2026 12:03:26 PM,202,Warning,WT8-GUI,83103738,HM,Overscaled Channel detected at Tag AI_Volts_Shunt_001
4/24/2026 12:03:26 PM,202,Warning,WT8-GUI,83103739,HM,Overscaled Channel detected at Tag AI_Volts_Shunt_003
4/24/2026 12:03:26 PM,202,Warning,WT8-GUI,83103740,HM,Overscaled Channel detected at Tag AI_Volts_Shunt_004
4/24/2026 12:03:26 PM,202,Warning,WT8-GUI,83103741,HM,Overscaled Channel detected at Tag AI_TT_002
4/24/2026 12:03:26 PM,202,Warning,WT8-GUI,83103742,HM,Overscaled Channel detected at Tag AI_TT_029
4/24/2026 12:03:26 PM,202,Warning,WT8-GUI,83103743,HM,Overscaled Channel detected at Tag AI_TT_030
4/24/2026 12:03:26 PM,202,Warning,WT8-GUI,83103744,HM,Overscaled Channel detected at Tag AI_TT_008
4/24/2026 12:03:26 PM,202,Warning,WT8-GUI,83103745,HM,Overscaled Channel detected at Tag AI_TK_000
4/24/2026 12:03:26 PM,202,Warning,WT8-GUI,83103746,HM,Overscaled Channel detected at Tag AI_TK_009
4/24/2026 12:03:26 PM,202,Warning,WT8-GUI,83103747,HM,Overscaled Channel detected at Tag AI_TK_010
4/24/2026 12:03:26 PM,202,Warning,WT8-GUI,83103748,HM,Overscaled Channel detected at Tag AI_TK_011
4/24/2026 12:03:26 PM,202,Warning,WT8-GUI,83103749,HM,Overscaled Channel detected at Tag AI_TK_012
4/24/2026 12:03:26 PM,202,Warning,WT8-GUI,83103750,HM,Overscaled Channel detected at Tag AI_TK_013
4/24/2026 12:03:26 PM,202,Warning,WT8-GUI,83103751,HM,Overscaled Channel detected at Tag AI_TK_014
4/24/2026 12:03:26 PM,202,Warning,WT8-GUI,83103752,HM,Overscaled Channel detected at Tag AI_TK_026
4/24/2026 12:03:26 PM,202,Warning,WT8-GUI,83103753,HM,Overscaled Channel detected at Tag AI_TK_027
4/24/2026 12:03:26 PM,202,Warning,WT8-GUI,83103754,HM,Overscaled Channel detected at Tag AI_TK_028
4/24/2026 12:03:26 PM,202,Warning,WT8-GUI,83103755,HM,Overscaled Channel detected at Tag AI_TK_003
4/24/2026 12:03:26 PM,202,Warning,WT8-GUI,83103756,HM,Overscaled Channel detected at Tag AI_Volts_Shunt_006
4/24/2026 12:03:26 PM,202,Warning,WT8-GUI,83103757,HM,Overscaled Channel detected at Tag AI_Volts_Shunt_007
4/24/2026 12:03:26 PM,202,Warning,WT8-GUI,83103758,HM,Overscaled Channel detected at Tag AI_Volts_Shunt_008
4/24/2026 12:03:26 PM,202,Warning,WT8-GUI,83103759,HM,Overscaled Channel detected at Tag AI_Volts_Shunt_009
4/24/2026 12:03:26 PM,202,Warning,WT8-GUI,83103760,HM,Overscaled Channel detected at Tag AI_Volts_Shunt_010
4/24/2026 12:03:26 PM,202,Warning,WT8-GUI,83103761,HM,Overscaled Channel detected at Tag AI_Volts_Shunt_011
4/24/2026 12:03:26 PM,202,Warning,WT8-GUI,83103762,HM,Overscaled Channel detected at Tag AI_Volts_Shunt_012
4/24/2026 12:03:26 PM,202,Warning,WT8-GUI,83103763,HM,Overscaled Channel detected at Tag AI_Volts_Shunt_013
4/24/2026 12:03:26 PM,202,Warning,WT8-GUI,83103764,HM,Overscaled Channel detected at Tag AI_Volts_Shunt_014
4/24/2026 12:03:26 PM,202,Warning,WT8-GUI,83103765,HM,Overscaled Channel detected at Tag AI_Volts_Shunt_015
4/24/2026 12:03:26 PM,202,Warning,WT8-GUI,83103766,HM,Overscaled Channel detected at Tag AI_Strain_000
4/24/2026 12:03:26 PM,202,Warning,WT8-GUI,83103767,HM,Overscaled Channel detected at Tag AI_Strain_001
4/24/2026 12:03:26 PM,202,Warning,WT8-GUI,83103768,HM,Overscaled Channel detected at Tag AI_Strain_002
4/24/2026 12:03:26 PM,202,Warning,WT8-GUI,83103769,HM,Overscaled Channel detected at Tag AI_Strain_003
4/24/2026 12:03:26 PM,202,Warning,WT8-GUI,83103770,HM,Overscaled Channel detected at Tag AI_Strain_004
4/24/2026 12:03:26 PM,202,Warning,WT8-GUI,83103771,HM,Overscaled Channel detected at Tag AI_Strain_005
4/24/2026 12:03:26 PM,202,Warning,WT8-GUI,83103772,HM,Overscaled Channel detected at Tag AI_Strain_006
4/24/2026 12:03:26 PM,202,Warning,WT8-GUI,83103773,HM,Overscaled Channel detected at Tag AI_Strain_007
4/24/2026 12:03:26 PM,202,Warning,WT8-GUI,83103774,HM,Overscaled Channel detected at Tag AI_TT_003
4/24/2026 12:03:26 PM,202,Warning,WT8-GUI,83103775,HM,Overscaled Channel detected at Tag AI_TT_007
4/24/2026 12:03:26 PM,202,Warning,WT8-GUI,83103776,HM,Overscaled Channel detected at Tag AI_TK_015
4/24/2026 12:03:26 PM,202,Warning,WT8-GUI,83103777,HM,Overscaled Channel detected at Tag AI_TK_016
4/24/2026 12:03:26 PM,202,Warning,WT8-GUI,83103778,HM,Overscaled Channel detected at Tag AI_TK_017
4/24/2026 12:03:26 PM,202,Warning,WT8-GUI,83103779,HM,Overscaled Channel detected at Tag AI_TK_018
4/24/2026 12:03:26 PM,202,Warning,WT8-GUI,83103780,HM,Overscaled Channel detected at Tag AI_TK_001
4/24/2026 12:03:26 PM,202,Warning,WT8-GUI,83103781,HM,Overscaled Channel detected at Tag AI_TK_019
4/24/2026 12:03:26 PM,202,Warning,WT8-GUI,83103782,HM,Overscaled Channel detected at Tag AI_TK_020
4/24/2026 12:03:26 PM,202,Warning,WT8-GUI,83103783,HM,Overscaled Channel detected at Tag AI_TK_021
4/24/2026 12:03:26 PM,202,Warning,WT8-GUI,83103784,HM,Overscaled Channel detected at Tag AI_TK_022
4/24/2026 12:03:26 PM,202,Warning,WT8-GUI,83103785,HM,Overscaled Channel detected at Tag AI_TK_023
4/24/2026 12:03:26 PM,202,Warning,WT8-GUI,83103786,HM,Overscaled Channel detected at Tag AI_TK_024
4/24/2026 12:03:26 PM,202,Warning,WT8-GUI,83103787,HM,Overscaled Channel detected at Tag AI_TK_025
4/24/2026 12:03:26 PM,202,Warning,WT8-GUI,83103788,HM,Overscaled Channel detected at Tag AI_TK_002
4/24/2026 12:03:26 PM,202,Warning,WT8-GUI,83103789,HM,Overscaled Channel detected at Tag AI_TK_029
4/24/2026 12:03:26 PM,202,Warning,WT8-GUI,83103790,HM,Overscaled Channel detected at Tag AI_TK_030
4/24/2026 12:03:26 PM,202,Warning,WT8-GUI,83103791,HM,Overscaled Channel detected at Tag AI_TK_004
4/24/2026 12:03:26 PM,202,Warning,WT8-GUI,83103792,HM,Overscaled Channel detected at Tag AI_TK_005
4/24/2026 12:03:26 PM,202,Warning,WT8-GUI,83103793,HM,Overscaled Channel detected at Tag AI_TK_006
4/24/2026 12:03:26 PM,202,Warning,WT8-GUI,83103794,HM,Overscaled Channel detected at Tag AI_TK_007
4/24/2026 12:03:26 PM,202,Warning,WT8-GUI,83103795,HM,Overscaled Channel detected at Tag AI_TK_008
4/24/2026 12:03:26 PM,202,Warning,WT8-GUI,83103796,HM,Overscaled Channel detected at Tag AI_TT_000
4/24/2026 12:03:26 PM,202,Warning,WT8-GUI,83103797,HM,Overscaled Channel detected at Tag AI_TT_009
4/24/2026 12:03:26 PM,202,Warning,WT8-GUI,83103798,HM,Overscaled Channel detected at Tag AI_TT_010
4/24/2026 12:03:26 PM,202,Warning,WT8-GUI,83103799,HM,Overscaled Channel detected at Tag AI_TT_011
4/24/2026 12:03:26 PM,202,Warning,WT8-GUI,83103800,HM,Overscaled Channel detected at Tag AI_TT_012
4/24/2026 12:03:26 PM,202,Warning,WT8-GUI,83103801,HM,Overscaled Channel detected at Tag AI_TT_013
4/24/2026 12:03:26 PM,202,Warning,WT8-GUI,83103802,HM,Overscaled Channel detected at Tag AI_TT_014
4/24/2026 12:03:26 PM,202,Warning,WT8-GUI,83103803,HM,Overscaled Channel detected at Tag AI_TT_015
4/24/2026 12:03:26 PM,202,Warning,WT8-GUI,83103804,HM,Overscaled Channel detected at Tag AI_TT_016
4/24/2026 12:03:26 PM,202,Warning,WT8-GUI,83103805,HM,Overscaled Channel detected at Tag AI_TT_017
4/24/2026 12:03:26 PM,202,Warning,WT8-GUI,83103806,HM,Overscaled Channel detected at Tag AI_TT_018
4/24/2026 12:03:26 PM,202,Warning,WT8-GUI,83103807,HM,Overscaled Channel detected at Tag AI_TT_001
4/24/2026 12:03:26 PM,202,Warning,WT8-GUI,83103808,HM,Overscaled Channel detected at Tag AI_TT_019
4/24/2026 12:03:26 PM,202,Warning,WT8-GUI,83103809,HM,Overscaled Channel detected at Tag AI_TT_020
4/24/2026 12:03:26 PM,202,Warning,WT8-GUI,83103810,HM,Overscaled Channel detected at Tag AI_TT_021
4/24/2026 12:03:26 PM,202,Warning,WT8-GUI,83103811,HM,Overscaled Channel detected at Tag AI_TT_022
4/24/2026 12:03:26 PM,202,Warning,WT8-GUI,83103812,HM,Overscaled Channel detected at Tag AI_TT_023
4/24/2026 12:03:26 PM,202,Warning,WT8-GUI,83103813,HM,Overscaled Channel detected at Tag AI_TT_024
4/24/2026 12:03:26 PM,202,Warning,WT8-GUI,83103814,HM,Overscaled Channel detected at Tag AI_TT_025
4/24/2026 12:03:26 PM,202,Warning,WT8-GUI,83103815,HM,Overscaled Channel detected at Tag AI_TT_026
4/24/2026 12:03:26 PM,202,Warning,WT8-GUI,83103816,HM,Overscaled Channel detected at Tag AI_TT_027
4/24/2026 12:03:26 PM,202,Warning,WT8-GUI,83103817,HM,Overscaled Channel detected at Tag AI_TT_028
4/24/2026 12:03:26 PM,202,Warning,WT8-GUI,83103818,HM,Overscaled Channel detected at Tag AI_TT_004
4/24/2026 12:03:26 PM,202,Warning,WT8-GUI,83103819,HM,Overscaled Channel detected at Tag AI_TT_005
4/24/2026 12:03:26 PM,202,Warning,WT8-GUI,83103820,HM,Overscaled Channel detected at Tag AI_TT_006
4/24/2026 12:04:10 PM,301005,Warning,WT8-GUI,83103821,OPC,OPC Server Graybox.Simulator.1 on host localhost has not updated data in 161 minute(s).
4/24/2026 12:04:26 PM,202,Warning,WT8-GUI,83103822,HM,Overscaled Channel detected at Tag AI_Volts_Shunt_000
4/24/2026 12:04:26 PM,202,Warning,WT8-GUI,83103823,HM,Overscaled Channel detected at Tag AI_Volts_Shunt_001
4/24/2026 12:04:26 PM,202,Warning,WT8-GUI,83103824,HM,Overscaled Channel detected at Tag AI_Volts_Shunt_003
4/24/2026 12:04:26 PM,202,Warning,WT8-GUI,83103825,HM,Overscaled Channel detected at Tag AI_Volts_Shunt_004
4/24/2026 12:04:26 PM,202,Warning,WT8-GUI,83103826,HM,Overscaled Channel detected at Tag AI_TT_002
4/24/2026 12:04:26 PM,202,Warning,WT8-GUI,83103827,HM,Overscaled Channel detected at Tag AI_TT_029
4/24/2026 12:04:26 PM,202,Warning,WT8-GUI,83103828,HM,Overscaled Channel detected at Tag AI_TT_030
4/24/2026 12:04:26 PM,202,Warning,WT8-GUI,83103829,HM,Overscaled Channel detected at Tag AI_TT_008
4/24/2026 12:04:26 PM,202,Warning,WT8-GUI,83103830,HM,Overscaled Channel detected at Tag AI_TK_000
4/24/2026 12:04:26 PM,202,Warning,WT8-GUI,83103831,HM,Overscaled Channel detected at Tag AI_TK_009
4/24/2026 12:04:26 PM,202,Warning,WT8-GUI,83103832,HM,Overscaled Channel detected at Tag AI_TK_010
4/24/2026 12:04:26 PM,202,Warning,WT8-GUI,83103833,HM,Overscaled Channel detected at Tag AI_TK_011
4/24/2026 12:04:26 PM,202,Warning,WT8-GUI,83103834,HM,Overscaled Channel detected at Tag AI_TK_012
4/24/2026 12:04:26 PM,202,Warning,WT8-GUI,83103835,HM,Overscaled Channel detected at Tag AI_TK_013
4/24/2026 12:04:26 PM,202,Warning,WT8-GUI,83103836,HM,Overscaled Channel detected at Tag AI_TK_014
4/24/2026 12:04:26 PM,202,Warning,WT8-GUI,83103837,HM,Overscaled Channel detected at Tag AI_TK_026
4/24/2026 12:04:26 PM,202,Warning,WT8-GUI,83103838,HM,Overscaled Channel detected at Tag AI_TK_027
4/24/2026 12:04:26 PM,202,Warning,WT8-GUI,83103839,HM,Overscaled Channel detected at Tag AI_TK_028
4/24/2026 12:04:26 PM,202,Warning,WT8-GUI,83103840,HM,Overscaled Channel detected at Tag AI_TK_003
4/24/2026 12:04:26 PM,202,Warning,WT8-GUI,83103841,HM,Overscaled Channel detected at Tag AI_Volts_Shunt_006
4/24/2026 12:04:26 PM,202,Warning,WT8-GUI,83103842,HM,Overscaled Channel detected at Tag AI_Volts_Shunt_007
4/24/2026 12:04:26 PM,202,Warning,WT8-GUI,83103843,HM,Overscaled Channel detected at Tag AI_Volts_Shunt_008
4/24/2026 12:04:26 PM,202,Warning,WT8-GUI,83103844,HM,Overscaled Channel detected at Tag AI_Volts_Shunt_009
4/24/2026 12:04:26 PM,202,Warning,WT8-GUI,83103845,HM,Overscaled Channel detected at Tag AI_Volts_Shunt_010
4/24/2026 12:04:26 PM,202,Warning,WT8-GUI,83103846,HM,Overscaled Channel detected at Tag AI_Volts_Shunt_011
4/24/2026 12:04:26 PM,202,Warning,WT8-GUI,83103847,HM,Overscaled Channel detected at Tag AI_Volts_Shunt_012
4/24/2026 12:04:26 PM,202,Warning,WT8-GUI,83103848,HM,Overscaled Channel detected at Tag AI_Volts_Shunt_013
4/24/2026 12:04:26 PM,202,Warning,WT8-GUI,83103849,HM,Overscaled Channel detected at Tag AI_Volts_Shunt_014
4/24/2026 12:04:26 PM,202,Warning,WT8-GUI,83103850,HM,Overscaled Channel detected at Tag AI_Volts_Shunt_015
4/24/2026 12:04:26 PM,202,Warning,WT8-GUI,83103851,HM,Overscaled Channel detected at Tag AI_Strain_000
4/24/2026 12:04:26 PM,202,Warning,WT8-GUI,83103852,HM,Overscaled Channel detected at Tag AI_Strain_001
4/24/2026 12:04:26 PM,202,Warning,WT8-GUI,83103853,HM,Overscaled Channel detected at Tag AI_Strain_002
4/24/2026 12:04:26 PM,202,Warning,WT8-GUI,83103854,HM,Overscaled Channel detected at Tag AI_Strain_003
4/24/2026 12:04:26 PM,202,Warning,WT8-GUI,83103855,HM,Overscaled Channel detected at Tag AI_Strain_004
4/24/2026 12:04:26 PM,202,Warning,WT8-GUI,83103856,HM,Overscaled Channel detected at Tag AI_Strain_005
4/24/2026 12:04:26 PM,202,Warning,WT8-GUI,83103857,HM,Overscaled Channel detected at Tag AI_Strain_006
4/24/2026 12:04:26 PM,202,Warning,WT8-GUI,83103858,HM,Overscaled Channel detected at Tag AI_Strain_007
4/24/2026 12:04:26 PM,202,Warning,WT8-GUI,83103859,HM,Overscaled Channel detected at Tag AI_TT_003
4/24/2026 12:04:26 PM,202,Warning,WT8-GUI,83103860,HM,Overscaled Channel detected at Tag AI_TT_007
4/24/2026 12:04:26 PM,202,Warning,WT8-GUI,83103861,HM,Overscaled Channel detected at Tag AI_TK_015
4/24/2026 12:04:26 PM,202,Warning,WT8-GUI,83103862,HM,Overscaled Channel detected at Tag AI_TK_016
4/24/2026 12:04:26 PM,202,Warning,WT8-GUI,83103863,HM,Overscaled Channel detected at Tag AI_TK_017
4/24/2026 12:04:26 PM,202,Warning,WT8-GUI,83103864,HM,Overscaled Channel detected at Tag AI_TK_018
4/24/2026 12:04:26 PM,202,Warning,WT8-GUI,83103865,HM,Overscaled Channel detected at Tag AI_TK_001
4/24/2026 12:04:26 PM,202,Warning,WT8-GUI,83103866,HM,Overscaled Channel detected at Tag AI_TK_019
4/24/2026 12:04:26 PM,202,Warning,WT8-GUI,83103867,HM,Overscaled Channel detected at Tag AI_TK_020
4/24/2026 12:04:26 PM,202,Warning,WT8-GUI,83103868,HM,Overscaled Channel detected at Tag AI_TK_021
4/24/2026 12:04:26 PM,202,Warning,WT8-GUI,83103869,HM,Overscaled Channel detected at Tag AI_TK_022
4/24/2026 12:04:26 PM,202,Warning,WT8-GUI,83103870,HM,Overscaled Channel detected at Tag AI_TK_023
4/24/2026 12:04:26 PM,202,Warning,WT8-GUI,83103871,HM,Overscaled Channel detected at Tag AI_TK_024
4/24/2026 12:04:26 PM,202,Warning,WT8-GUI,83103872,HM,Overscaled Channel detected at Tag AI_TK_025
4/24/2026 12:04:26 PM,202,Warning,WT8-GUI,83103873,HM,Overscaled Channel detected at Tag AI_TK_002
4/24/2026 12:04:26 PM,202,Warning,WT8-GUI,83103874,HM,Overscaled Channel detected at Tag AI_TK_029
4/24/2026 12:04:26 PM,202,Warning,WT8-GUI,83103875,HM,Overscaled Channel detected at Tag AI_TK_030
4/24/2026 12:04:26 PM,202,Warning,WT8-GUI,83103876,HM,Overscaled Channel detected at Tag AI_TK_004
4/24/2026 12:04:26 PM,202,Warning,WT8-GUI,83103877,HM,Overscaled Channel detected at Tag AI_TK_005
4/24/2026 12:04:26 PM,202,Warning,WT8-GUI,83103878,HM,Overscaled Channel detected at Tag AI_TK_006
4/24/2026 12:04:26 PM,202,Warning,WT8-GUI,83103879,HM,Overscaled Channel detected at Tag AI_TK_007
4/24/2026 12:04:26 PM,202,Warning,WT8-GUI,83103880,HM,Overscaled Channel detected at Tag AI_TK_008
4/24/2026 12:04:26 PM,202,Warning,WT8-GUI,83103881,HM,Overscaled Channel detected at Tag AI_TT_000
4/24/2026 12:04:26 PM,202,Warning,WT8-GUI,83103882,HM,Overscaled Channel detected at Tag AI_TT_009
4/24/2026 12:04:26 PM,202,Warning,WT8-GUI,83103883,HM,Overscaled Channel detected at Tag AI_TT_010
4/24/2026 12:04:26 PM,202,Warning,WT8-GUI,83103884,HM,Overscaled Channel detected at Tag AI_TT_011
4/24/2026 12:04:26 PM,202,Warning,WT8-GUI,83103885,HM,Overscaled Channel detected at Tag AI_TT_012
4/24/2026 12:04:26 PM,202,Warning,WT8-GUI,83103886,HM,Overscaled Channel detected at Tag AI_TT_013
4/24/2026 12:04:26 PM,202,Warning,WT8-GUI,83103887,HM,Overscaled Channel detected at Tag AI_TT_014
4/24/2026 12:04:26 PM,202,Warning,WT8-GUI,83103888,HM,Overscaled Channel detected at Tag AI_TT_015
4/24/2026 12:04:26 PM,202,Warning,WT8-GUI,83103889,HM,Overscaled Channel detected at Tag AI_TT_016
4/24/2026 12:04:26 PM,202,Warning,WT8-GUI,83103890,HM,Overscaled Channel detected at Tag AI_TT_017
4/24/2026 12:04:26 PM,202,Warning,WT8-GUI,83103891,HM,Overscaled Channel detected at Tag AI_TT_018
4/24/2026 12:04:26 PM,202,Warning,WT8-GUI,83103892,HM,Overscaled Channel detected at Tag AI_TT_001
4/24/2026 12:04:26 PM,202,Warning,WT8-GUI,83103893,HM,Overscaled Channel detected at Tag AI_TT_019
4/24/2026 12:04:26 PM,202,Warning,WT8-GUI,83103894,HM,Overscaled Channel detected at Tag AI_TT_020
4/24/2026 12:04:26 PM,202,Warning,WT8-GUI,83103895,HM,Overscaled Channel detected at Tag AI_TT_021
4/24/2026 12:04:26 PM,202,Warning,WT8-GUI,83103896,HM,Overscaled Channel detected at Tag AI_TT_022
4/24/2026 12:04:26 PM,202,Warning,WT8-GUI,83103897,HM,Overscaled Channel detected at Tag AI_TT_023
4/24/2026 12:04:26 PM,202,Warning,WT8-GUI,83103898,HM,Overscaled Channel detected at Tag AI_TT_024
4/24/2026 12:04:26 PM,202,Warning,WT8-GUI,83103899,HM,Overscaled Channel detected at Tag AI_TT_025
4/24/2026 12:04:26 PM,202,Warning,WT8-GUI,83103900,HM,Overscaled Channel detected at Tag AI_TT_026
4/24/2026 12:04:26 PM,202,Warning,WT8-GUI,83103901,HM,Overscaled Channel detected at Tag AI_TT_027
4/24/2026 12:04:26 PM,202,Warning,WT8-GUI,83103902,HM,Overscaled Channel detected at Tag AI_TT_028
4/24/2026 12:04:26 PM,202,Warning,WT8-GUI,83103903,HM,Overscaled Channel detected at Tag AI_TT_004
4/24/2026 12:04:26 PM,202,Warning,WT8-GUI,83103904,HM,Overscaled Channel detected at Tag AI_TT_005
4/24/2026 12:04:26 PM,202,Warning,WT8-GUI,83103905,HM,Overscaled Channel detected at Tag AI_TT_006
4/24/2026 12:05:10 PM,301005,Warning,WT8-GUI,83103906,OPC,OPC Server Graybox.Simulator.1 on host localhost has not updated data in 162 minute(s).
4/24/2026 12:05:26 PM,202,Warning,WT8-GUI,83103907,HM,Overscaled Channel detected at Tag AI_Volts_Shunt_000
4/24/2026 12:05:26 PM,202,Warning,WT8-GUI,83103908,HM,Overscaled Channel detected at Tag AI_Volts_Shunt_001
4/24/2026 12:05:26 PM,202,Warning,WT8-GUI,83103909,HM,Overscaled Channel detected at Tag AI_Volts_Shunt_003
4/24/2026 12:05:26 PM,202,Warning,WT8-GUI,83103910,HM,Overscaled Channel detected at Tag AI_Volts_Shunt_004
4/24/2026 12:05:26 PM,202,Warning,WT8-GUI,83103911,HM,Overscaled Channel detected at Tag AI_TT_002
4/24/2026 12:05:26 PM,202,Warning,WT8-GUI,83103912,HM,Overscaled Channel detected at Tag AI_TT_029
4/24/2026 12:05:26 PM,202,Warning,WT8-GUI,83103913,HM,Overscaled Channel detected at Tag AI_TT_030
4/24/2026 12:05:26 PM,202,Warning,WT8-GUI,83103914,HM,Overscaled Channel detected at Tag AI_TT_008
4/24/2026 12:05:26 PM,202,Warning,WT8-GUI,83103915,HM,Overscaled Channel detected at Tag AI_TK_000
4/24/2026 12:05:26 PM,202,Warning,WT8-GUI,83103916,HM,Overscaled Channel detected at Tag AI_TK_009
4/24/2026 12:05:26 PM,202,Warning,WT8-GUI,83103917,HM,Overscaled Channel detected at Tag AI_TK_010
4/24/2026 12:05:26 PM,202,Warning,WT8-GUI,83103918,HM,Overscaled Channel detected at Tag AI_TK_011
4/24/2026 12:05:26 PM,202,Warning,WT8-GUI,83103919,HM,Overscaled Channel detected at Tag AI_TK_012
4/24/2026 12:05:26 PM,202,Warning,WT8-GUI,83103920,HM,Overscaled Channel detected at Tag AI_TK_013
4/24/2026 12:05:26 PM,202,Warning,WT8-GUI,83103921,HM,Overscaled Channel detected at Tag AI_TK_014
4/24/2026 12:05:26 PM,202,Warning,WT8-GUI,83103922,HM,Overscaled Channel detected at Tag AI_TK_026
4/24/2026 12:05:26 PM,202,Warning,WT8-GUI,83103923,HM,Overscaled Channel detected at Tag AI_TK_027
4/24/2026 12:05:26 PM,202,Warning,WT8-GUI,83103924,HM,Overscaled Channel detected at Tag AI_TK_028
4/24/2026 12:05:26 PM,202,Warning,WT8-GUI,83103925,HM,Overscaled Channel detected at Tag AI_TK_003
4/24/2026 12:05:26 PM,202,Warning,WT8-GUI,83103926,HM,Overscaled Channel detected at Tag AI_Volts_Shunt_006
4/24/2026 12:05:26 PM,202,Warning,WT8-GUI,83103927,HM,Overscaled Channel detected at Tag AI_Volts_Shunt_007
4/24/2026 12:05:26 PM,202,Warning,WT8-GUI,83103928,HM,Overscaled Channel detected at Tag AI_Volts_Shunt_008
4/24/2026 12:05:26 PM,202,Warning,WT8-GUI,83103929,HM,Overscaled Channel detected at Tag AI_Volts_Shunt_009
4/24/2026 12:05:26 PM,202,Warning,WT8-GUI,83103930,HM,Overscaled Channel detected at Tag AI_Volts_Shunt_010
4/24/2026 12:05:26 PM,202,Warning,WT8-GUI,83103931,HM,Overscaled Channel detected at Tag AI_Volts_Shunt_011
4/24/2026 12:05:26 PM,202,Warning,WT8-GUI,83103932,HM,Overscaled Channel detected at Tag AI_Volts_Shunt_012
4/24/2026 12:05:26 PM,202,Warning,WT8-GUI,83103933,HM,Overscaled Channel detected at Tag AI_Volts_Shunt_013
4/24/2026 12:05:26 PM,202,Warning,WT8-GUI,83103934,HM,Overscaled Channel detected at Tag AI_Volts_Shunt_014
4/24/2026 12:05:26 PM,202,Warning,WT8-GUI,83103935,HM,Overscaled Channel detected at Tag AI_Volts_Shunt_015
4/24/2026 12:05:26 PM,202,Warning,WT8-GUI,83103936,HM,Overscaled Channel detected at Tag AI_Strain_000
4/24/2026 12:05:26 PM,202,Warning,WT8-GUI,83103937,HM,Overscaled Channel detected at Tag AI_Strain_001
4/24/2026 12:05:26 PM,202,Warning,WT8-GUI,83103938,HM,Overscaled Channel detected at Tag AI_Strain_002
4/24/2026 12:05:26 PM,202,Warning,WT8-GUI,83103939,HM,Overscaled Channel detected at Tag AI_Strain_003
4/24/2026 12:05:26 PM,202,Warning,WT8-GUI,83103940,HM,Overscaled Channel detected at Tag AI_Strain_004
4/24/2026 12:05:26 PM,202,Warning,WT8-GUI,83103941,HM,Overscaled Channel detected at Tag AI_Strain_005
4/24/2026 12:05:26 PM,202,Warning,WT8-GUI,83103942,HM,Overscaled Channel detected at Tag AI_Strain_006
4/24/2026 12:05:26 PM,202,Warning,WT8-GUI,83103943,HM,Overscaled Channel detected at Tag AI_Strain_007
4/24/2026 12:05:26 PM,202,Warning,WT8-GUI,83103944,HM,Overscaled Channel detected at Tag AI_TT_003
4/24/2026 12:05:26 PM,202,Warning,WT8-GUI,83103945,HM,Overscaled Channel detected at Tag AI_TT_007
4/24/2026 12:05:26 PM,202,Warning,WT8-GUI,83103946,HM,Overscaled Channel detected at Tag AI_TK_015
4/24/2026 12:05:26 PM,202,Warning,WT8-GUI,83103947,HM,Overscaled Channel detected at Tag AI_TK_016
4/24/2026 12:05:26 PM,202,Warning,WT8-GUI,83103948,HM,Overscaled Channel detected at Tag AI_TK_017
4/24/2026 12:05:26 PM,202,Warning,WT8-GUI,83103949,HM,Overscaled Channel detected at Tag AI_TK_018
4/24/2026 12:05:26 PM,202,Warning,WT8-GUI,83103950,HM,Overscaled Channel detected at Tag AI_TK_001
4/24/2026 12:05:26 PM,202,Warning,WT8-GUI,83103951,HM,Overscaled Channel detected at Tag AI_TK_019
4/24/2026 12:05:26 PM,202,Warning,WT8-GUI,83103952,HM,Overscaled Channel detected at Tag AI_TK_020
4/24/2026 12:05:26 PM,202,Warning,WT8-GUI,83103953,HM,Overscaled Channel detected at Tag AI_TK_021
4/24/2026 12:05:26 PM,202,Warning,WT8-GUI,83103954,HM,Overscaled Channel detected at Tag AI_TK_022
4/24/2026 12:05:26 PM,202,Warning,WT8-GUI,83103955,HM,Overscaled Channel detected at Tag AI_TK_023
4/24/2026 12:05:26 PM,202,Warning,WT8-GUI,83103956,HM,Overscaled Channel detected at Tag AI_TK_024
4/24/2026 12:05:26 PM,202,Warning,WT8-GUI,83103957,HM,Overscaled Channel detected at Tag AI_TK_025
4/24/2026 12:05:26 PM,202,Warning,WT8-GUI,83103958,HM,Overscaled Channel detected at Tag AI_TK_002
4/24/2026 12:05:26 PM,202,Warning,WT8-GUI,83103959,HM,Overscaled Channel detected at Tag AI_TK_029
4/24/2026 12:05:26 PM,202,Warning,WT8-GUI,83103960,HM,Overscaled Channel detected at Tag AI_TK_030
4/24/2026 12:05:26 PM,202,Warning,WT8-GUI,83103961,HM,Overscaled Channel detected at Tag AI_TK_004
4/24/2026 12:05:26 PM,202,Warning,WT8-GUI,83103962,HM,Overscaled Channel detected at Tag AI_TK_005
4/24/2026 12:05:26 PM,202,Warning,WT8-GUI,83103963,HM,Overscaled Channel detected at Tag AI_TK_006
4/24/2026 12:05:26 PM,202,Warning,WT8-GUI,83103964,HM,Overscaled Channel detected at Tag AI_TK_007
4/24/2026 12:05:26 PM,202,Warning,WT8-GUI,83103965,HM,Overscaled Channel detected at Tag AI_TK_008
4/24/2026 12:05:26 PM,202,Warning,WT8-GUI,83103966,HM,Overscaled Channel detected at Tag AI_TT_000
4/24/2026 12:05:26 PM,202,Warning,WT8-GUI,83103967,HM,Overscaled Channel detected at Tag AI_TT_009
4/24/2026 12:05:26 PM,202,Warning,WT8-GUI,83103968,HM,Overscaled Channel detected at Tag AI_TT_010
4/24/2026 12:05:26 PM,202,Warning,WT8-GUI,83103969,HM,Overscaled Channel detected at Tag AI_TT_011
4/24/2026 12:05:26 PM,202,Warning,WT8-GUI,83103970,HM,Overscaled Channel detected at Tag AI_TT_012
4/24/2026 12:05:26 PM,202,Warning,WT8-GUI,83103971,HM,Overscaled Channel detected at Tag AI_TT_013
4/24/2026 12:05:26 PM,202,Warning,WT8-GUI,83103972,HM,Overscaled Channel detected at Tag AI_TT_014
4/24/2026 12:05:26 PM,202,Warning,WT8-GUI,83103973,HM,Overscaled Channel detected at Tag AI_TT_015
4/24/2026 12:05:26 PM,202,Warning,WT8-GUI,83103974,HM,Overscaled Channel detected at Tag AI_TT_016
4/24/2026 12:05:26 PM,202,Warning,WT8-GUI,83103975,HM,Overscaled Channel detected at Tag AI_TT_017
4/24/2026 12:05:26 PM,202,Warning,WT8-GUI,83103976,HM,Overscaled Channel detected at Tag AI_TT_018
4/24/2026 12:05:26 PM,202,Warning,WT8-GUI,83103977,HM,Overscaled Channel detected at Tag AI_TT_001
4/24/2026 12:05:26 PM,202,Warning,WT8-GUI,83103978,HM,Overscaled Channel detected at Tag AI_TT_019
4/24/2026 12:05:26 PM,202,Warning,WT8-GUI,83103979,HM,Overscaled Channel detected at Tag AI_TT_020
4/24/2026 12:05:26 PM,202,Warning,WT8-GUI,83103980,HM,Overscaled Channel detected at Tag AI_TT_021
4/24/2026 12:05:26 PM,202,Warning,WT8-GUI,83103981,HM,Overscaled Channel detected at Tag AI_TT_022
4/24/2026 12:05:26 PM,202,Warning,WT8-GUI,83103982,HM,Overscaled Channel detected at Tag AI_TT_023
4/24/2026 12:05:26 PM,202,Warning,WT8-GUI,83103983,HM,Overscaled Channel detected at Tag AI_TT_024
4/24/2026 12:05:26 PM,202,Warning,WT8-GUI,83103984,HM,Overscaled Channel detected at Tag AI_TT_025
4/24/2026 12:05:26 PM,202,Warning,WT8-GUI,83103985,HM,Overscaled Channel detected at Tag AI_TT_026
4/24/2026 12:05:26 PM,202,Warning,WT8-GUI,83103986,HM,Overscaled Channel detected at Tag AI_TT_027
4/24/2026 12:05:26 PM,202,Warning,WT8-GUI,83103987,HM,Overscaled Channel detected at Tag AI_TT_028
4/24/2026 12:05:26 PM,202,Warning,WT8-GUI,83103988,HM,Overscaled Channel detected at Tag AI_TT_004
4/24/2026 12:05:26 PM,202,Warning,WT8-GUI,83103989,HM,Overscaled Channel detected at Tag AI_TT_005
4/24/2026 12:05:26 PM,202,Warning,WT8-GUI,83103990,HM,Overscaled Channel detected at Tag AI_TT_006
4/24/2026 12:06:10 PM,301005,Warning,WT8-GUI,83103991,OPC,OPC Server Graybox.Simulator.1 on host localhost has not updated data in 163 minute(s).
4/24/2026 12:06:26 PM,202,Warning,WT8-GUI,83103992,HM,Overscaled Channel detected at Tag AI_Volts_Shunt_000
4/24/2026 12:06:26 PM,202,Warning,WT8-GUI,83103993,HM,Overscaled Channel detected at Tag AI_Volts_Shunt_001
4/24/2026 12:06:26 PM,202,Warning,WT8-GUI,83103994,HM,Overscaled Channel detected at Tag AI_Volts_Shunt_003
4/24/2026 12:06:26 PM,202,Warning,WT8-GUI,83103995,HM,Overscaled Channel detected at Tag AI_Volts_Shunt_004
4/24/2026 12:06:26 PM,202,Warning,WT8-GUI,83103996,HM,Overscaled Channel detected at Tag AI_TT_002
4/24/2026 12:06:26 PM,202,Warning,WT8-GUI,83103997,HM,Overscaled Channel detected at Tag AI_TT_029
4/24/2026 12:06:26 PM,202,Warning,WT8-GUI,83103998,HM,Overscaled Channel detected at Tag AI_TT_030
4/24/2026 12:06:26 PM,202,Warning,WT8-GUI,83103999,HM,Overscaled Channel detected at Tag AI_TT_008
4/24/2026 12:06:26 PM,202,Warning,WT8-GUI,83104000,HM,Overscaled Channel detected at Tag AI_TK_026
4/24/2026 12:06:26 PM,202,Warning,WT8-GUI,83104001,HM,Overscaled Channel detected at Tag AI_TK_027
4/24/2026 12:06:26 PM,202,Warning,WT8-GUI,83104002,HM,Overscaled Channel detected at Tag AI_TK_028
4/24/2026 12:06:26 PM,202,Warning,WT8-GUI,83104003,HM,Overscaled Channel detected at Tag AI_TK_003
4/24/2026 12:06:26 PM,202,Warning,WT8-GUI,83104004,HM,Overscaled Channel detected at Tag AI_Volts_Shunt_006
4/24/2026 12:06:26 PM,202,Warning,WT8-GUI,83104005,HM,Overscaled Channel detected at Tag AI_Volts_Shunt_007
4/24/2026 12:06:26 PM,202,Warning,WT8-GUI,83104006,HM,Overscaled Channel detected at Tag AI_Volts_Shunt_008
4/24/2026 12:06:26 PM,202,Warning,WT8-GUI,83104007,HM,Overscaled Channel detected at Tag AI_Volts_Shunt_009
4/24/2026 12:06:26 PM,202,Warning,WT8-GUI,83104008,HM,Overscaled Channel detected at Tag AI_TT_003
4/24/2026 12:06:26 PM,202,Warning,WT8-GUI,83104009,HM,Overscaled Channel detected at Tag AI_TT_007
4/24/2026 12:06:26 PM,202,Warning,WT8-GUI,83104010,HM,Overscaled Channel detected at Tag AI_TK_000
4/24/2026 12:06:26 PM,202,Warning,WT8-GUI,83104011,HM,Overscaled Channel detected at Tag AI_TK_009
4/24/2026 12:06:26 PM,202,Warning,WT8-GUI,83104012,HM,Overscaled Channel detected at Tag AI_TK_010
4/24/2026 12:06:26 PM,202,Warning,WT8-GUI,83104013,HM,Overscaled Channel detected at Tag AI_TK_011
4/24/2026 12:06:26 PM,202,Warning,WT8-GUI,83104014,HM,Overscaled Channel detected at Tag AI_TK_012
4/24/2026 12:06:26 PM,202,Warning,WT8-GUI,83104015,HM,Overscaled Channel detected at Tag AI_TK_013
4/24/2026 12:06:26 PM,202,Warning,WT8-GUI,83104016,HM,Overscaled Channel detected at Tag AI_TK_014
4/24/2026 12:06:26 PM,202,Warning,WT8-GUI,83104017,HM,Overscaled Channel detected at Tag AI_Volts_Shunt_010
4/24/2026 12:06:26 PM,202,Warning,WT8-GUI,83104018,HM,Overscaled Channel detected at Tag AI_Volts_Shunt_011
4/24/2026 12:06:26 PM,202,Warning,WT8-GUI,83104019,HM,Overscaled Channel detected at Tag AI_Volts_Shunt_012
4/24/2026 12:06:26 PM,202,Warning,WT8-GUI,83104020,HM,Overscaled Channel detected at Tag AI_Volts_Shunt_013
4/24/2026 12:06:26 PM,202,Warning,WT8-GUI,83104021,HM,Overscaled Channel detected at Tag AI_Volts_Shunt_014
4/24/2026 12:06:26 PM,202,Warning,WT8-GUI,83104022,HM,Overscaled Channel detected at Tag AI_Volts_Shunt_015
4/24/2026 12:06:26 PM,202,Warning,WT8-GUI,83104023,HM,Overscaled Channel detected at Tag AI_Strain_000
4/24/2026 12:06:26 PM,202,Warning,WT8-GUI,83104024,HM,Overscaled Channel detected at Tag AI_Strain_001
4/24/2026 12:06:26 PM,202,Warning,WT8-GUI,83104025,HM,Overscaled Channel detected at Tag AI_Strain_002
4/24/2026 12:06:26 PM,202,Warning,WT8-GUI,83104026,HM,Overscaled Channel detected at Tag AI_Strain_003
4/24/2026 12:06:26 PM,202,Warning,WT8-GUI,83104027,HM,Overscaled Channel detected at Tag AI_Strain_004
4/24/2026 12:06:26 PM,202,Warning,WT8-GUI,83104028,HM,Overscaled Channel detected at Tag AI_Strain_005
4/24/2026 12:06:26 PM,202,Warning,WT8-GUI,83104029,HM,Overscaled Channel detected at Tag AI_Strain_006
4/24/2026 12:06:26 PM,202,Warning,WT8-GUI,83104030,HM,Overscaled Channel detected at Tag AI_Strain_007
4/24/2026 12:06:26 PM,202,Warning,WT8-GUI,83104031,HM,Overscaled Channel detected at Tag AI_TK_015
4/24/2026 12:06:26 PM,202,Warning,WT8-GUI,83104032,HM,Overscaled Channel detected at Tag AI_TK_016
4/24/2026 12:06:26 PM,202,Warning,WT8-GUI,83104033,HM,Overscaled Channel detected at Tag AI_TK_017
4/24/2026 12:06:26 PM,202,Warning,WT8-GUI,83104034,HM,Overscaled Channel detected at Tag AI_TK_018
4/24/2026 12:06:26 PM,202,Warning,WT8-GUI,83104035,HM,Overscaled Channel detected at Tag AI_TK_001
4/24/2026 12:06:26 PM,202,Warning,WT8-GUI,83104036,HM,Overscaled Channel detected at Tag AI_TK_019
4/24/2026 12:06:26 PM,202,Warning,WT8-GUI,83104037,HM,Overscaled Channel detected at Tag AI_TK_020
4/24/2026 12:06:26 PM,202,Warning,WT8-GUI,83104038,HM,Overscaled Channel detected at Tag AI_TK_021
4/24/2026 12:06:26 PM,202,Warning,WT8-GUI,83104039,HM,Overscaled Channel detected at Tag AI_TK_022
4/24/2026 12:06:26 PM,202,Warning,WT8-GUI,83104040,HM,Overscaled Channel detected at Tag AI_TK_023
4/24/2026 12:06:26 PM,202,Warning,WT8-GUI,83104041,HM,Overscaled Channel detected at Tag AI_TK_024
4/24/2026 12:06:26 PM,202,Warning,WT8-GUI,83104042,HM,Overscaled Channel detected at Tag AI_TK_025
4/24/2026 12:06:26 PM,202,Warning,WT8-GUI,83104043,HM,Overscaled Channel detected at Tag AI_TK_002
4/24/2026 12:06:26 PM,202,Warning,WT8-GUI,83104044,HM,Overscaled Channel detected at Tag AI_TK_029
4/24/2026 12:06:26 PM,202,Warning,WT8-GUI,83104045,HM,Overscaled Channel detected at Tag AI_TK_030
4/24/2026 12:06:26 PM,202,Warning,WT8-GUI,83104046,HM,Overscaled Channel detected at Tag AI_TK_004
4/24/2026 12:06:26 PM,202,Warning,WT8-GUI,83104047,HM,Overscaled Channel detected at Tag AI_TK_005
4/24/2026 12:06:26 PM,202,Warning,WT8-GUI,83104048,HM,Overscaled Channel detected at Tag AI_TK_006
4/24/2026 12:06:26 PM,202,Warning,WT8-GUI,83104049,HM,Overscaled Channel detected at Tag AI_TK_007
4/24/2026 12:06:26 PM,202,Warning,WT8-GUI,83104050,HM,Overscaled Channel detected at Tag AI_TK_008
4/24/2026 12:06:26 PM,202,Warning,WT8-GUI,83104051,HM,Overscaled Channel detected at Tag AI_TT_000
4/24/2026 12:06:26 PM,202,Warning,WT8-GUI,83104052,HM,Overscaled Channel detected at Tag AI_TT_009
4/24/2026 12:06:26 PM,202,Warning,WT8-GUI,83104053,HM,Overscaled Channel detected at Tag AI_TT_010
4/24/2026 12:06:26 PM,202,Warning,WT8-GUI,83104054,HM,Overscaled Channel detected at Tag AI_TT_011
4/24/2026 12:06:26 PM,202,Warning,WT8-GUI,83104055,HM,Overscaled Channel detected at Tag AI_TT_012
4/24/2026 12:06:26 PM,202,Warning,WT8-GUI,83104056,HM,Overscaled Channel detected at Tag AI_TT_013
4/24/2026 12:06:26 PM,202,Warning,WT8-GUI,83104057,HM,Overscaled Channel detected at Tag AI_TT_014
4/24/2026 12:06:26 PM,202,Warning,WT8-GUI,83104058,HM,Overscaled Channel detected at Tag AI_TT_015
4/24/2026 12:06:26 PM,202,Warning,WT8-GUI,83104059,HM,Overscaled Channel detected at Tag AI_TT_016
4/24/2026 12:06:26 PM,202,Warning,WT8-GUI,83104060,HM,Overscaled Channel detected at Tag AI_TT_017
4/24/2026 12:06:26 PM,202,Warning,WT8-GUI,83104061,HM,Overscaled Channel detected at Tag AI_TT_018
4/24/2026 12:06:26 PM,202,Warning,WT8-GUI,83104062,HM,Overscaled Channel detected at Tag AI_TT_001
4/24/2026 12:06:26 PM,202,Warning,WT8-GUI,83104063,HM,Overscaled Channel detected at Tag AI_TT_019
4/24/2026 12:06:26 PM,202,Warning,WT8-GUI,83104064,HM,Overscaled Channel detected at Tag AI_TT_020
4/24/2026 12:06:26 PM,202,Warning,WT8-GUI,83104065,HM,Overscaled Channel detected at Tag AI_TT_021
4/24/2026 12:06:26 PM,202,Warning,WT8-GUI,83104066,HM,Overscaled Channel detected at Tag AI_TT_022
4/24/2026 12:06:26 PM,202,Warning,WT8-GUI,83104067,HM,Overscaled Channel detected at Tag AI_TT_023
4/24/2026 12:06:26 PM,202,Warning,WT8-GUI,83104068,HM,Overscaled Channel detected at Tag AI_TT_024
4/24/2026 12:06:26 PM,202,Warning,WT8-GUI,83104069,HM,Overscaled Channel detected at Tag AI_TT_025
4/24/2026 12:06:26 PM,202,Warning,WT8-GUI,83104070,HM,Overscaled Channel detected at Tag AI_TT_026
4/24/2026 12:06:26 PM,202,Warning,WT8-GUI,83104071,HM,Overscaled Channel detected at Tag AI_TT_027
4/24/2026 12:06:26 PM,202,Warning,WT8-GUI,83104072,HM,Overscaled Channel detected at Tag AI_TT_028
4/24/2026 12:06:26 PM,202,Warning,WT8-GUI,83104073,HM,Overscaled Channel detected at Tag AI_TT_004
4/24/2026 12:06:26 PM,202,Warning,WT8-GUI,83104074,HM,Overscaled Channel detected at Tag AI_TT_005
4/24/2026 12:06:26 PM,202,Warning,WT8-GUI,83104075,HM,Overscaled Channel detected at Tag AI_TT_006
4/24/2026 12:07:10 PM,301005,Warning,WT8-GUI,83104076,OPC,OPC Server Graybox.Simulator.1 on host localhost has not updated data in 164 minute(s).
4/24/2026 12:07:26 PM,202,Warning,WT8-GUI,83104077,HM,Overscaled Channel detected at Tag AI_Volts_Shunt_000
4/24/2026 12:07:26 PM,202,Warning,WT8-GUI,83104078,HM,Overscaled Channel detected at Tag AI_Volts_Shunt_001
4/24/2026 12:07:26 PM,202,Warning,WT8-GUI,83104079,HM,Overscaled Channel detected at Tag AI_Volts_Shunt_003
4/24/2026 12:07:26 PM,202,Warning,WT8-GUI,83104080,HM,Overscaled Channel detected at Tag AI_Volts_Shunt_004
4/24/2026 12:07:26 PM,202,Warning,WT8-GUI,83104081,HM,Overscaled Channel detected at Tag AI_TT_002
4/24/2026 12:07:26 PM,202,Warning,WT8-GUI,83104082,HM,Overscaled Channel detected at Tag AI_TT_029
4/24/2026 12:07:26 PM,202,Warning,WT8-GUI,83104083,HM,Overscaled Channel detected at Tag AI_TT_030
4/24/2026 12:07:26 PM,202,Warning,WT8-GUI,83104084,HM,Overscaled Channel detected at Tag AI_TT_008
4/24/2026 12:07:26 PM,202,Warning,WT8-GUI,83104085,HM,Overscaled Channel detected at Tag AI_TK_026
4/24/2026 12:07:26 PM,202,Warning,WT8-GUI,83104086,HM,Overscaled Channel detected at Tag AI_TK_027
4/24/2026 12:07:26 PM,202,Warning,WT8-GUI,83104087,HM,Overscaled Channel detected at Tag AI_TK_028
4/24/2026 12:07:26 PM,202,Warning,WT8-GUI,83104088,HM,Overscaled Channel detected at Tag AI_TK_003
4/24/2026 12:07:26 PM,202,Warning,WT8-GUI,83104089,HM,Overscaled Channel detected at Tag AI_Volts_Shunt_006
4/24/2026 12:07:26 PM,202,Warning,WT8-GUI,83104090,HM,Overscaled Channel detected at Tag AI_Volts_Shunt_007
4/24/2026 12:07:26 PM,202,Warning,WT8-GUI,83104091,HM,Overscaled Channel detected at Tag AI_Volts_Shunt_008
4/24/2026 12:07:26 PM,202,Warning,WT8-GUI,83104092,HM,Overscaled Channel detected at Tag AI_Volts_Shunt_009
4/24/2026 12:07:26 PM,202,Warning,WT8-GUI,83104093,HM,Overscaled Channel detected at Tag AI_TT_003
4/24/2026 12:07:26 PM,202,Warning,WT8-GUI,83104094,HM,Overscaled Channel detected at Tag AI_TT_007
4/24/2026 12:07:26 PM,202,Warning,WT8-GUI,83104095,HM,Overscaled Channel detected at Tag AI_TK_000
4/24/2026 12:07:26 PM,202,Warning,WT8-GUI,83104096,HM,Overscaled Channel detected at Tag AI_TK_009
4/24/2026 12:07:26 PM,202,Warning,WT8-GUI,83104097,HM,Overscaled Channel detected at Tag AI_TK_010
4/24/2026 12:07:26 PM,202,Warning,WT8-GUI,83104098,HM,Overscaled Channel detected at Tag AI_TK_011
4/24/2026 12:07:26 PM,202,Warning,WT8-GUI,83104099,HM,Overscaled Channel detected at Tag AI_TK_012
4/24/2026 12:07:26 PM,202,Warning,WT8-GUI,83104100,HM,Overscaled Channel detected at Tag AI_TK_013
4/24/2026 12:07:26 PM,202,Warning,WT8-GUI,83104101,HM,Overscaled Channel detected at Tag AI_TK_014
4/24/2026 12:07:26 PM,202,Warning,WT8-GUI,83104102,HM,Overscaled Channel detected at Tag AI_Volts_Shunt_010
4/24/2026 12:07:26 PM,202,Warning,WT8-GUI,83104103,HM,Overscaled Channel detected at Tag AI_Volts_Shunt_011
4/24/2026 12:07:26 PM,202,Warning,WT8-GUI,83104104,HM,Overscaled Channel detected at Tag AI_Volts_Shunt_012
4/24/2026 12:07:26 PM,202,Warning,WT8-GUI,83104105,HM,Overscaled Channel detected at Tag AI_Volts_Shunt_013
4/24/2026 12:07:26 PM,202,Warning,WT8-GUI,83104106,HM,Overscaled Channel detected at Tag AI_Volts_Shunt_014
4/24/2026 12:07:26 PM,202,Warning,WT8-GUI,83104107,HM,Overscaled Channel detected at Tag AI_Volts_Shunt_015
4/24/2026 12:07:26 PM,202,Warning,WT8-GUI,83104108,HM,Overscaled Channel detected at Tag AI_Strain_000
4/24/2026 12:07:26 PM,202,Warning,WT8-GUI,83104109,HM,Overscaled Channel detected at Tag AI_Strain_001
4/24/2026 12:07:26 PM,202,Warning,WT8-GUI,83104110,HM,Overscaled Channel detected at Tag AI_Strain_002
4/24/2026 12:07:26 PM,202,Warning,WT8-GUI,83104111,HM,Overscaled Channel detected at Tag AI_Strain_003
4/24/2026 12:07:26 PM,202,Warning,WT8-GUI,83104112,HM,Overscaled Channel detected at Tag AI_Strain_004
4/24/2026 12:07:26 PM,202,Warning,WT8-GUI,83104113,HM,Overscaled Channel detected at Tag AI_Strain_005
4/24/2026 12:07:26 PM,202,Warning,WT8-GUI,83104114,HM,Overscaled Channel detected at Tag AI_Strain_006
4/24/2026 12:07:26 PM,202,Warning,WT8-GUI,83104115,HM,Overscaled Channel detected at Tag AI_Strain_007
4/24/2026 12:07:26 PM,202,Warning,WT8-GUI,83104116,HM,Overscaled Channel detected at Tag AI_TK_015
4/24/2026 12:07:26 PM,202,Warning,WT8-GUI,83104117,HM,Overscaled Channel detected at Tag AI_TK_016
4/24/2026 12:07:26 PM,202,Warning,WT8-GUI,83104118,HM,Overscaled Channel detected at Tag AI_TK_017
4/24/2026 12:07:26 PM,202,Warning,WT8-GUI,83104119,HM,Overscaled Channel detected at Tag AI_TK_018
4/24/2026 12:07:26 PM,202,Warning,WT8-GUI,83104120,HM,Overscaled Channel detected at Tag AI_TK_001
4/24/2026 12:07:26 PM,202,Warning,WT8-GUI,83104121,HM,Overscaled Channel detected at Tag AI_TK_019
4/24/2026 12:07:26 PM,202,Warning,WT8-GUI,83104122,HM,Overscaled Channel detected at Tag AI_TK_020
4/24/2026 12:07:26 PM,202,Warning,WT8-GUI,83104123,HM,Overscaled Channel detected at Tag AI_TK_021
4/24/2026 12:07:26 PM,202,Warning,WT8-GUI,83104124,HM,Overscaled Channel detected at Tag AI_TK_022
4/24/2026 12:07:26 PM,202,Warning,WT8-GUI,83104125,HM,Overscaled Channel detected at Tag AI_TK_023
4/24/2026 12:07:26 PM,202,Warning,WT8-GUI,83104126,HM,Overscaled Channel detected at Tag AI_TK_024
4/24/2026 12:07:26 PM,202,Warning,WT8-GUI,83104127,HM,Overscaled Channel detected at Tag AI_TK_025
4/24/2026 12:07:26 PM,202,Warning,WT8-GUI,83104128,HM,Overscaled Channel detected at Tag AI_TK_002
4/24/2026 12:07:26 PM,202,Warning,WT8-GUI,83104129,HM,Overscaled Channel detected at Tag AI_TK_029
4/24/2026 12:07:26 PM,202,Warning,WT8-GUI,83104130,HM,Overscaled Channel detected at Tag AI_TK_030
4/24/2026 12:07:26 PM,202,Warning,WT8-GUI,83104131,HM,Overscaled Channel detected at Tag AI_TK_004
4/24/2026 12:07:26 PM,202,Warning,WT8-GUI,83104132,HM,Overscaled Channel detected at Tag AI_TK_005
4/24/2026 12:07:26 PM,202,Warning,WT8-GUI,83104133,HM,Overscaled Channel detected at Tag AI_TK_006
4/24/2026 12:07:26 PM,202,Warning,WT8-GUI,83104134,HM,Overscaled Channel detected at Tag AI_TK_007
4/24/2026 12:07:26 PM,202,Warning,WT8-GUI,83104135,HM,Overscaled Channel detected at Tag AI_TK_008
4/24/2026 12:07:26 PM,202,Warning,WT8-GUI,83104136,HM,Overscaled Channel detected at Tag AI_TT_000
4/24/2026 12:07:26 PM,202,Warning,WT8-GUI,83104137,HM,Overscaled Channel detected at Tag AI_TT_009
4/24/2026 12:07:26 PM,202,Warning,WT8-GUI,83104138,HM,Overscaled Channel detected at Tag AI_TT_010
4/24/2026 12:07:26 PM,202,Warning,WT8-GUI,83104139,HM,Overscaled Channel detected at Tag AI_TT_011
4/24/2026 12:07:26 PM,202,Warning,WT8-GUI,83104140,HM,Overscaled Channel detected at Tag AI_TT_012
4/24/2026 12:07:26 PM,202,Warning,WT8-GUI,83104141,HM,Overscaled Channel detected at Tag AI_TT_013
4/24/2026 12:07:26 PM,202,Warning,WT8-GUI,83104142,HM,Overscaled Channel detected at Tag AI_TT_014
4/24/2026 12:07:26 PM,202,Warning,WT8-GUI,83104143,HM,Overscaled Channel detected at Tag AI_TT_015
4/24/2026 12:07:26 PM,202,Warning,WT8-GUI,83104144,HM,Overscaled Channel detected at Tag AI_TT_016
4/24/2026 12:07:26 PM,202,Warning,WT8-GUI,83104145,HM,Overscaled Channel detected at Tag AI_TT_017
4/24/2026 12:07:26 PM,202,Warning,WT8-GUI,83104146,HM,Overscaled Channel detected at Tag AI_TT_018
4/24/2026 12:07:26 PM,202,Warning,WT8-GUI,83104147,HM,Overscaled Channel detected at Tag AI_TT_001
4/24/2026 12:07:26 PM,202,Warning,WT8-GUI,83104148,HM,Overscaled Channel detected at Tag AI_TT_019
4/24/2026 12:07:26 PM,202,Warning,WT8-GUI,83104149,HM,Overscaled Channel detected at Tag AI_TT_020
4/24/2026 12:07:26 PM,202,Warning,WT8-GUI,83104150,HM,Overscaled Channel detected at Tag AI_TT_021
4/24/2026 12:07:26 PM,202,Warning,WT8-GUI,83104151,HM,Overscaled Channel detected at Tag AI_TT_022
4/24/2026 12:07:26 PM,202,Warning,WT8-GUI,83104152,HM,Overscaled Channel detected at Tag AI_TT_023
4/24/2026 12:07:26 PM,202,Warning,WT8-GUI,83104153,HM,Overscaled Channel detected at Tag AI_TT_024
4/24/2026 12:07:26 PM,202,Warning,WT8-GUI,83104154,HM,Overscaled Channel detected at Tag AI_TT_025
4/24/2026 12:07:26 PM,202,Warning,WT8-GUI,83104155,HM,Overscaled Channel detected at Tag AI_TT_026
4/24/2026 12:07:26 PM,202,Warning,WT8-GUI,83104156,HM,Overscaled Channel detected at Tag AI_TT_027
4/24/2026 12:07:26 PM,202,Warning,WT8-GUI,83104157,HM,Overscaled Channel detected at Tag AI_TT_028
4/24/2026 12:07:26 PM,202,Warning,WT8-GUI,83104158,HM,Overscaled Channel detected at Tag AI_TT_004
4/24/2026 12:07:26 PM,202,Warning,WT8-GUI,83104159,HM,Overscaled Channel detected at Tag AI_TT_005
4/24/2026 12:07:26 PM,202,Warning,WT8-GUI,83104160,HM,Overscaled Channel detected at Tag AI_TT_006
4/24/2026 12:08:10 PM,301005,Warning,WT8-GUI,83104161,OPC,OPC Server Graybox.Simulator.1 on host localhost has not updated data in 165 minute(s).
4/24/2026 12:08:26 PM,202,Warning,WT8-GUI,83104162,HM,Overscaled Channel detected at Tag AI_Volts_Shunt_000
4/24/2026 12:08:26 PM,202,Warning,WT8-GUI,83104163,HM,Overscaled Channel detected at Tag AI_Volts_Shunt_001
4/24/2026 12:08:26 PM,202,Warning,WT8-GUI,83104164,HM,Overscaled Channel detected at Tag AI_Volts_Shunt_003
4/24/2026 12:08:26 PM,202,Warning,WT8-GUI,83104165,HM,Overscaled Channel detected at Tag AI_Volts_Shunt_004
4/24/2026 12:08:26 PM,202,Warning,WT8-GUI,83104166,HM,Overscaled Channel detected at Tag AI_TT_002
4/24/2026 12:08:26 PM,202,Warning,WT8-GUI,83104167,HM,Overscaled Channel detected at Tag AI_TT_029
4/24/2026 12:08:26 PM,202,Warning,WT8-GUI,83104168,HM,Overscaled Channel detected at Tag AI_TT_030
4/24/2026 12:08:26 PM,202,Warning,WT8-GUI,83104169,HM,Overscaled Channel detected at Tag AI_TT_008
4/24/2026 12:08:26 PM,202,Warning,WT8-GUI,83104170,HM,Overscaled Channel detected at Tag AI_TK_026
4/24/2026 12:08:26 PM,202,Warning,WT8-GUI,83104171,HM,Overscaled Channel detected at Tag AI_TK_027
4/24/2026 12:08:26 PM,202,Warning,WT8-GUI,83104172,HM,Overscaled Channel detected at Tag AI_TK_028
4/24/2026 12:08:26 PM,202,Warning,WT8-GUI,83104173,HM,Overscaled Channel detected at Tag AI_TK_003
4/24/2026 12:08:26 PM,202,Warning,WT8-GUI,83104174,HM,Overscaled Channel detected at Tag AI_Volts_Shunt_006
4/24/2026 12:08:26 PM,202,Warning,WT8-GUI,83104175,HM,Overscaled Channel detected at Tag AI_Volts_Shunt_007
4/24/2026 12:08:26 PM,202,Warning,WT8-GUI,83104176,HM,Overscaled Channel detected at Tag AI_Volts_Shunt_008
4/24/2026 12:08:26 PM,202,Warning,WT8-GUI,83104177,HM,Overscaled Channel detected at Tag AI_Volts_Shunt_009
4/24/2026 12:08:26 PM,202,Warning,WT8-GUI,83104178,HM,Overscaled Channel detected at Tag AI_TT_003
4/24/2026 12:08:26 PM,202,Warning,WT8-GUI,83104179,HM,Overscaled Channel detected at Tag AI_TT_007
4/24/2026 12:08:26 PM,202,Warning,WT8-GUI,83104180,HM,Overscaled Channel detected at Tag AI_TK_000
4/24/2026 12:08:26 PM,202,Warning,WT8-GUI,83104181,HM,Overscaled Channel detected at Tag AI_TK_009
4/24/2026 12:08:26 PM,202,Warning,WT8-GUI,83104182,HM,Overscaled Channel detected at Tag AI_TK_010
4/24/2026 12:08:26 PM,202,Warning,WT8-GUI,83104183,HM,Overscaled Channel detected at Tag AI_TK_011
4/24/2026 12:08:26 PM,202,Warning,WT8-GUI,83104184,HM,Overscaled Channel detected at Tag AI_TK_012
4/24/2026 12:08:26 PM,202,Warning,WT8-GUI,83104185,HM,Overscaled Channel detected at Tag AI_TK_013
4/24/2026 12:08:26 PM,202,Warning,WT8-GUI,83104186,HM,Overscaled Channel detected at Tag AI_TK_014
4/24/2026 12:08:26 PM,202,Warning,WT8-GUI,83104187,HM,Overscaled Channel detected at Tag AI_Volts_Shunt_010
4/24/2026 12:08:26 PM,202,Warning,WT8-GUI,83104188,HM,Overscaled Channel detected at Tag AI_Volts_Shunt_011
4/24/2026 12:08:26 PM,202,Warning,WT8-GUI,83104189,HM,Overscaled Channel detected at Tag AI_Volts_Shunt_012
4/24/2026 12:08:26 PM,202,Warning,WT8-GUI,83104190,HM,Overscaled Channel detected at Tag AI_Volts_Shunt_013
4/24/2026 12:08:26 PM,202,Warning,WT8-GUI,83104191,HM,Overscaled Channel detected at Tag AI_Volts_Shunt_014
4/24/2026 12:08:26 PM,202,Warning,WT8-GUI,83104192,HM,Overscaled Channel detected at Tag AI_Volts_Shunt_015
4/24/2026 12:08:26 PM,202,Warning,WT8-GUI,83104193,HM,Overscaled Channel detected at Tag AI_Strain_000
4/24/2026 12:08:26 PM,202,Warning,WT8-GUI,83104194,HM,Overscaled Channel detected at Tag AI_Strain_001
4/24/2026 12:08:26 PM,202,Warning,WT8-GUI,83104195,HM,Overscaled Channel detected at Tag AI_Strain_002
4/24/2026 12:08:26 PM,202,Warning,WT8-GUI,83104196,HM,Overscaled Channel detected at Tag AI_Strain_003
4/24/2026 12:08:26 PM,202,Warning,WT8-GUI,83104197,HM,Overscaled Channel detected at Tag AI_Strain_004
4/24/2026 12:08:26 PM,202,Warning,WT8-GUI,83104198,HM,Overscaled Channel detected at Tag AI_Strain_005
4/24/2026 12:08:26 PM,202,Warning,WT8-GUI,83104199,HM,Overscaled Channel detected at Tag AI_Strain_006
4/24/2026 12:08:26 PM,202,Warning,WT8-GUI,83104200,HM,Overscaled Channel detected at Tag AI_Strain_007
4/24/2026 12:08:26 PM,202,Warning,WT8-GUI,83104201,HM,Overscaled Channel detected at Tag AI_TK_015
4/24/2026 12:08:26 PM,202,Warning,WT8-GUI,83104202,HM,Overscaled Channel detected at Tag AI_TK_016
4/24/2026 12:08:26 PM,202,Warning,WT8-GUI,83104203,HM,Overscaled Channel detected at Tag AI_TK_017
4/24/2026 12:08:26 PM,202,Warning,WT8-GUI,83104204,HM,Overscaled Channel detected at Tag AI_TK_018
4/24/2026 12:08:26 PM,202,Warning,WT8-GUI,83104205,HM,Overscaled Channel detected at Tag AI_TK_001
4/24/2026 12:08:26 PM,202,Warning,WT8-GUI,83104206,HM,Overscaled Channel detected at Tag AI_TK_019
4/24/2026 12:08:26 PM,202,Warning,WT8-GUI,83104207,HM,Overscaled Channel detected at Tag AI_TK_020
4/24/2026 12:08:26 PM,202,Warning,WT8-GUI,83104208,HM,Overscaled Channel detected at Tag AI_TK_021
4/24/2026 12:08:26 PM,202,Warning,WT8-GUI,83104209,HM,Overscaled Channel detected at Tag AI_TK_022
4/24/2026 12:08:26 PM,202,Warning,WT8-GUI,83104210,HM,Overscaled Channel detected at Tag AI_TK_023
4/24/2026 12:08:26 PM,202,Warning,WT8-GUI,83104211,HM,Overscaled Channel detected at Tag AI_TK_024
4/24/2026 12:08:26 PM,202,Warning,WT8-GUI,83104212,HM,Overscaled Channel detected at Tag AI_TK_025
4/24/2026 12:08:26 PM,202,Warning,WT8-GUI,83104213,HM,Overscaled Channel detected at Tag AI_TK_002
4/24/2026 12:08:26 PM,202,Warning,WT8-GUI,83104214,HM,Overscaled Channel detected at Tag AI_TK_029
4/24/2026 12:08:26 PM,202,Warning,WT8-GUI,83104215,HM,Overscaled Channel detected at Tag AI_TK_030
4/24/2026 12:08:26 PM,202,Warning,WT8-GUI,83104216,HM,Overscaled Channel detected at Tag AI_TK_004
4/24/2026 12:08:26 PM,202,Warning,WT8-GUI,83104217,HM,Overscaled Channel detected at Tag AI_TK_005
4/24/2026 12:08:26 PM,202,Warning,WT8-GUI,83104218,HM,Overscaled Channel detected at Tag AI_TK_006
4/24/2026 12:08:26 PM,202,Warning,WT8-GUI,83104219,HM,Overscaled Channel detected at Tag AI_TK_007
4/24/2026 12:08:26 PM,202,Warning,WT8-GUI,83104220,HM,Overscaled Channel detected at Tag AI_TK_008
4/24/2026 12:08:26 PM,202,Warning,WT8-GUI,83104221,HM,Overscaled Channel detected at Tag AI_TT_000
4/24/2026 12:08:26 PM,202,Warning,WT8-GUI,83104222,HM,Overscaled Channel detected at Tag AI_TT_009
4/24/2026 12:08:26 PM,202,Warning,WT8-GUI,83104223,HM,Overscaled Channel detected at Tag AI_TT_010
4/24/2026 12:08:26 PM,202,Warning,WT8-GUI,83104224,HM,Overscaled Channel detected at Tag AI_TT_011
4/24/2026 12:08:26 PM,202,Warning,WT8-GUI,83104225,HM,Overscaled Channel detected at Tag AI_TT_012
4/24/2026 12:08:26 PM,202,Warning,WT8-GUI,83104226,HM,Overscaled Channel detected at Tag AI_TT_013
4/24/2026 12:08:26 PM,202,Warning,WT8-GUI,83104227,HM,Overscaled Channel detected at Tag AI_TT_014
4/24/2026 12:08:26 PM,202,Warning,WT8-GUI,83104228,HM,Overscaled Channel detected at Tag AI_TT_015
4/24/2026 12:08:26 PM,202,Warning,WT8-GUI,83104229,HM,Overscaled Channel detected at Tag AI_TT_016
4/24/2026 12:08:26 PM,202,Warning,WT8-GUI,83104230,HM,Overscaled Channel detected at Tag AI_TT_017
4/24/2026 12:08:26 PM,202,Warning,WT8-GUI,83104231,HM,Overscaled Channel detected at Tag AI_TT_018
4/24/2026 12:08:26 PM,202,Warning,WT8-GUI,83104232,HM,Overscaled Channel detected at Tag AI_TT_001
4/24/2026 12:08:26 PM,202,Warning,WT8-GUI,83104233,HM,Overscaled Channel detected at Tag AI_TT_019
4/24/2026 12:08:26 PM,202,Warning,WT8-GUI,83104234,HM,Overscaled Channel detected at Tag AI_TT_020
4/24/2026 12:08:26 PM,202,Warning,WT8-GUI,83104235,HM,Overscaled Channel detected at Tag AI_TT_021
4/24/2026 12:08:26 PM,202,Warning,WT8-GUI,83104236,HM,Overscaled Channel detected at Tag AI_TT_022
4/24/2026 12:08:26 PM,202,Warning,WT8-GUI,83104237,HM,Overscaled Channel detected at Tag AI_TT_023
4/24/2026 12:08:26 PM,202,Warning,WT8-GUI,83104238,HM,Overscaled Channel detected at Tag AI_TT_024
4/24/2026 12:08:26 PM,202,Warning,WT8-GUI,83104239,HM,Overscaled Channel detected at Tag AI_TT_025
4/24/2026 12:08:26 PM,202,Warning,WT8-GUI,83104240,HM,Overscaled Channel detected at Tag AI_TT_026
4/24/2026 12:08:26 PM,202,Warning,WT8-GUI,83104241,HM,Overscaled Channel detected at Tag AI_TT_027
4/24/2026 12:08:26 PM,202,Warning,WT8-GUI,83104242,HM,Overscaled Channel detected at Tag AI_TT_028
4/24/2026 12:08:26 PM,202,Warning,WT8-GUI,83104243,HM,Overscaled Channel detected at Tag AI_TT_004
4/24/2026 12:08:26 PM,202,Warning,WT8-GUI,83104244,HM,Overscaled Channel detected at Tag AI_TT_005
4/24/2026 12:08:26 PM,202,Warning,WT8-GUI,83104245,HM,Overscaled Channel detected at Tag AI_TT_006
4/24/2026 12:09:10 PM,301005,Warning,WT8-GUI,83104246,OPC,OPC Server Graybox.Simulator.1 on host localhost has not updated data in 166 minute(s).
4/24/2026 12:09:26 PM,202,Warning,WT8-GUI,83104247,HM,Overscaled Channel detected at Tag AI_Volts_Shunt_000
4/24/2026 12:09:26 PM,202,Warning,WT8-GUI,83104248,HM,Overscaled Channel detected at Tag AI_Volts_Shunt_001
4/24/2026 12:09:26 PM,202,Warning,WT8-GUI,83104249,HM,Overscaled Channel detected at Tag AI_Volts_Shunt_003
4/24/2026 12:09:26 PM,202,Warning,WT8-GUI,83104250,HM,Overscaled Channel detected at Tag AI_Volts_Shunt_004
4/24/2026 12:09:26 PM,202,Warning,WT8-GUI,83104251,HM,Overscaled Channel detected at Tag AI_TT_002
4/24/2026 12:09:26 PM,202,Warning,WT8-GUI,83104252,HM,Overscaled Channel detected at Tag AI_TT_029
4/24/2026 12:09:26 PM,202,Warning,WT8-GUI,83104253,HM,Overscaled Channel detected at Tag AI_TT_030
4/24/2026 12:09:26 PM,202,Warning,WT8-GUI,83104254,HM,Overscaled Channel detected at Tag AI_TK_026
4/24/2026 12:09:26 PM,202,Warning,WT8-GUI,83104255,HM,Overscaled Channel detected at Tag AI_TK_027
4/24/2026 12:09:26 PM,202,Warning,WT8-GUI,83104256,HM,Overscaled Channel detected at Tag AI_TK_028
4/24/2026 12:09:26 PM,202,Warning,WT8-GUI,83104257,HM,Overscaled Channel detected at Tag AI_TK_003
4/24/2026 12:09:26 PM,202,Warning,WT8-GUI,83104258,HM,Overscaled Channel detected at Tag AI_Volts_Shunt_006
4/24/2026 12:09:26 PM,202,Warning,WT8-GUI,83104259,HM,Overscaled Channel detected at Tag AI_Volts_Shunt_007
4/24/2026 12:09:26 PM,202,Warning,WT8-GUI,83104260,HM,Overscaled Channel detected at Tag AI_Volts_Shunt_008
4/24/2026 12:09:26 PM,202,Warning,WT8-GUI,83104261,HM,Overscaled Channel detected at Tag AI_Volts_Shunt_009
4/24/2026 12:09:26 PM,202,Warning,WT8-GUI,83104262,HM,Overscaled Channel detected at Tag AI_TT_003
4/24/2026 12:09:26 PM,202,Warning,WT8-GUI,83104263,HM,Overscaled Channel detected at Tag AI_TT_007
4/24/2026 12:09:26 PM,202,Warning,WT8-GUI,83104264,HM,Overscaled Channel detected at Tag AI_TT_008
4/24/2026 12:09:26 PM,202,Warning,WT8-GUI,83104265,HM,Overscaled Channel detected at Tag AI_TK_000
4/24/2026 12:09:26 PM,202,Warning,WT8-GUI,83104266,HM,Overscaled Channel detected at Tag AI_TK_009
4/24/2026 12:09:26 PM,202,Warning,WT8-GUI,83104267,HM,Overscaled Channel detected at Tag AI_TK_010
4/24/2026 12:09:26 PM,202,Warning,WT8-GUI,83104268,HM,Overscaled Channel detected at Tag AI_TK_011
4/24/2026 12:09:26 PM,202,Warning,WT8-GUI,83104269,HM,Overscaled Channel detected at Tag AI_TK_012
4/24/2026 12:09:26 PM,202,Warning,WT8-GUI,83104270,HM,Overscaled Channel detected at Tag AI_TK_013
4/24/2026 12:09:26 PM,202,Warning,WT8-GUI,83104271,HM,Overscaled Channel detected at Tag AI_TK_014
4/24/2026 12:09:26 PM,202,Warning,WT8-GUI,83104272,HM,Overscaled Channel detected at Tag AI_Volts_Shunt_010
4/24/2026 12:09:26 PM,202,Warning,WT8-GUI,83104273,HM,Overscaled Channel detected at Tag AI_Volts_Shunt_011
4/24/2026 12:09:26 PM,202,Warning,WT8-GUI,83104274,HM,Overscaled Channel detected at Tag AI_Volts_Shunt_012
4/24/2026 12:09:26 PM,202,Warning,WT8-GUI,83104275,HM,Overscaled Channel detected at Tag AI_Volts_Shunt_013
4/24/2026 12:09:26 PM,202,Warning,WT8-GUI,83104276,HM,Overscaled Channel detected at Tag AI_Volts_Shunt_014
4/24/2026 12:09:26 PM,202,Warning,WT8-GUI,83104277,HM,Overscaled Channel detected at Tag AI_Volts_Shunt_015
4/24/2026 12:09:26 PM,202,Warning,WT8-GUI,83104278,HM,Overscaled Channel detected at Tag AI_Strain_000
4/24/2026 12:09:26 PM,202,Warning,WT8-GUI,83104279,HM,Overscaled Channel detected at Tag AI_Strain_001
4/24/2026 12:09:26 PM,202,Warning,WT8-GUI,83104280,HM,Overscaled Channel detected at Tag AI_Strain_002
4/24/2026 12:09:26 PM,202,Warning,WT8-GUI,83104281,HM,Overscaled Channel detected at Tag AI_Strain_003
4/24/2026 12:09:26 PM,202,Warning,WT8-GUI,83104282,HM,Overscaled Channel detected at Tag AI_Strain_004
4/24/2026 12:09:26 PM,202,Warning,WT8-GUI,83104283,HM,Overscaled Channel detected at Tag AI_Strain_005
4/24/2026 12:09:26 PM,202,Warning,WT8-GUI,83104284,HM,Overscaled Channel detected at Tag AI_Strain_006
4/24/2026 12:09:26 PM,202,Warning,WT8-GUI,83104285,HM,Overscaled Channel detected at Tag AI_Strain_007
4/24/2026 12:09:26 PM,202,Warning,WT8-GUI,83104286,HM,Overscaled Channel detected at Tag AI_TK_015
4/24/2026 12:09:26 PM,202,Warning,WT8-GUI,83104287,HM,Overscaled Channel detected at Tag AI_TK_016
4/24/2026 12:09:26 PM,202,Warning,WT8-GUI,83104288,HM,Overscaled Channel detected at Tag AI_TK_017
4/24/2026 12:09:26 PM,202,Warning,WT8-GUI,83104289,HM,Overscaled Channel detected at Tag AI_TK_018
4/24/2026 12:09:26 PM,202,Warning,WT8-GUI,83104290,HM,Overscaled Channel detected at Tag AI_TK_001
4/24/2026 12:09:26 PM,202,Warning,WT8-GUI,83104291,HM,Overscaled Channel detected at Tag AI_TK_019
4/24/2026 12:09:26 PM,202,Warning,WT8-GUI,83104292,HM,Overscaled Channel detected at Tag AI_TK_020
4/24/2026 12:09:26 PM,202,Warning,WT8-GUI,83104293,HM,Overscaled Channel detected at Tag AI_TK_021
4/24/2026 12:09:26 PM,202,Warning,WT8-GUI,83104294,HM,Overscaled Channel detected at Tag AI_TK_022
4/24/2026 12:09:26 PM,202,Warning,WT8-GUI,83104295,HM,Overscaled Channel detected at Tag AI_TK_023
4/24/2026 12:09:26 PM,202,Warning,WT8-GUI,83104296,HM,Overscaled Channel detected at Tag AI_TK_024
4/24/2026 12:09:26 PM,202,Warning,WT8-GUI,83104297,HM,Overscaled Channel detected at Tag AI_TK_025
4/24/2026 12:09:26 PM,202,Warning,WT8-GUI,83104298,HM,Overscaled Channel detected at Tag AI_TK_002
4/24/2026 12:09:26 PM,202,Warning,WT8-GUI,83104299,HM,Overscaled Channel detected at Tag AI_TK_029
4/24/2026 12:09:26 PM,202,Warning,WT8-GUI,83104300,HM,Overscaled Channel detected at Tag AI_TK_030
4/24/2026 12:09:26 PM,202,Warning,WT8-GUI,83104301,HM,Overscaled Channel detected at Tag AI_TK_004
4/24/2026 12:09:26 PM,202,Warning,WT8-GUI,83104302,HM,Overscaled Channel detected at Tag AI_TK_005
4/24/2026 12:09:26 PM,202,Warning,WT8-GUI,83104303,HM,Overscaled Channel detected at Tag AI_TK_006
4/24/2026 12:09:26 PM,202,Warning,WT8-GUI,83104304,HM,Overscaled Channel detected at Tag AI_TK_007
4/24/2026 12:09:26 PM,202,Warning,WT8-GUI,83104305,HM,Overscaled Channel detected at Tag AI_TK_008
4/24/2026 12:09:26 PM,202,Warning,WT8-GUI,83104306,HM,Overscaled Channel detected at Tag AI_TT_000
4/24/2026 12:09:26 PM,202,Warning,WT8-GUI,83104307,HM,Overscaled Channel detected at Tag AI_TT_009
4/24/2026 12:09:26 PM,202,Warning,WT8-GUI,83104308,HM,Overscaled Channel detected at Tag AI_TT_010
4/24/2026 12:09:26 PM,202,Warning,WT8-GUI,83104309,HM,Overscaled Channel detected at Tag AI_TT_011
4/24/2026 12:09:26 PM,202,Warning,WT8-GUI,83104310,HM,Overscaled Channel detected at Tag AI_TT_012
4/24/2026 12:09:26 PM,202,Warning,WT8-GUI,83104311,HM,Overscaled Channel detected at Tag AI_TT_013
4/24/2026 12:09:26 PM,202,Warning,WT8-GUI,83104312,HM,Overscaled Channel detected at Tag AI_TT_014
4/24/2026 12:09:26 PM,202,Warning,WT8-GUI,83104313,HM,Overscaled Channel detected at Tag AI_TT_015
4/24/2026 12:09:26 PM,202,Warning,WT8-GUI,83104314,HM,Overscaled Channel detected at Tag AI_TT_016
4/24/2026 12:09:26 PM,202,Warning,WT8-GUI,83104315,HM,Overscaled Channel detected at Tag AI_TT_017
4/24/2026 12:09:26 PM,202,Warning,WT8-GUI,83104316,HM,Overscaled Channel detected at Tag AI_TT_018
4/24/2026 12:09:26 PM,202,Warning,WT8-GUI,83104317,HM,Overscaled Channel detected at Tag AI_TT_001
4/24/2026 12:09:26 PM,202,Warning,WT8-GUI,83104318,HM,Overscaled Channel detected at Tag AI_TT_019
4/24/2026 12:09:26 PM,202,Warning,WT8-GUI,83104319,HM,Overscaled Channel detected at Tag AI_TT_020
4/24/2026 12:09:26 PM,202,Warning,WT8-GUI,83104320,HM,Overscaled Channel detected at Tag AI_TT_021
4/24/2026 12:09:26 PM,202,Warning,WT8-GUI,83104321,HM,Overscaled Channel detected at Tag AI_TT_022
4/24/2026 12:09:26 PM,202,Warning,WT8-GUI,83104322,HM,Overscaled Channel detected at Tag AI_TT_023
4/24/2026 12:09:26 PM,202,Warning,WT8-GUI,83104323,HM,Overscaled Channel detected at Tag AI_TT_024
4/24/2026 12:09:26 PM,202,Warning,WT8-GUI,83104324,HM,Overscaled Channel detected at Tag AI_TT_025
4/24/2026 12:09:27 PM,202,Warning,WT8-GUI,83104325,HM,Overscaled Channel detected at Tag AI_TT_026
4/24/2026 12:09:27 PM,202,Warning,WT8-GUI,83104326,HM,Overscaled Channel detected at Tag AI_TT_027
4/24/2026 12:09:27 PM,202,Warning,WT8-GUI,83104327,HM,Overscaled Channel detected at Tag AI_TT_028
4/24/2026 12:09:27 PM,202,Warning,WT8-GUI,83104328,HM,Overscaled Channel detected at Tag AI_TT_004
4/24/2026 12:09:27 PM,202,Warning,WT8-GUI,83104329,HM,Overscaled Channel detected at Tag AI_TT_005
4/24/2026 12:09:27 PM,202,Warning,WT8-GUI,83104330,HM,Overscaled Channel detected at Tag AI_TT_006
4/24/2026 12:10:10 PM,301005,Warning,WT8-GUI,83104331,OPC,OPC Server Graybox.Simulator.1 on host localhost has not updated data in 167 minute(s).
4/24/2026 12:10:26 PM,202,Warning,WT8-GUI,83104332,HM,Overscaled Channel detected at Tag AI_Volts_Shunt_000
4/24/2026 12:10:26 PM,202,Warning,WT8-GUI,83104333,HM,Overscaled Channel detected at Tag AI_Volts_Shunt_001
4/24/2026 12:10:26 PM,202,Warning,WT8-GUI,83104334,HM,Overscaled Channel detected at Tag AI_Volts_Shunt_003
4/24/2026 12:10:26 PM,202,Warning,WT8-GUI,83104335,HM,Overscaled Channel detected at Tag AI_Volts_Shunt_004
4/24/2026 12:10:26 PM,202,Warning,WT8-GUI,83104336,HM,Overscaled Channel detected at Tag AI_TT_002
4/24/2026 12:10:26 PM,202,Warning,WT8-GUI,83104337,HM,Overscaled Channel detected at Tag AI_TT_029
4/24/2026 12:10:26 PM,202,Warning,WT8-GUI,83104338,HM,Overscaled Channel detected at Tag AI_TT_030
4/24/2026 12:10:26 PM,202,Warning,WT8-GUI,83104339,HM,Overscaled Channel detected at Tag AI_TK_026
4/24/2026 12:10:26 PM,202,Warning,WT8-GUI,83104340,HM,Overscaled Channel detected at Tag AI_TK_027
4/24/2026 12:10:26 PM,202,Warning,WT8-GUI,83104341,HM,Overscaled Channel detected at Tag AI_TK_028
4/24/2026 12:10:26 PM,202,Warning,WT8-GUI,83104342,HM,Overscaled Channel detected at Tag AI_TK_003
4/24/2026 12:10:26 PM,202,Warning,WT8-GUI,83104343,HM,Overscaled Channel detected at Tag AI_Volts_Shunt_006
4/24/2026 12:10:26 PM,202,Warning,WT8-GUI,83104344,HM,Overscaled Channel detected at Tag AI_Volts_Shunt_007
4/24/2026 12:10:26 PM,202,Warning,WT8-GUI,83104345,HM,Overscaled Channel detected at Tag AI_Volts_Shunt_008
4/24/2026 12:10:26 PM,202,Warning,WT8-GUI,83104346,HM,Overscaled Channel detected at Tag AI_Volts_Shunt_009
4/24/2026 12:10:26 PM,202,Warning,WT8-GUI,83104347,HM,Overscaled Channel detected at Tag AI_TT_003
4/24/2026 12:10:26 PM,202,Warning,WT8-GUI,83104348,HM,Overscaled Channel detected at Tag AI_TT_007
4/24/2026 12:10:26 PM,202,Warning,WT8-GUI,83104349,HM,Overscaled Channel detected at Tag AI_TT_008
4/24/2026 12:10:26 PM,202,Warning,WT8-GUI,83104350,HM,Overscaled Channel detected at Tag AI_TK_000
4/24/2026 12:10:26 PM,202,Warning,WT8-GUI,83104351,HM,Overscaled Channel detected at Tag AI_TK_009
4/24/2026 12:10:26 PM,202,Warning,WT8-GUI,83104352,HM,Overscaled Channel detected at Tag AI_TK_010
4/24/2026 12:10:26 PM,202,Warning,WT8-GUI,83104353,HM,Overscaled Channel detected at Tag AI_TK_011
4/24/2026 12:10:26 PM,202,Warning,WT8-GUI,83104354,HM,Overscaled Channel detected at Tag AI_TK_012
4/24/2026 12:10:26 PM,202,Warning,WT8-GUI,83104355,HM,Overscaled Channel detected at Tag AI_TK_013
4/24/2026 12:10:26 PM,202,Warning,WT8-GUI,83104356,HM,Overscaled Channel detected at Tag AI_TK_014
4/24/2026 12:10:26 PM,202,Warning,WT8-GUI,83104357,HM,Overscaled Channel detected at Tag AI_Volts_Shunt_010
4/24/2026 12:10:26 PM,202,Warning,WT8-GUI,83104358,HM,Overscaled Channel detected at Tag AI_Volts_Shunt_011
4/24/2026 12:10:26 PM,202,Warning,WT8-GUI,83104359,HM,Overscaled Channel detected at Tag AI_Volts_Shunt_012
4/24/2026 12:10:26 PM,202,Warning,WT8-GUI,83104360,HM,Overscaled Channel detected at Tag AI_Volts_Shunt_013
4/24/2026 12:10:26 PM,202,Warning,WT8-GUI,83104361,HM,Overscaled Channel detected at Tag AI_Volts_Shunt_014
4/24/2026 12:10:26 PM,202,Warning,WT8-GUI,83104362,HM,Overscaled Channel detected at Tag AI_Volts_Shunt_015
4/24/2026 12:10:26 PM,202,Warning,WT8-GUI,83104363,HM,Overscaled Channel detected at Tag AI_Strain_000
4/24/2026 12:10:26 PM,202,Warning,WT8-GUI,83104364,HM,Overscaled Channel detected at Tag AI_Strain_001
4/24/2026 12:10:26 PM,202,Warning,WT8-GUI,83104365,HM,Overscaled Channel detected at Tag AI_Strain_002
4/24/2026 12:10:26 PM,202,Warning,WT8-GUI,83104366,HM,Overscaled Channel detected at Tag AI_Strain_003
4/24/2026 12:10:26 PM,202,Warning,WT8-GUI,83104367,HM,Overscaled Channel detected at Tag AI_Strain_004
4/24/2026 12:10:26 PM,202,Warning,WT8-GUI,83104368,HM,Overscaled Channel detected at Tag AI_Strain_005
4/24/2026 12:10:26 PM,202,Warning,WT8-GUI,83104369,HM,Overscaled Channel detected at Tag AI_Strain_006
4/24/2026 12:10:26 PM,202,Warning,WT8-GUI,83104370,HM,Overscaled Channel detected at Tag AI_Strain_007
4/24/2026 12:10:26 PM,202,Warning,WT8-GUI,83104371,HM,Overscaled Channel detected at Tag AI_TK_015
4/24/2026 12:10:26 PM,202,Warning,WT8-GUI,83104372,HM,Overscaled Channel detected at Tag AI_TK_016
4/24/2026 12:10:26 PM,202,Warning,WT8-GUI,83104373,HM,Overscaled Channel detected at Tag AI_TK_017
4/24/2026 12:10:26 PM,202,Warning,WT8-GUI,83104374,HM,Overscaled Channel detected at Tag AI_TK_018
4/24/2026 12:10:26 PM,202,Warning,WT8-GUI,83104375,HM,Overscaled Channel detected at Tag AI_TK_001
4/24/2026 12:10:26 PM,202,Warning,WT8-GUI,83104376,HM,Overscaled Channel detected at Tag AI_TK_019
4/24/2026 12:10:26 PM,202,Warning,WT8-GUI,83104377,HM,Overscaled Channel detected at Tag AI_TK_020
4/24/2026 12:10:26 PM,202,Warning,WT8-GUI,83104378,HM,Overscaled Channel detected at Tag AI_TK_021
4/24/2026 12:10:26 PM,202,Warning,WT8-GUI,83104379,HM,Overscaled Channel detected at Tag AI_TK_022
4/24/2026 12:10:26 PM,202,Warning,WT8-GUI,83104380,HM,Overscaled Channel detected at Tag AI_TK_023
4/24/2026 12:10:26 PM,202,Warning,WT8-GUI,83104381,HM,Overscaled Channel detected at Tag AI_TK_024
4/24/2026 12:10:26 PM,202,Warning,WT8-GUI,83104382,HM,Overscaled Channel detected at Tag AI_TK_025
4/24/2026 12:10:26 PM,202,Warning,WT8-GUI,83104383,HM,Overscaled Channel detected at Tag AI_TK_002
4/24/2026 12:10:26 PM,202,Warning,WT8-GUI,83104384,HM,Overscaled Channel detected at Tag AI_TK_029
4/24/2026 12:10:26 PM,202,Warning,WT8-GUI,83104385,HM,Overscaled Channel detected at Tag AI_TK_030
4/24/2026 12:10:26 PM,202,Warning,WT8-GUI,83104386,HM,Overscaled Channel detected at Tag AI_TK_004
4/24/2026 12:10:26 PM,202,Warning,WT8-GUI,83104387,HM,Overscaled Channel detected at Tag AI_TK_005
4/24/2026 12:10:26 PM,202,Warning,WT8-GUI,83104388,HM,Overscaled Channel detected at Tag AI_TK_006
4/24/2026 12:10:26 PM,202,Warning,WT8-GUI,83104389,HM,Overscaled Channel detected at Tag AI_TK_007
4/24/2026 12:10:26 PM,202,Warning,WT8-GUI,83104390,HM,Overscaled Channel detected at Tag AI_TK_008
4/24/2026 12:10:26 PM,202,Warning,WT8-GUI,83104391,HM,Overscaled Channel detected at Tag AI_TT_000
4/24/2026 12:10:26 PM,202,Warning,WT8-GUI,83104392,HM,Overscaled Channel detected at Tag AI_TT_009
4/24/2026 12:10:26 PM,202,Warning,WT8-GUI,83104393,HM,Overscaled Channel detected at Tag AI_TT_010
4/24/2026 12:10:26 PM,202,Warning,WT8-GUI,83104394,HM,Overscaled Channel detected at Tag AI_TT_011
4/24/2026 12:10:26 PM,202,Warning,WT8-GUI,83104395,HM,Overscaled Channel detected at Tag AI_TT_012
4/24/2026 12:10:26 PM,202,Warning,WT8-GUI,83104396,HM,Overscaled Channel detected at Tag AI_TT_013
4/24/2026 12:10:26 PM,202,Warning,WT8-GUI,83104397,HM,Overscaled Channel detected at Tag AI_TT_014
4/24/2026 12:10:26 PM,202,Warning,WT8-GUI,83104398,HM,Overscaled Channel detected at Tag AI_TT_015
4/24/2026 12:10:26 PM,202,Warning,WT8-GUI,83104399,HM,Overscaled Channel detected at Tag AI_TT_016
4/24/2026 12:10:26 PM,202,Warning,WT8-GUI,83104400,HM,Overscaled Channel detected at Tag AI_TT_017
4/24/2026 12:10:26 PM,202,Warning,WT8-GUI,83104401,HM,Overscaled Channel detected at Tag AI_TT_018
4/24/2026 12:10:26 PM,202,Warning,WT8-GUI,83104402,HM,Overscaled Channel detected at Tag AI_TT_001
4/24/2026 12:10:26 PM,202,Warning,WT8-GUI,83104403,HM,Overscaled Channel detected at Tag AI_TT_019
4/24/2026 12:10:26 PM,202,Warning,WT8-GUI,83104404,HM,Overscaled Channel detected at Tag AI_TT_020
4/24/2026 12:10:26 PM,202,Warning,WT8-GUI,83104405,HM,Overscaled Channel detected at Tag AI_TT_021
4/24/2026 12:10:26 PM,202,Warning,WT8-GUI,83104406,HM,Overscaled Channel detected at Tag AI_TT_022
4/24/2026 12:10:26 PM,202,Warning,WT8-GUI,83104407,HM,Overscaled Channel detected at Tag AI_TT_023
4/24/2026 12:10:26 PM,202,Warning,WT8-GUI,83104408,HM,Overscaled Channel detected at Tag AI_TT_024
4/24/2026 12:10:27 PM,202,Warning,WT8-GUI,83104409,HM,Overscaled Channel detected at Tag AI_TT_025
4/24/2026 12:10:27 PM,202,Warning,WT8-GUI,83104410,HM,Overscaled Channel detected at Tag AI_TT_026
4/24/2026 12:10:27 PM,202,Warning,WT8-GUI,83104411,HM,Overscaled Channel detected at Tag AI_TT_027
4/24/2026 12:10:27 PM,202,Warning,WT8-GUI,83104412,HM,Overscaled Channel detected at Tag AI_TT_028
4/24/2026 12:10:27 PM,202,Warning,WT8-GUI,83104413,HM,Overscaled Channel detected at Tag AI_TT_004
4/24/2026 12:10:27 PM,202,Warning,WT8-GUI,83104414,HM,Overscaled Channel detected at Tag AI_TT_005
4/24/2026 12:10:27 PM,202,Warning,WT8-GUI,83104415,HM,Overscaled Channel detected at Tag AI_TT_006
4/24/2026 12:11:10 PM,301005,Warning,WT8-GUI,83104416,OPC,OPC Server Graybox.Simulator.1 on host localhost has not updated data in 168 minute(s).
4/24/2026 12:11:26 PM,202,Warning,WT8-GUI,83104417,HM,Overscaled Channel detected at Tag AI_Volts_Shunt_000
4/24/2026 12:11:26 PM,202,Warning,WT8-GUI,83104418,HM,Overscaled Channel detected at Tag AI_Volts_Shunt_001
4/24/2026 12:11:26 PM,202,Warning,WT8-GUI,83104419,HM,Overscaled Channel detected at Tag AI_Volts_Shunt_003
4/24/2026 12:11:26 PM,202,Warning,WT8-GUI,83104420,HM,Overscaled Channel detected at Tag AI_Volts_Shunt_004
4/24/2026 12:11:26 PM,202,Warning,WT8-GUI,83104421,HM,Overscaled Channel detected at Tag AI_TT_002
4/24/2026 12:11:26 PM,202,Warning,WT8-GUI,83104422,HM,Overscaled Channel detected at Tag AI_TT_029
4/24/2026 12:11:26 PM,202,Warning,WT8-GUI,83104423,HM,Overscaled Channel detected at Tag AI_TT_030
4/24/2026 12:11:26 PM,202,Warning,WT8-GUI,83104424,HM,Overscaled Channel detected at Tag AI_TK_026
4/24/2026 12:11:26 PM,202,Warning,WT8-GUI,83104425,HM,Overscaled Channel detected at Tag AI_TK_027
4/24/2026 12:11:26 PM,202,Warning,WT8-GUI,83104426,HM,Overscaled Channel detected at Tag AI_TK_028
4/24/2026 12:11:26 PM,202,Warning,WT8-GUI,83104427,HM,Overscaled Channel detected at Tag AI_TK_003
4/24/2026 12:11:26 PM,202,Warning,WT8-GUI,83104428,HM,Overscaled Channel detected at Tag AI_Volts_Shunt_006
4/24/2026 12:11:26 PM,202,Warning,WT8-GUI,83104429,HM,Overscaled Channel detected at Tag AI_Volts_Shunt_007
4/24/2026 12:11:26 PM,202,Warning,WT8-GUI,83104430,HM,Overscaled Channel detected at Tag AI_Volts_Shunt_008
4/24/2026 12:11:26 PM,202,Warning,WT8-GUI,83104431,HM,Overscaled Channel detected at Tag AI_Volts_Shunt_009
4/24/2026 12:11:26 PM,202,Warning,WT8-GUI,83104432,HM,Overscaled Channel detected at Tag AI_TT_003
4/24/2026 12:11:26 PM,202,Warning,WT8-GUI,83104433,HM,Overscaled Channel detected at Tag AI_TT_007
4/24/2026 12:11:26 PM,202,Warning,WT8-GUI,83104434,HM,Overscaled Channel detected at Tag AI_TT_008
4/24/2026 12:11:26 PM,202,Warning,WT8-GUI,83104435,HM,Overscaled Channel detected at Tag AI_TK_000
4/24/2026 12:11:26 PM,202,Warning,WT8-GUI,83104436,HM,Overscaled Channel detected at Tag AI_TK_009
4/24/2026 12:11:26 PM,202,Warning,WT8-GUI,83104437,HM,Overscaled Channel detected at Tag AI_TK_010
4/24/2026 12:11:26 PM,202,Warning,WT8-GUI,83104438,HM,Overscaled Channel detected at Tag AI_TK_011
4/24/2026 12:11:26 PM,202,Warning,WT8-GUI,83104439,HM,Overscaled Channel detected at Tag AI_TK_012
4/24/2026 12:11:26 PM,202,Warning,WT8-GUI,83104440,HM,Overscaled Channel detected at Tag AI_TK_013
4/24/2026 12:11:26 PM,202,Warning,WT8-GUI,83104441,HM,Overscaled Channel detected at Tag AI_TK_014
4/24/2026 12:11:26 PM,202,Warning,WT8-GUI,83104442,HM,Overscaled Channel detected at Tag AI_Volts_Shunt_010
4/24/2026 12:11:26 PM,202,Warning,WT8-GUI,83104443,HM,Overscaled Channel detected at Tag AI_Volts_Shunt_011
4/24/2026 12:11:26 PM,202,Warning,WT8-GUI,83104444,HM,Overscaled Channel detected at Tag AI_Volts_Shunt_012
4/24/2026 12:11:26 PM,202,Warning,WT8-GUI,83104445,HM,Overscaled Channel detected at Tag AI_Volts_Shunt_013
4/24/2026 12:11:26 PM,202,Warning,WT8-GUI,83104446,HM,Overscaled Channel detected at Tag AI_Volts_Shunt_014
4/24/2026 12:11:26 PM,202,Warning,WT8-GUI,83104447,HM,Overscaled Channel detected at Tag AI_Volts_Shunt_015
4/24/2026 12:11:26 PM,202,Warning,WT8-GUI,83104448,HM,Overscaled Channel detected at Tag AI_Strain_000
4/24/2026 12:11:26 PM,202,Warning,WT8-GUI,83104449,HM,Overscaled Channel detected at Tag AI_Strain_001
4/24/2026 12:11:26 PM,202,Warning,WT8-GUI,83104450,HM,Overscaled Channel detected at Tag AI_Strain_002
4/24/2026 12:11:26 PM,202,Warning,WT8-GUI,83104451,HM,Overscaled Channel detected at Tag AI_Strain_003
4/24/2026 12:11:26 PM,202,Warning,WT8-GUI,83104452,HM,Overscaled Channel detected at Tag AI_Strain_004
4/24/2026 12:11:26 PM,202,Warning,WT8-GUI,83104453,HM,Overscaled Channel detected at Tag AI_Strain_005
4/24/2026 12:11:26 PM,202,Warning,WT8-GUI,83104454,HM,Overscaled Channel detected at Tag AI_Strain_006
4/24/2026 12:11:26 PM,202,Warning,WT8-GUI,83104455,HM,Overscaled Channel detected at Tag AI_Strain_007
4/24/2026 12:11:26 PM,202,Warning,WT8-GUI,83104456,HM,Overscaled Channel detected at Tag AI_TK_015
4/24/2026 12:11:26 PM,202,Warning,WT8-GUI,83104457,HM,Overscaled Channel detected at Tag AI_TK_016
4/24/2026 12:11:26 PM,202,Warning,WT8-GUI,83104458,HM,Overscaled Channel detected at Tag AI_TK_017
4/24/2026 12:11:26 PM,202,Warning,WT8-GUI,83104459,HM,Overscaled Channel detected at Tag AI_TK_018
4/24/2026 12:11:26 PM,202,Warning,WT8-GUI,83104460,HM,Overscaled Channel detected at Tag AI_TK_001
4/24/2026 12:11:26 PM,202,Warning,WT8-GUI,83104461,HM,Overscaled Channel detected at Tag AI_TK_019
4/24/2026 12:11:26 PM,202,Warning,WT8-GUI,83104462,HM,Overscaled Channel detected at Tag AI_TK_020
4/24/2026 12:11:26 PM,202,Warning,WT8-GUI,83104463,HM,Overscaled Channel detected at Tag AI_TK_021
4/24/2026 12:11:26 PM,202,Warning,WT8-GUI,83104464,HM,Overscaled Channel detected at Tag AI_TK_022
4/24/2026 12:11:26 PM,202,Warning,WT8-GUI,83104465,HM,Overscaled Channel detected at Tag AI_TK_023
4/24/2026 12:11:26 PM,202,Warning,WT8-GUI,83104466,HM,Overscaled Channel detected at Tag AI_TK_024
4/24/2026 12:11:26 PM,202,Warning,WT8-GUI,83104467,HM,Overscaled Channel detected at Tag AI_TK_025
4/24/2026 12:11:26 PM,202,Warning,WT8-GUI,83104468,HM,Overscaled Channel detected at Tag AI_TK_002
4/24/2026 12:11:26 PM,202,Warning,WT8-GUI,83104469,HM,Overscaled Channel detected at Tag AI_TK_029
4/24/2026 12:11:26 PM,202,Warning,WT8-GUI,83104470,HM,Overscaled Channel detected at Tag AI_TK_030
4/24/2026 12:11:26 PM,202,Warning,WT8-GUI,83104471,HM,Overscaled Channel detected at Tag AI_TK_004
4/24/2026 12:11:26 PM,202,Warning,WT8-GUI,83104472,HM,Overscaled Channel detected at Tag AI_TK_005
4/24/2026 12:11:26 PM,202,Warning,WT8-GUI,83104473,HM,Overscaled Channel detected at Tag AI_TK_006
4/24/2026 12:11:26 PM,202,Warning,WT8-GUI,83104474,HM,Overscaled Channel detected at Tag AI_TK_007
4/24/2026 12:11:26 PM,202,Warning,WT8-GUI,83104475,HM,Overscaled Channel detected at Tag AI_TK_008
4/24/2026 12:11:26 PM,202,Warning,WT8-GUI,83104476,HM,Overscaled Channel detected at Tag AI_TT_000
4/24/2026 12:11:26 PM,202,Warning,WT8-GUI,83104477,HM,Overscaled Channel detected at Tag AI_TT_009
4/24/2026 12:11:26 PM,202,Warning,WT8-GUI,83104478,HM,Overscaled Channel detected at Tag AI_TT_010
4/24/2026 12:11:26 PM,202,Warning,WT8-GUI,83104479,HM,Overscaled Channel detected at Tag AI_TT_011
4/24/2026 12:11:26 PM,202,Warning,WT8-GUI,83104480,HM,Overscaled Channel detected at Tag AI_TT_012
4/24/2026 12:11:26 PM,202,Warning,WT8-GUI,83104481,HM,Overscaled Channel detected at Tag AI_TT_013
4/24/2026 12:11:26 PM,202,Warning,WT8-GUI,83104482,HM,Overscaled Channel detected at Tag AI_TT_014
4/24/2026 12:11:26 PM,202,Warning,WT8-GUI,83104483,HM,Overscaled Channel detected at Tag AI_TT_015
4/24/2026 12:11:26 PM,202,Warning,WT8-GUI,83104484,HM,Overscaled Channel detected at Tag AI_TT_016
4/24/2026 12:11:26 PM,202,Warning,WT8-GUI,83104485,HM,Overscaled Channel detected at Tag AI_TT_017
4/24/2026 12:11:26 PM,202,Warning,WT8-GUI,83104486,HM,Overscaled Channel detected at Tag AI_TT_018
4/24/2026 12:11:26 PM,202,Warning,WT8-GUI,83104487,HM,Overscaled Channel detected at Tag AI_TT_001
4/24/2026 12:11:26 PM,202,Warning,WT8-GUI,83104488,HM,Overscaled Channel detected at Tag AI_TT_019
4/24/2026 12:11:26 PM,202,Warning,WT8-GUI,83104489,HM,Overscaled Channel detected at Tag AI_TT_020
4/24/2026 12:11:26 PM,202,Warning,WT8-GUI,83104490,HM,Overscaled Channel detected at Tag AI_TT_021
4/24/2026 12:11:26 PM,202,Warning,WT8-GUI,83104491,HM,Overscaled Channel detected at Tag AI_TT_022
4/24/2026 12:11:26 PM,202,Warning,WT8-GUI,83104492,HM,Overscaled Channel detected at Tag AI_TT_023
4/24/2026 12:11:27 PM,202,Warning,WT8-GUI,83104493,HM,Overscaled Channel detected at Tag AI_TT_024
4/24/2026 12:11:27 PM,202,Warning,WT8-GUI,83104494,HM,Overscaled Channel detected at Tag AI_TT_025
4/24/2026 12:11:27 PM,202,Warning,WT8-GUI,83104495,HM,Overscaled Channel detected at Tag AI_TT_026
4/24/2026 12:11:27 PM,202,Warning,WT8-GUI,83104496,HM,Overscaled Channel detected at Tag AI_TT_027
4/24/2026 12:11:27 PM,202,Warning,WT8-GUI,83104497,HM,Overscaled Channel detected at Tag AI_TT_028
4/24/2026 12:11:27 PM,202,Warning,WT8-GUI,83104498,HM,Overscaled Channel detected at Tag AI_TT_004
4/24/2026 12:11:27 PM,202,Warning,WT8-GUI,83104499,HM,Overscaled Channel detected at Tag AI_TT_005
4/24/2026 12:11:27 PM,202,Warning,WT8-GUI,83104500,HM,Overscaled Channel detected at Tag AI_TT_006
4/24/2026 12:12:10 PM,301005,Warning,WT8-GUI,83104501,OPC,OPC Server Graybox.Simulator.1 on host localhost has not updated data in 169 minute(s).
4/24/2026 12:12:26 PM,202,Warning,WT8-GUI,83104502,HM,Overscaled Channel detected at Tag AI_Volts_Shunt_000
4/24/2026 12:12:26 PM,202,Warning,WT8-GUI,83104503,HM,Overscaled Channel detected at Tag AI_Volts_Shunt_001
4/24/2026 12:12:26 PM,202,Warning,WT8-GUI,83104504,HM,Overscaled Channel detected at Tag AI_Volts_Shunt_003
4/24/2026 12:12:26 PM,202,Warning,WT8-GUI,83104505,HM,Overscaled Channel detected at Tag AI_Volts_Shunt_004
4/24/2026 12:12:26 PM,202,Warning,WT8-GUI,83104506,HM,Overscaled Channel detected at Tag AI_TT_002
4/24/2026 12:12:26 PM,202,Warning,WT8-GUI,83104507,HM,Overscaled Channel detected at Tag AI_TT_029
4/24/2026 12:12:26 PM,202,Warning,WT8-GUI,83104508,HM,Overscaled Channel detected at Tag AI_TT_030
4/24/2026 12:12:26 PM,202,Warning,WT8-GUI,83104509,HM,Overscaled Channel detected at Tag AI_TK_026
4/24/2026 12:12:26 PM,202,Warning,WT8-GUI,83104510,HM,Overscaled Channel detected at Tag AI_TK_027
4/24/2026 12:12:26 PM,202,Warning,WT8-GUI,83104511,HM,Overscaled Channel detected at Tag AI_TK_028
4/24/2026 12:12:26 PM,202,Warning,WT8-GUI,83104512,HM,Overscaled Channel detected at Tag AI_TK_003
4/24/2026 12:12:26 PM,202,Warning,WT8-GUI,83104513,HM,Overscaled Channel detected at Tag AI_Volts_Shunt_006
4/24/2026 12:12:26 PM,202,Warning,WT8-GUI,83104514,HM,Overscaled Channel detected at Tag AI_Volts_Shunt_007
4/24/2026 12:12:26 PM,202,Warning,WT8-GUI,83104515,HM,Overscaled Channel detected at Tag AI_Volts_Shunt_008
4/24/2026 12:12:26 PM,202,Warning,WT8-GUI,83104516,HM,Overscaled Channel detected at Tag AI_Volts_Shunt_009
4/24/2026 12:12:26 PM,202,Warning,WT8-GUI,83104517,HM,Overscaled Channel detected at Tag AI_TT_003
4/24/2026 12:12:26 PM,202,Warning,WT8-GUI,83104518,HM,Overscaled Channel detected at Tag AI_TT_007
4/24/2026 12:12:26 PM,202,Warning,WT8-GUI,83104519,HM,Overscaled Channel detected at Tag AI_TT_008
4/24/2026 12:12:26 PM,202,Warning,WT8-GUI,83104520,HM,Overscaled Channel detected at Tag AI_TK_000
4/24/2026 12:12:26 PM,202,Warning,WT8-GUI,83104521,HM,Overscaled Channel detected at Tag AI_TK_009
4/24/2026 12:12:26 PM,202,Warning,WT8-GUI,83104522,HM,Overscaled Channel detected at Tag AI_TK_010
4/24/2026 12:12:26 PM,202,Warning,WT8-GUI,83104523,HM,Overscaled Channel detected at Tag AI_TK_011
4/24/2026 12:12:26 PM,202,Warning,WT8-GUI,83104524,HM,Overscaled Channel detected at Tag AI_TK_012
4/24/2026 12:12:26 PM,202,Warning,WT8-GUI,83104525,HM,Overscaled Channel detected at Tag AI_TK_013
4/24/2026 12:12:26 PM,202,Warning,WT8-GUI,83104526,HM,Overscaled Channel detected at Tag AI_TK_014
4/24/2026 12:12:26 PM,202,Warning,WT8-GUI,83104527,HM,Overscaled Channel detected at Tag AI_TK_015
4/24/2026 12:12:26 PM,202,Warning,WT8-GUI,83104528,HM,Overscaled Channel detected at Tag AI_TK_016
4/24/2026 12:12:26 PM,202,Warning,WT8-GUI,83104529,HM,Overscaled Channel detected at Tag AI_TK_017
4/24/2026 12:12:26 PM,202,Warning,WT8-GUI,83104530,HM,Overscaled Channel detected at Tag AI_TK_018
4/24/2026 12:12:26 PM,202,Warning,WT8-GUI,83104531,HM,Overscaled Channel detected at Tag AI_TK_001
4/24/2026 12:12:26 PM,202,Warning,WT8-GUI,83104532,HM,Overscaled Channel detected at Tag AI_TK_019
4/24/2026 12:12:26 PM,202,Warning,WT8-GUI,83104533,HM,Overscaled Channel detected at Tag AI_TK_020
4/24/2026 12:12:26 PM,202,Warning,WT8-GUI,83104534,HM,Overscaled Channel detected at Tag AI_TK_021
4/24/2026 12:12:26 PM,202,Warning,WT8-GUI,83104535,HM,Overscaled Channel detected at Tag AI_TK_022
4/24/2026 12:12:26 PM,202,Warning,WT8-GUI,83104536,HM,Overscaled Channel detected at Tag AI_TK_023
4/24/2026 12:12:26 PM,202,Warning,WT8-GUI,83104537,HM,Overscaled Channel detected at Tag AI_TK_024
4/24/2026 12:12:26 PM,202,Warning,WT8-GUI,83104538,HM,Overscaled Channel detected at Tag AI_TK_025
4/24/2026 12:12:26 PM,202,Warning,WT8-GUI,83104539,HM,Overscaled Channel detected at Tag AI_TK_002
4/24/2026 12:12:26 PM,202,Warning,WT8-GUI,83104540,HM,Overscaled Channel detected at Tag AI_TK_029
4/24/2026 12:12:26 PM,202,Warning,WT8-GUI,83104541,HM,Overscaled Channel detected at Tag AI_TK_030
4/24/2026 12:12:26 PM,202,Warning,WT8-GUI,83104542,HM,Overscaled Channel detected at Tag AI_TK_004
4/24/2026 12:12:26 PM,202,Warning,WT8-GUI,83104543,HM,Overscaled Channel detected at Tag AI_TK_005
4/24/2026 12:12:26 PM,202,Warning,WT8-GUI,83104544,HM,Overscaled Channel detected at Tag AI_TK_006
4/24/2026 12:12:26 PM,202,Warning,WT8-GUI,83104545,HM,Overscaled Channel detected at Tag AI_TK_007
4/24/2026 12:12:26 PM,202,Warning,WT8-GUI,83104546,HM,Overscaled Channel detected at Tag AI_TK_008
4/24/2026 12:12:26 PM,202,Warning,WT8-GUI,83104547,HM,Overscaled Channel detected at Tag AI_Volts_Shunt_010
4/24/2026 12:12:26 PM,202,Warning,WT8-GUI,83104548,HM,Overscaled Channel detected at Tag AI_Volts_Shunt_011
4/24/2026 12:12:26 PM,202,Warning,WT8-GUI,83104549,HM,Overscaled Channel detected at Tag AI_Volts_Shunt_012
4/24/2026 12:12:26 PM,202,Warning,WT8-GUI,83104550,HM,Overscaled Channel detected at Tag AI_Volts_Shunt_013
4/24/2026 12:12:26 PM,202,Warning,WT8-GUI,83104551,HM,Overscaled Channel detected at Tag AI_Volts_Shunt_014
4/24/2026 12:12:26 PM,202,Warning,WT8-GUI,83104552,HM,Overscaled Channel detected at Tag AI_Volts_Shunt_015
4/24/2026 12:12:26 PM,202,Warning,WT8-GUI,83104553,HM,Overscaled Channel detected at Tag AI_Strain_000
4/24/2026 12:12:26 PM,202,Warning,WT8-GUI,83104554,HM,Overscaled Channel detected at Tag AI_Strain_001
4/24/2026 12:12:26 PM,202,Warning,WT8-GUI,83104555,HM,Overscaled Channel detected at Tag AI_Strain_002
4/24/2026 12:12:26 PM,202,Warning,WT8-GUI,83104556,HM,Overscaled Channel detected at Tag AI_Strain_003
4/24/2026 12:12:26 PM,202,Warning,WT8-GUI,83104557,HM,Overscaled Channel detected at Tag AI_Strain_004
4/24/2026 12:12:26 PM,202,Warning,WT8-GUI,83104558,HM,Overscaled Channel detected at Tag AI_Strain_005
4/24/2026 12:12:26 PM,202,Warning,WT8-GUI,83104559,HM,Overscaled Channel detected at Tag AI_Strain_006
4/24/2026 12:12:26 PM,202,Warning,WT8-GUI,83104560,HM,Overscaled Channel detected at Tag AI_Strain_007
4/24/2026 12:12:26 PM,202,Warning,WT8-GUI,83104561,HM,Overscaled Channel detected at Tag AI_TT_000
4/24/2026 12:12:26 PM,202,Warning,WT8-GUI,83104562,HM,Overscaled Channel detected at Tag AI_TT_009
4/24/2026 12:12:27 PM,202,Warning,WT8-GUI,83104563,HM,Overscaled Channel detected at Tag AI_TT_010
4/24/2026 12:12:27 PM,202,Warning,WT8-GUI,83104564,HM,Overscaled Channel detected at Tag AI_TT_011
4/24/2026 12:12:27 PM,202,Warning,WT8-GUI,83104565,HM,Overscaled Channel detected at Tag AI_TT_012
4/24/2026 12:12:27 PM,202,Warning,WT8-GUI,83104566,HM,Overscaled Channel detected at Tag AI_TT_013
4/24/2026 12:12:27 PM,202,Warning,WT8-GUI,83104567,HM,Overscaled Channel detected at Tag AI_TT_014
4/24/2026 12:12:27 PM,202,Warning,WT8-GUI,83104568,HM,Overscaled Channel detected at Tag AI_TT_015
4/24/2026 12:12:27 PM,202,Warning,WT8-GUI,83104569,HM,Overscaled Channel detected at Tag AI_TT_016
4/24/2026 12:12:27 PM,202,Warning,WT8-GUI,83104570,HM,Overscaled Channel detected at Tag AI_TT_017
4/24/2026 12:12:27 PM,202,Warning,WT8-GUI,83104571,HM,Overscaled Channel detected at Tag AI_TT_018
4/24/2026 12:12:27 PM,202,Warning,WT8-GUI,83104572,HM,Overscaled Channel detected at Tag AI_TT_001
4/24/2026 12:12:27 PM,202,Warning,WT8-GUI,83104573,HM,Overscaled Channel detected at Tag AI_TT_019
4/24/2026 12:12:27 PM,202,Warning,WT8-GUI,83104574,HM,Overscaled Channel detected at Tag AI_TT_020
4/24/2026 12:12:27 PM,202,Warning,WT8-GUI,83104575,HM,Overscaled Channel detected at Tag AI_TT_021
4/24/2026 12:12:27 PM,202,Warning,WT8-GUI,83104576,HM,Overscaled Channel detected at Tag AI_TT_022
4/24/2026 12:12:27 PM,202,Warning,WT8-GUI,83104577,HM,Overscaled Channel detected at Tag AI_TT_023
4/24/2026 12:12:27 PM,202,Warning,WT8-GUI,83104578,HM,Overscaled Channel detected at Tag AI_TT_024
4/24/2026 12:12:27 PM,202,Warning,WT8-GUI,83104579,HM,Overscaled Channel detected at Tag AI_TT_025
4/24/2026 12:12:27 PM,202,Warning,WT8-GUI,83104580,HM,Overscaled Channel detected at Tag AI_TT_026
4/24/2026 12:12:27 PM,202,Warning,WT8-GUI,83104581,HM,Overscaled Channel detected at Tag AI_TT_027
4/24/2026 12:12:27 PM,202,Warning,WT8-GUI,83104582,HM,Overscaled Channel detected at Tag AI_TT_028
4/24/2026 12:12:27 PM,202,Warning,WT8-GUI,83104583,HM,Overscaled Channel detected at Tag AI_TT_004
4/24/2026 12:12:27 PM,202,Warning,WT8-GUI,83104584,HM,Overscaled Channel detected at Tag AI_TT_005
4/24/2026 12:12:27 PM,202,Warning,WT8-GUI,83104585,HM,Overscaled Channel detected at Tag AI_TT_006
4/24/2026 12:13:10 PM,301005,Warning,WT8-GUI,83104586,OPC,OPC Server Graybox.Simulator.1 on host localhost has not updated data in 170 minute(s).
4/24/2026 12:13:26 PM,202,Warning,WT8-GUI,83104587,HM,Overscaled Channel detected at Tag AI_Volts_Shunt_000
4/24/2026 12:13:26 PM,202,Warning,WT8-GUI,83104588,HM,Overscaled Channel detected at Tag AI_Volts_Shunt_001
4/24/2026 12:13:26 PM,202,Warning,WT8-GUI,83104589,HM,Overscaled Channel detected at Tag AI_Volts_Shunt_003
4/24/2026 12:13:26 PM,202,Warning,WT8-GUI,83104590,HM,Overscaled Channel detected at Tag AI_Volts_Shunt_004
4/24/2026 12:13:26 PM,202,Warning,WT8-GUI,83104591,HM,Overscaled Channel detected at Tag AI_TT_002
4/24/2026 12:13:26 PM,202,Warning,WT8-GUI,83104592,HM,Overscaled Channel detected at Tag AI_TT_029
4/24/2026 12:13:26 PM,202,Warning,WT8-GUI,83104593,HM,Overscaled Channel detected at Tag AI_TT_030
4/24/2026 12:13:26 PM,202,Warning,WT8-GUI,83104594,HM,Overscaled Channel detected at Tag AI_TT_003
4/24/2026 12:13:26 PM,202,Warning,WT8-GUI,83104595,HM,Overscaled Channel detected at Tag AI_TT_007
4/24/2026 12:13:26 PM,202,Warning,WT8-GUI,83104596,HM,Overscaled Channel detected at Tag AI_TT_008
4/24/2026 12:13:26 PM,202,Warning,WT8-GUI,83104597,HM,Overscaled Channel detected at Tag AI_TK_026
4/24/2026 12:13:26 PM,202,Warning,WT8-GUI,83104598,HM,Overscaled Channel detected at Tag AI_TK_027
4/24/2026 12:13:26 PM,202,Warning,WT8-GUI,83104599,HM,Overscaled Channel detected at Tag AI_TK_028
4/24/2026 12:13:26 PM,202,Warning,WT8-GUI,83104600,HM,Overscaled Channel detected at Tag AI_TK_003
4/24/2026 12:13:26 PM,202,Warning,WT8-GUI,83104601,HM,Overscaled Channel detected at Tag AI_Volts_Shunt_006
4/24/2026 12:13:26 PM,202,Warning,WT8-GUI,83104602,HM,Overscaled Channel detected at Tag AI_Volts_Shunt_007
4/24/2026 12:13:26 PM,202,Warning,WT8-GUI,83104603,HM,Overscaled Channel detected at Tag AI_Volts_Shunt_008
4/24/2026 12:13:26 PM,202,Warning,WT8-GUI,83104604,HM,Overscaled Channel detected at Tag AI_Volts_Shunt_009
4/24/2026 12:13:26 PM,202,Warning,WT8-GUI,83104605,HM,Overscaled Channel detected at Tag AI_TK_000
4/24/2026 12:13:26 PM,202,Warning,WT8-GUI,83104606,HM,Overscaled Channel detected at Tag AI_TK_009
4/24/2026 12:13:26 PM,202,Warning,WT8-GUI,83104607,HM,Overscaled Channel detected at Tag AI_TK_010
4/24/2026 12:13:26 PM,202,Warning,WT8-GUI,83104608,HM,Overscaled Channel detected at Tag AI_TK_011
4/24/2026 12:13:26 PM,202,Warning,WT8-GUI,83104609,HM,Overscaled Channel detected at Tag AI_TK_012
4/24/2026 12:13:26 PM,202,Warning,WT8-GUI,83104610,HM,Overscaled Channel detected at Tag AI_TK_013
4/24/2026 12:13:26 PM,202,Warning,WT8-GUI,83104611,HM,Overscaled Channel detected at Tag AI_TK_014
4/24/2026 12:13:26 PM,202,Warning,WT8-GUI,83104612,HM,Overscaled Channel detected at Tag AI_TK_015
4/24/2026 12:13:26 PM,202,Warning,WT8-GUI,83104613,HM,Overscaled Channel detected at Tag AI_TK_016
4/24/2026 12:13:26 PM,202,Warning,WT8-GUI,83104614,HM,Overscaled Channel detected at Tag AI_TK_017
4/24/2026 12:13:26 PM,202,Warning,WT8-GUI,83104615,HM,Overscaled Channel detected at Tag AI_TK_018
4/24/2026 12:13:26 PM,202,Warning,WT8-GUI,83104616,HM,Overscaled Channel detected at Tag AI_TK_001
4/24/2026 12:13:26 PM,202,Warning,WT8-GUI,83104617,HM,Overscaled Channel detected at Tag AI_TK_019
4/24/2026 12:13:26 PM,202,Warning,WT8-GUI,83104618,HM,Overscaled Channel detected at Tag AI_TK_020
4/24/2026 12:13:26 PM,202,Warning,WT8-GUI,83104619,HM,Overscaled Channel detected at Tag AI_TK_021
4/24/2026 12:13:27 PM,202,Warning,WT8-GUI,83104620,HM,Overscaled Channel detected at Tag AI_TK_022
4/24/2026 12:13:27 PM,202,Warning,WT8-GUI,83104621,HM,Overscaled Channel detected at Tag AI_TK_023
4/24/2026 12:13:27 PM,202,Warning,WT8-GUI,83104622,HM,Overscaled Channel detected at Tag AI_TK_024
4/24/2026 12:13:27 PM,202,Warning,WT8-GUI,83104623,HM,Overscaled Channel detected at Tag AI_TK_025
4/24/2026 12:13:27 PM,202,Warning,WT8-GUI,83104624,HM,Overscaled Channel detected at Tag AI_TK_002
4/24/2026 12:13:27 PM,202,Warning,WT8-GUI,83104625,HM,Overscaled Channel detected at Tag AI_TK_029
4/24/2026 12:13:27 PM,202,Warning,WT8-GUI,83104626,HM,Overscaled Channel detected at Tag AI_TK_030
4/24/2026 12:13:27 PM,202,Warning,WT8-GUI,83104627,HM,Overscaled Channel detected at Tag AI_TK_004
4/24/2026 12:13:27 PM,202,Warning,WT8-GUI,83104628,HM,Overscaled Channel detected at Tag AI_TK_005
4/24/2026 12:13:27 PM,202,Warning,WT8-GUI,83104629,HM,Overscaled Channel detected at Tag AI_TK_006
4/24/2026 12:13:27 PM,202,Warning,WT8-GUI,83104630,HM,Overscaled Channel detected at Tag AI_TK_007
4/24/2026 12:13:27 PM,202,Warning,WT8-GUI,83104631,HM,Overscaled Channel detected at Tag AI_TK_008
4/24/2026 12:13:27 PM,202,Warning,WT8-GUI,83104632,HM,Overscaled Channel detected at Tag AI_Volts_Shunt_010
4/24/2026 12:13:27 PM,202,Warning,WT8-GUI,83104633,HM,Overscaled Channel detected at Tag AI_Volts_Shunt_011
4/24/2026 12:13:27 PM,202,Warning,WT8-GUI,83104634,HM,Overscaled Channel detected at Tag AI_Volts_Shunt_012
4/24/2026 12:13:27 PM,202,Warning,WT8-GUI,83104635,HM,Overscaled Channel detected at Tag AI_Volts_Shunt_013
4/24/2026 12:13:27 PM,202,Warning,WT8-GUI,83104636,HM,Overscaled Channel detected at Tag AI_Volts_Shunt_014
4/24/2026 12:13:27 PM,202,Warning,WT8-GUI,83104637,HM,Overscaled Channel detected at Tag AI_Volts_Shunt_015
4/24/2026 12:13:27 PM,202,Warning,WT8-GUI,83104638,HM,Overscaled Channel detected at Tag AI_Strain_000
4/24/2026 12:13:27 PM,202,Warning,WT8-GUI,83104639,HM,Overscaled Channel detected at Tag AI_Strain_001
4/24/2026 12:13:27 PM,202,Warning,WT8-GUI,83104640,HM,Overscaled Channel detected at Tag AI_Strain_002
4/24/2026 12:13:27 PM,202,Warning,WT8-GUI,83104641,HM,Overscaled Channel detected at Tag AI_Strain_003
4/24/2026 12:13:27 PM,202,Warning,WT8-GUI,83104642,HM,Overscaled Channel detected at Tag AI_Strain_004
4/24/2026 12:13:27 PM,202,Warning,WT8-GUI,83104643,HM,Overscaled Channel detected at Tag AI_Strain_005
4/24/2026 12:13:27 PM,202,Warning,WT8-GUI,83104644,HM,Overscaled Channel detected at Tag AI_Strain_006
4/24/2026 12:13:27 PM,202,Warning,WT8-GUI,83104645,HM,Overscaled Channel detected at Tag AI_Strain_007
4/24/2026 12:13:27 PM,202,Warning,WT8-GUI,83104646,HM,Overscaled Channel detected at Tag AI_TT_000
4/24/2026 12:13:27 PM,202,Warning,WT8-GUI,83104647,HM,Overscaled Channel detected at Tag AI_TT_009
4/24/2026 12:13:27 PM,202,Warning,WT8-GUI,83104648,HM,Overscaled Channel detected at Tag AI_TT_010
4/24/2026 12:13:27 PM,202,Warning,WT8-GUI,83104649,HM,Overscaled Channel detected at Tag AI_TT_011
4/24/2026 12:13:27 PM,202,Warning,WT8-GUI,83104650,HM,Overscaled Channel detected at Tag AI_TT_012
4/24/2026 12:13:27 PM,202,Warning,WT8-GUI,83104651,HM,Overscaled Channel detected at Tag AI_TT_013
4/24/2026 12:13:27 PM,202,Warning,WT8-GUI,83104652,HM,Overscaled Channel detected at Tag AI_TT_014
4/24/2026 12:13:27 PM,202,Warning,WT8-GUI,83104653,HM,Overscaled Channel detected at Tag AI_TT_015
4/24/2026 12:13:27 PM,202,Warning,WT8-GUI,83104654,HM,Overscaled Channel detected at Tag AI_TT_016
4/24/2026 12:13:27 PM,202,Warning,WT8-GUI,83104655,HM,Overscaled Channel detected at Tag AI_TT_017
4/24/2026 12:13:27 PM,202,Warning,WT8-GUI,83104656,HM,Overscaled Channel detected at Tag AI_TT_018
4/24/2026 12:13:27 PM,202,Warning,WT8-GUI,83104657,HM,Overscaled Channel detected at Tag AI_TT_001
4/24/2026 12:13:27 PM,202,Warning,WT8-GUI,83104658,HM,Overscaled Channel detected at Tag AI_TT_019
4/24/2026 12:13:27 PM,202,Warning,WT8-GUI,83104659,HM,Overscaled Channel detected at Tag AI_TT_020
4/24/2026 12:13:27 PM,202,Warning,WT8-GUI,83104660,HM,Overscaled Channel detected at Tag AI_TT_021
4/24/2026 12:13:27 PM,202,Warning,WT8-GUI,83104661,HM,Overscaled Channel detected at Tag AI_TT_022
4/24/2026 12:13:27 PM,202,Warning,WT8-GUI,83104662,HM,Overscaled Channel detected at Tag AI_TT_023
4/24/2026 12:13:27 PM,202,Warning,WT8-GUI,83104663,HM,Overscaled Channel detected at Tag AI_TT_024
4/24/2026 12:13:27 PM,202,Warning,WT8-GUI,83104664,HM,Overscaled Channel detected at Tag AI_TT_025
4/24/2026 12:13:27 PM,202,Warning,WT8-GUI,83104665,HM,Overscaled Channel detected at Tag AI_TT_026
4/24/2026 12:13:27 PM,202,Warning,WT8-GUI,83104666,HM,Overscaled Channel detected at Tag AI_TT_027
4/24/2026 12:13:27 PM,202,Warning,WT8-GUI,83104667,HM,Overscaled Channel detected at Tag AI_TT_028
4/24/2026 12:13:27 PM,202,Warning,WT8-GUI,83104668,HM,Overscaled Channel detected at Tag AI_TT_004
4/24/2026 12:13:27 PM,202,Warning,WT8-GUI,83104669,HM,Overscaled Channel detected at Tag AI_TT_005
4/24/2026 12:13:27 PM,202,Warning,WT8-GUI,83104670,HM,Overscaled Channel detected at Tag AI_TT_006
4/24/2026 12:14:10 PM,301005,Warning,WT8-GUI,83104671,OPC,OPC Server Graybox.Simulator.1 on host localhost has not updated data in 171 minute(s).
4/24/2026 12:14:22 PM,3,Info,WT8-GUI,83104672,DATASTORE,DATASTORE Reload Database Settings Complete
4/24/2026 12:14:22 PM,1,Info,WT8-GUI,83104673,DATASTORE,DATASTORE Started/Initialized
4/24/2026 12:14:22 PM,0,Info,WT8-GUI,83104674,DATASTORE,Created data file C:\Data\_Facility\DE9956_Ohio State University FSAE_aero_3_240426_092310\LOG.dat
4/24/2026 12:14:22 PM,4,Info,WT8-GUI,83104675,DATASTORE,Log Storage ready to store data. Initialization  Complete
4/24/2026 12:14:22 PM,97,Info,WT8-GUI,83104676,DATASTORE,"Log (Record 1) data storage initiated:  Duration Continuous, Samples to Average 60, Rate 1 min 0.00 secs ."
4/24/2026 12:14:22 PM,0,Info,WT8-GUI,83104677,DATASTORE,Created data file C:\Data\_Facility\DE9956_Ohio State University FSAE_aero_3_240426_092310\D2.dat
4/24/2026 12:14:22 PM,4,Info,WT8-GUI,83104678,DATASTORE,Group 2 ready to store data. Initialization  Complete
4/24/2026 12:14:22 PM,0,Debug,WT8-GUI,83104679,Custom Init,"NEW DATA FOLDER: C:\Data\_Facility\DE9956_Ohio State University FSAE_aero_3_240426_092310
Use Custom Init: 0
Custom Init: C:\Data\CustomInit\Custom_Init_Template.xls"
4/24/2026 12:14:22 PM,0,Info,WT8-GUI,83104680,DATASTORE,Created data file C:\Data\_Facility\DE9956_Ohio State University FSAE_aero_3_240426_092310\D1.dat
4/24/2026 12:14:22 PM,4,Info,WT8-GUI,83104681,DATASTORE,Burst ready to store data. Initialization  Complete
4/24/2026 12:14:22 PM,4,Info,WT8-GUI,83104682,DATASTORE,Group 1 ready to store data. Initialization  Complete
4/24/2026 12:14:22 PM,0,Debug,WT8-GUI,83104683,Custom Init,"NEW DATA FOLDER: C:\Data\_Facility\DE9956_Ohio State University FSAE_aero_3_240426_092310
Use Custom Init: 0
Custom Init: C:\Data\CustomInit\Custom_Init_Template.xls"
4/24/2026 12:14:25 PM,2,Info,WT8-GUI,83104684,ADTMGR,ADTMGR entering Idle mode
4/24/2026 12:14:25 PM,0,Debug,WT8-GUI,83104685,"Spawn VI.vi/Ford.TestSLATE.ADTMgr.lvlib:STOPPED FUNCTION.vi/Ford.TestSLATE.ADTMgr.lvlib:Performance Functions.vi
",C:\Program Files\Jacobs\Test SLATE\Ford.TestSLATE.ConvSelectCriteria.llb\Select Convergence Criteria.vi
4/24/2026 12:14:26 PM,4,Info,WT8-GUI,83104686,,Autoconvert of C:\Data\_Facility\DE9956_Ohio State University FSAE_aero_2_240426_092310\Log.dat complete.
4/24/2026 12:14:26 PM,202,Warning,WT8-GUI,83104687,HM,Overscaled Channel detected at Tag AI_Volts_Shunt_000
4/24/2026 12:14:26 PM,202,Warning,WT8-GUI,83104688,HM,Overscaled Channel detected at Tag AI_Volts_Shunt_001
4/24/2026 12:14:26 PM,202,Warning,WT8-GUI,83104689,HM,Overscaled Channel detected at Tag AI_Volts_Shunt_003
4/24/2026 12:14:26 PM,202,Warning,WT8-GUI,83104690,HM,Overscaled Channel detected at Tag AI_Volts_Shunt_004
4/24/2026 12:14:26 PM,202,Warning,WT8-GUI,83104691,HM,Overscaled Channel detected at Tag AI_TT_002
4/24/2026 12:14:26 PM,202,Warning,WT8-GUI,83104692,HM,Overscaled Channel detected at Tag AI_TT_029
4/24/2026 12:14:26 PM,202,Warning,WT8-GUI,83104693,HM,Overscaled Channel detected at Tag AI_TT_030
4/24/2026 12:14:26 PM,202,Warning,WT8-GUI,83104694,HM,Overscaled Channel detected at Tag AI_TT_003
4/24/2026 12:14:26 PM,202,Warning,WT8-GUI,83104695,HM,Overscaled Channel detected at Tag AI_TT_007
4/24/2026 12:14:26 PM,202,Warning,WT8-GUI,83104696,HM,Overscaled Channel detected at Tag AI_TT_008
4/24/2026 12:14:26 PM,202,Warning,WT8-GUI,83104697,HM,Overscaled Channel detected at Tag AI_TK_026
4/24/2026 12:14:26 PM,202,Warning,WT8-GUI,83104698,HM,Overscaled Channel detected at Tag AI_TK_027
4/24/2026 12:14:26 PM,202,Warning,WT8-GUI,83104699,HM,Overscaled Channel detected at Tag AI_TK_028
4/24/2026 12:14:26 PM,202,Warning,WT8-GUI,83104700,HM,Overscaled Channel detected at Tag AI_TK_003
4/24/2026 12:14:26 PM,202,Warning,WT8-GUI,83104701,HM,Overscaled Channel detected at Tag AI_Volts_Shunt_006
4/24/2026 12:14:26 PM,202,Warning,WT8-GUI,83104702,HM,Overscaled Channel detected at Tag AI_Volts_Shunt_007
4/24/2026 12:14:26 PM,202,Warning,WT8-GUI,83104703,HM,Overscaled Channel detected at Tag AI_Volts_Shunt_008
4/24/2026 12:14:26 PM,202,Warning,WT8-GUI,83104704,HM,Overscaled Channel detected at Tag AI_Volts_Shunt_009
4/24/2026 12:14:26 PM,202,Warning,WT8-GUI,83104705,HM,Overscaled Channel detected at Tag AI_TK_000
4/24/2026 12:14:26 PM,202,Warning,WT8-GUI,83104706,HM,Overscaled Channel detected at Tag AI_TK_009
4/24/2026 12:14:26 PM,202,Warning,WT8-GUI,83104707,HM,Overscaled Channel detected at Tag AI_TK_010
4/24/2026 12:14:26 PM,202,Warning,WT8-GUI,83104708,HM,Overscaled Channel detected at Tag AI_TK_011
4/24/2026 12:14:26 PM,202,Warning,WT8-GUI,83104709,HM,Overscaled Channel detected at Tag AI_TK_012
4/24/2026 12:14:26 PM,202,Warning,WT8-GUI,83104710,HM,Overscaled Channel detected at Tag AI_TK_013
4/24/2026 12:14:26 PM,202,Warning,WT8-GUI,83104711,HM,Overscaled Channel detected at Tag AI_TK_014
4/24/2026 12:14:26 PM,202,Warning,WT8-GUI,83104712,HM,Overscaled Channel detected at Tag AI_TK_015
4/24/2026 12:14:26 PM,202,Warning,WT8-GUI,83104713,HM,Overscaled Channel detected at Tag AI_TK_016
4/24/2026 12:14:26 PM,202,Warning,WT8-GUI,83104714,HM,Overscaled Channel detected at Tag AI_TK_017
4/24/2026 12:14:26 PM,202,Warning,WT8-GUI,83104715,HM,Overscaled Channel detected at Tag AI_TK_018
4/24/2026 12:14:26 PM,202,Warning,WT8-GUI,83104716,HM,Overscaled Channel detected at Tag AI_TK_001
4/24/2026 12:14:26 PM,202,Warning,WT8-GUI,83104717,HM,Overscaled Channel detected at Tag AI_TK_019
4/24/2026 12:14:26 PM,202,Warning,WT8-GUI,83104718,HM,Overscaled Channel detected at Tag AI_TK_020
4/24/2026 12:14:27 PM,202,Warning,WT8-GUI,83104719,HM,Overscaled Channel detected at Tag AI_TK_021
4/24/2026 12:14:27 PM,202,Warning,WT8-GUI,83104720,HM,Overscaled Channel detected at Tag AI_TK_022
4/24/2026 12:14:27 PM,202,Warning,WT8-GUI,83104721,HM,Overscaled Channel detected at Tag AI_TK_023
4/24/2026 12:14:27 PM,202,Warning,WT8-GUI,83104722,HM,Overscaled Channel detected at Tag AI_TK_024
4/24/2026 12:14:27 PM,202,Warning,WT8-GUI,83104723,HM,Overscaled Channel detected at Tag AI_TK_025
4/24/2026 12:14:27 PM,202,Warning,WT8-GUI,83104724,HM,Overscaled Channel detected at Tag AI_TK_002
4/24/2026 12:14:27 PM,202,Warning,WT8-GUI,83104725,HM,Overscaled Channel detected at Tag AI_TK_029
4/24/2026 12:14:27 PM,202,Warning,WT8-GUI,83104726,HM,Overscaled Channel detected at Tag AI_TK_030
4/24/2026 12:14:27 PM,202,Warning,WT8-GUI,83104727,HM,Overscaled Channel detected at Tag AI_TK_004
4/24/2026 12:14:27 PM,202,Warning,WT8-GUI,83104728,HM,Overscaled Channel detected at Tag AI_TK_005
4/24/2026 12:14:27 PM,202,Warning,WT8-GUI,83104729,HM,Overscaled Channel detected at Tag AI_TK_006
4/24/2026 12:14:27 PM,202,Warning,WT8-GUI,83104730,HM,Overscaled Channel detected at Tag AI_TK_007
4/24/2026 12:14:27 PM,202,Warning,WT8-GUI,83104731,HM,Overscaled Channel detected at Tag AI_TK_008
4/24/2026 12:14:27 PM,202,Warning,WT8-GUI,83104732,HM,Overscaled Channel detected at Tag AI_Volts_Shunt_010
4/24/2026 12:14:27 PM,202,Warning,WT8-GUI,83104733,HM,Overscaled Channel detected at Tag AI_Volts_Shunt_011
4/24/2026 12:14:27 PM,202,Warning,WT8-GUI,83104734,HM,Overscaled Channel detected at Tag AI_Volts_Shunt_012
4/24/2026 12:14:27 PM,202,Warning,WT8-GUI,83104735,HM,Overscaled Channel detected at Tag AI_Volts_Shunt_013
4/24/2026 12:14:27 PM,202,Warning,WT8-GUI,83104736,HM,Overscaled Channel detected at Tag AI_Volts_Shunt_014
4/24/2026 12:14:27 PM,202,Warning,WT8-GUI,83104737,HM,Overscaled Channel detected at Tag AI_Volts_Shunt_015
4/24/2026 12:14:27 PM,202,Warning,WT8-GUI,83104738,HM,Overscaled Channel detected at Tag AI_Strain_000
4/24/2026 12:14:27 PM,202,Warning,WT8-GUI,83104739,HM,Overscaled Channel detected at Tag AI_Strain_001
4/24/2026 12:14:27 PM,202,Warning,WT8-GUI,83104740,HM,Overscaled Channel detected at Tag AI_Strain_002
4/24/2026 12:14:27 PM,202,Warning,WT8-GUI,83104741,HM,Overscaled Channel detected at Tag AI_Strain_003
4/24/2026 12:14:27 PM,202,Warning,WT8-GUI,83104742,HM,Overscaled Channel detected at Tag AI_Strain_004
4/24/2026 12:14:27 PM,202,Warning,WT8-GUI,83104743,HM,Overscaled Channel detected at Tag AI_Strain_005
4/24/2026 12:14:27 PM,202,Warning,WT8-GUI,83104744,HM,Overscaled Channel detected at Tag AI_Strain_006
4/24/2026 12:14:27 PM,202,Warning,WT8-GUI,83104745,HM,Overscaled Channel detected at Tag AI_Strain_007
4/24/2026 12:14:27 PM,202,Warning,WT8-GUI,83104746,HM,Overscaled Channel detected at Tag AI_TT_000
4/24/2026 12:14:27 PM,202,Warning,WT8-GUI,83104747,HM,Overscaled Channel detected at Tag AI_TT_009
4/24/2026 12:14:27 PM,202,Warning,WT8-GUI,83104748,HM,Overscaled Channel detected at Tag AI_TT_010
4/24/2026 12:14:27 PM,202,Warning,WT8-GUI,83104749,HM,Overscaled Channel detected at Tag AI_TT_011
4/24/2026 12:14:27 PM,202,Warning,WT8-GUI,83104750,HM,Overscaled Channel detected at Tag AI_TT_012
4/24/2026 12:14:27 PM,202,Warning,WT8-GUI,83104751,HM,Overscaled Channel detected at Tag AI_TT_013
4/24/2026 12:14:27 PM,202,Warning,WT8-GUI,83104752,HM,Overscaled Channel detected at Tag AI_TT_014
4/24/2026 12:14:27 PM,202,Warning,WT8-GUI,83104753,HM,Overscaled Channel detected at Tag AI_TT_015
4/24/2026 12:14:27 PM,202,Warning,WT8-GUI,83104754,HM,Overscaled Channel detected at Tag AI_TT_016
4/24/2026 12:14:27 PM,202,Warning,WT8-GUI,83104755,HM,Overscaled Channel detected at Tag AI_TT_017
4/24/2026 12:14:27 PM,202,Warning,WT8-GUI,83104756,HM,Overscaled Channel detected at Tag AI_TT_018
4/24/2026 12:14:27 PM,202,Warning,WT8-GUI,83104757,HM,Overscaled Channel detected at Tag AI_TT_001
4/24/2026 12:14:27 PM,202,Warning,WT8-GUI,83104758,HM,Overscaled Channel detected at Tag AI_TT_019
4/24/2026 12:14:27 PM,202,Warning,WT8-GUI,83104759,HM,Overscaled Channel detected at Tag AI_TT_020
4/24/2026 12:14:27 PM,202,Warning,WT8-GUI,83104760,HM,Overscaled Channel detected at Tag AI_TT_021
4/24/2026 12:14:27 PM,202,Warning,WT8-GUI,83104761,HM,Overscaled Channel detected at Tag AI_TT_022
4/24/2026 12:14:27 PM,202,Warning,WT8-GUI,83104762,HM,Overscaled Channel detected at Tag AI_TT_023
4/24/2026 12:14:27 PM,202,Warning,WT8-GUI,83104763,HM,Overscaled Channel detected at Tag AI_TT_024
4/24/2026 12:14:27 PM,202,Warning,WT8-GUI,83104764,HM,Overscaled Channel detected at Tag AI_TT_025
4/24/2026 12:14:27 PM,202,Warning,WT8-GUI,83104765,HM,Overscaled Channel detected at Tag AI_TT_026
4/24/2026 12:14:27 PM,202,Warning,WT8-GUI,83104766,HM,Overscaled Channel detected at Tag AI_TT_027
4/24/2026 12:14:27 PM,202,Warning,WT8-GUI,83104767,HM,Overscaled Channel detected at Tag AI_TT_028
4/24/2026 12:14:27 PM,202,Warning,WT8-GUI,83104768,HM,Overscaled Channel detected at Tag AI_TT_004
4/24/2026 12:14:27 PM,202,Warning,WT8-GUI,83104769,HM,Overscaled Channel detected at Tag AI_TT_005
4/24/2026 12:14:27 PM,202,Warning,WT8-GUI,83104770,HM,Overscaled Channel detected at Tag AI_TT_006
