4/24/2026 9:28:22 AM,4,Info,WT8-GUI,83090487,,Autoconvert of C:\Data\_Facility\DE9956_Ohio State University FSAE_aero_90_240426_092310\C1.dat complete.
4/24/2026 9:28:24 AM,202,Warning,WT8-GUI,83090488,HM,Overscaled Channel detected at Tag AI_TK_021
4/24/2026 9:28:24 AM,202,Warning,WT8-GUI,83090489,HM,Overscaled Channel detected at Tag AI_TK_022
4/24/2026 9:28:24 AM,202,Warning,WT8-GUI,83090490,HM,Overscaled Channel detected at Tag AI_TK_023
4/24/2026 9:28:24 AM,202,Warning,WT8-GUI,83090491,HM,Overscaled Channel detected at Tag AI_TK_024
4/24/2026 9:28:24 AM,202,Warning,WT8-GUI,83090492,HM,Overscaled Channel detected at Tag AI_TK_025
4/24/2026 9:28:24 AM,202,Warning,WT8-GUI,83090493,HM,Overscaled Channel detected at Tag AI_TK_026
4/24/2026 9:28:24 AM,202,Warning,WT8-GUI,83090494,HM,Overscaled Channel detected at Tag AI_TK_027
4/24/2026 9:28:24 AM,202,Warning,WT8-GUI,83090495,HM,Overscaled Channel detected at Tag AI_TK_028
4/24/2026 9:28:24 AM,202,Warning,WT8-GUI,83090496,HM,Overscaled Channel detected at Tag AI_TK_002
4/24/2026 9:28:24 AM,202,Warning,WT8-GUI,83090497,HM,Overscaled Channel detected at Tag AI_TT_017
4/24/2026 9:28:24 AM,202,Warning,WT8-GUI,83090498,HM,Overscaled Channel detected at Tag AI_TT_018
4/24/2026 9:28:24 AM,202,Warning,WT8-GUI,83090499,HM,Overscaled Channel detected at Tag AI_TT_001
4/24/2026 9:28:24 AM,202,Warning,WT8-GUI,83090500,HM,Overscaled Channel detected at Tag AI_TT_019
4/24/2026 9:28:24 AM,202,Warning,WT8-GUI,83090501,HM,Overscaled Channel detected at Tag AI_TT_020
4/24/2026 9:28:24 AM,202,Warning,WT8-GUI,83090502,HM,Overscaled Channel detected at Tag AI_TT_021
4/24/2026 9:28:24 AM,202,Warning,WT8-GUI,83090503,HM,Overscaled Channel detected at Tag AI_TT_022
4/24/2026 9:28:24 AM,202,Warning,WT8-GUI,83090504,HM,Overscaled Channel detected at Tag AI_TT_023
4/24/2026 9:28:24 AM,202,Warning,WT8-GUI,83090505,HM,Overscaled Channel detected at Tag AI_TT_024
4/24/2026 9:28:24 AM,202,Warning,WT8-GUI,83090506,HM,Overscaled Channel detected at Tag AI_TT_025
4/24/2026 9:28:24 AM,202,Warning,WT8-GUI,83090507,HM,Overscaled Channel detected at Tag AI_TT_026
4/24/2026 9:28:24 AM,202,Warning,WT8-GUI,83090508,HM,Overscaled Channel detected at Tag AI_TT_027
4/24/2026 9:28:24 AM,202,Warning,WT8-GUI,83090509,HM,Overscaled Channel detected at Tag AI_TT_028
4/24/2026 9:28:24 AM,202,Warning,WT8-GUI,83090510,HM,Overscaled Channel detected at Tag AI_TT_002
4/24/2026 9:28:24 AM,202,Warning,WT8-GUI,83090511,HM,Overscaled Channel detected at Tag AI_TT_029
4/24/2026 9:28:24 AM,202,Warning,WT8-GUI,83090512,HM,Overscaled Channel detected at Tag AI_TT_030
4/24/2026 9:28:24 AM,202,Warning,WT8-GUI,83090513,HM,Overscaled Channel detected at Tag AI_TK_000
4/24/2026 9:28:24 AM,202,Warning,WT8-GUI,83090514,HM,Overscaled Channel detected at Tag AI_TK_009
4/24/2026 9:28:24 AM,202,Warning,WT8-GUI,83090515,HM,Overscaled Channel detected at Tag AI_TK_010
4/24/2026 9:28:24 AM,202,Warning,WT8-GUI,83090516,HM,Overscaled Channel detected at Tag AI_TK_011
4/24/2026 9:28:24 AM,202,Warning,WT8-GUI,83090517,HM,Overscaled Channel detected at Tag AI_TK_012
4/24/2026 9:28:24 AM,202,Warning,WT8-GUI,83090518,HM,Overscaled Channel detected at Tag AI_TK_013
4/24/2026 9:28:24 AM,202,Warning,WT8-GUI,83090519,HM,Overscaled Channel detected at Tag AI_TK_014
4/24/2026 9:28:24 AM,202,Warning,WT8-GUI,83090520,HM,Overscaled Channel detected at Tag AI_TK_015
4/24/2026 9:28:24 AM,202,Warning,WT8-GUI,83090521,HM,Overscaled Channel detected at Tag AI_TK_016
4/24/2026 9:28:24 AM,202,Warning,WT8-GUI,83090522,HM,Overscaled Channel detected at Tag AI_TK_017
4/24/2026 9:28:24 AM,202,Warning,WT8-GUI,83090523,HM,Overscaled Channel detected at Tag AI_TK_018
4/24/2026 9:28:24 AM,202,Warning,WT8-GUI,83090524,HM,Overscaled Channel detected at Tag AI_TK_001
4/24/2026 9:28:24 AM,202,Warning,WT8-GUI,83090525,HM,Overscaled Channel detected at Tag AI_TK_019
4/24/2026 9:28:24 AM,202,Warning,WT8-GUI,83090526,HM,Overscaled Channel detected at Tag AI_TK_020
4/24/2026 9:28:24 AM,202,Warning,WT8-GUI,83090527,HM,Overscaled Channel detected at Tag AI_TK_029
4/24/2026 9:28:24 AM,202,Warning,WT8-GUI,83090528,HM,Overscaled Channel detected at Tag AI_TK_030
4/24/2026 9:28:24 AM,202,Warning,WT8-GUI,83090529,HM,Overscaled Channel detected at Tag AI_TK_003
4/24/2026 9:28:24 AM,202,Warning,WT8-GUI,83090530,HM,Overscaled Channel detected at Tag AI_TK_004
4/24/2026 9:28:24 AM,202,Warning,WT8-GUI,83090531,HM,Overscaled Channel detected at Tag AI_TK_005
4/24/2026 9:28:24 AM,202,Warning,WT8-GUI,83090532,HM,Overscaled Channel detected at Tag AI_TK_006
4/24/2026 9:28:24 AM,202,Warning,WT8-GUI,83090533,HM,Overscaled Channel detected at Tag AI_TK_007
4/24/2026 9:28:24 AM,202,Warning,WT8-GUI,83090534,HM,Overscaled Channel detected at Tag AI_TK_008
4/24/2026 9:28:24 AM,202,Warning,WT8-GUI,83090535,HM,Overscaled Channel detected at Tag AI_Volts_Shunt_000
4/24/2026 9:28:24 AM,202,Warning,WT8-GUI,83090536,HM,Overscaled Channel detected at Tag AI_Volts_Shunt_001
4/24/2026 9:28:24 AM,202,Warning,WT8-GUI,83090537,HM,Overscaled Channel detected at Tag AI_Volts_Shunt_003
4/24/2026 9:28:24 AM,202,Warning,WT8-GUI,83090538,HM,Overscaled Channel detected at Tag AI_Volts_Shunt_004
4/24/2026 9:28:24 AM,202,Warning,WT8-GUI,83090539,HM,Overscaled Channel detected at Tag AI_Volts_Shunt_006
4/24/2026 9:28:24 AM,202,Warning,WT8-GUI,83090540,HM,Overscaled Channel detected at Tag AI_Volts_Shunt_007
4/24/2026 9:28:24 AM,202,Warning,WT8-GUI,83090541,HM,Overscaled Channel detected at Tag AI_Volts_Shunt_008
4/24/2026 9:28:24 AM,202,Warning,WT8-GUI,83090542,HM,Overscaled Channel detected at Tag AI_Volts_Shunt_009
4/24/2026 9:28:24 AM,202,Warning,WT8-GUI,83090543,HM,Overscaled Channel detected at Tag AI_Volts_Shunt_010
4/24/2026 9:28:24 AM,202,Warning,WT8-GUI,83090544,HM,Overscaled Channel detected at Tag AI_Volts_Shunt_011
4/24/2026 9:28:24 AM,202,Warning,WT8-GUI,83090545,HM,Overscaled Channel detected at Tag AI_Volts_Shunt_012
4/24/2026 9:28:24 AM,202,Warning,WT8-GUI,83090546,HM,Overscaled Channel detected at Tag AI_Volts_Shunt_013
4/24/2026 9:28:24 AM,202,Warning,WT8-GUI,83090547,HM,Overscaled Channel detected at Tag AI_Volts_Shunt_014
4/24/2026 9:28:24 AM,202,Warning,WT8-GUI,83090548,HM,Overscaled Channel detected at Tag AI_Volts_Shunt_015
4/24/2026 9:28:24 AM,202,Warning,WT8-GUI,83090549,HM,Overscaled Channel detected at Tag AI_Strain_000
4/24/2026 9:28:24 AM,202,Warning,WT8-GUI,83090550,HM,Overscaled Channel detected at Tag AI_Strain_001
4/24/2026 9:28:24 AM,202,Warning,WT8-GUI,83090551,HM,Overscaled Channel detected at Tag AI_Strain_002
4/24/2026 9:28:24 AM,202,Warning,WT8-GUI,83090552,HM,Overscaled Channel detected at Tag AI_Strain_003
4/24/2026 9:28:24 AM,202,Warning,WT8-GUI,83090553,HM,Overscaled Channel detected at Tag AI_Strain_004
4/24/2026 9:28:24 AM,202,Warning,WT8-GUI,83090554,HM,Overscaled Channel detected at Tag AI_Strain_005
4/24/2026 9:28:24 AM,202,Warning,WT8-GUI,83090555,HM,Overscaled Channel detected at Tag AI_Strain_006
4/24/2026 9:28:24 AM,202,Warning,WT8-GUI,83090556,HM,Overscaled Channel detected at Tag AI_Strain_007
4/24/2026 9:28:24 AM,202,Warning,WT8-GUI,83090557,HM,Overscaled Channel detected at Tag AI_TT_000
4/24/2026 9:28:24 AM,202,Warning,WT8-GUI,83090558,HM,Overscaled Channel detected at Tag AI_TT_009
4/24/2026 9:28:24 AM,202,Warning,WT8-GUI,83090559,HM,Overscaled Channel detected at Tag AI_TT_010
4/24/2026 9:28:24 AM,202,Warning,WT8-GUI,83090560,HM,Overscaled Channel detected at Tag AI_TT_011
4/24/2026 9:28:24 AM,202,Warning,WT8-GUI,83090561,HM,Overscaled Channel detected at Tag AI_TT_012
4/24/2026 9:28:24 AM,202,Warning,WT8-GUI,83090562,HM,Overscaled Channel detected at Tag AI_TT_013
4/24/2026 9:28:24 AM,202,Warning,WT8-GUI,83090563,HM,Overscaled Channel detected at Tag AI_TT_014
4/24/2026 9:28:24 AM,202,Warning,WT8-GUI,83090564,HM,Overscaled Channel detected at Tag AI_TT_015
4/24/2026 9:28:24 AM,202,Warning,WT8-GUI,83090565,HM,Overscaled Channel detected at Tag AI_TT_016
4/24/2026 9:28:24 AM,202,Warning,WT8-GUI,83090566,HM,Overscaled Channel detected at Tag AI_TT_003
4/24/2026 9:28:24 AM,202,Warning,WT8-GUI,83090567,HM,Overscaled Channel detected at Tag AI_TT_004
4/24/2026 9:28:24 AM,202,Warning,WT8-GUI,83090568,HM,Overscaled Channel detected at Tag AI_TT_005
4/24/2026 9:28:24 AM,202,Warning,WT8-GUI,83090569,HM,Overscaled Channel detected at Tag AI_TT_006
4/24/2026 9:28:24 AM,202,Warning,WT8-GUI,83090570,HM,Overscaled Channel detected at Tag AI_TT_007
4/24/2026 9:28:24 AM,202,Warning,WT8-GUI,83090571,HM,Overscaled Channel detected at Tag AI_TT_008
4/24/2026 9:28:27 AM,4,Info,WT8-GUI,83090572,,Autoconvert of C:\Data\_Facility\DE9956_Ohio State University FSAE_aero_90_240426_092310\Log.dat complete.
4/24/2026 9:28:31 AM,4,Info,WT8-GUI,83090573,,Autoconvert of C:\Data\_Facility\DE9956_Ohio State University FSAE_aero_90_240426_092310\P1.dat complete.
4/24/2026 9:28:35 AM,4,Info,WT8-GUI,83090574,,Autoconvert of C:\Data\_Facility\DE9956_Ohio State University FSAE_aero_90_240426_092310\C1.dat complete.
4/24/2026 9:28:36 AM,97,Info,WT8-GUI,83090575,DATASTORE,"Group 1 (Record 1) data storage initiated:  Duration Continuous, Samples to Average 1, Rate 0 min 1.00 secs ."
4/24/2026 9:29:10 AM,301005,Warning,WT8-GUI,83090576,OPC,OPC Server Graybox.Simulator.1 on host localhost has not updated data in 6 minute(s).
4/24/2026 9:29:24 AM,202,Warning,WT8-GUI,83090577,HM,Overscaled Channel detected at Tag AI_TK_021
4/24/2026 9:29:24 AM,202,Warning,WT8-GUI,83090578,HM,Overscaled Channel detected at Tag AI_TK_022
4/24/2026 9:29:24 AM,202,Warning,WT8-GUI,83090579,HM,Overscaled Channel detected at Tag AI_TK_023
4/24/2026 9:29:24 AM,202,Warning,WT8-GUI,83090580,HM,Overscaled Channel detected at Tag AI_TK_024
4/24/2026 9:29:24 AM,202,Warning,WT8-GUI,83090581,HM,Overscaled Channel detected at Tag AI_TK_025
4/24/2026 9:29:24 AM,202,Warning,WT8-GUI,83090582,HM,Overscaled Channel detected at Tag AI_TK_026
4/24/2026 9:29:24 AM,202,Warning,WT8-GUI,83090583,HM,Overscaled Channel detected at Tag AI_TK_027
4/24/2026 9:29:24 AM,202,Warning,WT8-GUI,83090584,HM,Overscaled Channel detected at Tag AI_TK_028
4/24/2026 9:29:24 AM,202,Warning,WT8-GUI,83090585,HM,Overscaled Channel detected at Tag AI_TK_002
4/24/2026 9:29:24 AM,202,Warning,WT8-GUI,83090586,HM,Overscaled Channel detected at Tag AI_TT_017
4/24/2026 9:29:24 AM,202,Warning,WT8-GUI,83090587,HM,Overscaled Channel detected at Tag AI_TT_018
4/24/2026 9:29:24 AM,202,Warning,WT8-GUI,83090588,HM,Overscaled Channel detected at Tag AI_TT_001
4/24/2026 9:29:24 AM,202,Warning,WT8-GUI,83090589,HM,Overscaled Channel detected at Tag AI_TT_019
4/24/2026 9:29:24 AM,202,Warning,WT8-GUI,83090590,HM,Overscaled Channel detected at Tag AI_TT_020
4/24/2026 9:29:24 AM,202,Warning,WT8-GUI,83090591,HM,Overscaled Channel detected at Tag AI_TT_021
4/24/2026 9:29:24 AM,202,Warning,WT8-GUI,83090592,HM,Overscaled Channel detected at Tag AI_TT_022
4/24/2026 9:29:24 AM,202,Warning,WT8-GUI,83090593,HM,Overscaled Channel detected at Tag AI_TT_023
4/24/2026 9:29:24 AM,202,Warning,WT8-GUI,83090594,HM,Overscaled Channel detected at Tag AI_TT_024
4/24/2026 9:29:24 AM,202,Warning,WT8-GUI,83090595,HM,Overscaled Channel detected at Tag AI_TT_025
4/24/2026 9:29:24 AM,202,Warning,WT8-GUI,83090596,HM,Overscaled Channel detected at Tag AI_TT_026
4/24/2026 9:29:24 AM,202,Warning,WT8-GUI,83090597,HM,Overscaled Channel detected at Tag AI_TT_027
4/24/2026 9:29:24 AM,202,Warning,WT8-GUI,83090598,HM,Overscaled Channel detected at Tag AI_TT_028
4/24/2026 9:29:24 AM,202,Warning,WT8-GUI,83090599,HM,Overscaled Channel detected at Tag AI_TT_002
4/24/2026 9:29:24 AM,202,Warning,WT8-GUI,83090600,HM,Overscaled Channel detected at Tag AI_TT_029
4/24/2026 9:29:24 AM,202,Warning,WT8-GUI,83090601,HM,Overscaled Channel detected at Tag AI_TT_030
4/24/2026 9:29:24 AM,202,Warning,WT8-GUI,83090602,HM,Overscaled Channel detected at Tag AI_TK_000
4/24/2026 9:29:24 AM,202,Warning,WT8-GUI,83090603,HM,Overscaled Channel detected at Tag AI_TK_009
4/24/2026 9:29:24 AM,202,Warning,WT8-GUI,83090604,HM,Overscaled Channel detected at Tag AI_TK_010
4/24/2026 9:29:24 AM,202,Warning,WT8-GUI,83090605,HM,Overscaled Channel detected at Tag AI_TK_011
4/24/2026 9:29:24 AM,202,Warning,WT8-GUI,83090606,HM,Overscaled Channel detected at Tag AI_TK_012
4/24/2026 9:29:24 AM,202,Warning,WT8-GUI,83090607,HM,Overscaled Channel detected at Tag AI_TK_013
4/24/2026 9:29:24 AM,202,Warning,WT8-GUI,83090608,HM,Overscaled Channel detected at Tag AI_TK_014
4/24/2026 9:29:24 AM,202,Warning,WT8-GUI,83090609,HM,Overscaled Channel detected at Tag AI_TK_015
4/24/2026 9:29:24 AM,202,Warning,WT8-GUI,83090610,HM,Overscaled Channel detected at Tag AI_TK_016
4/24/2026 9:29:24 AM,202,Warning,WT8-GUI,83090611,HM,Overscaled Channel detected at Tag AI_TK_017
4/24/2026 9:29:24 AM,202,Warning,WT8-GUI,83090612,HM,Overscaled Channel detected at Tag AI_TK_018
4/24/2026 9:29:24 AM,202,Warning,WT8-GUI,83090613,HM,Overscaled Channel detected at Tag AI_TK_001
4/24/2026 9:29:24 AM,202,Warning,WT8-GUI,83090614,HM,Overscaled Channel detected at Tag AI_TK_019
4/24/2026 9:29:24 AM,202,Warning,WT8-GUI,83090615,HM,Overscaled Channel detected at Tag AI_TK_020
4/24/2026 9:29:24 AM,202,Warning,WT8-GUI,83090616,HM,Overscaled Channel detected at Tag AI_TK_029
4/24/2026 9:29:24 AM,202,Warning,WT8-GUI,83090617,HM,Overscaled Channel detected at Tag AI_TK_030
4/24/2026 9:29:24 AM,202,Warning,WT8-GUI,83090618,HM,Overscaled Channel detected at Tag AI_TK_003
4/24/2026 9:29:24 AM,202,Warning,WT8-GUI,83090619,HM,Overscaled Channel detected at Tag AI_TK_004
4/24/2026 9:29:24 AM,202,Warning,WT8-GUI,83090620,HM,Overscaled Channel detected at Tag AI_TK_005
4/24/2026 9:29:24 AM,202,Warning,WT8-GUI,83090621,HM,Overscaled Channel detected at Tag AI_TK_006
4/24/2026 9:29:24 AM,202,Warning,WT8-GUI,83090622,HM,Overscaled Channel detected at Tag AI_TK_007
4/24/2026 9:29:24 AM,202,Warning,WT8-GUI,83090623,HM,Overscaled Channel detected at Tag AI_TK_008
4/24/2026 9:29:24 AM,202,Warning,WT8-GUI,83090624,HM,Overscaled Channel detected at Tag AI_Volts_Shunt_000
4/24/2026 9:29:24 AM,202,Warning,WT8-GUI,83090625,HM,Overscaled Channel detected at Tag AI_Volts_Shunt_001
4/24/2026 9:29:24 AM,202,Warning,WT8-GUI,83090626,HM,Overscaled Channel detected at Tag AI_Volts_Shunt_003
4/24/2026 9:29:24 AM,202,Warning,WT8-GUI,83090627,HM,Overscaled Channel detected at Tag AI_Volts_Shunt_004
4/24/2026 9:29:24 AM,202,Warning,WT8-GUI,83090628,HM,Overscaled Channel detected at Tag AI_Volts_Shunt_006
4/24/2026 9:29:24 AM,202,Warning,WT8-GUI,83090629,HM,Overscaled Channel detected at Tag AI_Volts_Shunt_007
4/24/2026 9:29:24 AM,202,Warning,WT8-GUI,83090630,HM,Overscaled Channel detected at Tag AI_Volts_Shunt_008
4/24/2026 9:29:24 AM,202,Warning,WT8-GUI,83090631,HM,Overscaled Channel detected at Tag AI_Volts_Shunt_009
4/24/2026 9:29:24 AM,202,Warning,WT8-GUI,83090632,HM,Overscaled Channel detected at Tag AI_Volts_Shunt_010
4/24/2026 9:29:24 AM,202,Warning,WT8-GUI,83090633,HM,Overscaled Channel detected at Tag AI_Volts_Shunt_011
4/24/2026 9:29:24 AM,202,Warning,WT8-GUI,83090634,HM,Overscaled Channel detected at Tag AI_Volts_Shunt_012
4/24/2026 9:29:24 AM,202,Warning,WT8-GUI,83090635,HM,Overscaled Channel detected at Tag AI_Volts_Shunt_013
4/24/2026 9:29:24 AM,202,Warning,WT8-GUI,83090636,HM,Overscaled Channel detected at Tag AI_Volts_Shunt_014
4/24/2026 9:29:24 AM,202,Warning,WT8-GUI,83090637,HM,Overscaled Channel detected at Tag AI_Volts_Shunt_015
4/24/2026 9:29:24 AM,202,Warning,WT8-GUI,83090638,HM,Overscaled Channel detected at Tag AI_Strain_000
4/24/2026 9:29:24 AM,202,Warning,WT8-GUI,83090639,HM,Overscaled Channel detected at Tag AI_Strain_001
4/24/2026 9:29:24 AM,202,Warning,WT8-GUI,83090640,HM,Overscaled Channel detected at Tag AI_Strain_002
4/24/2026 9:29:24 AM,202,Warning,WT8-GUI,83090641,HM,Overscaled Channel detected at Tag AI_Strain_003
4/24/2026 9:29:24 AM,202,Warning,WT8-GUI,83090642,HM,Overscaled Channel detected at Tag AI_Strain_004
4/24/2026 9:29:24 AM,202,Warning,WT8-GUI,83090643,HM,Overscaled Channel detected at Tag AI_Strain_005
4/24/2026 9:29:24 AM,202,Warning,WT8-GUI,83090644,HM,Overscaled Channel detected at Tag AI_Strain_006
4/24/2026 9:29:24 AM,202,Warning,WT8-GUI,83090645,HM,Overscaled Channel detected at Tag AI_Strain_007
4/24/2026 9:29:24 AM,202,Warning,WT8-GUI,83090646,HM,Overscaled Channel detected at Tag AI_TT_000
4/24/2026 9:29:24 AM,202,Warning,WT8-GUI,83090647,HM,Overscaled Channel detected at Tag AI_TT_009
4/24/2026 9:29:24 AM,202,Warning,WT8-GUI,83090648,HM,Overscaled Channel detected at Tag AI_TT_010
4/24/2026 9:29:24 AM,202,Warning,WT8-GUI,83090649,HM,Overscaled Channel detected at Tag AI_TT_011
4/24/2026 9:29:24 AM,202,Warning,WT8-GUI,83090650,HM,Overscaled Channel detected at Tag AI_TT_012
4/24/2026 9:29:24 AM,202,Warning,WT8-GUI,83090651,HM,Overscaled Channel detected at Tag AI_TT_013
4/24/2026 9:29:24 AM,202,Warning,WT8-GUI,83090652,HM,Overscaled Channel detected at Tag AI_TT_014
4/24/2026 9:29:24 AM,202,Warning,WT8-GUI,83090653,HM,Overscaled Channel detected at Tag AI_TT_015
4/24/2026 9:29:24 AM,202,Warning,WT8-GUI,83090654,HM,Overscaled Channel detected at Tag AI_TT_016
4/24/2026 9:29:24 AM,202,Warning,WT8-GUI,83090655,HM,Overscaled Channel detected at Tag AI_TT_003
4/24/2026 9:29:24 AM,202,Warning,WT8-GUI,83090656,HM,Overscaled Channel detected at Tag AI_TT_004
4/24/2026 9:29:24 AM,202,Warning,WT8-GUI,83090657,HM,Overscaled Channel detected at Tag AI_TT_005
4/24/2026 9:29:24 AM,202,Warning,WT8-GUI,83090658,HM,Overscaled Channel detected at Tag AI_TT_006
4/24/2026 9:29:24 AM,202,Warning,WT8-GUI,83090659,HM,Overscaled Channel detected at Tag AI_TT_007
4/24/2026 9:29:24 AM,202,Warning,WT8-GUI,83090660,HM,Overscaled Channel detected at Tag AI_TT_008
4/24/2026 9:29:25 AM,106,Debug,WT8-GUI,83090661,Reflective Memory,ms specified at Reflective Memory Current Value Table Write is not performing within tolerance. Actual Rate 39 ms could indicate that data has been lost and other performance issues.
4/24/2026 9:30:10 AM,301005,Warning,WT8-GUI,83090662,OPC,OPC Server Graybox.Simulator.1 on host localhost has not updated data in 7 minute(s).
4/24/2026 9:30:24 AM,202,Warning,WT8-GUI,83090663,HM,Overscaled Channel detected at Tag AI_TK_021
4/24/2026 9:30:24 AM,202,Warning,WT8-GUI,83090664,HM,Overscaled Channel detected at Tag AI_TK_022
4/24/2026 9:30:24 AM,202,Warning,WT8-GUI,83090665,HM,Overscaled Channel detected at Tag AI_TK_023
4/24/2026 9:30:24 AM,202,Warning,WT8-GUI,83090666,HM,Overscaled Channel detected at Tag AI_TK_024
4/24/2026 9:30:24 AM,202,Warning,WT8-GUI,83090667,HM,Overscaled Channel detected at Tag AI_TK_025
4/24/2026 9:30:24 AM,202,Warning,WT8-GUI,83090668,HM,Overscaled Channel detected at Tag AI_TK_026
4/24/2026 9:30:24 AM,202,Warning,WT8-GUI,83090669,HM,Overscaled Channel detected at Tag AI_TK_027
4/24/2026 9:30:24 AM,202,Warning,WT8-GUI,83090670,HM,Overscaled Channel detected at Tag AI_TK_028
4/24/2026 9:30:24 AM,202,Warning,WT8-GUI,83090671,HM,Overscaled Channel detected at Tag AI_TK_002
4/24/2026 9:30:24 AM,202,Warning,WT8-GUI,83090672,HM,Overscaled Channel detected at Tag AI_TT_017
4/24/2026 9:30:24 AM,202,Warning,WT8-GUI,83090673,HM,Overscaled Channel detected at Tag AI_TT_018
4/24/2026 9:30:24 AM,202,Warning,WT8-GUI,83090674,HM,Overscaled Channel detected at Tag AI_TT_001
4/24/2026 9:30:24 AM,202,Warning,WT8-GUI,83090675,HM,Overscaled Channel detected at Tag AI_TT_019
4/24/2026 9:30:24 AM,202,Warning,WT8-GUI,83090676,HM,Overscaled Channel detected at Tag AI_TT_020
4/24/2026 9:30:24 AM,202,Warning,WT8-GUI,83090677,HM,Overscaled Channel detected at Tag AI_TT_021
4/24/2026 9:30:24 AM,202,Warning,WT8-GUI,83090678,HM,Overscaled Channel detected at Tag AI_TT_022
4/24/2026 9:30:24 AM,202,Warning,WT8-GUI,83090679,HM,Overscaled Channel detected at Tag AI_TT_023
4/24/2026 9:30:24 AM,202,Warning,WT8-GUI,83090680,HM,Overscaled Channel detected at Tag AI_TT_024
4/24/2026 9:30:24 AM,202,Warning,WT8-GUI,83090681,HM,Overscaled Channel detected at Tag AI_TT_025
4/24/2026 9:30:24 AM,202,Warning,WT8-GUI,83090682,HM,Overscaled Channel detected at Tag AI_TT_026
4/24/2026 9:30:24 AM,202,Warning,WT8-GUI,83090683,HM,Overscaled Channel detected at Tag AI_TT_027
4/24/2026 9:30:24 AM,202,Warning,WT8-GUI,83090684,HM,Overscaled Channel detected at Tag AI_TT_028
4/24/2026 9:30:24 AM,202,Warning,WT8-GUI,83090685,HM,Overscaled Channel detected at Tag AI_TT_002
4/24/2026 9:30:24 AM,202,Warning,WT8-GUI,83090686,HM,Overscaled Channel detected at Tag AI_TT_029
4/24/2026 9:30:24 AM,202,Warning,WT8-GUI,83090687,HM,Overscaled Channel detected at Tag AI_TT_030
4/24/2026 9:30:24 AM,202,Warning,WT8-GUI,83090688,HM,Overscaled Channel detected at Tag AI_TK_000
4/24/2026 9:30:24 AM,202,Warning,WT8-GUI,83090689,HM,Overscaled Channel detected at Tag AI_TK_009
4/24/2026 9:30:24 AM,202,Warning,WT8-GUI,83090690,HM,Overscaled Channel detected at Tag AI_TK_010
4/24/2026 9:30:24 AM,202,Warning,WT8-GUI,83090691,HM,Overscaled Channel detected at Tag AI_TK_011
4/24/2026 9:30:24 AM,202,Warning,WT8-GUI,83090692,HM,Overscaled Channel detected at Tag AI_TK_012
4/24/2026 9:30:24 AM,202,Warning,WT8-GUI,83090693,HM,Overscaled Channel detected at Tag AI_TK_013
4/24/2026 9:30:24 AM,202,Warning,WT8-GUI,83090694,HM,Overscaled Channel detected at Tag AI_TK_014
4/24/2026 9:30:24 AM,202,Warning,WT8-GUI,83090695,HM,Overscaled Channel detected at Tag AI_TK_015
4/24/2026 9:30:24 AM,202,Warning,WT8-GUI,83090696,HM,Overscaled Channel detected at Tag AI_TK_016
4/24/2026 9:30:24 AM,202,Warning,WT8-GUI,83090697,HM,Overscaled Channel detected at Tag AI_TK_017
4/24/2026 9:30:24 AM,202,Warning,WT8-GUI,83090698,HM,Overscaled Channel detected at Tag AI_TK_018
4/24/2026 9:30:24 AM,202,Warning,WT8-GUI,83090699,HM,Overscaled Channel detected at Tag AI_TK_001
4/24/2026 9:30:24 AM,202,Warning,WT8-GUI,83090700,HM,Overscaled Channel detected at Tag AI_TK_019
4/24/2026 9:30:24 AM,202,Warning,WT8-GUI,83090701,HM,Overscaled Channel detected at Tag AI_TK_020
4/24/2026 9:30:24 AM,202,Warning,WT8-GUI,83090702,HM,Overscaled Channel detected at Tag AI_TK_029
4/24/2026 9:30:24 AM,202,Warning,WT8-GUI,83090703,HM,Overscaled Channel detected at Tag AI_TK_030
4/24/2026 9:30:24 AM,202,Warning,WT8-GUI,83090704,HM,Overscaled Channel detected at Tag AI_TK_003
4/24/2026 9:30:24 AM,202,Warning,WT8-GUI,83090705,HM,Overscaled Channel detected at Tag AI_TK_004
4/24/2026 9:30:24 AM,202,Warning,WT8-GUI,83090706,HM,Overscaled Channel detected at Tag AI_TK_005
4/24/2026 9:30:24 AM,202,Warning,WT8-GUI,83090707,HM,Overscaled Channel detected at Tag AI_TK_006
4/24/2026 9:30:24 AM,202,Warning,WT8-GUI,83090708,HM,Overscaled Channel detected at Tag AI_TK_007
4/24/2026 9:30:24 AM,202,Warning,WT8-GUI,83090709,HM,Overscaled Channel detected at Tag AI_TK_008
4/24/2026 9:30:24 AM,202,Warning,WT8-GUI,83090710,HM,Overscaled Channel detected at Tag AI_Volts_Shunt_000
4/24/2026 9:30:24 AM,202,Warning,WT8-GUI,83090711,HM,Overscaled Channel detected at Tag AI_Volts_Shunt_001
4/24/2026 9:30:24 AM,202,Warning,WT8-GUI,83090712,HM,Overscaled Channel detected at Tag AI_Volts_Shunt_003
4/24/2026 9:30:24 AM,202,Warning,WT8-GUI,83090713,HM,Overscaled Channel detected at Tag AI_Volts_Shunt_004
4/24/2026 9:30:24 AM,202,Warning,WT8-GUI,83090714,HM,Overscaled Channel detected at Tag AI_Volts_Shunt_006
4/24/2026 9:30:24 AM,202,Warning,WT8-GUI,83090715,HM,Overscaled Channel detected at Tag AI_Volts_Shunt_007
4/24/2026 9:30:24 AM,202,Warning,WT8-GUI,83090716,HM,Overscaled Channel detected at Tag AI_Volts_Shunt_008
4/24/2026 9:30:24 AM,202,Warning,WT8-GUI,83090717,HM,Overscaled Channel detected at Tag AI_Volts_Shunt_009
4/24/2026 9:30:24 AM,202,Warning,WT8-GUI,83090718,HM,Overscaled Channel detected at Tag AI_Volts_Shunt_010
4/24/2026 9:30:24 AM,202,Warning,WT8-GUI,83090719,HM,Overscaled Channel detected at Tag AI_Volts_Shunt_011
4/24/2026 9:30:24 AM,202,Warning,WT8-GUI,83090720,HM,Overscaled Channel detected at Tag AI_Volts_Shunt_012
4/24/2026 9:30:24 AM,202,Warning,WT8-GUI,83090721,HM,Overscaled Channel detected at Tag AI_Volts_Shunt_013
4/24/2026 9:30:24 AM,202,Warning,WT8-GUI,83090722,HM,Overscaled Channel detected at Tag AI_Volts_Shunt_014
4/24/2026 9:30:24 AM,202,Warning,WT8-GUI,83090723,HM,Overscaled Channel detected at Tag AI_Volts_Shunt_015
4/24/2026 9:30:24 AM,202,Warning,WT8-GUI,83090724,HM,Overscaled Channel detected at Tag AI_Strain_000
4/24/2026 9:30:24 AM,202,Warning,WT8-GUI,83090725,HM,Overscaled Channel detected at Tag AI_Strain_001
4/24/2026 9:30:24 AM,202,Warning,WT8-GUI,83090726,HM,Overscaled Channel detected at Tag AI_Strain_002
4/24/2026 9:30:24 AM,202,Warning,WT8-GUI,83090727,HM,Overscaled Channel detected at Tag AI_Strain_003
4/24/2026 9:30:24 AM,202,Warning,WT8-GUI,83090728,HM,Overscaled Channel detected at Tag AI_Strain_004
4/24/2026 9:30:24 AM,202,Warning,WT8-GUI,83090729,HM,Overscaled Channel detected at Tag AI_Strain_005
4/24/2026 9:30:24 AM,202,Warning,WT8-GUI,83090730,HM,Overscaled Channel detected at Tag AI_Strain_006
4/24/2026 9:30:24 AM,202,Warning,WT8-GUI,83090731,HM,Overscaled Channel detected at Tag AI_Strain_007
4/24/2026 9:30:24 AM,202,Warning,WT8-GUI,83090732,HM,Overscaled Channel detected at Tag AI_TT_000
4/24/2026 9:30:24 AM,202,Warning,WT8-GUI,83090733,HM,Overscaled Channel detected at Tag AI_TT_009
4/24/2026 9:30:24 AM,202,Warning,WT8-GUI,83090734,HM,Overscaled Channel detected at Tag AI_TT_010
4/24/2026 9:30:24 AM,202,Warning,WT8-GUI,83090735,HM,Overscaled Channel detected at Tag AI_TT_011
4/24/2026 9:30:24 AM,202,Warning,WT8-GUI,83090736,HM,Overscaled Channel detected at Tag AI_TT_012
4/24/2026 9:30:24 AM,202,Warning,WT8-GUI,83090737,HM,Overscaled Channel detected at Tag AI_TT_013
4/24/2026 9:30:24 AM,202,Warning,WT8-GUI,83090738,HM,Overscaled Channel detected at Tag AI_TT_014
4/24/2026 9:30:24 AM,202,Warning,WT8-GUI,83090739,HM,Overscaled Channel detected at Tag AI_TT_015
4/24/2026 9:30:24 AM,202,Warning,WT8-GUI,83090740,HM,Overscaled Channel detected at Tag AI_TT_016
4/24/2026 9:30:24 AM,202,Warning,WT8-GUI,83090741,HM,Overscaled Channel detected at Tag AI_TT_003
4/24/2026 9:30:24 AM,202,Warning,WT8-GUI,83090742,HM,Overscaled Channel detected at Tag AI_TT_004
4/24/2026 9:30:24 AM,202,Warning,WT8-GUI,83090743,HM,Overscaled Channel detected at Tag AI_TT_005
4/24/2026 9:30:24 AM,202,Warning,WT8-GUI,83090744,HM,Overscaled Channel detected at Tag AI_TT_006
4/24/2026 9:30:24 AM,202,Warning,WT8-GUI,83090745,HM,Overscaled Channel detected at Tag AI_TT_007
4/24/2026 9:30:24 AM,202,Warning,WT8-GUI,83090746,HM,Overscaled Channel detected at Tag AI_TT_008
4/24/2026 9:31:10 AM,301005,Warning,WT8-GUI,83090747,OPC,OPC Server Graybox.Simulator.1 on host localhost has not updated data in 8 minute(s).
4/24/2026 9:31:24 AM,202,Warning,WT8-GUI,83090748,HM,Overscaled Channel detected at Tag AI_TK_021
4/24/2026 9:31:24 AM,202,Warning,WT8-GUI,83090749,HM,Overscaled Channel detected at Tag AI_TK_022
4/24/2026 9:31:24 AM,202,Warning,WT8-GUI,83090750,HM,Overscaled Channel detected at Tag AI_TK_023
4/24/2026 9:31:24 AM,202,Warning,WT8-GUI,83090751,HM,Overscaled Channel detected at Tag AI_TK_024
4/24/2026 9:31:24 AM,202,Warning,WT8-GUI,83090752,HM,Overscaled Channel detected at Tag AI_TK_025
4/24/2026 9:31:24 AM,202,Warning,WT8-GUI,83090753,HM,Overscaled Channel detected at Tag AI_TK_026
4/24/2026 9:31:24 AM,202,Warning,WT8-GUI,83090754,HM,Overscaled Channel detected at Tag AI_TK_027
4/24/2026 9:31:24 AM,202,Warning,WT8-GUI,83090755,HM,Overscaled Channel detected at Tag AI_TK_028
4/24/2026 9:31:24 AM,202,Warning,WT8-GUI,83090756,HM,Overscaled Channel detected at Tag AI_TK_002
4/24/2026 9:31:24 AM,202,Warning,WT8-GUI,83090757,HM,Overscaled Channel detected at Tag AI_TT_017
4/24/2026 9:31:24 AM,202,Warning,WT8-GUI,83090758,HM,Overscaled Channel detected at Tag AI_TT_018
4/24/2026 9:31:24 AM,202,Warning,WT8-GUI,83090759,HM,Overscaled Channel detected at Tag AI_TT_001
4/24/2026 9:31:24 AM,202,Warning,WT8-GUI,83090760,HM,Overscaled Channel detected at Tag AI_TT_019
4/24/2026 9:31:24 AM,202,Warning,WT8-GUI,83090761,HM,Overscaled Channel detected at Tag AI_TT_020
4/24/2026 9:31:24 AM,202,Warning,WT8-GUI,83090762,HM,Overscaled Channel detected at Tag AI_TT_021
4/24/2026 9:31:24 AM,202,Warning,WT8-GUI,83090763,HM,Overscaled Channel detected at Tag AI_TT_022
4/24/2026 9:31:24 AM,202,Warning,WT8-GUI,83090764,HM,Overscaled Channel detected at Tag AI_TT_023
4/24/2026 9:31:24 AM,202,Warning,WT8-GUI,83090765,HM,Overscaled Channel detected at Tag AI_TT_024
4/24/2026 9:31:24 AM,202,Warning,WT8-GUI,83090766,HM,Overscaled Channel detected at Tag AI_TT_025
4/24/2026 9:31:24 AM,202,Warning,WT8-GUI,83090767,HM,Overscaled Channel detected at Tag AI_TT_026
4/24/2026 9:31:24 AM,202,Warning,WT8-GUI,83090768,HM,Overscaled Channel detected at Tag AI_TT_027
4/24/2026 9:31:24 AM,202,Warning,WT8-GUI,83090769,HM,Overscaled Channel detected at Tag AI_TT_028
4/24/2026 9:31:24 AM,202,Warning,WT8-GUI,83090770,HM,Overscaled Channel detected at Tag AI_TT_002
4/24/2026 9:31:24 AM,202,Warning,WT8-GUI,83090771,HM,Overscaled Channel detected at Tag AI_TT_029
4/24/2026 9:31:24 AM,202,Warning,WT8-GUI,83090772,HM,Overscaled Channel detected at Tag AI_TT_030
4/24/2026 9:31:24 AM,202,Warning,WT8-GUI,83090773,HM,Overscaled Channel detected at Tag AI_TK_000
4/24/2026 9:31:24 AM,202,Warning,WT8-GUI,83090774,HM,Overscaled Channel detected at Tag AI_TK_009
4/24/2026 9:31:24 AM,202,Warning,WT8-GUI,83090775,HM,Overscaled Channel detected at Tag AI_TK_010
4/24/2026 9:31:24 AM,202,Warning,WT8-GUI,83090776,HM,Overscaled Channel detected at Tag AI_TK_011
4/24/2026 9:31:24 AM,202,Warning,WT8-GUI,83090777,HM,Overscaled Channel detected at Tag AI_TK_012
4/24/2026 9:31:24 AM,202,Warning,WT8-GUI,83090778,HM,Overscaled Channel detected at Tag AI_TK_013
4/24/2026 9:31:24 AM,202,Warning,WT8-GUI,83090779,HM,Overscaled Channel detected at Tag AI_TK_014
4/24/2026 9:31:24 AM,202,Warning,WT8-GUI,83090780,HM,Overscaled Channel detected at Tag AI_TK_015
4/24/2026 9:31:24 AM,202,Warning,WT8-GUI,83090781,HM,Overscaled Channel detected at Tag AI_TK_016
4/24/2026 9:31:24 AM,202,Warning,WT8-GUI,83090782,HM,Overscaled Channel detected at Tag AI_TK_017
4/24/2026 9:31:24 AM,202,Warning,WT8-GUI,83090783,HM,Overscaled Channel detected at Tag AI_TK_018
4/24/2026 9:31:24 AM,202,Warning,WT8-GUI,83090784,HM,Overscaled Channel detected at Tag AI_TK_001
4/24/2026 9:31:24 AM,202,Warning,WT8-GUI,83090785,HM,Overscaled Channel detected at Tag AI_TK_019
4/24/2026 9:31:24 AM,202,Warning,WT8-GUI,83090786,HM,Overscaled Channel detected at Tag AI_TK_020
4/24/2026 9:31:24 AM,202,Warning,WT8-GUI,83090787,HM,Overscaled Channel detected at Tag AI_TK_029
4/24/2026 9:31:24 AM,202,Warning,WT8-GUI,83090788,HM,Overscaled Channel detected at Tag AI_TK_030
4/24/2026 9:31:24 AM,202,Warning,WT8-GUI,83090789,HM,Overscaled Channel detected at Tag AI_TK_003
4/24/2026 9:31:24 AM,202,Warning,WT8-GUI,83090790,HM,Overscaled Channel detected at Tag AI_TK_004
4/24/2026 9:31:24 AM,202,Warning,WT8-GUI,83090791,HM,Overscaled Channel detected at Tag AI_TK_005
4/24/2026 9:31:24 AM,202,Warning,WT8-GUI,83090792,HM,Overscaled Channel detected at Tag AI_TK_006
4/24/2026 9:31:24 AM,202,Warning,WT8-GUI,83090793,HM,Overscaled Channel detected at Tag AI_TK_007
4/24/2026 9:31:24 AM,202,Warning,WT8-GUI,83090794,HM,Overscaled Channel detected at Tag AI_TK_008
4/24/2026 9:31:24 AM,202,Warning,WT8-GUI,83090795,HM,Overscaled Channel detected at Tag AI_Volts_Shunt_000
4/24/2026 9:31:24 AM,202,Warning,WT8-GUI,83090796,HM,Overscaled Channel detected at Tag AI_Volts_Shunt_001
4/24/2026 9:31:24 AM,202,Warning,WT8-GUI,83090797,HM,Overscaled Channel detected at Tag AI_Volts_Shunt_003
4/24/2026 9:31:24 AM,202,Warning,WT8-GUI,83090798,HM,Overscaled Channel detected at Tag AI_Volts_Shunt_004
4/24/2026 9:31:24 AM,202,Warning,WT8-GUI,83090799,HM,Overscaled Channel detected at Tag AI_Volts_Shunt_006
4/24/2026 9:31:24 AM,202,Warning,WT8-GUI,83090800,HM,Overscaled Channel detected at Tag AI_Volts_Shunt_007
4/24/2026 9:31:24 AM,202,Warning,WT8-GUI,83090801,HM,Overscaled Channel detected at Tag AI_Volts_Shunt_008
4/24/2026 9:31:24 AM,202,Warning,WT8-GUI,83090802,HM,Overscaled Channel detected at Tag AI_Volts_Shunt_009
4/24/2026 9:31:24 AM,202,Warning,WT8-GUI,83090803,HM,Overscaled Channel detected at Tag AI_Volts_Shunt_010
4/24/2026 9:31:24 AM,202,Warning,WT8-GUI,83090804,HM,Overscaled Channel detected at Tag AI_Volts_Shunt_011
4/24/2026 9:31:24 AM,202,Warning,WT8-GUI,83090805,HM,Overscaled Channel detected at Tag AI_Volts_Shunt_012
4/24/2026 9:31:24 AM,202,Warning,WT8-GUI,83090806,HM,Overscaled Channel detected at Tag AI_Volts_Shunt_013
4/24/2026 9:31:24 AM,202,Warning,WT8-GUI,83090807,HM,Overscaled Channel detected at Tag AI_Volts_Shunt_014
4/24/2026 9:31:24 AM,202,Warning,WT8-GUI,83090808,HM,Overscaled Channel detected at Tag AI_Volts_Shunt_015
4/24/2026 9:31:24 AM,202,Warning,WT8-GUI,83090809,HM,Overscaled Channel detected at Tag AI_Strain_000
4/24/2026 9:31:24 AM,202,Warning,WT8-GUI,83090810,HM,Overscaled Channel detected at Tag AI_Strain_001
4/24/2026 9:31:24 AM,202,Warning,WT8-GUI,83090811,HM,Overscaled Channel detected at Tag AI_Strain_002
4/24/2026 9:31:24 AM,202,Warning,WT8-GUI,83090812,HM,Overscaled Channel detected at Tag AI_Strain_003
4/24/2026 9:31:24 AM,202,Warning,WT8-GUI,83090813,HM,Overscaled Channel detected at Tag AI_Strain_004
4/24/2026 9:31:24 AM,202,Warning,WT8-GUI,83090814,HM,Overscaled Channel detected at Tag AI_Strain_005
4/24/2026 9:31:24 AM,202,Warning,WT8-GUI,83090815,HM,Overscaled Channel detected at Tag AI_Strain_006
4/24/2026 9:31:24 AM,202,Warning,WT8-GUI,83090816,HM,Overscaled Channel detected at Tag AI_Strain_007
4/24/2026 9:31:24 AM,202,Warning,WT8-GUI,83090817,HM,Overscaled Channel detected at Tag AI_TT_000
4/24/2026 9:31:24 AM,202,Warning,WT8-GUI,83090818,HM,Overscaled Channel detected at Tag AI_TT_009
4/24/2026 9:31:24 AM,202,Warning,WT8-GUI,83090819,HM,Overscaled Channel detected at Tag AI_TT_010
4/24/2026 9:31:24 AM,202,Warning,WT8-GUI,83090820,HM,Overscaled Channel detected at Tag AI_TT_011
4/24/2026 9:31:24 AM,202,Warning,WT8-GUI,83090821,HM,Overscaled Channel detected at Tag AI_TT_012
4/24/2026 9:31:24 AM,202,Warning,WT8-GUI,83090822,HM,Overscaled Channel detected at Tag AI_TT_013
4/24/2026 9:31:24 AM,202,Warning,WT8-GUI,83090823,HM,Overscaled Channel detected at Tag AI_TT_014
4/24/2026 9:31:24 AM,202,Warning,WT8-GUI,83090824,HM,Overscaled Channel detected at Tag AI_TT_015
4/24/2026 9:31:24 AM,202,Warning,WT8-GUI,83090825,HM,Overscaled Channel detected at Tag AI_TT_016
4/24/2026 9:31:24 AM,202,Warning,WT8-GUI,83090826,HM,Overscaled Channel detected at Tag AI_TT_003
4/24/2026 9:31:24 AM,202,Warning,WT8-GUI,83090827,HM,Overscaled Channel detected at Tag AI_TT_004
4/24/2026 9:31:24 AM,202,Warning,WT8-GUI,83090828,HM,Overscaled Channel detected at Tag AI_TT_005
4/24/2026 9:31:24 AM,202,Warning,WT8-GUI,83090829,HM,Overscaled Channel detected at Tag AI_TT_006
4/24/2026 9:31:24 AM,202,Warning,WT8-GUI,83090830,HM,Overscaled Channel detected at Tag AI_TT_007
4/24/2026 9:31:25 AM,202,Warning,WT8-GUI,83090831,HM,Overscaled Channel detected at Tag AI_TT_008
4/24/2026 9:32:10 AM,301005,Warning,WT8-GUI,83090832,OPC,OPC Server Graybox.Simulator.1 on host localhost has not updated data in 9 minute(s).
4/24/2026 9:32:24 AM,202,Warning,WT8-GUI,83090833,HM,Overscaled Channel detected at Tag AI_TK_021
4/24/2026 9:32:24 AM,202,Warning,WT8-GUI,83090834,HM,Overscaled Channel detected at Tag AI_TK_022
4/24/2026 9:32:24 AM,202,Warning,WT8-GUI,83090835,HM,Overscaled Channel detected at Tag AI_TK_023
4/24/2026 9:32:24 AM,202,Warning,WT8-GUI,83090836,HM,Overscaled Channel detected at Tag AI_TK_024
4/24/2026 9:32:24 AM,202,Warning,WT8-GUI,83090837,HM,Overscaled Channel detected at Tag AI_TK_025
4/24/2026 9:32:24 AM,202,Warning,WT8-GUI,83090838,HM,Overscaled Channel detected at Tag AI_TK_026
4/24/2026 9:32:24 AM,202,Warning,WT8-GUI,83090839,HM,Overscaled Channel detected at Tag AI_TK_027
4/24/2026 9:32:24 AM,202,Warning,WT8-GUI,83090840,HM,Overscaled Channel detected at Tag AI_TK_028
4/24/2026 9:32:24 AM,202,Warning,WT8-GUI,83090841,HM,Overscaled Channel detected at Tag AI_TK_002
4/24/2026 9:32:24 AM,202,Warning,WT8-GUI,83090842,HM,Overscaled Channel detected at Tag AI_TT_017
4/24/2026 9:32:24 AM,202,Warning,WT8-GUI,83090843,HM,Overscaled Channel detected at Tag AI_TT_018
4/24/2026 9:32:24 AM,202,Warning,WT8-GUI,83090844,HM,Overscaled Channel detected at Tag AI_TT_001
4/24/2026 9:32:24 AM,202,Warning,WT8-GUI,83090845,HM,Overscaled Channel detected at Tag AI_TT_019
4/24/2026 9:32:24 AM,202,Warning,WT8-GUI,83090846,HM,Overscaled Channel detected at Tag AI_TT_020
4/24/2026 9:32:24 AM,202,Warning,WT8-GUI,83090847,HM,Overscaled Channel detected at Tag AI_TT_021
4/24/2026 9:32:24 AM,202,Warning,WT8-GUI,83090848,HM,Overscaled Channel detected at Tag AI_TT_022
4/24/2026 9:32:24 AM,202,Warning,WT8-GUI,83090849,HM,Overscaled Channel detected at Tag AI_TT_023
4/24/2026 9:32:24 AM,202,Warning,WT8-GUI,83090850,HM,Overscaled Channel detected at Tag AI_TT_024
4/24/2026 9:32:24 AM,202,Warning,WT8-GUI,83090851,HM,Overscaled Channel detected at Tag AI_TT_025
4/24/2026 9:32:24 AM,202,Warning,WT8-GUI,83090852,HM,Overscaled Channel detected at Tag AI_TT_026
4/24/2026 9:32:24 AM,202,Warning,WT8-GUI,83090853,HM,Overscaled Channel detected at Tag AI_TT_027
4/24/2026 9:32:24 AM,202,Warning,WT8-GUI,83090854,HM,Overscaled Channel detected at Tag AI_TT_028
4/24/2026 9:32:24 AM,202,Warning,WT8-GUI,83090855,HM,Overscaled Channel detected at Tag AI_TT_002
4/24/2026 9:32:24 AM,202,Warning,WT8-GUI,83090856,HM,Overscaled Channel detected at Tag AI_TT_029
4/24/2026 9:32:24 AM,202,Warning,WT8-GUI,83090857,HM,Overscaled Channel detected at Tag AI_TT_030
4/24/2026 9:32:24 AM,202,Warning,WT8-GUI,83090858,HM,Overscaled Channel detected at Tag AI_TK_000
4/24/2026 9:32:24 AM,202,Warning,WT8-GUI,83090859,HM,Overscaled Channel detected at Tag AI_TK_009
4/24/2026 9:32:24 AM,202,Warning,WT8-GUI,83090860,HM,Overscaled Channel detected at Tag AI_TK_010
4/24/2026 9:32:24 AM,202,Warning,WT8-GUI,83090861,HM,Overscaled Channel detected at Tag AI_TK_011
4/24/2026 9:32:24 AM,202,Warning,WT8-GUI,83090862,HM,Overscaled Channel detected at Tag AI_TK_012
4/24/2026 9:32:24 AM,202,Warning,WT8-GUI,83090863,HM,Overscaled Channel detected at Tag AI_TK_013
4/24/2026 9:32:24 AM,202,Warning,WT8-GUI,83090864,HM,Overscaled Channel detected at Tag AI_TK_014
4/24/2026 9:32:24 AM,202,Warning,WT8-GUI,83090865,HM,Overscaled Channel detected at Tag AI_TK_015
4/24/2026 9:32:24 AM,202,Warning,WT8-GUI,83090866,HM,Overscaled Channel detected at Tag AI_TK_016
4/24/2026 9:32:24 AM,202,Warning,WT8-GUI,83090867,HM,Overscaled Channel detected at Tag AI_TK_017
4/24/2026 9:32:24 AM,202,Warning,WT8-GUI,83090868,HM,Overscaled Channel detected at Tag AI_TK_018
4/24/2026 9:32:24 AM,202,Warning,WT8-GUI,83090869,HM,Overscaled Channel detected at Tag AI_TK_001
4/24/2026 9:32:24 AM,202,Warning,WT8-GUI,83090870,HM,Overscaled Channel detected at Tag AI_TK_019
4/24/2026 9:32:24 AM,202,Warning,WT8-GUI,83090871,HM,Overscaled Channel detected at Tag AI_TK_020
4/24/2026 9:32:24 AM,202,Warning,WT8-GUI,83090872,HM,Overscaled Channel detected at Tag AI_TK_029
4/24/2026 9:32:24 AM,202,Warning,WT8-GUI,83090873,HM,Overscaled Channel detected at Tag AI_TK_030
4/24/2026 9:32:24 AM,202,Warning,WT8-GUI,83090874,HM,Overscaled Channel detected at Tag AI_TK_003
4/24/2026 9:32:24 AM,202,Warning,WT8-GUI,83090875,HM,Overscaled Channel detected at Tag AI_TK_004
4/24/2026 9:32:24 AM,202,Warning,WT8-GUI,83090876,HM,Overscaled Channel detected at Tag AI_TK_005
4/24/2026 9:32:24 AM,202,Warning,WT8-GUI,83090877,HM,Overscaled Channel detected at Tag AI_TK_006
4/24/2026 9:32:24 AM,202,Warning,WT8-GUI,83090878,HM,Overscaled Channel detected at Tag AI_TK_007
4/24/2026 9:32:24 AM,202,Warning,WT8-GUI,83090879,HM,Overscaled Channel detected at Tag AI_TK_008
4/24/2026 9:32:24 AM,202,Warning,WT8-GUI,83090880,HM,Overscaled Channel detected at Tag AI_Volts_Shunt_000
4/24/2026 9:32:24 AM,202,Warning,WT8-GUI,83090881,HM,Overscaled Channel detected at Tag AI_Volts_Shunt_001
4/24/2026 9:32:24 AM,202,Warning,WT8-GUI,83090882,HM,Overscaled Channel detected at Tag AI_Volts_Shunt_003
4/24/2026 9:32:24 AM,202,Warning,WT8-GUI,83090883,HM,Overscaled Channel detected at Tag AI_Volts_Shunt_004
4/24/2026 9:32:24 AM,202,Warning,WT8-GUI,83090884,HM,Overscaled Channel detected at Tag AI_Volts_Shunt_006
4/24/2026 9:32:24 AM,202,Warning,WT8-GUI,83090885,HM,Overscaled Channel detected at Tag AI_Volts_Shunt_007
4/24/2026 9:32:24 AM,202,Warning,WT8-GUI,83090886,HM,Overscaled Channel detected at Tag AI_Volts_Shunt_008
4/24/2026 9:32:24 AM,202,Warning,WT8-GUI,83090887,HM,Overscaled Channel detected at Tag AI_Volts_Shunt_009
4/24/2026 9:32:24 AM,202,Warning,WT8-GUI,83090888,HM,Overscaled Channel detected at Tag AI_Volts_Shunt_010
4/24/2026 9:32:24 AM,202,Warning,WT8-GUI,83090889,HM,Overscaled Channel detected at Tag AI_Volts_Shunt_011
4/24/2026 9:32:24 AM,202,Warning,WT8-GUI,83090890,HM,Overscaled Channel detected at Tag AI_Volts_Shunt_012
4/24/2026 9:32:24 AM,202,Warning,WT8-GUI,83090891,HM,Overscaled Channel detected at Tag AI_Volts_Shunt_013
4/24/2026 9:32:24 AM,202,Warning,WT8-GUI,83090892,HM,Overscaled Channel detected at Tag AI_Volts_Shunt_014
4/24/2026 9:32:24 AM,202,Warning,WT8-GUI,83090893,HM,Overscaled Channel detected at Tag AI_Volts_Shunt_015
4/24/2026 9:32:24 AM,202,Warning,WT8-GUI,83090894,HM,Overscaled Channel detected at Tag AI_Strain_000
4/24/2026 9:32:24 AM,202,Warning,WT8-GUI,83090895,HM,Overscaled Channel detected at Tag AI_Strain_001
4/24/2026 9:32:24 AM,202,Warning,WT8-GUI,83090896,HM,Overscaled Channel detected at Tag AI_Strain_002
4/24/2026 9:32:24 AM,202,Warning,WT8-GUI,83090897,HM,Overscaled Channel detected at Tag AI_Strain_003
4/24/2026 9:32:24 AM,202,Warning,WT8-GUI,83090898,HM,Overscaled Channel detected at Tag AI_Strain_004
4/24/2026 9:32:24 AM,202,Warning,WT8-GUI,83090899,HM,Overscaled Channel detected at Tag AI_Strain_005
4/24/2026 9:32:24 AM,202,Warning,WT8-GUI,83090900,HM,Overscaled Channel detected at Tag AI_Strain_006
4/24/2026 9:32:24 AM,202,Warning,WT8-GUI,83090901,HM,Overscaled Channel detected at Tag AI_Strain_007
4/24/2026 9:32:25 AM,202,Warning,WT8-GUI,83090902,HM,Overscaled Channel detected at Tag AI_TT_000
4/24/2026 9:32:25 AM,202,Warning,WT8-GUI,83090903,HM,Overscaled Channel detected at Tag AI_TT_009
4/24/2026 9:32:25 AM,202,Warning,WT8-GUI,83090904,HM,Overscaled Channel detected at Tag AI_TT_010
4/24/2026 9:32:25 AM,202,Warning,WT8-GUI,83090905,HM,Overscaled Channel detected at Tag AI_TT_011
4/24/2026 9:32:25 AM,202,Warning,WT8-GUI,83090906,HM,Overscaled Channel detected at Tag AI_TT_012
4/24/2026 9:32:25 AM,202,Warning,WT8-GUI,83090907,HM,Overscaled Channel detected at Tag AI_TT_013
4/24/2026 9:32:25 AM,202,Warning,WT8-GUI,83090908,HM,Overscaled Channel detected at Tag AI_TT_014
4/24/2026 9:32:25 AM,202,Warning,WT8-GUI,83090909,HM,Overscaled Channel detected at Tag AI_TT_015
4/24/2026 9:32:25 AM,202,Warning,WT8-GUI,83090910,HM,Overscaled Channel detected at Tag AI_TT_016
4/24/2026 9:32:25 AM,202,Warning,WT8-GUI,83090911,HM,Overscaled Channel detected at Tag AI_TT_003
4/24/2026 9:32:25 AM,202,Warning,WT8-GUI,83090912,HM,Overscaled Channel detected at Tag AI_TT_004
4/24/2026 9:32:25 AM,202,Warning,WT8-GUI,83090913,HM,Overscaled Channel detected at Tag AI_TT_005
4/24/2026 9:32:25 AM,202,Warning,WT8-GUI,83090914,HM,Overscaled Channel detected at Tag AI_TT_006
4/24/2026 9:32:25 AM,202,Warning,WT8-GUI,83090915,HM,Overscaled Channel detected at Tag AI_TT_007
4/24/2026 9:32:25 AM,202,Warning,WT8-GUI,83090916,HM,Overscaled Channel detected at Tag AI_TT_008
4/24/2026 9:33:10 AM,301005,Warning,WT8-GUI,83090917,OPC,OPC Server Graybox.Simulator.1 on host localhost has not updated data in 10 minute(s).
4/24/2026 9:33:24 AM,202,Warning,WT8-GUI,83090918,HM,Overscaled Channel detected at Tag AI_TK_021
4/24/2026 9:33:24 AM,202,Warning,WT8-GUI,83090919,HM,Overscaled Channel detected at Tag AI_TK_022
4/24/2026 9:33:24 AM,202,Warning,WT8-GUI,83090920,HM,Overscaled Channel detected at Tag AI_TK_023
4/24/2026 9:33:24 AM,202,Warning,WT8-GUI,83090921,HM,Overscaled Channel detected at Tag AI_TK_024
4/24/2026 9:33:24 AM,202,Warning,WT8-GUI,83090922,HM,Overscaled Channel detected at Tag AI_TK_025
4/24/2026 9:33:24 AM,202,Warning,WT8-GUI,83090923,HM,Overscaled Channel detected at Tag AI_TK_026
4/24/2026 9:33:24 AM,202,Warning,WT8-GUI,83090924,HM,Overscaled Channel detected at Tag AI_TK_027
4/24/2026 9:33:24 AM,202,Warning,WT8-GUI,83090925,HM,Overscaled Channel detected at Tag AI_TK_028
4/24/2026 9:33:24 AM,202,Warning,WT8-GUI,83090926,HM,Overscaled Channel detected at Tag AI_TK_002
4/24/2026 9:33:24 AM,202,Warning,WT8-GUI,83090927,HM,Overscaled Channel detected at Tag AI_TT_017
4/24/2026 9:33:24 AM,202,Warning,WT8-GUI,83090928,HM,Overscaled Channel detected at Tag AI_TT_018
4/24/2026 9:33:24 AM,202,Warning,WT8-GUI,83090929,HM,Overscaled Channel detected at Tag AI_TT_001
4/24/2026 9:33:24 AM,202,Warning,WT8-GUI,83090930,HM,Overscaled Channel detected at Tag AI_TT_019
4/24/2026 9:33:24 AM,202,Warning,WT8-GUI,83090931,HM,Overscaled Channel detected at Tag AI_TT_020
4/24/2026 9:33:24 AM,202,Warning,WT8-GUI,83090932,HM,Overscaled Channel detected at Tag AI_TT_021
4/24/2026 9:33:24 AM,202,Warning,WT8-GUI,83090933,HM,Overscaled Channel detected at Tag AI_TT_022
4/24/2026 9:33:24 AM,202,Warning,WT8-GUI,83090934,HM,Overscaled Channel detected at Tag AI_TT_023
4/24/2026 9:33:24 AM,202,Warning,WT8-GUI,83090935,HM,Overscaled Channel detected at Tag AI_TT_024
4/24/2026 9:33:24 AM,202,Warning,WT8-GUI,83090936,HM,Overscaled Channel detected at Tag AI_TT_025
4/24/2026 9:33:24 AM,202,Warning,WT8-GUI,83090937,HM,Overscaled Channel detected at Tag AI_TT_026
4/24/2026 9:33:24 AM,202,Warning,WT8-GUI,83090938,HM,Overscaled Channel detected at Tag AI_TT_027
4/24/2026 9:33:24 AM,202,Warning,WT8-GUI,83090939,HM,Overscaled Channel detected at Tag AI_TT_028
4/24/2026 9:33:24 AM,202,Warning,WT8-GUI,83090940,HM,Overscaled Channel detected at Tag AI_TT_002
4/24/2026 9:33:24 AM,202,Warning,WT8-GUI,83090941,HM,Overscaled Channel detected at Tag AI_TT_029
4/24/2026 9:33:24 AM,202,Warning,WT8-GUI,83090942,HM,Overscaled Channel detected at Tag AI_TT_030
4/24/2026 9:33:24 AM,202,Warning,WT8-GUI,83090943,HM,Overscaled Channel detected at Tag AI_Volts_Shunt_000
4/24/2026 9:33:24 AM,202,Warning,WT8-GUI,83090944,HM,Overscaled Channel detected at Tag AI_Volts_Shunt_001
4/24/2026 9:33:24 AM,202,Warning,WT8-GUI,83090945,HM,Overscaled Channel detected at Tag AI_Volts_Shunt_003
4/24/2026 9:33:24 AM,202,Warning,WT8-GUI,83090946,HM,Overscaled Channel detected at Tag AI_Volts_Shunt_004
4/24/2026 9:33:24 AM,202,Warning,WT8-GUI,83090947,HM,Overscaled Channel detected at Tag AI_Volts_Shunt_006
4/24/2026 9:33:24 AM,202,Warning,WT8-GUI,83090948,HM,Overscaled Channel detected at Tag AI_Volts_Shunt_007
4/24/2026 9:33:24 AM,202,Warning,WT8-GUI,83090949,HM,Overscaled Channel detected at Tag AI_Volts_Shunt_008
4/24/2026 9:33:24 AM,202,Warning,WT8-GUI,83090950,HM,Overscaled Channel detected at Tag AI_Volts_Shunt_009
4/24/2026 9:33:24 AM,202,Warning,WT8-GUI,83090951,HM,Overscaled Channel detected at Tag AI_Volts_Shunt_010
4/24/2026 9:33:24 AM,202,Warning,WT8-GUI,83090952,HM,Overscaled Channel detected at Tag AI_Volts_Shunt_011
4/24/2026 9:33:24 AM,202,Warning,WT8-GUI,83090953,HM,Overscaled Channel detected at Tag AI_Volts_Shunt_012
4/24/2026 9:33:24 AM,202,Warning,WT8-GUI,83090954,HM,Overscaled Channel detected at Tag AI_Volts_Shunt_013
4/24/2026 9:33:24 AM,202,Warning,WT8-GUI,83090955,HM,Overscaled Channel detected at Tag AI_Volts_Shunt_014
4/24/2026 9:33:24 AM,202,Warning,WT8-GUI,83090956,HM,Overscaled Channel detected at Tag AI_Volts_Shunt_015
4/24/2026 9:33:24 AM,202,Warning,WT8-GUI,83090957,HM,Overscaled Channel detected at Tag AI_Strain_000
4/24/2026 9:33:24 AM,202,Warning,WT8-GUI,83090958,HM,Overscaled Channel detected at Tag AI_Strain_001
4/24/2026 9:33:24 AM,202,Warning,WT8-GUI,83090959,HM,Overscaled Channel detected at Tag AI_Strain_002
4/24/2026 9:33:24 AM,202,Warning,WT8-GUI,83090960,HM,Overscaled Channel detected at Tag AI_Strain_003
4/24/2026 9:33:24 AM,202,Warning,WT8-GUI,83090961,HM,Overscaled Channel detected at Tag AI_Strain_004
4/24/2026 9:33:24 AM,202,Warning,WT8-GUI,83090962,HM,Overscaled Channel detected at Tag AI_Strain_005
4/24/2026 9:33:24 AM,202,Warning,WT8-GUI,83090963,HM,Overscaled Channel detected at Tag AI_Strain_006
4/24/2026 9:33:24 AM,202,Warning,WT8-GUI,83090964,HM,Overscaled Channel detected at Tag AI_Strain_007
4/24/2026 9:33:24 AM,202,Warning,WT8-GUI,83090965,HM,Overscaled Channel detected at Tag AI_TT_007
4/24/2026 9:33:24 AM,202,Warning,WT8-GUI,83090966,HM,Overscaled Channel detected at Tag AI_TT_008
4/24/2026 9:33:24 AM,202,Warning,WT8-GUI,83090967,HM,Overscaled Channel detected at Tag AI_TK_000
4/24/2026 9:33:24 AM,202,Warning,WT8-GUI,83090968,HM,Overscaled Channel detected at Tag AI_TK_009
4/24/2026 9:33:24 AM,202,Warning,WT8-GUI,83090969,HM,Overscaled Channel detected at Tag AI_TK_010
4/24/2026 9:33:24 AM,202,Warning,WT8-GUI,83090970,HM,Overscaled Channel detected at Tag AI_TK_011
4/24/2026 9:33:24 AM,202,Warning,WT8-GUI,83090971,HM,Overscaled Channel detected at Tag AI_TK_012
4/24/2026 9:33:24 AM,202,Warning,WT8-GUI,83090972,HM,Overscaled Channel detected at Tag AI_TK_013
4/24/2026 9:33:24 AM,202,Warning,WT8-GUI,83090973,HM,Overscaled Channel detected at Tag AI_TK_014
4/24/2026 9:33:24 AM,202,Warning,WT8-GUI,83090974,HM,Overscaled Channel detected at Tag AI_TK_015
4/24/2026 9:33:24 AM,202,Warning,WT8-GUI,83090975,HM,Overscaled Channel detected at Tag AI_TK_016
4/24/2026 9:33:24 AM,202,Warning,WT8-GUI,83090976,HM,Overscaled Channel detected at Tag AI_TK_017
4/24/2026 9:33:24 AM,202,Warning,WT8-GUI,83090977,HM,Overscaled Channel detected at Tag AI_TK_018
4/24/2026 9:33:24 AM,202,Warning,WT8-GUI,83090978,HM,Overscaled Channel detected at Tag AI_TK_001
4/24/2026 9:33:24 AM,202,Warning,WT8-GUI,83090979,HM,Overscaled Channel detected at Tag AI_TK_019
4/24/2026 9:33:24 AM,202,Warning,WT8-GUI,83090980,HM,Overscaled Channel detected at Tag AI_TK_020
4/24/2026 9:33:24 AM,202,Warning,WT8-GUI,83090981,HM,Overscaled Channel detected at Tag AI_TK_029
4/24/2026 9:33:24 AM,202,Warning,WT8-GUI,83090982,HM,Overscaled Channel detected at Tag AI_TK_030
4/24/2026 9:33:24 AM,202,Warning,WT8-GUI,83090983,HM,Overscaled Channel detected at Tag AI_TK_003
4/24/2026 9:33:24 AM,202,Warning,WT8-GUI,83090984,HM,Overscaled Channel detected at Tag AI_TK_004
4/24/2026 9:33:24 AM,202,Warning,WT8-GUI,83090985,HM,Overscaled Channel detected at Tag AI_TK_005
4/24/2026 9:33:24 AM,202,Warning,WT8-GUI,83090986,HM,Overscaled Channel detected at Tag AI_TK_006
4/24/2026 9:33:24 AM,202,Warning,WT8-GUI,83090987,HM,Overscaled Channel detected at Tag AI_TK_007
4/24/2026 9:33:24 AM,202,Warning,WT8-GUI,83090988,HM,Overscaled Channel detected at Tag AI_TK_008
4/24/2026 9:33:24 AM,202,Warning,WT8-GUI,83090989,HM,Overscaled Channel detected at Tag AI_TT_000
4/24/2026 9:33:24 AM,202,Warning,WT8-GUI,83090990,HM,Overscaled Channel detected at Tag AI_TT_009
4/24/2026 9:33:24 AM,202,Warning,WT8-GUI,83090991,HM,Overscaled Channel detected at Tag AI_TT_010
4/24/2026 9:33:24 AM,202,Warning,WT8-GUI,83090992,HM,Overscaled Channel detected at Tag AI_TT_011
4/24/2026 9:33:25 AM,202,Warning,WT8-GUI,83090993,HM,Overscaled Channel detected at Tag AI_TT_012
4/24/2026 9:33:25 AM,202,Warning,WT8-GUI,83090994,HM,Overscaled Channel detected at Tag AI_TT_013
4/24/2026 9:33:25 AM,202,Warning,WT8-GUI,83090995,HM,Overscaled Channel detected at Tag AI_TT_014
4/24/2026 9:33:25 AM,202,Warning,WT8-GUI,83090996,HM,Overscaled Channel detected at Tag AI_TT_015
4/24/2026 9:33:25 AM,202,Warning,WT8-GUI,83090997,HM,Overscaled Channel detected at Tag AI_TT_016
4/24/2026 9:33:25 AM,202,Warning,WT8-GUI,83090998,HM,Overscaled Channel detected at Tag AI_TT_003
4/24/2026 9:33:25 AM,202,Warning,WT8-GUI,83090999,HM,Overscaled Channel detected at Tag AI_TT_004
4/24/2026 9:33:25 AM,202,Warning,WT8-GUI,83091000,HM,Overscaled Channel detected at Tag AI_TT_005
4/24/2026 9:33:25 AM,202,Warning,WT8-GUI,83091001,HM,Overscaled Channel detected at Tag AI_TT_006
4/24/2026 9:34:10 AM,301005,Warning,WT8-GUI,83091002,OPC,OPC Server Graybox.Simulator.1 on host localhost has not updated data in 11 minute(s).
4/24/2026 9:34:24 AM,202,Warning,WT8-GUI,83091003,HM,Overscaled Channel detected at Tag AI_TK_021
4/24/2026 9:34:24 AM,202,Warning,WT8-GUI,83091004,HM,Overscaled Channel detected at Tag AI_TK_022
4/24/2026 9:34:24 AM,202,Warning,WT8-GUI,83091005,HM,Overscaled Channel detected at Tag AI_TK_023
4/24/2026 9:34:24 AM,202,Warning,WT8-GUI,83091006,HM,Overscaled Channel detected at Tag AI_TK_024
4/24/2026 9:34:24 AM,202,Warning,WT8-GUI,83091007,HM,Overscaled Channel detected at Tag AI_TK_025
4/24/2026 9:34:24 AM,202,Warning,WT8-GUI,83091008,HM,Overscaled Channel detected at Tag AI_TK_026
4/24/2026 9:34:24 AM,202,Warning,WT8-GUI,83091009,HM,Overscaled Channel detected at Tag AI_TK_027
4/24/2026 9:34:24 AM,202,Warning,WT8-GUI,83091010,HM,Overscaled Channel detected at Tag AI_TK_028
4/24/2026 9:34:24 AM,202,Warning,WT8-GUI,83091011,HM,Overscaled Channel detected at Tag AI_TK_002
4/24/2026 9:34:24 AM,202,Warning,WT8-GUI,83091012,HM,Overscaled Channel detected at Tag AI_TT_017
4/24/2026 9:34:24 AM,202,Warning,WT8-GUI,83091013,HM,Overscaled Channel detected at Tag AI_TT_018
4/24/2026 9:34:24 AM,202,Warning,WT8-GUI,83091014,HM,Overscaled Channel detected at Tag AI_TT_001
4/24/2026 9:34:24 AM,202,Warning,WT8-GUI,83091015,HM,Overscaled Channel detected at Tag AI_TT_019
4/24/2026 9:34:24 AM,202,Warning,WT8-GUI,83091016,HM,Overscaled Channel detected at Tag AI_TT_020
4/24/2026 9:34:24 AM,202,Warning,WT8-GUI,83091017,HM,Overscaled Channel detected at Tag AI_TT_021
4/24/2026 9:34:24 AM,202,Warning,WT8-GUI,83091018,HM,Overscaled Channel detected at Tag AI_TT_022
4/24/2026 9:34:24 AM,202,Warning,WT8-GUI,83091019,HM,Overscaled Channel detected at Tag AI_TT_023
4/24/2026 9:34:24 AM,202,Warning,WT8-GUI,83091020,HM,Overscaled Channel detected at Tag AI_TT_024
4/24/2026 9:34:24 AM,202,Warning,WT8-GUI,83091021,HM,Overscaled Channel detected at Tag AI_TT_025
4/24/2026 9:34:24 AM,202,Warning,WT8-GUI,83091022,HM,Overscaled Channel detected at Tag AI_TT_026
4/24/2026 9:34:24 AM,202,Warning,WT8-GUI,83091023,HM,Overscaled Channel detected at Tag AI_TT_027
4/24/2026 9:34:24 AM,202,Warning,WT8-GUI,83091024,HM,Overscaled Channel detected at Tag AI_TT_028
4/24/2026 9:34:24 AM,202,Warning,WT8-GUI,83091025,HM,Overscaled Channel detected at Tag AI_TT_002
4/24/2026 9:34:24 AM,202,Warning,WT8-GUI,83091026,HM,Overscaled Channel detected at Tag AI_TT_029
4/24/2026 9:34:24 AM,202,Warning,WT8-GUI,83091027,HM,Overscaled Channel detected at Tag AI_TT_030
4/24/2026 9:34:24 AM,202,Warning,WT8-GUI,83091028,HM,Overscaled Channel detected at Tag AI_TK_000
4/24/2026 9:34:24 AM,202,Warning,WT8-GUI,83091029,HM,Overscaled Channel detected at Tag AI_TK_009
4/24/2026 9:34:24 AM,202,Warning,WT8-GUI,83091030,HM,Overscaled Channel detected at Tag AI_TK_010
4/24/2026 9:34:24 AM,202,Warning,WT8-GUI,83091031,HM,Overscaled Channel detected at Tag AI_TK_011
4/24/2026 9:34:24 AM,202,Warning,WT8-GUI,83091032,HM,Overscaled Channel detected at Tag AI_TK_012
4/24/2026 9:34:24 AM,202,Warning,WT8-GUI,83091033,HM,Overscaled Channel detected at Tag AI_TK_013
4/24/2026 9:34:24 AM,202,Warning,WT8-GUI,83091034,HM,Overscaled Channel detected at Tag AI_TK_014
4/24/2026 9:34:24 AM,202,Warning,WT8-GUI,83091035,HM,Overscaled Channel detected at Tag AI_TK_015
4/24/2026 9:34:24 AM,202,Warning,WT8-GUI,83091036,HM,Overscaled Channel detected at Tag AI_TK_016
4/24/2026 9:34:24 AM,202,Warning,WT8-GUI,83091037,HM,Overscaled Channel detected at Tag AI_TK_017
4/24/2026 9:34:24 AM,202,Warning,WT8-GUI,83091038,HM,Overscaled Channel detected at Tag AI_TK_018
4/24/2026 9:34:24 AM,202,Warning,WT8-GUI,83091039,HM,Overscaled Channel detected at Tag AI_TK_001
4/24/2026 9:34:24 AM,202,Warning,WT8-GUI,83091040,HM,Overscaled Channel detected at Tag AI_TK_019
4/24/2026 9:34:24 AM,202,Warning,WT8-GUI,83091041,HM,Overscaled Channel detected at Tag AI_TK_020
4/24/2026 9:34:24 AM,202,Warning,WT8-GUI,83091042,HM,Overscaled Channel detected at Tag AI_TK_029
4/24/2026 9:34:24 AM,202,Warning,WT8-GUI,83091043,HM,Overscaled Channel detected at Tag AI_TK_030
4/24/2026 9:34:24 AM,202,Warning,WT8-GUI,83091044,HM,Overscaled Channel detected at Tag AI_TK_003
4/24/2026 9:34:24 AM,202,Warning,WT8-GUI,83091045,HM,Overscaled Channel detected at Tag AI_TK_004
4/24/2026 9:34:24 AM,202,Warning,WT8-GUI,83091046,HM,Overscaled Channel detected at Tag AI_TK_005
4/24/2026 9:34:24 AM,202,Warning,WT8-GUI,83091047,HM,Overscaled Channel detected at Tag AI_TK_006
4/24/2026 9:34:24 AM,202,Warning,WT8-GUI,83091048,HM,Overscaled Channel detected at Tag AI_TK_007
4/24/2026 9:34:24 AM,202,Warning,WT8-GUI,83091049,HM,Overscaled Channel detected at Tag AI_TK_008
4/24/2026 9:34:24 AM,202,Warning,WT8-GUI,83091050,HM,Overscaled Channel detected at Tag AI_Volts_Shunt_000
4/24/2026 9:34:24 AM,202,Warning,WT8-GUI,83091051,HM,Overscaled Channel detected at Tag AI_Volts_Shunt_001
4/24/2026 9:34:24 AM,202,Warning,WT8-GUI,83091052,HM,Overscaled Channel detected at Tag AI_Volts_Shunt_003
4/24/2026 9:34:24 AM,202,Warning,WT8-GUI,83091053,HM,Overscaled Channel detected at Tag AI_Volts_Shunt_004
4/24/2026 9:34:24 AM,202,Warning,WT8-GUI,83091054,HM,Overscaled Channel detected at Tag AI_Volts_Shunt_006
4/24/2026 9:34:24 AM,202,Warning,WT8-GUI,83091055,HM,Overscaled Channel detected at Tag AI_Volts_Shunt_007
4/24/2026 9:34:24 AM,202,Warning,WT8-GUI,83091056,HM,Overscaled Channel detected at Tag AI_Volts_Shunt_008
4/24/2026 9:34:24 AM,202,Warning,WT8-GUI,83091057,HM,Overscaled Channel detected at Tag AI_Volts_Shunt_009
4/24/2026 9:34:24 AM,202,Warning,WT8-GUI,83091058,HM,Overscaled Channel detected at Tag AI_Volts_Shunt_010
4/24/2026 9:34:24 AM,202,Warning,WT8-GUI,83091059,HM,Overscaled Channel detected at Tag AI_Volts_Shunt_011
4/24/2026 9:34:24 AM,202,Warning,WT8-GUI,83091060,HM,Overscaled Channel detected at Tag AI_Volts_Shunt_012
4/24/2026 9:34:25 AM,202,Warning,WT8-GUI,83091061,HM,Overscaled Channel detected at Tag AI_Volts_Shunt_013
4/24/2026 9:34:25 AM,202,Warning,WT8-GUI,83091062,HM,Overscaled Channel detected at Tag AI_Volts_Shunt_014
4/24/2026 9:34:25 AM,202,Warning,WT8-GUI,83091063,HM,Overscaled Channel detected at Tag AI_Volts_Shunt_015
4/24/2026 9:34:25 AM,202,Warning,WT8-GUI,83091064,HM,Overscaled Channel detected at Tag AI_Strain_000
4/24/2026 9:34:25 AM,202,Warning,WT8-GUI,83091065,HM,Overscaled Channel detected at Tag AI_Strain_001
4/24/2026 9:34:25 AM,202,Warning,WT8-GUI,83091066,HM,Overscaled Channel detected at Tag AI_Strain_002
4/24/2026 9:34:25 AM,202,Warning,WT8-GUI,83091067,HM,Overscaled Channel detected at Tag AI_Strain_003
4/24/2026 9:34:25 AM,202,Warning,WT8-GUI,83091068,HM,Overscaled Channel detected at Tag AI_Strain_004
4/24/2026 9:34:25 AM,202,Warning,WT8-GUI,83091069,HM,Overscaled Channel detected at Tag AI_Strain_005
4/24/2026 9:34:25 AM,202,Warning,WT8-GUI,83091070,HM,Overscaled Channel detected at Tag AI_Strain_006
4/24/2026 9:34:25 AM,202,Warning,WT8-GUI,83091071,HM,Overscaled Channel detected at Tag AI_Strain_007
4/24/2026 9:34:25 AM,202,Warning,WT8-GUI,83091072,HM,Overscaled Channel detected at Tag AI_TT_000
4/24/2026 9:34:25 AM,202,Warning,WT8-GUI,83091073,HM,Overscaled Channel detected at Tag AI_TT_009
4/24/2026 9:34:25 AM,202,Warning,WT8-GUI,83091074,HM,Overscaled Channel detected at Tag AI_TT_010
4/24/2026 9:34:25 AM,202,Warning,WT8-GUI,83091075,HM,Overscaled Channel detected at Tag AI_TT_011
4/24/2026 9:34:25 AM,202,Warning,WT8-GUI,83091076,HM,Overscaled Channel detected at Tag AI_TT_012
4/24/2026 9:34:25 AM,202,Warning,WT8-GUI,83091077,HM,Overscaled Channel detected at Tag AI_TT_013
4/24/2026 9:34:25 AM,202,Warning,WT8-GUI,83091078,HM,Overscaled Channel detected at Tag AI_TT_014
4/24/2026 9:34:25 AM,202,Warning,WT8-GUI,83091079,HM,Overscaled Channel detected at Tag AI_TT_015
4/24/2026 9:34:25 AM,202,Warning,WT8-GUI,83091080,HM,Overscaled Channel detected at Tag AI_TT_016
4/24/2026 9:34:25 AM,202,Warning,WT8-GUI,83091081,HM,Overscaled Channel detected at Tag AI_TT_003
4/24/2026 9:34:25 AM,202,Warning,WT8-GUI,83091082,HM,Overscaled Channel detected at Tag AI_TT_004
4/24/2026 9:34:25 AM,202,Warning,WT8-GUI,83091083,HM,Overscaled Channel detected at Tag AI_TT_005
4/24/2026 9:34:25 AM,202,Warning,WT8-GUI,83091084,HM,Overscaled Channel detected at Tag AI_TT_006
4/24/2026 9:34:25 AM,202,Warning,WT8-GUI,83091085,HM,Overscaled Channel detected at Tag AI_TT_007
4/24/2026 9:34:25 AM,202,Warning,WT8-GUI,83091086,HM,Overscaled Channel detected at Tag AI_TT_008
4/24/2026 9:35:10 AM,301005,Warning,WT8-GUI,83091087,OPC,OPC Server Graybox.Simulator.1 on host localhost has not updated data in 12 minute(s).
4/24/2026 9:35:24 AM,202,Warning,WT8-GUI,83091088,HM,Overscaled Channel detected at Tag AI_TK_021
4/24/2026 9:35:24 AM,202,Warning,WT8-GUI,83091089,HM,Overscaled Channel detected at Tag AI_TK_022
4/24/2026 9:35:24 AM,202,Warning,WT8-GUI,83091090,HM,Overscaled Channel detected at Tag AI_TK_023
4/24/2026 9:35:24 AM,202,Warning,WT8-GUI,83091091,HM,Overscaled Channel detected at Tag AI_TK_024
4/24/2026 9:35:24 AM,202,Warning,WT8-GUI,83091092,HM,Overscaled Channel detected at Tag AI_TK_025
4/24/2026 9:35:24 AM,202,Warning,WT8-GUI,83091093,HM,Overscaled Channel detected at Tag AI_TK_026
4/24/2026 9:35:24 AM,202,Warning,WT8-GUI,83091094,HM,Overscaled Channel detected at Tag AI_TK_027
4/24/2026 9:35:24 AM,202,Warning,WT8-GUI,83091095,HM,Overscaled Channel detected at Tag AI_TK_028
4/24/2026 9:35:24 AM,202,Warning,WT8-GUI,83091096,HM,Overscaled Channel detected at Tag AI_TK_002
4/24/2026 9:35:24 AM,202,Warning,WT8-GUI,83091097,HM,Overscaled Channel detected at Tag AI_TT_017
4/24/2026 9:35:24 AM,202,Warning,WT8-GUI,83091098,HM,Overscaled Channel detected at Tag AI_TT_018
4/24/2026 9:35:24 AM,202,Warning,WT8-GUI,83091099,HM,Overscaled Channel detected at Tag AI_TT_001
4/24/2026 9:35:24 AM,202,Warning,WT8-GUI,83091100,HM,Overscaled Channel detected at Tag AI_TT_019
4/24/2026 9:35:24 AM,202,Warning,WT8-GUI,83091101,HM,Overscaled Channel detected at Tag AI_TT_020
4/24/2026 9:35:24 AM,202,Warning,WT8-GUI,83091102,HM,Overscaled Channel detected at Tag AI_TT_021
4/24/2026 9:35:24 AM,202,Warning,WT8-GUI,83091103,HM,Overscaled Channel detected at Tag AI_TT_022
4/24/2026 9:35:24 AM,202,Warning,WT8-GUI,83091104,HM,Overscaled Channel detected at Tag AI_TT_023
4/24/2026 9:35:24 AM,202,Warning,WT8-GUI,83091105,HM,Overscaled Channel detected at Tag AI_TT_024
4/24/2026 9:35:24 AM,202,Warning,WT8-GUI,83091106,HM,Overscaled Channel detected at Tag AI_TT_025
4/24/2026 9:35:24 AM,202,Warning,WT8-GUI,83091107,HM,Overscaled Channel detected at Tag AI_TT_026
4/24/2026 9:35:24 AM,202,Warning,WT8-GUI,83091108,HM,Overscaled Channel detected at Tag AI_TT_027
4/24/2026 9:35:24 AM,202,Warning,WT8-GUI,83091109,HM,Overscaled Channel detected at Tag AI_TT_028
4/24/2026 9:35:24 AM,202,Warning,WT8-GUI,83091110,HM,Overscaled Channel detected at Tag AI_TT_002
4/24/2026 9:35:24 AM,202,Warning,WT8-GUI,83091111,HM,Overscaled Channel detected at Tag AI_TT_029
4/24/2026 9:35:24 AM,202,Warning,WT8-GUI,83091112,HM,Overscaled Channel detected at Tag AI_TT_030
4/24/2026 9:35:24 AM,202,Warning,WT8-GUI,83091113,HM,Overscaled Channel detected at Tag AI_TK_014
4/24/2026 9:35:24 AM,202,Warning,WT8-GUI,83091114,HM,Overscaled Channel detected at Tag AI_TK_015
4/24/2026 9:35:24 AM,202,Warning,WT8-GUI,83091115,HM,Overscaled Channel detected at Tag AI_TK_016
4/24/2026 9:35:24 AM,202,Warning,WT8-GUI,83091116,HM,Overscaled Channel detected at Tag AI_TK_017
4/24/2026 9:35:24 AM,202,Warning,WT8-GUI,83091117,HM,Overscaled Channel detected at Tag AI_TK_018
4/24/2026 9:35:24 AM,202,Warning,WT8-GUI,83091118,HM,Overscaled Channel detected at Tag AI_TK_001
4/24/2026 9:35:24 AM,202,Warning,WT8-GUI,83091119,HM,Overscaled Channel detected at Tag AI_TK_019
4/24/2026 9:35:24 AM,202,Warning,WT8-GUI,83091120,HM,Overscaled Channel detected at Tag AI_TK_020
4/24/2026 9:35:24 AM,202,Warning,WT8-GUI,83091121,HM,Overscaled Channel detected at Tag AI_TK_029
4/24/2026 9:35:24 AM,202,Warning,WT8-GUI,83091122,HM,Overscaled Channel detected at Tag AI_TK_000
4/24/2026 9:35:24 AM,202,Warning,WT8-GUI,83091123,HM,Overscaled Channel detected at Tag AI_TK_009
4/24/2026 9:35:24 AM,202,Warning,WT8-GUI,83091124,HM,Overscaled Channel detected at Tag AI_TK_010
4/24/2026 9:35:24 AM,202,Warning,WT8-GUI,83091125,HM,Overscaled Channel detected at Tag AI_TK_011
4/24/2026 9:35:24 AM,202,Warning,WT8-GUI,83091126,HM,Overscaled Channel detected at Tag AI_TK_012
4/24/2026 9:35:24 AM,202,Warning,WT8-GUI,83091127,HM,Overscaled Channel detected at Tag AI_TK_013
4/24/2026 9:35:24 AM,202,Warning,WT8-GUI,83091128,HM,Overscaled Channel detected at Tag AI_TK_030
4/24/2026 9:35:24 AM,202,Warning,WT8-GUI,83091129,HM,Overscaled Channel detected at Tag AI_TK_003
4/24/2026 9:35:24 AM,202,Warning,WT8-GUI,83091130,HM,Overscaled Channel detected at Tag AI_TK_004
4/24/2026 9:35:24 AM,202,Warning,WT8-GUI,83091131,HM,Overscaled Channel detected at Tag AI_TK_005
4/24/2026 9:35:24 AM,202,Warning,WT8-GUI,83091132,HM,Overscaled Channel detected at Tag AI_TK_006
4/24/2026 9:35:24 AM,202,Warning,WT8-GUI,83091133,HM,Overscaled Channel detected at Tag AI_TK_007
4/24/2026 9:35:24 AM,202,Warning,WT8-GUI,83091134,HM,Overscaled Channel detected at Tag AI_TK_008
4/24/2026 9:35:24 AM,202,Warning,WT8-GUI,83091135,HM,Overscaled Channel detected at Tag AI_Volts_Shunt_000
4/24/2026 9:35:24 AM,202,Warning,WT8-GUI,83091136,HM,Overscaled Channel detected at Tag AI_Volts_Shunt_001
4/24/2026 9:35:24 AM,202,Warning,WT8-GUI,83091137,HM,Overscaled Channel detected at Tag AI_Volts_Shunt_003
4/24/2026 9:35:24 AM,202,Warning,WT8-GUI,83091138,HM,Overscaled Channel detected at Tag AI_Volts_Shunt_004
4/24/2026 9:35:24 AM,202,Warning,WT8-GUI,83091139,HM,Overscaled Channel detected at Tag AI_Volts_Shunt_006
4/24/2026 9:35:25 AM,202,Warning,WT8-GUI,83091140,HM,Overscaled Channel detected at Tag AI_Volts_Shunt_007
4/24/2026 9:35:25 AM,202,Warning,WT8-GUI,83091141,HM,Overscaled Channel detected at Tag AI_Volts_Shunt_008
4/24/2026 9:35:25 AM,202,Warning,WT8-GUI,83091142,HM,Overscaled Channel detected at Tag AI_Volts_Shunt_009
4/24/2026 9:35:25 AM,202,Warning,WT8-GUI,83091143,HM,Overscaled Channel detected at Tag AI_Volts_Shunt_010
4/24/2026 9:35:25 AM,202,Warning,WT8-GUI,83091144,HM,Overscaled Channel detected at Tag AI_Volts_Shunt_011
4/24/2026 9:35:25 AM,202,Warning,WT8-GUI,83091145,HM,Overscaled Channel detected at Tag AI_Volts_Shunt_012
4/24/2026 9:35:25 AM,202,Warning,WT8-GUI,83091146,HM,Overscaled Channel detected at Tag AI_Volts_Shunt_013
4/24/2026 9:35:25 AM,202,Warning,WT8-GUI,83091147,HM,Overscaled Channel detected at Tag AI_Volts_Shunt_014
4/24/2026 9:35:25 AM,202,Warning,WT8-GUI,83091148,HM,Overscaled Channel detected at Tag AI_Volts_Shunt_015
4/24/2026 9:35:25 AM,202,Warning,WT8-GUI,83091149,HM,Overscaled Channel detected at Tag AI_Strain_000
4/24/2026 9:35:25 AM,202,Warning,WT8-GUI,83091150,HM,Overscaled Channel detected at Tag AI_Strain_001
4/24/2026 9:35:25 AM,202,Warning,WT8-GUI,83091151,HM,Overscaled Channel detected at Tag AI_Strain_002
4/24/2026 9:35:25 AM,202,Warning,WT8-GUI,83091152,HM,Overscaled Channel detected at Tag AI_Strain_003
4/24/2026 9:35:25 AM,202,Warning,WT8-GUI,83091153,HM,Overscaled Channel detected at Tag AI_Strain_004
4/24/2026 9:35:25 AM,202,Warning,WT8-GUI,83091154,HM,Overscaled Channel detected at Tag AI_Strain_005
4/24/2026 9:35:25 AM,202,Warning,WT8-GUI,83091155,HM,Overscaled Channel detected at Tag AI_Strain_006
4/24/2026 9:35:25 AM,202,Warning,WT8-GUI,83091156,HM,Overscaled Channel detected at Tag AI_Strain_007
4/24/2026 9:35:25 AM,202,Warning,WT8-GUI,83091157,HM,Overscaled Channel detected at Tag AI_TT_000
4/24/2026 9:35:25 AM,202,Warning,WT8-GUI,83091158,HM,Overscaled Channel detected at Tag AI_TT_009
4/24/2026 9:35:25 AM,202,Warning,WT8-GUI,83091159,HM,Overscaled Channel detected at Tag AI_TT_010
4/24/2026 9:35:25 AM,202,Warning,WT8-GUI,83091160,HM,Overscaled Channel detected at Tag AI_TT_011
4/24/2026 9:35:25 AM,202,Warning,WT8-GUI,83091161,HM,Overscaled Channel detected at Tag AI_TT_012
4/24/2026 9:35:25 AM,202,Warning,WT8-GUI,83091162,HM,Overscaled Channel detected at Tag AI_TT_013
4/24/2026 9:35:25 AM,202,Warning,WT8-GUI,83091163,HM,Overscaled Channel detected at Tag AI_TT_014
4/24/2026 9:35:25 AM,202,Warning,WT8-GUI,83091164,HM,Overscaled Channel detected at Tag AI_TT_015
4/24/2026 9:35:25 AM,202,Warning,WT8-GUI,83091165,HM,Overscaled Channel detected at Tag AI_TT_016
4/24/2026 9:35:25 AM,202,Warning,WT8-GUI,83091166,HM,Overscaled Channel detected at Tag AI_TT_003
4/24/2026 9:35:25 AM,202,Warning,WT8-GUI,83091167,HM,Overscaled Channel detected at Tag AI_TT_004
4/24/2026 9:35:25 AM,202,Warning,WT8-GUI,83091168,HM,Overscaled Channel detected at Tag AI_TT_005
4/24/2026 9:35:25 AM,202,Warning,WT8-GUI,83091169,HM,Overscaled Channel detected at Tag AI_TT_006
4/24/2026 9:35:25 AM,202,Warning,WT8-GUI,83091170,HM,Overscaled Channel detected at Tag AI_TT_007
4/24/2026 9:35:25 AM,202,Warning,WT8-GUI,83091171,HM,Overscaled Channel detected at Tag AI_TT_008
4/24/2026 9:36:10 AM,301005,Warning,WT8-GUI,83091172,OPC,OPC Server Graybox.Simulator.1 on host localhost has not updated data in 13 minute(s).
4/24/2026 9:36:24 AM,202,Warning,WT8-GUI,83091173,HM,Overscaled Channel detected at Tag AI_TK_021
4/24/2026 9:36:24 AM,202,Warning,WT8-GUI,83091174,HM,Overscaled Channel detected at Tag AI_TK_022
4/24/2026 9:36:24 AM,202,Warning,WT8-GUI,83091175,HM,Overscaled Channel detected at Tag AI_TK_023
4/24/2026 9:36:24 AM,202,Warning,WT8-GUI,83091176,HM,Overscaled Channel detected at Tag AI_TK_024
4/24/2026 9:36:24 AM,202,Warning,WT8-GUI,83091177,HM,Overscaled Channel detected at Tag AI_TK_025
4/24/2026 9:36:24 AM,202,Warning,WT8-GUI,83091178,HM,Overscaled Channel detected at Tag AI_TK_026
4/24/2026 9:36:24 AM,202,Warning,WT8-GUI,83091179,HM,Overscaled Channel detected at Tag AI_TK_027
4/24/2026 9:36:24 AM,202,Warning,WT8-GUI,83091180,HM,Overscaled Channel detected at Tag AI_TK_028
4/24/2026 9:36:24 AM,202,Warning,WT8-GUI,83091181,HM,Overscaled Channel detected at Tag AI_TK_002
4/24/2026 9:36:24 AM,202,Warning,WT8-GUI,83091182,HM,Overscaled Channel detected at Tag AI_TT_017
4/24/2026 9:36:24 AM,202,Warning,WT8-GUI,83091183,HM,Overscaled Channel detected at Tag AI_TT_018
4/24/2026 9:36:24 AM,202,Warning,WT8-GUI,83091184,HM,Overscaled Channel detected at Tag AI_TT_001
4/24/2026 9:36:24 AM,202,Warning,WT8-GUI,83091185,HM,Overscaled Channel detected at Tag AI_TT_019
4/24/2026 9:36:24 AM,202,Warning,WT8-GUI,83091186,HM,Overscaled Channel detected at Tag AI_TT_020
4/24/2026 9:36:24 AM,202,Warning,WT8-GUI,83091187,HM,Overscaled Channel detected at Tag AI_TT_021
4/24/2026 9:36:24 AM,202,Warning,WT8-GUI,83091188,HM,Overscaled Channel detected at Tag AI_TT_022
4/24/2026 9:36:24 AM,202,Warning,WT8-GUI,83091189,HM,Overscaled Channel detected at Tag AI_TT_023
4/24/2026 9:36:24 AM,202,Warning,WT8-GUI,83091190,HM,Overscaled Channel detected at Tag AI_TT_024
4/24/2026 9:36:24 AM,202,Warning,WT8-GUI,83091191,HM,Overscaled Channel detected at Tag AI_TT_025
4/24/2026 9:36:24 AM,202,Warning,WT8-GUI,83091192,HM,Overscaled Channel detected at Tag AI_TT_026
4/24/2026 9:36:24 AM,202,Warning,WT8-GUI,83091193,HM,Overscaled Channel detected at Tag AI_TT_027
4/24/2026 9:36:24 AM,202,Warning,WT8-GUI,83091194,HM,Overscaled Channel detected at Tag AI_TT_028
4/24/2026 9:36:24 AM,202,Warning,WT8-GUI,83091195,HM,Overscaled Channel detected at Tag AI_TT_002
4/24/2026 9:36:24 AM,202,Warning,WT8-GUI,83091196,HM,Overscaled Channel detected at Tag AI_TT_029
4/24/2026 9:36:24 AM,202,Warning,WT8-GUI,83091197,HM,Overscaled Channel detected at Tag AI_TT_030
4/24/2026 9:36:24 AM,202,Warning,WT8-GUI,83091198,HM,Overscaled Channel detected at Tag AI_TK_014
4/24/2026 9:36:24 AM,202,Warning,WT8-GUI,83091199,HM,Overscaled Channel detected at Tag AI_TK_015
4/24/2026 9:36:24 AM,202,Warning,WT8-GUI,83091200,HM,Overscaled Channel detected at Tag AI_TK_016
4/24/2026 9:36:24 AM,202,Warning,WT8-GUI,83091201,HM,Overscaled Channel detected at Tag AI_TK_017
4/24/2026 9:36:24 AM,202,Warning,WT8-GUI,83091202,HM,Overscaled Channel detected at Tag AI_TK_018
4/24/2026 9:36:24 AM,202,Warning,WT8-GUI,83091203,HM,Overscaled Channel detected at Tag AI_TK_001
4/24/2026 9:36:24 AM,202,Warning,WT8-GUI,83091204,HM,Overscaled Channel detected at Tag AI_TK_019
4/24/2026 9:36:24 AM,202,Warning,WT8-GUI,83091205,HM,Overscaled Channel detected at Tag AI_TK_020
4/24/2026 9:36:24 AM,202,Warning,WT8-GUI,83091206,HM,Overscaled Channel detected at Tag AI_TK_029
4/24/2026 9:36:24 AM,202,Warning,WT8-GUI,83091207,HM,Overscaled Channel detected at Tag AI_TK_000
4/24/2026 9:36:24 AM,202,Warning,WT8-GUI,83091208,HM,Overscaled Channel detected at Tag AI_TK_009
4/24/2026 9:36:24 AM,202,Warning,WT8-GUI,83091209,HM,Overscaled Channel detected at Tag AI_TK_010
4/24/2026 9:36:24 AM,202,Warning,WT8-GUI,83091210,HM,Overscaled Channel detected at Tag AI_TK_011
4/24/2026 9:36:24 AM,202,Warning,WT8-GUI,83091211,HM,Overscaled Channel detected at Tag AI_TK_012
4/24/2026 9:36:24 AM,202,Warning,WT8-GUI,83091212,HM,Overscaled Channel detected at Tag AI_TK_013
4/24/2026 9:36:24 AM,202,Warning,WT8-GUI,83091213,HM,Overscaled Channel detected at Tag AI_TK_030
4/24/2026 9:36:24 AM,202,Warning,WT8-GUI,83091214,HM,Overscaled Channel detected at Tag AI_TK_003
4/24/2026 9:36:24 AM,202,Warning,WT8-GUI,83091215,HM,Overscaled Channel detected at Tag AI_TK_004
4/24/2026 9:36:24 AM,202,Warning,WT8-GUI,83091216,HM,Overscaled Channel detected at Tag AI_TK_005
4/24/2026 9:36:24 AM,202,Warning,WT8-GUI,83091217,HM,Overscaled Channel detected at Tag AI_TK_006
4/24/2026 9:36:24 AM,202,Warning,WT8-GUI,83091218,HM,Overscaled Channel detected at Tag AI_TK_007
4/24/2026 9:36:24 AM,202,Warning,WT8-GUI,83091219,HM,Overscaled Channel detected at Tag AI_TK_008
4/24/2026 9:36:24 AM,202,Warning,WT8-GUI,83091220,HM,Overscaled Channel detected at Tag AI_Volts_Shunt_000
4/24/2026 9:36:25 AM,202,Warning,WT8-GUI,83091221,HM,Overscaled Channel detected at Tag AI_Volts_Shunt_001
4/24/2026 9:36:25 AM,202,Warning,WT8-GUI,83091222,HM,Overscaled Channel detected at Tag AI_Volts_Shunt_003
4/24/2026 9:36:25 AM,202,Warning,WT8-GUI,83091223,HM,Overscaled Channel detected at Tag AI_Volts_Shunt_004
4/24/2026 9:36:25 AM,202,Warning,WT8-GUI,83091224,HM,Overscaled Channel detected at Tag AI_Volts_Shunt_006
4/24/2026 9:36:25 AM,202,Warning,WT8-GUI,83091225,HM,Overscaled Channel detected at Tag AI_Volts_Shunt_007
4/24/2026 9:36:25 AM,202,Warning,WT8-GUI,83091226,HM,Overscaled Channel detected at Tag AI_Volts_Shunt_008
4/24/2026 9:36:25 AM,202,Warning,WT8-GUI,83091227,HM,Overscaled Channel detected at Tag AI_Volts_Shunt_009
4/24/2026 9:36:25 AM,202,Warning,WT8-GUI,83091228,HM,Overscaled Channel detected at Tag AI_Volts_Shunt_010
4/24/2026 9:36:25 AM,202,Warning,WT8-GUI,83091229,HM,Overscaled Channel detected at Tag AI_Volts_Shunt_011
4/24/2026 9:36:25 AM,202,Warning,WT8-GUI,83091230,HM,Overscaled Channel detected at Tag AI_Volts_Shunt_012
4/24/2026 9:36:25 AM,202,Warning,WT8-GUI,83091231,HM,Overscaled Channel detected at Tag AI_Volts_Shunt_013
4/24/2026 9:36:25 AM,202,Warning,WT8-GUI,83091232,HM,Overscaled Channel detected at Tag AI_Volts_Shunt_014
4/24/2026 9:36:25 AM,202,Warning,WT8-GUI,83091233,HM,Overscaled Channel detected at Tag AI_Volts_Shunt_015
4/24/2026 9:36:25 AM,202,Warning,WT8-GUI,83091234,HM,Overscaled Channel detected at Tag AI_Strain_000
4/24/2026 9:36:25 AM,202,Warning,WT8-GUI,83091235,HM,Overscaled Channel detected at Tag AI_Strain_001
4/24/2026 9:36:25 AM,202,Warning,WT8-GUI,83091236,HM,Overscaled Channel detected at Tag AI_Strain_002
4/24/2026 9:36:25 AM,202,Warning,WT8-GUI,83091237,HM,Overscaled Channel detected at Tag AI_Strain_003
4/24/2026 9:36:25 AM,202,Warning,WT8-GUI,83091238,HM,Overscaled Channel detected at Tag AI_Strain_004
4/24/2026 9:36:25 AM,202,Warning,WT8-GUI,83091239,HM,Overscaled Channel detected at Tag AI_Strain_005
4/24/2026 9:36:25 AM,202,Warning,WT8-GUI,83091240,HM,Overscaled Channel detected at Tag AI_Strain_006
4/24/2026 9:36:25 AM,202,Warning,WT8-GUI,83091241,HM,Overscaled Channel detected at Tag AI_Strain_007
4/24/2026 9:36:25 AM,202,Warning,WT8-GUI,83091242,HM,Overscaled Channel detected at Tag AI_TT_000
4/24/2026 9:36:25 AM,202,Warning,WT8-GUI,83091243,HM,Overscaled Channel detected at Tag AI_TT_009
4/24/2026 9:36:25 AM,202,Warning,WT8-GUI,83091244,HM,Overscaled Channel detected at Tag AI_TT_010
4/24/2026 9:36:25 AM,202,Warning,WT8-GUI,83091245,HM,Overscaled Channel detected at Tag AI_TT_011
4/24/2026 9:36:25 AM,202,Warning,WT8-GUI,83091246,HM,Overscaled Channel detected at Tag AI_TT_012
4/24/2026 9:36:25 AM,202,Warning,WT8-GUI,83091247,HM,Overscaled Channel detected at Tag AI_TT_013
4/24/2026 9:36:25 AM,202,Warning,WT8-GUI,83091248,HM,Overscaled Channel detected at Tag AI_TT_014
4/24/2026 9:36:25 AM,202,Warning,WT8-GUI,83091249,HM,Overscaled Channel detected at Tag AI_TT_015
4/24/2026 9:36:25 AM,202,Warning,WT8-GUI,83091250,HM,Overscaled Channel detected at Tag AI_TT_016
4/24/2026 9:36:25 AM,202,Warning,WT8-GUI,83091251,HM,Overscaled Channel detected at Tag AI_TT_003
4/24/2026 9:36:25 AM,202,Warning,WT8-GUI,83091252,HM,Overscaled Channel detected at Tag AI_TT_004
4/24/2026 9:36:25 AM,202,Warning,WT8-GUI,83091253,HM,Overscaled Channel detected at Tag AI_TT_005
4/24/2026 9:36:25 AM,202,Warning,WT8-GUI,83091254,HM,Overscaled Channel detected at Tag AI_TT_006
4/24/2026 9:36:25 AM,202,Warning,WT8-GUI,83091255,HM,Overscaled Channel detected at Tag AI_TT_007
4/24/2026 9:36:25 AM,202,Warning,WT8-GUI,83091256,HM,Overscaled Channel detected at Tag AI_TT_008
4/24/2026 9:37:10 AM,301005,Warning,WT8-GUI,83091257,OPC,OPC Server Graybox.Simulator.1 on host localhost has not updated data in 14 minute(s).
4/24/2026 9:37:24 AM,202,Warning,WT8-GUI,83091258,HM,Overscaled Channel detected at Tag AI_TK_021
4/24/2026 9:37:24 AM,202,Warning,WT8-GUI,83091259,HM,Overscaled Channel detected at Tag AI_TK_022
4/24/2026 9:37:24 AM,202,Warning,WT8-GUI,83091260,HM,Overscaled Channel detected at Tag AI_TK_023
4/24/2026 9:37:24 AM,202,Warning,WT8-GUI,83091261,HM,Overscaled Channel detected at Tag AI_TK_024
4/24/2026 9:37:24 AM,202,Warning,WT8-GUI,83091262,HM,Overscaled Channel detected at Tag AI_TK_025
4/24/2026 9:37:24 AM,202,Warning,WT8-GUI,83091263,HM,Overscaled Channel detected at Tag AI_TK_026
4/24/2026 9:37:24 AM,202,Warning,WT8-GUI,83091264,HM,Overscaled Channel detected at Tag AI_TK_027
4/24/2026 9:37:24 AM,202,Warning,WT8-GUI,83091265,HM,Overscaled Channel detected at Tag AI_TK_028
4/24/2026 9:37:24 AM,202,Warning,WT8-GUI,83091266,HM,Overscaled Channel detected at Tag AI_TK_002
4/24/2026 9:37:24 AM,202,Warning,WT8-GUI,83091267,HM,Overscaled Channel detected at Tag AI_TT_017
4/24/2026 9:37:24 AM,202,Warning,WT8-GUI,83091268,HM,Overscaled Channel detected at Tag AI_TT_018
4/24/2026 9:37:24 AM,202,Warning,WT8-GUI,83091269,HM,Overscaled Channel detected at Tag AI_TT_001
4/24/2026 9:37:24 AM,202,Warning,WT8-GUI,83091270,HM,Overscaled Channel detected at Tag AI_TT_019
4/24/2026 9:37:24 AM,202,Warning,WT8-GUI,83091271,HM,Overscaled Channel detected at Tag AI_TT_020
4/24/2026 9:37:24 AM,202,Warning,WT8-GUI,83091272,HM,Overscaled Channel detected at Tag AI_TT_021
4/24/2026 9:37:24 AM,202,Warning,WT8-GUI,83091273,HM,Overscaled Channel detected at Tag AI_TT_022
4/24/2026 9:37:24 AM,202,Warning,WT8-GUI,83091274,HM,Overscaled Channel detected at Tag AI_TT_023
4/24/2026 9:37:24 AM,202,Warning,WT8-GUI,83091275,HM,Overscaled Channel detected at Tag AI_TT_024
4/24/2026 9:37:24 AM,202,Warning,WT8-GUI,83091276,HM,Overscaled Channel detected at Tag AI_TT_025
4/24/2026 9:37:24 AM,202,Warning,WT8-GUI,83091277,HM,Overscaled Channel detected at Tag AI_TT_026
4/24/2026 9:37:24 AM,202,Warning,WT8-GUI,83091278,HM,Overscaled Channel detected at Tag AI_TT_027
4/24/2026 9:37:24 AM,202,Warning,WT8-GUI,83091279,HM,Overscaled Channel detected at Tag AI_TT_028
4/24/2026 9:37:24 AM,202,Warning,WT8-GUI,83091280,HM,Overscaled Channel detected at Tag AI_TT_002
4/24/2026 9:37:24 AM,202,Warning,WT8-GUI,83091281,HM,Overscaled Channel detected at Tag AI_TT_029
4/24/2026 9:37:24 AM,202,Warning,WT8-GUI,83091282,HM,Overscaled Channel detected at Tag AI_TT_030
4/24/2026 9:37:24 AM,202,Warning,WT8-GUI,83091283,HM,Overscaled Channel detected at Tag AI_TK_014
4/24/2026 9:37:24 AM,202,Warning,WT8-GUI,83091284,HM,Overscaled Channel detected at Tag AI_TK_015
4/24/2026 9:37:24 AM,202,Warning,WT8-GUI,83091285,HM,Overscaled Channel detected at Tag AI_TK_016
4/24/2026 9:37:24 AM,202,Warning,WT8-GUI,83091286,HM,Overscaled Channel detected at Tag AI_TK_017
4/24/2026 9:37:24 AM,202,Warning,WT8-GUI,83091287,HM,Overscaled Channel detected at Tag AI_TK_018
4/24/2026 9:37:24 AM,202,Warning,WT8-GUI,83091288,HM,Overscaled Channel detected at Tag AI_TK_001
4/24/2026 9:37:24 AM,202,Warning,WT8-GUI,83091289,HM,Overscaled Channel detected at Tag AI_TK_019
4/24/2026 9:37:24 AM,202,Warning,WT8-GUI,83091290,HM,Overscaled Channel detected at Tag AI_TK_020
4/24/2026 9:37:24 AM,202,Warning,WT8-GUI,83091291,HM,Overscaled Channel detected at Tag AI_TK_029
4/24/2026 9:37:24 AM,202,Warning,WT8-GUI,83091292,HM,Overscaled Channel detected at Tag AI_TK_000
4/24/2026 9:37:24 AM,202,Warning,WT8-GUI,83091293,HM,Overscaled Channel detected at Tag AI_TK_009
4/24/2026 9:37:24 AM,202,Warning,WT8-GUI,83091294,HM,Overscaled Channel detected at Tag AI_TK_010
4/24/2026 9:37:24 AM,202,Warning,WT8-GUI,83091295,HM,Overscaled Channel detected at Tag AI_TK_011
4/24/2026 9:37:24 AM,202,Warning,WT8-GUI,83091296,HM,Overscaled Channel detected at Tag AI_TK_012
4/24/2026 9:37:24 AM,202,Warning,WT8-GUI,83091297,HM,Overscaled Channel detected at Tag AI_TK_013
4/24/2026 9:37:24 AM,202,Warning,WT8-GUI,83091298,HM,Overscaled Channel detected at Tag AI_TK_030
4/24/2026 9:37:24 AM,202,Warning,WT8-GUI,83091299,HM,Overscaled Channel detected at Tag AI_TK_003
4/24/2026 9:37:24 AM,202,Warning,WT8-GUI,83091300,HM,Overscaled Channel detected at Tag AI_TK_004
4/24/2026 9:37:24 AM,202,Warning,WT8-GUI,83091301,HM,Overscaled Channel detected at Tag AI_TK_005
4/24/2026 9:37:24 AM,202,Warning,WT8-GUI,83091302,HM,Overscaled Channel detected at Tag AI_TK_006
4/24/2026 9:37:24 AM,202,Warning,WT8-GUI,83091303,HM,Overscaled Channel detected at Tag AI_TK_007
4/24/2026 9:37:24 AM,202,Warning,WT8-GUI,83091304,HM,Overscaled Channel detected at Tag AI_TK_008
4/24/2026 9:37:25 AM,202,Warning,WT8-GUI,83091305,HM,Overscaled Channel detected at Tag AI_Volts_Shunt_000
4/24/2026 9:37:25 AM,202,Warning,WT8-GUI,83091306,HM,Overscaled Channel detected at Tag AI_Volts_Shunt_001
4/24/2026 9:37:25 AM,202,Warning,WT8-GUI,83091307,HM,Overscaled Channel detected at Tag AI_Volts_Shunt_003
4/24/2026 9:37:25 AM,202,Warning,WT8-GUI,83091308,HM,Overscaled Channel detected at Tag AI_Volts_Shunt_004
4/24/2026 9:37:25 AM,202,Warning,WT8-GUI,83091309,HM,Overscaled Channel detected at Tag AI_Volts_Shunt_006
4/24/2026 9:37:25 AM,202,Warning,WT8-GUI,83091310,HM,Overscaled Channel detected at Tag AI_Volts_Shunt_007
4/24/2026 9:37:25 AM,202,Warning,WT8-GUI,83091311,HM,Overscaled Channel detected at Tag AI_Volts_Shunt_008
4/24/2026 9:37:25 AM,202,Warning,WT8-GUI,83091312,HM,Overscaled Channel detected at Tag AI_Volts_Shunt_009
4/24/2026 9:37:25 AM,202,Warning,WT8-GUI,83091313,HM,Overscaled Channel detected at Tag AI_Volts_Shunt_010
4/24/2026 9:37:25 AM,202,Warning,WT8-GUI,83091314,HM,Overscaled Channel detected at Tag AI_Volts_Shunt_011
4/24/2026 9:37:25 AM,202,Warning,WT8-GUI,83091315,HM,Overscaled Channel detected at Tag AI_Volts_Shunt_012
4/24/2026 9:37:25 AM,202,Warning,WT8-GUI,83091316,HM,Overscaled Channel detected at Tag AI_Volts_Shunt_013
4/24/2026 9:37:25 AM,202,Warning,WT8-GUI,83091317,HM,Overscaled Channel detected at Tag AI_Volts_Shunt_014
4/24/2026 9:37:25 AM,202,Warning,WT8-GUI,83091318,HM,Overscaled Channel detected at Tag AI_Volts_Shunt_015
4/24/2026 9:37:25 AM,202,Warning,WT8-GUI,83091319,HM,Overscaled Channel detected at Tag AI_Strain_000
4/24/2026 9:37:25 AM,202,Warning,WT8-GUI,83091320,HM,Overscaled Channel detected at Tag AI_Strain_001
4/24/2026 9:37:25 AM,202,Warning,WT8-GUI,83091321,HM,Overscaled Channel detected at Tag AI_Strain_002
4/24/2026 9:37:25 AM,202,Warning,WT8-GUI,83091322,HM,Overscaled Channel detected at Tag AI_Strain_003
4/24/2026 9:37:25 AM,202,Warning,WT8-GUI,83091323,HM,Overscaled Channel detected at Tag AI_Strain_004
4/24/2026 9:37:25 AM,202,Warning,WT8-GUI,83091324,HM,Overscaled Channel detected at Tag AI_Strain_005
4/24/2026 9:37:25 AM,202,Warning,WT8-GUI,83091325,HM,Overscaled Channel detected at Tag AI_Strain_006
4/24/2026 9:37:25 AM,202,Warning,WT8-GUI,83091326,HM,Overscaled Channel detected at Tag AI_Strain_007
4/24/2026 9:37:25 AM,202,Warning,WT8-GUI,83091327,HM,Overscaled Channel detected at Tag AI_TT_000
4/24/2026 9:37:25 AM,202,Warning,WT8-GUI,83091328,HM,Overscaled Channel detected at Tag AI_TT_009
4/24/2026 9:37:25 AM,202,Warning,WT8-GUI,83091329,HM,Overscaled Channel detected at Tag AI_TT_010
4/24/2026 9:37:25 AM,202,Warning,WT8-GUI,83091330,HM,Overscaled Channel detected at Tag AI_TT_011
4/24/2026 9:37:25 AM,202,Warning,WT8-GUI,83091331,HM,Overscaled Channel detected at Tag AI_TT_012
4/24/2026 9:37:25 AM,202,Warning,WT8-GUI,83091332,HM,Overscaled Channel detected at Tag AI_TT_013
4/24/2026 9:37:25 AM,202,Warning,WT8-GUI,83091333,HM,Overscaled Channel detected at Tag AI_TT_014
4/24/2026 9:37:25 AM,202,Warning,WT8-GUI,83091334,HM,Overscaled Channel detected at Tag AI_TT_015
4/24/2026 9:37:25 AM,202,Warning,WT8-GUI,83091335,HM,Overscaled Channel detected at Tag AI_TT_016
4/24/2026 9:37:25 AM,202,Warning,WT8-GUI,83091336,HM,Overscaled Channel detected at Tag AI_TT_003
4/24/2026 9:37:25 AM,202,Warning,WT8-GUI,83091337,HM,Overscaled Channel detected at Tag AI_TT_004
4/24/2026 9:37:25 AM,202,Warning,WT8-GUI,83091338,HM,Overscaled Channel detected at Tag AI_TT_005
4/24/2026 9:37:25 AM,202,Warning,WT8-GUI,83091339,HM,Overscaled Channel detected at Tag AI_TT_006
4/24/2026 9:37:25 AM,202,Warning,WT8-GUI,83091340,HM,Overscaled Channel detected at Tag AI_TT_007
4/24/2026 9:37:25 AM,202,Warning,WT8-GUI,83091341,HM,Overscaled Channel detected at Tag AI_TT_008
4/24/2026 9:38:10 AM,301005,Warning,WT8-GUI,83091342,OPC,OPC Server Graybox.Simulator.1 on host localhost has not updated data in 15 minute(s).
4/24/2026 9:38:24 AM,202,Warning,WT8-GUI,83091343,HM,Overscaled Channel detected at Tag AI_TK_021
4/24/2026 9:38:24 AM,202,Warning,WT8-GUI,83091344,HM,Overscaled Channel detected at Tag AI_TK_022
4/24/2026 9:38:24 AM,202,Warning,WT8-GUI,83091345,HM,Overscaled Channel detected at Tag AI_TK_023
4/24/2026 9:38:24 AM,202,Warning,WT8-GUI,83091346,HM,Overscaled Channel detected at Tag AI_TK_024
4/24/2026 9:38:24 AM,202,Warning,WT8-GUI,83091347,HM,Overscaled Channel detected at Tag AI_TK_025
4/24/2026 9:38:24 AM,202,Warning,WT8-GUI,83091348,HM,Overscaled Channel detected at Tag AI_TK_026
4/24/2026 9:38:24 AM,202,Warning,WT8-GUI,83091349,HM,Overscaled Channel detected at Tag AI_TK_027
4/24/2026 9:38:24 AM,202,Warning,WT8-GUI,83091350,HM,Overscaled Channel detected at Tag AI_TK_028
4/24/2026 9:38:24 AM,202,Warning,WT8-GUI,83091351,HM,Overscaled Channel detected at Tag AI_TK_002
4/24/2026 9:38:24 AM,202,Warning,WT8-GUI,83091352,HM,Overscaled Channel detected at Tag AI_TT_017
4/24/2026 9:38:24 AM,202,Warning,WT8-GUI,83091353,HM,Overscaled Channel detected at Tag AI_TT_018
4/24/2026 9:38:24 AM,202,Warning,WT8-GUI,83091354,HM,Overscaled Channel detected at Tag AI_TT_001
4/24/2026 9:38:24 AM,202,Warning,WT8-GUI,83091355,HM,Overscaled Channel detected at Tag AI_TT_019
4/24/2026 9:38:24 AM,202,Warning,WT8-GUI,83091356,HM,Overscaled Channel detected at Tag AI_TT_020
4/24/2026 9:38:24 AM,202,Warning,WT8-GUI,83091357,HM,Overscaled Channel detected at Tag AI_TT_021
4/24/2026 9:38:24 AM,202,Warning,WT8-GUI,83091358,HM,Overscaled Channel detected at Tag AI_TT_022
4/24/2026 9:38:24 AM,202,Warning,WT8-GUI,83091359,HM,Overscaled Channel detected at Tag AI_TT_023
4/24/2026 9:38:24 AM,202,Warning,WT8-GUI,83091360,HM,Overscaled Channel detected at Tag AI_TT_024
4/24/2026 9:38:24 AM,202,Warning,WT8-GUI,83091361,HM,Overscaled Channel detected at Tag AI_TT_025
4/24/2026 9:38:24 AM,202,Warning,WT8-GUI,83091362,HM,Overscaled Channel detected at Tag AI_TT_026
4/24/2026 9:38:24 AM,202,Warning,WT8-GUI,83091363,HM,Overscaled Channel detected at Tag AI_TT_027
4/24/2026 9:38:24 AM,202,Warning,WT8-GUI,83091364,HM,Overscaled Channel detected at Tag AI_TT_028
4/24/2026 9:38:24 AM,202,Warning,WT8-GUI,83091365,HM,Overscaled Channel detected at Tag AI_TT_002
4/24/2026 9:38:24 AM,202,Warning,WT8-GUI,83091366,HM,Overscaled Channel detected at Tag AI_TT_029
4/24/2026 9:38:24 AM,202,Warning,WT8-GUI,83091367,HM,Overscaled Channel detected at Tag AI_TT_030
4/24/2026 9:38:24 AM,202,Warning,WT8-GUI,83091368,HM,Overscaled Channel detected at Tag AI_TK_014
4/24/2026 9:38:24 AM,202,Warning,WT8-GUI,83091369,HM,Overscaled Channel detected at Tag AI_TK_015
4/24/2026 9:38:24 AM,202,Warning,WT8-GUI,83091370,HM,Overscaled Channel detected at Tag AI_TK_016
4/24/2026 9:38:24 AM,202,Warning,WT8-GUI,83091371,HM,Overscaled Channel detected at Tag AI_TK_017
4/24/2026 9:38:24 AM,202,Warning,WT8-GUI,83091372,HM,Overscaled Channel detected at Tag AI_TK_018
4/24/2026 9:38:24 AM,202,Warning,WT8-GUI,83091373,HM,Overscaled Channel detected at Tag AI_TK_001
4/24/2026 9:38:24 AM,202,Warning,WT8-GUI,83091374,HM,Overscaled Channel detected at Tag AI_TK_019
4/24/2026 9:38:24 AM,202,Warning,WT8-GUI,83091375,HM,Overscaled Channel detected at Tag AI_TK_020
4/24/2026 9:38:24 AM,202,Warning,WT8-GUI,83091376,HM,Overscaled Channel detected at Tag AI_TK_029
4/24/2026 9:38:24 AM,202,Warning,WT8-GUI,83091377,HM,Overscaled Channel detected at Tag AI_TK_000
4/24/2026 9:38:24 AM,202,Warning,WT8-GUI,83091378,HM,Overscaled Channel detected at Tag AI_TK_009
4/24/2026 9:38:24 AM,202,Warning,WT8-GUI,83091379,HM,Overscaled Channel detected at Tag AI_TK_010
4/24/2026 9:38:24 AM,202,Warning,WT8-GUI,83091380,HM,Overscaled Channel detected at Tag AI_TK_011
4/24/2026 9:38:24 AM,202,Warning,WT8-GUI,83091381,HM,Overscaled Channel detected at Tag AI_TK_012
4/24/2026 9:38:24 AM,202,Warning,WT8-GUI,83091382,HM,Overscaled Channel detected at Tag AI_TK_013
4/24/2026 9:38:24 AM,202,Warning,WT8-GUI,83091383,HM,Overscaled Channel detected at Tag AI_TK_030
4/24/2026 9:38:24 AM,202,Warning,WT8-GUI,83091384,HM,Overscaled Channel detected at Tag AI_TK_003
4/24/2026 9:38:24 AM,202,Warning,WT8-GUI,83091385,HM,Overscaled Channel detected at Tag AI_TK_004
4/24/2026 9:38:25 AM,202,Warning,WT8-GUI,83091386,HM,Overscaled Channel detected at Tag AI_TK_005
4/24/2026 9:38:25 AM,202,Warning,WT8-GUI,83091387,HM,Overscaled Channel detected at Tag AI_TK_006
4/24/2026 9:38:25 AM,202,Warning,WT8-GUI,83091388,HM,Overscaled Channel detected at Tag AI_TK_007
4/24/2026 9:38:25 AM,202,Warning,WT8-GUI,83091389,HM,Overscaled Channel detected at Tag AI_TK_008
4/24/2026 9:38:25 AM,202,Warning,WT8-GUI,83091390,HM,Overscaled Channel detected at Tag AI_Volts_Shunt_000
4/24/2026 9:38:25 AM,202,Warning,WT8-GUI,83091391,HM,Overscaled Channel detected at Tag AI_Volts_Shunt_001
4/24/2026 9:38:25 AM,202,Warning,WT8-GUI,83091392,HM,Overscaled Channel detected at Tag AI_Volts_Shunt_003
4/24/2026 9:38:25 AM,202,Warning,WT8-GUI,83091393,HM,Overscaled Channel detected at Tag AI_Volts_Shunt_004
4/24/2026 9:38:25 AM,202,Warning,WT8-GUI,83091394,HM,Overscaled Channel detected at Tag AI_Volts_Shunt_006
4/24/2026 9:38:25 AM,202,Warning,WT8-GUI,83091395,HM,Overscaled Channel detected at Tag AI_Volts_Shunt_007
4/24/2026 9:38:25 AM,202,Warning,WT8-GUI,83091396,HM,Overscaled Channel detected at Tag AI_Volts_Shunt_008
4/24/2026 9:38:25 AM,202,Warning,WT8-GUI,83091397,HM,Overscaled Channel detected at Tag AI_Volts_Shunt_009
4/24/2026 9:38:25 AM,202,Warning,WT8-GUI,83091398,HM,Overscaled Channel detected at Tag AI_Volts_Shunt_010
4/24/2026 9:38:25 AM,202,Warning,WT8-GUI,83091399,HM,Overscaled Channel detected at Tag AI_Volts_Shunt_011
4/24/2026 9:38:25 AM,202,Warning,WT8-GUI,83091400,HM,Overscaled Channel detected at Tag AI_Volts_Shunt_012
4/24/2026 9:38:25 AM,202,Warning,WT8-GUI,83091401,HM,Overscaled Channel detected at Tag AI_Volts_Shunt_013
4/24/2026 9:38:25 AM,202,Warning,WT8-GUI,83091402,HM,Overscaled Channel detected at Tag AI_Volts_Shunt_014
4/24/2026 9:38:25 AM,202,Warning,WT8-GUI,83091403,HM,Overscaled Channel detected at Tag AI_Volts_Shunt_015
4/24/2026 9:38:25 AM,202,Warning,WT8-GUI,83091404,HM,Overscaled Channel detected at Tag AI_Strain_000
4/24/2026 9:38:25 AM,202,Warning,WT8-GUI,83091405,HM,Overscaled Channel detected at Tag AI_Strain_001
4/24/2026 9:38:25 AM,202,Warning,WT8-GUI,83091406,HM,Overscaled Channel detected at Tag AI_Strain_002
4/24/2026 9:38:25 AM,202,Warning,WT8-GUI,83091407,HM,Overscaled Channel detected at Tag AI_Strain_003
4/24/2026 9:38:25 AM,202,Warning,WT8-GUI,83091408,HM,Overscaled Channel detected at Tag AI_Strain_004
4/24/2026 9:38:25 AM,202,Warning,WT8-GUI,83091409,HM,Overscaled Channel detected at Tag AI_Strain_005
4/24/2026 9:38:25 AM,202,Warning,WT8-GUI,83091410,HM,Overscaled Channel detected at Tag AI_Strain_006
4/24/2026 9:38:25 AM,202,Warning,WT8-GUI,83091411,HM,Overscaled Channel detected at Tag AI_Strain_007
4/24/2026 9:38:25 AM,202,Warning,WT8-GUI,83091412,HM,Overscaled Channel detected at Tag AI_TT_000
4/24/2026 9:38:25 AM,202,Warning,WT8-GUI,83091413,HM,Overscaled Channel detected at Tag AI_TT_009
4/24/2026 9:38:25 AM,202,Warning,WT8-GUI,83091414,HM,Overscaled Channel detected at Tag AI_TT_010
4/24/2026 9:38:25 AM,202,Warning,WT8-GUI,83091415,HM,Overscaled Channel detected at Tag AI_TT_011
4/24/2026 9:38:25 AM,202,Warning,WT8-GUI,83091416,HM,Overscaled Channel detected at Tag AI_TT_012
4/24/2026 9:38:25 AM,202,Warning,WT8-GUI,83091417,HM,Overscaled Channel detected at Tag AI_TT_013
4/24/2026 9:38:25 AM,202,Warning,WT8-GUI,83091418,HM,Overscaled Channel detected at Tag AI_TT_014
4/24/2026 9:38:25 AM,202,Warning,WT8-GUI,83091419,HM,Overscaled Channel detected at Tag AI_TT_015
4/24/2026 9:38:25 AM,202,Warning,WT8-GUI,83091420,HM,Overscaled Channel detected at Tag AI_TT_016
4/24/2026 9:38:25 AM,202,Warning,WT8-GUI,83091421,HM,Overscaled Channel detected at Tag AI_TT_003
4/24/2026 9:38:25 AM,202,Warning,WT8-GUI,83091422,HM,Overscaled Channel detected at Tag AI_TT_004
4/24/2026 9:38:25 AM,202,Warning,WT8-GUI,83091423,HM,Overscaled Channel detected at Tag AI_TT_005
4/24/2026 9:38:25 AM,202,Warning,WT8-GUI,83091424,HM,Overscaled Channel detected at Tag AI_TT_006
4/24/2026 9:38:25 AM,202,Warning,WT8-GUI,83091425,HM,Overscaled Channel detected at Tag AI_TT_007
4/24/2026 9:38:25 AM,202,Warning,WT8-GUI,83091426,HM,Overscaled Channel detected at Tag AI_TT_008
4/24/2026 9:39:10 AM,301005,Warning,WT8-GUI,83091427,OPC,OPC Server Graybox.Simulator.1 on host localhost has not updated data in 16 minute(s).
4/24/2026 9:39:24 AM,202,Warning,WT8-GUI,83091428,HM,Overscaled Channel detected at Tag AI_TK_021
4/24/2026 9:39:24 AM,202,Warning,WT8-GUI,83091429,HM,Overscaled Channel detected at Tag AI_TK_022
4/24/2026 9:39:24 AM,202,Warning,WT8-GUI,83091430,HM,Overscaled Channel detected at Tag AI_TK_023
4/24/2026 9:39:24 AM,202,Warning,WT8-GUI,83091431,HM,Overscaled Channel detected at Tag AI_TK_024
4/24/2026 9:39:24 AM,202,Warning,WT8-GUI,83091432,HM,Overscaled Channel detected at Tag AI_TK_025
4/24/2026 9:39:24 AM,202,Warning,WT8-GUI,83091433,HM,Overscaled Channel detected at Tag AI_TK_026
4/24/2026 9:39:24 AM,202,Warning,WT8-GUI,83091434,HM,Overscaled Channel detected at Tag AI_TK_027
4/24/2026 9:39:24 AM,202,Warning,WT8-GUI,83091435,HM,Overscaled Channel detected at Tag AI_TK_028
4/24/2026 9:39:24 AM,202,Warning,WT8-GUI,83091436,HM,Overscaled Channel detected at Tag AI_TK_002
4/24/2026 9:39:24 AM,202,Warning,WT8-GUI,83091437,HM,Overscaled Channel detected at Tag AI_TT_017
4/24/2026 9:39:24 AM,202,Warning,WT8-GUI,83091438,HM,Overscaled Channel detected at Tag AI_TT_018
4/24/2026 9:39:24 AM,202,Warning,WT8-GUI,83091439,HM,Overscaled Channel detected at Tag AI_TT_001
4/24/2026 9:39:24 AM,202,Warning,WT8-GUI,83091440,HM,Overscaled Channel detected at Tag AI_TT_019
4/24/2026 9:39:24 AM,202,Warning,WT8-GUI,83091441,HM,Overscaled Channel detected at Tag AI_TT_020
4/24/2026 9:39:24 AM,202,Warning,WT8-GUI,83091442,HM,Overscaled Channel detected at Tag AI_TT_021
4/24/2026 9:39:24 AM,202,Warning,WT8-GUI,83091443,HM,Overscaled Channel detected at Tag AI_TT_022
4/24/2026 9:39:24 AM,202,Warning,WT8-GUI,83091444,HM,Overscaled Channel detected at Tag AI_TT_023
4/24/2026 9:39:24 AM,202,Warning,WT8-GUI,83091445,HM,Overscaled Channel detected at Tag AI_TT_024
4/24/2026 9:39:24 AM,202,Warning,WT8-GUI,83091446,HM,Overscaled Channel detected at Tag AI_TT_025
4/24/2026 9:39:24 AM,202,Warning,WT8-GUI,83091447,HM,Overscaled Channel detected at Tag AI_TT_026
4/24/2026 9:39:24 AM,202,Warning,WT8-GUI,83091448,HM,Overscaled Channel detected at Tag AI_TT_027
4/24/2026 9:39:24 AM,202,Warning,WT8-GUI,83091449,HM,Overscaled Channel detected at Tag AI_TT_028
4/24/2026 9:39:24 AM,202,Warning,WT8-GUI,83091450,HM,Overscaled Channel detected at Tag AI_TT_002
4/24/2026 9:39:24 AM,202,Warning,WT8-GUI,83091451,HM,Overscaled Channel detected at Tag AI_TT_029
4/24/2026 9:39:24 AM,202,Warning,WT8-GUI,83091452,HM,Overscaled Channel detected at Tag AI_TT_030
4/24/2026 9:39:24 AM,202,Warning,WT8-GUI,83091453,HM,Overscaled Channel detected at Tag AI_TK_014
4/24/2026 9:39:24 AM,202,Warning,WT8-GUI,83091454,HM,Overscaled Channel detected at Tag AI_TK_015
4/24/2026 9:39:24 AM,202,Warning,WT8-GUI,83091455,HM,Overscaled Channel detected at Tag AI_TK_016
4/24/2026 9:39:24 AM,202,Warning,WT8-GUI,83091456,HM,Overscaled Channel detected at Tag AI_TK_017
4/24/2026 9:39:24 AM,202,Warning,WT8-GUI,83091457,HM,Overscaled Channel detected at Tag AI_TK_018
4/24/2026 9:39:24 AM,202,Warning,WT8-GUI,83091458,HM,Overscaled Channel detected at Tag AI_TK_001
4/24/2026 9:39:24 AM,202,Warning,WT8-GUI,83091459,HM,Overscaled Channel detected at Tag AI_TK_019
4/24/2026 9:39:24 AM,202,Warning,WT8-GUI,83091460,HM,Overscaled Channel detected at Tag AI_TK_020
4/24/2026 9:39:24 AM,202,Warning,WT8-GUI,83091461,HM,Overscaled Channel detected at Tag AI_TK_029
4/24/2026 9:39:25 AM,202,Warning,WT8-GUI,83091462,HM,Overscaled Channel detected at Tag AI_TK_000
4/24/2026 9:39:25 AM,202,Warning,WT8-GUI,83091463,HM,Overscaled Channel detected at Tag AI_TK_009
4/24/2026 9:39:25 AM,202,Warning,WT8-GUI,83091464,HM,Overscaled Channel detected at Tag AI_TK_010
4/24/2026 9:39:25 AM,202,Warning,WT8-GUI,83091465,HM,Overscaled Channel detected at Tag AI_TK_011
4/24/2026 9:39:25 AM,202,Warning,WT8-GUI,83091466,HM,Overscaled Channel detected at Tag AI_TK_012
4/24/2026 9:39:25 AM,202,Warning,WT8-GUI,83091467,HM,Overscaled Channel detected at Tag AI_TK_013
4/24/2026 9:39:25 AM,202,Warning,WT8-GUI,83091468,HM,Overscaled Channel detected at Tag AI_TK_030
4/24/2026 9:39:25 AM,202,Warning,WT8-GUI,83091469,HM,Overscaled Channel detected at Tag AI_TK_003
4/24/2026 9:39:25 AM,202,Warning,WT8-GUI,83091470,HM,Overscaled Channel detected at Tag AI_TK_004
4/24/2026 9:39:25 AM,202,Warning,WT8-GUI,83091471,HM,Overscaled Channel detected at Tag AI_TK_005
4/24/2026 9:39:25 AM,202,Warning,WT8-GUI,83091472,HM,Overscaled Channel detected at Tag AI_TK_006
4/24/2026 9:39:25 AM,202,Warning,WT8-GUI,83091473,HM,Overscaled Channel detected at Tag AI_TK_007
4/24/2026 9:39:25 AM,202,Warning,WT8-GUI,83091474,HM,Overscaled Channel detected at Tag AI_TK_008
4/24/2026 9:39:25 AM,202,Warning,WT8-GUI,83091475,HM,Overscaled Channel detected at Tag AI_Volts_Shunt_000
4/24/2026 9:39:25 AM,202,Warning,WT8-GUI,83091476,HM,Overscaled Channel detected at Tag AI_Volts_Shunt_001
4/24/2026 9:39:25 AM,202,Warning,WT8-GUI,83091477,HM,Overscaled Channel detected at Tag AI_Volts_Shunt_003
4/24/2026 9:39:25 AM,202,Warning,WT8-GUI,83091478,HM,Overscaled Channel detected at Tag AI_Volts_Shunt_004
4/24/2026 9:39:25 AM,202,Warning,WT8-GUI,83091479,HM,Overscaled Channel detected at Tag AI_Volts_Shunt_006
4/24/2026 9:39:25 AM,202,Warning,WT8-GUI,83091480,HM,Overscaled Channel detected at Tag AI_Volts_Shunt_007
4/24/2026 9:39:25 AM,202,Warning,WT8-GUI,83091481,HM,Overscaled Channel detected at Tag AI_Volts_Shunt_008
4/24/2026 9:39:25 AM,202,Warning,WT8-GUI,83091482,HM,Overscaled Channel detected at Tag AI_Volts_Shunt_009
4/24/2026 9:39:25 AM,202,Warning,WT8-GUI,83091483,HM,Overscaled Channel detected at Tag AI_Volts_Shunt_010
4/24/2026 9:39:25 AM,202,Warning,WT8-GUI,83091484,HM,Overscaled Channel detected at Tag AI_Volts_Shunt_011
4/24/2026 9:39:25 AM,202,Warning,WT8-GUI,83091485,HM,Overscaled Channel detected at Tag AI_Volts_Shunt_012
4/24/2026 9:39:25 AM,202,Warning,WT8-GUI,83091486,HM,Overscaled Channel detected at Tag AI_Volts_Shunt_013
4/24/2026 9:39:25 AM,202,Warning,WT8-GUI,83091487,HM,Overscaled Channel detected at Tag AI_Volts_Shunt_014
4/24/2026 9:39:25 AM,202,Warning,WT8-GUI,83091488,HM,Overscaled Channel detected at Tag AI_Volts_Shunt_015
4/24/2026 9:39:25 AM,202,Warning,WT8-GUI,83091489,HM,Overscaled Channel detected at Tag AI_Strain_000
4/24/2026 9:39:25 AM,202,Warning,WT8-GUI,83091490,HM,Overscaled Channel detected at Tag AI_Strain_001
4/24/2026 9:39:25 AM,202,Warning,WT8-GUI,83091491,HM,Overscaled Channel detected at Tag AI_Strain_002
4/24/2026 9:39:25 AM,202,Warning,WT8-GUI,83091492,HM,Overscaled Channel detected at Tag AI_Strain_003
4/24/2026 9:39:25 AM,202,Warning,WT8-GUI,83091493,HM,Overscaled Channel detected at Tag AI_Strain_004
4/24/2026 9:39:25 AM,202,Warning,WT8-GUI,83091494,HM,Overscaled Channel detected at Tag AI_Strain_005
4/24/2026 9:39:25 AM,202,Warning,WT8-GUI,83091495,HM,Overscaled Channel detected at Tag AI_Strain_006
4/24/2026 9:39:25 AM,202,Warning,WT8-GUI,83091496,HM,Overscaled Channel detected at Tag AI_Strain_007
4/24/2026 9:39:25 AM,202,Warning,WT8-GUI,83091497,HM,Overscaled Channel detected at Tag AI_TT_000
4/24/2026 9:39:25 AM,202,Warning,WT8-GUI,83091498,HM,Overscaled Channel detected at Tag AI_TT_009
4/24/2026 9:39:25 AM,202,Warning,WT8-GUI,83091499,HM,Overscaled Channel detected at Tag AI_TT_010
4/24/2026 9:39:25 AM,202,Warning,WT8-GUI,83091500,HM,Overscaled Channel detected at Tag AI_TT_011
4/24/2026 9:39:25 AM,202,Warning,WT8-GUI,83091501,HM,Overscaled Channel detected at Tag AI_TT_012
4/24/2026 9:39:25 AM,202,Warning,WT8-GUI,83091502,HM,Overscaled Channel detected at Tag AI_TT_013
4/24/2026 9:39:25 AM,202,Warning,WT8-GUI,83091503,HM,Overscaled Channel detected at Tag AI_TT_014
4/24/2026 9:39:25 AM,202,Warning,WT8-GUI,83091504,HM,Overscaled Channel detected at Tag AI_TT_015
4/24/2026 9:39:25 AM,202,Warning,WT8-GUI,83091505,HM,Overscaled Channel detected at Tag AI_TT_016
4/24/2026 9:39:25 AM,202,Warning,WT8-GUI,83091506,HM,Overscaled Channel detected at Tag AI_TT_003
4/24/2026 9:39:25 AM,202,Warning,WT8-GUI,83091507,HM,Overscaled Channel detected at Tag AI_TT_004
4/24/2026 9:39:25 AM,202,Warning,WT8-GUI,83091508,HM,Overscaled Channel detected at Tag AI_TT_005
4/24/2026 9:39:25 AM,202,Warning,WT8-GUI,83091509,HM,Overscaled Channel detected at Tag AI_TT_006
4/24/2026 9:39:25 AM,202,Warning,WT8-GUI,83091510,HM,Overscaled Channel detected at Tag AI_TT_007
4/24/2026 9:39:25 AM,202,Warning,WT8-GUI,83091511,HM,Overscaled Channel detected at Tag AI_TT_008
4/24/2026 9:40:10 AM,301005,Warning,WT8-GUI,83091512,OPC,OPC Server Graybox.Simulator.1 on host localhost has not updated data in 17 minute(s).
4/24/2026 9:40:24 AM,202,Warning,WT8-GUI,83091513,HM,Overscaled Channel detected at Tag AI_TK_021
4/24/2026 9:40:24 AM,202,Warning,WT8-GUI,83091514,HM,Overscaled Channel detected at Tag AI_TK_022
4/24/2026 9:40:24 AM,202,Warning,WT8-GUI,83091515,HM,Overscaled Channel detected at Tag AI_TK_023
4/24/2026 9:40:24 AM,202,Warning,WT8-GUI,83091516,HM,Overscaled Channel detected at Tag AI_TK_024
4/24/2026 9:40:24 AM,202,Warning,WT8-GUI,83091517,HM,Overscaled Channel detected at Tag AI_TK_025
4/24/2026 9:40:24 AM,202,Warning,WT8-GUI,83091518,HM,Overscaled Channel detected at Tag AI_TK_026
4/24/2026 9:40:24 AM,202,Warning,WT8-GUI,83091519,HM,Overscaled Channel detected at Tag AI_TK_027
4/24/2026 9:40:24 AM,202,Warning,WT8-GUI,83091520,HM,Overscaled Channel detected at Tag AI_TK_028
4/24/2026 9:40:24 AM,202,Warning,WT8-GUI,83091521,HM,Overscaled Channel detected at Tag AI_TK_002
4/24/2026 9:40:24 AM,202,Warning,WT8-GUI,83091522,HM,Overscaled Channel detected at Tag AI_TT_017
4/24/2026 9:40:24 AM,202,Warning,WT8-GUI,83091523,HM,Overscaled Channel detected at Tag AI_TT_018
4/24/2026 9:40:24 AM,202,Warning,WT8-GUI,83091524,HM,Overscaled Channel detected at Tag AI_TT_001
4/24/2026 9:40:24 AM,202,Warning,WT8-GUI,83091525,HM,Overscaled Channel detected at Tag AI_TT_019
4/24/2026 9:40:24 AM,202,Warning,WT8-GUI,83091526,HM,Overscaled Channel detected at Tag AI_TT_020
4/24/2026 9:40:24 AM,202,Warning,WT8-GUI,83091527,HM,Overscaled Channel detected at Tag AI_TT_021
4/24/2026 9:40:24 AM,202,Warning,WT8-GUI,83091528,HM,Overscaled Channel detected at Tag AI_TT_022
4/24/2026 9:40:24 AM,202,Warning,WT8-GUI,83091529,HM,Overscaled Channel detected at Tag AI_TT_023
4/24/2026 9:40:24 AM,202,Warning,WT8-GUI,83091530,HM,Overscaled Channel detected at Tag AI_TT_024
4/24/2026 9:40:24 AM,202,Warning,WT8-GUI,83091531,HM,Overscaled Channel detected at Tag AI_TT_025
4/24/2026 9:40:24 AM,202,Warning,WT8-GUI,83091532,HM,Overscaled Channel detected at Tag AI_TT_026
4/24/2026 9:40:24 AM,202,Warning,WT8-GUI,83091533,HM,Overscaled Channel detected at Tag AI_TT_027
4/24/2026 9:40:24 AM,202,Warning,WT8-GUI,83091534,HM,Overscaled Channel detected at Tag AI_TT_028
4/24/2026 9:40:24 AM,202,Warning,WT8-GUI,83091535,HM,Overscaled Channel detected at Tag AI_TT_002
4/24/2026 9:40:24 AM,202,Warning,WT8-GUI,83091536,HM,Overscaled Channel detected at Tag AI_TT_029
4/24/2026 9:40:24 AM,202,Warning,WT8-GUI,83091537,HM,Overscaled Channel detected at Tag AI_TT_030
4/24/2026 9:40:25 AM,202,Warning,WT8-GUI,83091538,HM,Overscaled Channel detected at Tag AI_TK_000
4/24/2026 9:40:25 AM,202,Warning,WT8-GUI,83091539,HM,Overscaled Channel detected at Tag AI_TK_009
4/24/2026 9:40:25 AM,202,Warning,WT8-GUI,83091540,HM,Overscaled Channel detected at Tag AI_TK_010
4/24/2026 9:40:25 AM,202,Warning,WT8-GUI,83091541,HM,Overscaled Channel detected at Tag AI_TK_011
4/24/2026 9:40:25 AM,202,Warning,WT8-GUI,83091542,HM,Overscaled Channel detected at Tag AI_TK_012
4/24/2026 9:40:25 AM,202,Warning,WT8-GUI,83091543,HM,Overscaled Channel detected at Tag AI_TK_013
4/24/2026 9:40:25 AM,202,Warning,WT8-GUI,83091544,HM,Overscaled Channel detected at Tag AI_TK_014
4/24/2026 9:40:25 AM,202,Warning,WT8-GUI,83091545,HM,Overscaled Channel detected at Tag AI_TK_015
4/24/2026 9:40:25 AM,202,Warning,WT8-GUI,83091546,HM,Overscaled Channel detected at Tag AI_TK_016
4/24/2026 9:40:25 AM,202,Warning,WT8-GUI,83091547,HM,Overscaled Channel detected at Tag AI_TK_017
4/24/2026 9:40:25 AM,202,Warning,WT8-GUI,83091548,HM,Overscaled Channel detected at Tag AI_TK_018
4/24/2026 9:40:25 AM,202,Warning,WT8-GUI,83091549,HM,Overscaled Channel detected at Tag AI_TK_001
4/24/2026 9:40:25 AM,202,Warning,WT8-GUI,83091550,HM,Overscaled Channel detected at Tag AI_TK_019
4/24/2026 9:40:25 AM,202,Warning,WT8-GUI,83091551,HM,Overscaled Channel detected at Tag AI_TK_020
4/24/2026 9:40:25 AM,202,Warning,WT8-GUI,83091552,HM,Overscaled Channel detected at Tag AI_TK_029
4/24/2026 9:40:25 AM,202,Warning,WT8-GUI,83091553,HM,Overscaled Channel detected at Tag AI_TK_030
4/24/2026 9:40:25 AM,202,Warning,WT8-GUI,83091554,HM,Overscaled Channel detected at Tag AI_TK_003
4/24/2026 9:40:25 AM,202,Warning,WT8-GUI,83091555,HM,Overscaled Channel detected at Tag AI_TK_004
4/24/2026 9:40:25 AM,202,Warning,WT8-GUI,83091556,HM,Overscaled Channel detected at Tag AI_TK_005
4/24/2026 9:40:25 AM,202,Warning,WT8-GUI,83091557,HM,Overscaled Channel detected at Tag AI_TK_006
4/24/2026 9:40:25 AM,202,Warning,WT8-GUI,83091558,HM,Overscaled Channel detected at Tag AI_TK_007
4/24/2026 9:40:25 AM,202,Warning,WT8-GUI,83091559,HM,Overscaled Channel detected at Tag AI_TK_008
4/24/2026 9:40:25 AM,202,Warning,WT8-GUI,83091560,HM,Overscaled Channel detected at Tag AI_Volts_Shunt_000
4/24/2026 9:40:25 AM,202,Warning,WT8-GUI,83091561,HM,Overscaled Channel detected at Tag AI_Volts_Shunt_001
4/24/2026 9:40:25 AM,202,Warning,WT8-GUI,83091562,HM,Overscaled Channel detected at Tag AI_Volts_Shunt_003
4/24/2026 9:40:25 AM,202,Warning,WT8-GUI,83091563,HM,Overscaled Channel detected at Tag AI_Volts_Shunt_004
4/24/2026 9:40:25 AM,202,Warning,WT8-GUI,83091564,HM,Overscaled Channel detected at Tag AI_Volts_Shunt_006
4/24/2026 9:40:25 AM,202,Warning,WT8-GUI,83091565,HM,Overscaled Channel detected at Tag AI_Volts_Shunt_007
4/24/2026 9:40:25 AM,202,Warning,WT8-GUI,83091566,HM,Overscaled Channel detected at Tag AI_Volts_Shunt_008
4/24/2026 9:40:25 AM,202,Warning,WT8-GUI,83091567,HM,Overscaled Channel detected at Tag AI_Volts_Shunt_009
4/24/2026 9:40:25 AM,202,Warning,WT8-GUI,83091568,HM,Overscaled Channel detected at Tag AI_Volts_Shunt_010
4/24/2026 9:40:25 AM,202,Warning,WT8-GUI,83091569,HM,Overscaled Channel detected at Tag AI_Volts_Shunt_011
4/24/2026 9:40:25 AM,202,Warning,WT8-GUI,83091570,HM,Overscaled Channel detected at Tag AI_Volts_Shunt_012
4/24/2026 9:40:25 AM,202,Warning,WT8-GUI,83091571,HM,Overscaled Channel detected at Tag AI_Volts_Shunt_013
4/24/2026 9:40:25 AM,202,Warning,WT8-GUI,83091572,HM,Overscaled Channel detected at Tag AI_Volts_Shunt_014
4/24/2026 9:40:25 AM,202,Warning,WT8-GUI,83091573,HM,Overscaled Channel detected at Tag AI_Volts_Shunt_015
4/24/2026 9:40:25 AM,202,Warning,WT8-GUI,83091574,HM,Overscaled Channel detected at Tag AI_Strain_000
4/24/2026 9:40:25 AM,202,Warning,WT8-GUI,83091575,HM,Overscaled Channel detected at Tag AI_Strain_001
4/24/2026 9:40:25 AM,202,Warning,WT8-GUI,83091576,HM,Overscaled Channel detected at Tag AI_Strain_002
4/24/2026 9:40:25 AM,202,Warning,WT8-GUI,83091577,HM,Overscaled Channel detected at Tag AI_Strain_003
4/24/2026 9:40:25 AM,202,Warning,WT8-GUI,83091578,HM,Overscaled Channel detected at Tag AI_Strain_004
4/24/2026 9:40:25 AM,202,Warning,WT8-GUI,83091579,HM,Overscaled Channel detected at Tag AI_Strain_005
4/24/2026 9:40:25 AM,202,Warning,WT8-GUI,83091580,HM,Overscaled Channel detected at Tag AI_Strain_006
4/24/2026 9:40:25 AM,202,Warning,WT8-GUI,83091581,HM,Overscaled Channel detected at Tag AI_Strain_007
4/24/2026 9:40:25 AM,202,Warning,WT8-GUI,83091582,HM,Overscaled Channel detected at Tag AI_TT_000
4/24/2026 9:40:25 AM,202,Warning,WT8-GUI,83091583,HM,Overscaled Channel detected at Tag AI_TT_009
4/24/2026 9:40:25 AM,202,Warning,WT8-GUI,83091584,HM,Overscaled Channel detected at Tag AI_TT_010
4/24/2026 9:40:25 AM,202,Warning,WT8-GUI,83091585,HM,Overscaled Channel detected at Tag AI_TT_011
4/24/2026 9:40:25 AM,202,Warning,WT8-GUI,83091586,HM,Overscaled Channel detected at Tag AI_TT_012
4/24/2026 9:40:25 AM,202,Warning,WT8-GUI,83091587,HM,Overscaled Channel detected at Tag AI_TT_013
4/24/2026 9:40:25 AM,202,Warning,WT8-GUI,83091588,HM,Overscaled Channel detected at Tag AI_TT_014
4/24/2026 9:40:25 AM,202,Warning,WT8-GUI,83091589,HM,Overscaled Channel detected at Tag AI_TT_015
4/24/2026 9:40:25 AM,202,Warning,WT8-GUI,83091590,HM,Overscaled Channel detected at Tag AI_TT_016
4/24/2026 9:40:25 AM,202,Warning,WT8-GUI,83091591,HM,Overscaled Channel detected at Tag AI_TT_003
4/24/2026 9:40:25 AM,202,Warning,WT8-GUI,83091592,HM,Overscaled Channel detected at Tag AI_TT_004
4/24/2026 9:40:25 AM,202,Warning,WT8-GUI,83091593,HM,Overscaled Channel detected at Tag AI_TT_005
4/24/2026 9:40:25 AM,202,Warning,WT8-GUI,83091594,HM,Overscaled Channel detected at Tag AI_TT_006
4/24/2026 9:40:25 AM,202,Warning,WT8-GUI,83091595,HM,Overscaled Channel detected at Tag AI_TT_007
4/24/2026 9:40:25 AM,202,Warning,WT8-GUI,83091596,HM,Overscaled Channel detected at Tag AI_TT_008
4/24/2026 9:41:10 AM,301005,Warning,WT8-GUI,83091597,OPC,OPC Server Graybox.Simulator.1 on host localhost has not updated data in 18 minute(s).
4/24/2026 9:41:24 AM,202,Warning,WT8-GUI,83091598,HM,Overscaled Channel detected at Tag AI_TK_021
4/24/2026 9:41:24 AM,202,Warning,WT8-GUI,83091599,HM,Overscaled Channel detected at Tag AI_TK_022
4/24/2026 9:41:24 AM,202,Warning,WT8-GUI,83091600,HM,Overscaled Channel detected at Tag AI_TK_023
4/24/2026 9:41:24 AM,202,Warning,WT8-GUI,83091601,HM,Overscaled Channel detected at Tag AI_TK_024
4/24/2026 9:41:24 AM,202,Warning,WT8-GUI,83091602,HM,Overscaled Channel detected at Tag AI_TK_025
4/24/2026 9:41:24 AM,202,Warning,WT8-GUI,83091603,HM,Overscaled Channel detected at Tag AI_TK_026
4/24/2026 9:41:24 AM,202,Warning,WT8-GUI,83091604,HM,Overscaled Channel detected at Tag AI_TK_027
4/24/2026 9:41:24 AM,202,Warning,WT8-GUI,83091605,HM,Overscaled Channel detected at Tag AI_TK_028
4/24/2026 9:41:24 AM,202,Warning,WT8-GUI,83091606,HM,Overscaled Channel detected at Tag AI_TK_002
4/24/2026 9:41:24 AM,202,Warning,WT8-GUI,83091607,HM,Overscaled Channel detected at Tag AI_TT_017
4/24/2026 9:41:24 AM,202,Warning,WT8-GUI,83091608,HM,Overscaled Channel detected at Tag AI_TT_018
4/24/2026 9:41:24 AM,202,Warning,WT8-GUI,83091609,HM,Overscaled Channel detected at Tag AI_TT_001
4/24/2026 9:41:24 AM,202,Warning,WT8-GUI,83091610,HM,Overscaled Channel detected at Tag AI_TT_019
4/24/2026 9:41:24 AM,202,Warning,WT8-GUI,83091611,HM,Overscaled Channel detected at Tag AI_TT_020
4/24/2026 9:41:24 AM,202,Warning,WT8-GUI,83091612,HM,Overscaled Channel detected at Tag AI_TT_021
4/24/2026 9:41:24 AM,202,Warning,WT8-GUI,83091613,HM,Overscaled Channel detected at Tag AI_TT_022
4/24/2026 9:41:24 AM,202,Warning,WT8-GUI,83091614,HM,Overscaled Channel detected at Tag AI_TT_023
4/24/2026 9:41:24 AM,202,Warning,WT8-GUI,83091615,HM,Overscaled Channel detected at Tag AI_TT_024
4/24/2026 9:41:24 AM,202,Warning,WT8-GUI,83091616,HM,Overscaled Channel detected at Tag AI_TT_025
4/24/2026 9:41:24 AM,202,Warning,WT8-GUI,83091617,HM,Overscaled Channel detected at Tag AI_TT_026
4/24/2026 9:41:24 AM,202,Warning,WT8-GUI,83091618,HM,Overscaled Channel detected at Tag AI_TT_027
4/24/2026 9:41:24 AM,202,Warning,WT8-GUI,83091619,HM,Overscaled Channel detected at Tag AI_TT_028
4/24/2026 9:41:24 AM,202,Warning,WT8-GUI,83091620,HM,Overscaled Channel detected at Tag AI_TT_002
4/24/2026 9:41:24 AM,202,Warning,WT8-GUI,83091621,HM,Overscaled Channel detected at Tag AI_TT_029
4/24/2026 9:41:24 AM,202,Warning,WT8-GUI,83091622,HM,Overscaled Channel detected at Tag AI_TT_030
4/24/2026 9:41:25 AM,202,Warning,WT8-GUI,83091623,HM,Overscaled Channel detected at Tag AI_TK_000
4/24/2026 9:41:25 AM,202,Warning,WT8-GUI,83091624,HM,Overscaled Channel detected at Tag AI_TK_009
4/24/2026 9:41:25 AM,202,Warning,WT8-GUI,83091625,HM,Overscaled Channel detected at Tag AI_TK_010
4/24/2026 9:41:25 AM,202,Warning,WT8-GUI,83091626,HM,Overscaled Channel detected at Tag AI_TK_011
4/24/2026 9:41:25 AM,202,Warning,WT8-GUI,83091627,HM,Overscaled Channel detected at Tag AI_TK_012
4/24/2026 9:41:25 AM,202,Warning,WT8-GUI,83091628,HM,Overscaled Channel detected at Tag AI_TK_013
4/24/2026 9:41:25 AM,202,Warning,WT8-GUI,83091629,HM,Overscaled Channel detected at Tag AI_TK_014
4/24/2026 9:41:25 AM,202,Warning,WT8-GUI,83091630,HM,Overscaled Channel detected at Tag AI_TK_015
4/24/2026 9:41:25 AM,202,Warning,WT8-GUI,83091631,HM,Overscaled Channel detected at Tag AI_TK_016
4/24/2026 9:41:25 AM,202,Warning,WT8-GUI,83091632,HM,Overscaled Channel detected at Tag AI_TK_017
4/24/2026 9:41:25 AM,202,Warning,WT8-GUI,83091633,HM,Overscaled Channel detected at Tag AI_TK_018
4/24/2026 9:41:25 AM,202,Warning,WT8-GUI,83091634,HM,Overscaled Channel detected at Tag AI_TK_001
4/24/2026 9:41:25 AM,202,Warning,WT8-GUI,83091635,HM,Overscaled Channel detected at Tag AI_TK_019
4/24/2026 9:41:25 AM,202,Warning,WT8-GUI,83091636,HM,Overscaled Channel detected at Tag AI_TK_020
4/24/2026 9:41:25 AM,202,Warning,WT8-GUI,83091637,HM,Overscaled Channel detected at Tag AI_TK_029
4/24/2026 9:41:25 AM,202,Warning,WT8-GUI,83091638,HM,Overscaled Channel detected at Tag AI_TK_030
4/24/2026 9:41:25 AM,202,Warning,WT8-GUI,83091639,HM,Overscaled Channel detected at Tag AI_TK_003
4/24/2026 9:41:25 AM,202,Warning,WT8-GUI,83091640,HM,Overscaled Channel detected at Tag AI_TK_004
4/24/2026 9:41:25 AM,202,Warning,WT8-GUI,83091641,HM,Overscaled Channel detected at Tag AI_TK_005
4/24/2026 9:41:25 AM,202,Warning,WT8-GUI,83091642,HM,Overscaled Channel detected at Tag AI_TK_006
4/24/2026 9:41:25 AM,202,Warning,WT8-GUI,83091643,HM,Overscaled Channel detected at Tag AI_TK_007
4/24/2026 9:41:25 AM,202,Warning,WT8-GUI,83091644,HM,Overscaled Channel detected at Tag AI_TK_008
4/24/2026 9:41:25 AM,202,Warning,WT8-GUI,83091645,HM,Overscaled Channel detected at Tag AI_Volts_Shunt_000
4/24/2026 9:41:25 AM,202,Warning,WT8-GUI,83091646,HM,Overscaled Channel detected at Tag AI_Volts_Shunt_001
4/24/2026 9:41:25 AM,202,Warning,WT8-GUI,83091647,HM,Overscaled Channel detected at Tag AI_Volts_Shunt_003
4/24/2026 9:41:25 AM,202,Warning,WT8-GUI,83091648,HM,Overscaled Channel detected at Tag AI_Volts_Shunt_004
4/24/2026 9:41:25 AM,202,Warning,WT8-GUI,83091649,HM,Overscaled Channel detected at Tag AI_Volts_Shunt_006
4/24/2026 9:41:25 AM,202,Warning,WT8-GUI,83091650,HM,Overscaled Channel detected at Tag AI_Volts_Shunt_007
4/24/2026 9:41:25 AM,202,Warning,WT8-GUI,83091651,HM,Overscaled Channel detected at Tag AI_Volts_Shunt_008
4/24/2026 9:41:25 AM,202,Warning,WT8-GUI,83091652,HM,Overscaled Channel detected at Tag AI_Volts_Shunt_009
4/24/2026 9:41:25 AM,202,Warning,WT8-GUI,83091653,HM,Overscaled Channel detected at Tag AI_Volts_Shunt_010
4/24/2026 9:41:25 AM,202,Warning,WT8-GUI,83091654,HM,Overscaled Channel detected at Tag AI_Volts_Shunt_011
4/24/2026 9:41:25 AM,202,Warning,WT8-GUI,83091655,HM,Overscaled Channel detected at Tag AI_Volts_Shunt_012
4/24/2026 9:41:25 AM,202,Warning,WT8-GUI,83091656,HM,Overscaled Channel detected at Tag AI_Volts_Shunt_013
4/24/2026 9:41:25 AM,202,Warning,WT8-GUI,83091657,HM,Overscaled Channel detected at Tag AI_Volts_Shunt_014
4/24/2026 9:41:25 AM,202,Warning,WT8-GUI,83091658,HM,Overscaled Channel detected at Tag AI_Volts_Shunt_015
4/24/2026 9:41:25 AM,202,Warning,WT8-GUI,83091659,HM,Overscaled Channel detected at Tag AI_Strain_000
4/24/2026 9:41:25 AM,202,Warning,WT8-GUI,83091660,HM,Overscaled Channel detected at Tag AI_Strain_001
4/24/2026 9:41:25 AM,202,Warning,WT8-GUI,83091661,HM,Overscaled Channel detected at Tag AI_Strain_002
4/24/2026 9:41:25 AM,202,Warning,WT8-GUI,83091662,HM,Overscaled Channel detected at Tag AI_Strain_003
4/24/2026 9:41:25 AM,202,Warning,WT8-GUI,83091663,HM,Overscaled Channel detected at Tag AI_Strain_004
4/24/2026 9:41:25 AM,202,Warning,WT8-GUI,83091664,HM,Overscaled Channel detected at Tag AI_Strain_005
4/24/2026 9:41:25 AM,202,Warning,WT8-GUI,83091665,HM,Overscaled Channel detected at Tag AI_Strain_006
4/24/2026 9:41:25 AM,202,Warning,WT8-GUI,83091666,HM,Overscaled Channel detected at Tag AI_Strain_007
4/24/2026 9:41:25 AM,202,Warning,WT8-GUI,83091667,HM,Overscaled Channel detected at Tag AI_TT_000
4/24/2026 9:41:25 AM,202,Warning,WT8-GUI,83091668,HM,Overscaled Channel detected at Tag AI_TT_009
4/24/2026 9:41:25 AM,202,Warning,WT8-GUI,83091669,HM,Overscaled Channel detected at Tag AI_TT_010
4/24/2026 9:41:25 AM,202,Warning,WT8-GUI,83091670,HM,Overscaled Channel detected at Tag AI_TT_011
4/24/2026 9:41:25 AM,202,Warning,WT8-GUI,83091671,HM,Overscaled Channel detected at Tag AI_TT_012
4/24/2026 9:41:25 AM,202,Warning,WT8-GUI,83091672,HM,Overscaled Channel detected at Tag AI_TT_013
4/24/2026 9:41:25 AM,202,Warning,WT8-GUI,83091673,HM,Overscaled Channel detected at Tag AI_TT_014
4/24/2026 9:41:25 AM,202,Warning,WT8-GUI,83091674,HM,Overscaled Channel detected at Tag AI_TT_015
4/24/2026 9:41:25 AM,202,Warning,WT8-GUI,83091675,HM,Overscaled Channel detected at Tag AI_TT_016
4/24/2026 9:41:25 AM,202,Warning,WT8-GUI,83091676,HM,Overscaled Channel detected at Tag AI_TT_003
4/24/2026 9:41:25 AM,202,Warning,WT8-GUI,83091677,HM,Overscaled Channel detected at Tag AI_TT_004
4/24/2026 9:41:25 AM,202,Warning,WT8-GUI,83091678,HM,Overscaled Channel detected at Tag AI_TT_005
4/24/2026 9:41:25 AM,202,Warning,WT8-GUI,83091679,HM,Overscaled Channel detected at Tag AI_TT_006
4/24/2026 9:41:25 AM,202,Warning,WT8-GUI,83091680,HM,Overscaled Channel detected at Tag AI_TT_007
4/24/2026 9:41:25 AM,202,Warning,WT8-GUI,83091681,HM,Overscaled Channel detected at Tag AI_TT_008
4/24/2026 9:42:10 AM,301005,Warning,WT8-GUI,83091682,OPC,OPC Server Graybox.Simulator.1 on host localhost has not updated data in 19 minute(s).
4/24/2026 9:42:24 AM,202,Warning,WT8-GUI,83091683,HM,Overscaled Channel detected at Tag AI_TK_021
4/24/2026 9:42:24 AM,202,Warning,WT8-GUI,83091684,HM,Overscaled Channel detected at Tag AI_TK_022
4/24/2026 9:42:24 AM,202,Warning,WT8-GUI,83091685,HM,Overscaled Channel detected at Tag AI_TK_023
4/24/2026 9:42:24 AM,202,Warning,WT8-GUI,83091686,HM,Overscaled Channel detected at Tag AI_TK_024
4/24/2026 9:42:24 AM,202,Warning,WT8-GUI,83091687,HM,Overscaled Channel detected at Tag AI_TK_025
4/24/2026 9:42:24 AM,202,Warning,WT8-GUI,83091688,HM,Overscaled Channel detected at Tag AI_TK_026
4/24/2026 9:42:24 AM,202,Warning,WT8-GUI,83091689,HM,Overscaled Channel detected at Tag AI_TK_027
4/24/2026 9:42:24 AM,202,Warning,WT8-GUI,83091690,HM,Overscaled Channel detected at Tag AI_TK_028
4/24/2026 9:42:24 AM,202,Warning,WT8-GUI,83091691,HM,Overscaled Channel detected at Tag AI_TK_002
4/24/2026 9:42:24 AM,202,Warning,WT8-GUI,83091692,HM,Overscaled Channel detected at Tag AI_TT_017
4/24/2026 9:42:24 AM,202,Warning,WT8-GUI,83091693,HM,Overscaled Channel detected at Tag AI_TT_018
4/24/2026 9:42:24 AM,202,Warning,WT8-GUI,83091694,HM,Overscaled Channel detected at Tag AI_TT_001
4/24/2026 9:42:24 AM,202,Warning,WT8-GUI,83091695,HM,Overscaled Channel detected at Tag AI_TT_019
4/24/2026 9:42:24 AM,202,Warning,WT8-GUI,83091696,HM,Overscaled Channel detected at Tag AI_TT_020
4/24/2026 9:42:24 AM,202,Warning,WT8-GUI,83091697,HM,Overscaled Channel detected at Tag AI_TT_021
4/24/2026 9:42:24 AM,202,Warning,WT8-GUI,83091698,HM,Overscaled Channel detected at Tag AI_TT_022
4/24/2026 9:42:24 AM,202,Warning,WT8-GUI,83091699,HM,Overscaled Channel detected at Tag AI_TT_023
4/24/2026 9:42:24 AM,202,Warning,WT8-GUI,83091700,HM,Overscaled Channel detected at Tag AI_TT_024
4/24/2026 9:42:24 AM,202,Warning,WT8-GUI,83091701,HM,Overscaled Channel detected at Tag AI_TT_025
4/24/2026 9:42:24 AM,202,Warning,WT8-GUI,83091702,HM,Overscaled Channel detected at Tag AI_TT_026
4/24/2026 9:42:24 AM,202,Warning,WT8-GUI,83091703,HM,Overscaled Channel detected at Tag AI_TT_027
4/24/2026 9:42:24 AM,202,Warning,WT8-GUI,83091704,HM,Overscaled Channel detected at Tag AI_TT_028
4/24/2026 9:42:24 AM,202,Warning,WT8-GUI,83091705,HM,Overscaled Channel detected at Tag AI_TT_002
4/24/2026 9:42:24 AM,202,Warning,WT8-GUI,83091706,HM,Overscaled Channel detected at Tag AI_TT_029
4/24/2026 9:42:24 AM,202,Warning,WT8-GUI,83091707,HM,Overscaled Channel detected at Tag AI_TT_030
4/24/2026 9:42:25 AM,202,Warning,WT8-GUI,83091708,HM,Overscaled Channel detected at Tag AI_TK_000
4/24/2026 9:42:25 AM,202,Warning,WT8-GUI,83091709,HM,Overscaled Channel detected at Tag AI_TK_009
4/24/2026 9:42:25 AM,202,Warning,WT8-GUI,83091710,HM,Overscaled Channel detected at Tag AI_TK_010
4/24/2026 9:42:25 AM,202,Warning,WT8-GUI,83091711,HM,Overscaled Channel detected at Tag AI_TK_011
4/24/2026 9:42:25 AM,202,Warning,WT8-GUI,83091712,HM,Overscaled Channel detected at Tag AI_TK_012
4/24/2026 9:42:25 AM,202,Warning,WT8-GUI,83091713,HM,Overscaled Channel detected at Tag AI_TK_013
4/24/2026 9:42:25 AM,202,Warning,WT8-GUI,83091714,HM,Overscaled Channel detected at Tag AI_TK_014
4/24/2026 9:42:25 AM,202,Warning,WT8-GUI,83091715,HM,Overscaled Channel detected at Tag AI_TK_015
4/24/2026 9:42:25 AM,202,Warning,WT8-GUI,83091716,HM,Overscaled Channel detected at Tag AI_TK_016
4/24/2026 9:42:25 AM,202,Warning,WT8-GUI,83091717,HM,Overscaled Channel detected at Tag AI_TK_017
4/24/2026 9:42:25 AM,202,Warning,WT8-GUI,83091718,HM,Overscaled Channel detected at Tag AI_TK_018
4/24/2026 9:42:25 AM,202,Warning,WT8-GUI,83091719,HM,Overscaled Channel detected at Tag AI_TK_001
4/24/2026 9:42:25 AM,202,Warning,WT8-GUI,83091720,HM,Overscaled Channel detected at Tag AI_TK_019
4/24/2026 9:42:25 AM,202,Warning,WT8-GUI,83091721,HM,Overscaled Channel detected at Tag AI_TK_020
4/24/2026 9:42:25 AM,202,Warning,WT8-GUI,83091722,HM,Overscaled Channel detected at Tag AI_TK_029
4/24/2026 9:42:25 AM,202,Warning,WT8-GUI,83091723,HM,Overscaled Channel detected at Tag AI_TK_030
4/24/2026 9:42:25 AM,202,Warning,WT8-GUI,83091724,HM,Overscaled Channel detected at Tag AI_TK_003
4/24/2026 9:42:25 AM,202,Warning,WT8-GUI,83091725,HM,Overscaled Channel detected at Tag AI_TK_004
4/24/2026 9:42:25 AM,202,Warning,WT8-GUI,83091726,HM,Overscaled Channel detected at Tag AI_TK_005
4/24/2026 9:42:25 AM,202,Warning,WT8-GUI,83091727,HM,Overscaled Channel detected at Tag AI_TK_006
4/24/2026 9:42:25 AM,202,Warning,WT8-GUI,83091728,HM,Overscaled Channel detected at Tag AI_TK_007
4/24/2026 9:42:25 AM,202,Warning,WT8-GUI,83091729,HM,Overscaled Channel detected at Tag AI_TK_008
4/24/2026 9:42:25 AM,202,Warning,WT8-GUI,83091730,HM,Overscaled Channel detected at Tag AI_Volts_Shunt_000
4/24/2026 9:42:25 AM,202,Warning,WT8-GUI,83091731,HM,Overscaled Channel detected at Tag AI_Volts_Shunt_001
4/24/2026 9:42:25 AM,202,Warning,WT8-GUI,83091732,HM,Overscaled Channel detected at Tag AI_Volts_Shunt_003
4/24/2026 9:42:25 AM,202,Warning,WT8-GUI,83091733,HM,Overscaled Channel detected at Tag AI_Volts_Shunt_004
4/24/2026 9:42:25 AM,202,Warning,WT8-GUI,83091734,HM,Overscaled Channel detected at Tag AI_Volts_Shunt_006
4/24/2026 9:42:25 AM,202,Warning,WT8-GUI,83091735,HM,Overscaled Channel detected at Tag AI_Volts_Shunt_007
4/24/2026 9:42:25 AM,202,Warning,WT8-GUI,83091736,HM,Overscaled Channel detected at Tag AI_Volts_Shunt_008
4/24/2026 9:42:25 AM,202,Warning,WT8-GUI,83091737,HM,Overscaled Channel detected at Tag AI_Volts_Shunt_009
4/24/2026 9:42:25 AM,202,Warning,WT8-GUI,83091738,HM,Overscaled Channel detected at Tag AI_Volts_Shunt_010
4/24/2026 9:42:25 AM,202,Warning,WT8-GUI,83091739,HM,Overscaled Channel detected at Tag AI_Volts_Shunt_011
4/24/2026 9:42:25 AM,202,Warning,WT8-GUI,83091740,HM,Overscaled Channel detected at Tag AI_Volts_Shunt_012
4/24/2026 9:42:25 AM,202,Warning,WT8-GUI,83091741,HM,Overscaled Channel detected at Tag AI_Volts_Shunt_013
4/24/2026 9:42:25 AM,202,Warning,WT8-GUI,83091742,HM,Overscaled Channel detected at Tag AI_Volts_Shunt_014
4/24/2026 9:42:25 AM,202,Warning,WT8-GUI,83091743,HM,Overscaled Channel detected at Tag AI_Volts_Shunt_015
4/24/2026 9:42:25 AM,202,Warning,WT8-GUI,83091744,HM,Overscaled Channel detected at Tag AI_Strain_000
4/24/2026 9:42:25 AM,202,Warning,WT8-GUI,83091745,HM,Overscaled Channel detected at Tag AI_Strain_001
4/24/2026 9:42:25 AM,202,Warning,WT8-GUI,83091746,HM,Overscaled Channel detected at Tag AI_Strain_002
4/24/2026 9:42:25 AM,202,Warning,WT8-GUI,83091747,HM,Overscaled Channel detected at Tag AI_Strain_003
4/24/2026 9:42:25 AM,202,Warning,WT8-GUI,83091748,HM,Overscaled Channel detected at Tag AI_Strain_004
4/24/2026 9:42:25 AM,202,Warning,WT8-GUI,83091749,HM,Overscaled Channel detected at Tag AI_Strain_005
4/24/2026 9:42:25 AM,202,Warning,WT8-GUI,83091750,HM,Overscaled Channel detected at Tag AI_Strain_006
4/24/2026 9:42:25 AM,202,Warning,WT8-GUI,83091751,HM,Overscaled Channel detected at Tag AI_Strain_007
4/24/2026 9:42:25 AM,202,Warning,WT8-GUI,83091752,HM,Overscaled Channel detected at Tag AI_TT_000
4/24/2026 9:42:25 AM,202,Warning,WT8-GUI,83091753,HM,Overscaled Channel detected at Tag AI_TT_009
4/24/2026 9:42:25 AM,202,Warning,WT8-GUI,83091754,HM,Overscaled Channel detected at Tag AI_TT_010
4/24/2026 9:42:25 AM,202,Warning,WT8-GUI,83091755,HM,Overscaled Channel detected at Tag AI_TT_011
4/24/2026 9:42:25 AM,202,Warning,WT8-GUI,83091756,HM,Overscaled Channel detected at Tag AI_TT_012
4/24/2026 9:42:25 AM,202,Warning,WT8-GUI,83091757,HM,Overscaled Channel detected at Tag AI_TT_013
4/24/2026 9:42:25 AM,202,Warning,WT8-GUI,83091758,HM,Overscaled Channel detected at Tag AI_TT_014
4/24/2026 9:42:25 AM,202,Warning,WT8-GUI,83091759,HM,Overscaled Channel detected at Tag AI_TT_015
4/24/2026 9:42:25 AM,202,Warning,WT8-GUI,83091760,HM,Overscaled Channel detected at Tag AI_TT_016
4/24/2026 9:42:25 AM,202,Warning,WT8-GUI,83091761,HM,Overscaled Channel detected at Tag AI_TT_003
4/24/2026 9:42:25 AM,202,Warning,WT8-GUI,83091762,HM,Overscaled Channel detected at Tag AI_TT_004
4/24/2026 9:42:25 AM,202,Warning,WT8-GUI,83091763,HM,Overscaled Channel detected at Tag AI_TT_005
4/24/2026 9:42:25 AM,202,Warning,WT8-GUI,83091764,HM,Overscaled Channel detected at Tag AI_TT_006
4/24/2026 9:42:25 AM,202,Warning,WT8-GUI,83091765,HM,Overscaled Channel detected at Tag AI_TT_007
4/24/2026 9:42:25 AM,202,Warning,WT8-GUI,83091766,HM,Overscaled Channel detected at Tag AI_TT_008
4/24/2026 9:43:10 AM,301005,Warning,WT8-GUI,83091767,OPC,OPC Server Graybox.Simulator.1 on host localhost has not updated data in 20 minute(s).
4/24/2026 9:43:24 AM,202,Warning,WT8-GUI,83091768,HM,Overscaled Channel detected at Tag AI_TK_021
4/24/2026 9:43:24 AM,202,Warning,WT8-GUI,83091769,HM,Overscaled Channel detected at Tag AI_TK_022
4/24/2026 9:43:24 AM,202,Warning,WT8-GUI,83091770,HM,Overscaled Channel detected at Tag AI_TK_023
4/24/2026 9:43:25 AM,202,Warning,WT8-GUI,83091771,HM,Overscaled Channel detected at Tag AI_TK_024
4/24/2026 9:43:25 AM,202,Warning,WT8-GUI,83091772,HM,Overscaled Channel detected at Tag AI_TK_025
4/24/2026 9:43:25 AM,202,Warning,WT8-GUI,83091773,HM,Overscaled Channel detected at Tag AI_TK_026
4/24/2026 9:43:25 AM,202,Warning,WT8-GUI,83091774,HM,Overscaled Channel detected at Tag AI_TK_027
4/24/2026 9:43:25 AM,202,Warning,WT8-GUI,83091775,HM,Overscaled Channel detected at Tag AI_TK_028
4/24/2026 9:43:25 AM,202,Warning,WT8-GUI,83091776,HM,Overscaled Channel detected at Tag AI_TK_002
4/24/2026 9:43:25 AM,202,Warning,WT8-GUI,83091777,HM,Overscaled Channel detected at Tag AI_TT_017
4/24/2026 9:43:25 AM,202,Warning,WT8-GUI,83091778,HM,Overscaled Channel detected at Tag AI_TT_018
4/24/2026 9:43:25 AM,202,Warning,WT8-GUI,83091779,HM,Overscaled Channel detected at Tag AI_TT_001
4/24/2026 9:43:25 AM,202,Warning,WT8-GUI,83091780,HM,Overscaled Channel detected at Tag AI_TT_019
4/24/2026 9:43:25 AM,202,Warning,WT8-GUI,83091781,HM,Overscaled Channel detected at Tag AI_TT_020
4/24/2026 9:43:25 AM,202,Warning,WT8-GUI,83091782,HM,Overscaled Channel detected at Tag AI_TT_021
4/24/2026 9:43:25 AM,202,Warning,WT8-GUI,83091783,HM,Overscaled Channel detected at Tag AI_TT_022
4/24/2026 9:43:25 AM,202,Warning,WT8-GUI,83091784,HM,Overscaled Channel detected at Tag AI_TT_023
4/24/2026 9:43:25 AM,202,Warning,WT8-GUI,83091785,HM,Overscaled Channel detected at Tag AI_TT_024
4/24/2026 9:43:25 AM,202,Warning,WT8-GUI,83091786,HM,Overscaled Channel detected at Tag AI_TT_025
4/24/2026 9:43:25 AM,202,Warning,WT8-GUI,83091787,HM,Overscaled Channel detected at Tag AI_TT_026
4/24/2026 9:43:25 AM,202,Warning,WT8-GUI,83091788,HM,Overscaled Channel detected at Tag AI_TT_027
4/24/2026 9:43:25 AM,202,Warning,WT8-GUI,83091789,HM,Overscaled Channel detected at Tag AI_TT_028
4/24/2026 9:43:25 AM,202,Warning,WT8-GUI,83091790,HM,Overscaled Channel detected at Tag AI_TT_002
4/24/2026 9:43:25 AM,202,Warning,WT8-GUI,83091791,HM,Overscaled Channel detected at Tag AI_TT_029
4/24/2026 9:43:25 AM,202,Warning,WT8-GUI,83091792,HM,Overscaled Channel detected at Tag AI_TT_030
4/24/2026 9:43:25 AM,202,Warning,WT8-GUI,83091793,HM,Overscaled Channel detected at Tag AI_TK_000
4/24/2026 9:43:25 AM,202,Warning,WT8-GUI,83091794,HM,Overscaled Channel detected at Tag AI_TK_009
4/24/2026 9:43:25 AM,202,Warning,WT8-GUI,83091795,HM,Overscaled Channel detected at Tag AI_TK_010
4/24/2026 9:43:25 AM,202,Warning,WT8-GUI,83091796,HM,Overscaled Channel detected at Tag AI_TK_011
4/24/2026 9:43:25 AM,202,Warning,WT8-GUI,83091797,HM,Overscaled Channel detected at Tag AI_TK_012
4/24/2026 9:43:25 AM,202,Warning,WT8-GUI,83091798,HM,Overscaled Channel detected at Tag AI_TK_013
4/24/2026 9:43:25 AM,202,Warning,WT8-GUI,83091799,HM,Overscaled Channel detected at Tag AI_TK_014
4/24/2026 9:43:25 AM,202,Warning,WT8-GUI,83091800,HM,Overscaled Channel detected at Tag AI_TK_015
4/24/2026 9:43:25 AM,202,Warning,WT8-GUI,83091801,HM,Overscaled Channel detected at Tag AI_TK_016
4/24/2026 9:43:25 AM,202,Warning,WT8-GUI,83091802,HM,Overscaled Channel detected at Tag AI_TK_017
4/24/2026 9:43:25 AM,202,Warning,WT8-GUI,83091803,HM,Overscaled Channel detected at Tag AI_TK_018
4/24/2026 9:43:25 AM,202,Warning,WT8-GUI,83091804,HM,Overscaled Channel detected at Tag AI_TK_001
4/24/2026 9:43:25 AM,202,Warning,WT8-GUI,83091805,HM,Overscaled Channel detected at Tag AI_TK_019
4/24/2026 9:43:25 AM,202,Warning,WT8-GUI,83091806,HM,Overscaled Channel detected at Tag AI_TK_020
4/24/2026 9:43:25 AM,202,Warning,WT8-GUI,83091807,HM,Overscaled Channel detected at Tag AI_TK_029
4/24/2026 9:43:25 AM,202,Warning,WT8-GUI,83091808,HM,Overscaled Channel detected at Tag AI_TK_030
4/24/2026 9:43:25 AM,202,Warning,WT8-GUI,83091809,HM,Overscaled Channel detected at Tag AI_TK_003
4/24/2026 9:43:25 AM,202,Warning,WT8-GUI,83091810,HM,Overscaled Channel detected at Tag AI_TK_004
4/24/2026 9:43:25 AM,202,Warning,WT8-GUI,83091811,HM,Overscaled Channel detected at Tag AI_TK_005
4/24/2026 9:43:25 AM,202,Warning,WT8-GUI,83091812,HM,Overscaled Channel detected at Tag AI_TK_006
4/24/2026 9:43:25 AM,202,Warning,WT8-GUI,83091813,HM,Overscaled Channel detected at Tag AI_TK_007
4/24/2026 9:43:25 AM,202,Warning,WT8-GUI,83091814,HM,Overscaled Channel detected at Tag AI_TK_008
4/24/2026 9:43:25 AM,202,Warning,WT8-GUI,83091815,HM,Overscaled Channel detected at Tag AI_Volts_Shunt_000
4/24/2026 9:43:25 AM,202,Warning,WT8-GUI,83091816,HM,Overscaled Channel detected at Tag AI_Volts_Shunt_001
4/24/2026 9:43:25 AM,202,Warning,WT8-GUI,83091817,HM,Overscaled Channel detected at Tag AI_Volts_Shunt_003
4/24/2026 9:43:25 AM,202,Warning,WT8-GUI,83091818,HM,Overscaled Channel detected at Tag AI_Volts_Shunt_004
4/24/2026 9:43:25 AM,202,Warning,WT8-GUI,83091819,HM,Overscaled Channel detected at Tag AI_Volts_Shunt_006
4/24/2026 9:43:25 AM,202,Warning,WT8-GUI,83091820,HM,Overscaled Channel detected at Tag AI_Volts_Shunt_007
4/24/2026 9:43:25 AM,202,Warning,WT8-GUI,83091821,HM,Overscaled Channel detected at Tag AI_Volts_Shunt_008
4/24/2026 9:43:25 AM,202,Warning,WT8-GUI,83091822,HM,Overscaled Channel detected at Tag AI_Volts_Shunt_009
4/24/2026 9:43:25 AM,202,Warning,WT8-GUI,83091823,HM,Overscaled Channel detected at Tag AI_Volts_Shunt_010
4/24/2026 9:43:25 AM,202,Warning,WT8-GUI,83091824,HM,Overscaled Channel detected at Tag AI_Volts_Shunt_011
4/24/2026 9:43:25 AM,202,Warning,WT8-GUI,83091825,HM,Overscaled Channel detected at Tag AI_Volts_Shunt_012
4/24/2026 9:43:25 AM,202,Warning,WT8-GUI,83091826,HM,Overscaled Channel detected at Tag AI_Volts_Shunt_013
4/24/2026 9:43:25 AM,202,Warning,WT8-GUI,83091827,HM,Overscaled Channel detected at Tag AI_Volts_Shunt_014
4/24/2026 9:43:25 AM,202,Warning,WT8-GUI,83091828,HM,Overscaled Channel detected at Tag AI_Volts_Shunt_015
4/24/2026 9:43:25 AM,202,Warning,WT8-GUI,83091829,HM,Overscaled Channel detected at Tag AI_Strain_000
4/24/2026 9:43:25 AM,202,Warning,WT8-GUI,83091830,HM,Overscaled Channel detected at Tag AI_Strain_001
4/24/2026 9:43:25 AM,202,Warning,WT8-GUI,83091831,HM,Overscaled Channel detected at Tag AI_Strain_002
4/24/2026 9:43:25 AM,202,Warning,WT8-GUI,83091832,HM,Overscaled Channel detected at Tag AI_Strain_003
4/24/2026 9:43:25 AM,202,Warning,WT8-GUI,83091833,HM,Overscaled Channel detected at Tag AI_Strain_004
4/24/2026 9:43:25 AM,202,Warning,WT8-GUI,83091834,HM,Overscaled Channel detected at Tag AI_Strain_005
4/24/2026 9:43:25 AM,202,Warning,WT8-GUI,83091835,HM,Overscaled Channel detected at Tag AI_Strain_006
4/24/2026 9:43:25 AM,202,Warning,WT8-GUI,83091836,HM,Overscaled Channel detected at Tag AI_Strain_007
4/24/2026 9:43:25 AM,202,Warning,WT8-GUI,83091837,HM,Overscaled Channel detected at Tag AI_TT_000
4/24/2026 9:43:25 AM,202,Warning,WT8-GUI,83091838,HM,Overscaled Channel detected at Tag AI_TT_009
4/24/2026 9:43:25 AM,202,Warning,WT8-GUI,83091839,HM,Overscaled Channel detected at Tag AI_TT_010
4/24/2026 9:43:25 AM,202,Warning,WT8-GUI,83091840,HM,Overscaled Channel detected at Tag AI_TT_011
4/24/2026 9:43:25 AM,202,Warning,WT8-GUI,83091841,HM,Overscaled Channel detected at Tag AI_TT_012
4/24/2026 9:43:25 AM,202,Warning,WT8-GUI,83091842,HM,Overscaled Channel detected at Tag AI_TT_013
4/24/2026 9:43:25 AM,202,Warning,WT8-GUI,83091843,HM,Overscaled Channel detected at Tag AI_TT_014
4/24/2026 9:43:25 AM,202,Warning,WT8-GUI,83091844,HM,Overscaled Channel detected at Tag AI_TT_015
4/24/2026 9:43:25 AM,202,Warning,WT8-GUI,83091845,HM,Overscaled Channel detected at Tag AI_TT_016
4/24/2026 9:43:25 AM,202,Warning,WT8-GUI,83091846,HM,Overscaled Channel detected at Tag AI_TT_003
4/24/2026 9:43:25 AM,202,Warning,WT8-GUI,83091847,HM,Overscaled Channel detected at Tag AI_TT_004
4/24/2026 9:43:25 AM,202,Warning,WT8-GUI,83091848,HM,Overscaled Channel detected at Tag AI_TT_005
4/24/2026 9:43:25 AM,202,Warning,WT8-GUI,83091849,HM,Overscaled Channel detected at Tag AI_TT_006
4/24/2026 9:43:25 AM,202,Warning,WT8-GUI,83091850,HM,Overscaled Channel detected at Tag AI_TT_007
4/24/2026 9:43:25 AM,202,Warning,WT8-GUI,83091851,HM,Overscaled Channel detected at Tag AI_TT_008
4/24/2026 9:44:10 AM,301005,Warning,WT8-GUI,83091852,OPC,OPC Server Graybox.Simulator.1 on host localhost has not updated data in 21 minute(s).
4/24/2026 9:44:25 AM,202,Warning,WT8-GUI,83091853,HM,Overscaled Channel detected at Tag AI_TK_021
4/24/2026 9:44:25 AM,202,Warning,WT8-GUI,83091854,HM,Overscaled Channel detected at Tag AI_TK_022
4/24/2026 9:44:25 AM,202,Warning,WT8-GUI,83091855,HM,Overscaled Channel detected at Tag AI_TK_023
4/24/2026 9:44:25 AM,202,Warning,WT8-GUI,83091856,HM,Overscaled Channel detected at Tag AI_TK_024
4/24/2026 9:44:25 AM,202,Warning,WT8-GUI,83091857,HM,Overscaled Channel detected at Tag AI_TK_025
4/24/2026 9:44:25 AM,202,Warning,WT8-GUI,83091858,HM,Overscaled Channel detected at Tag AI_TK_026
4/24/2026 9:44:25 AM,202,Warning,WT8-GUI,83091859,HM,Overscaled Channel detected at Tag AI_TK_027
4/24/2026 9:44:25 AM,202,Warning,WT8-GUI,83091860,HM,Overscaled Channel detected at Tag AI_TK_028
4/24/2026 9:44:25 AM,202,Warning,WT8-GUI,83091861,HM,Overscaled Channel detected at Tag AI_TK_002
4/24/2026 9:44:25 AM,202,Warning,WT8-GUI,83091862,HM,Overscaled Channel detected at Tag AI_TT_017
4/24/2026 9:44:25 AM,202,Warning,WT8-GUI,83091863,HM,Overscaled Channel detected at Tag AI_TT_018
4/24/2026 9:44:25 AM,202,Warning,WT8-GUI,83091864,HM,Overscaled Channel detected at Tag AI_TT_001
4/24/2026 9:44:25 AM,202,Warning,WT8-GUI,83091865,HM,Overscaled Channel detected at Tag AI_TT_019
4/24/2026 9:44:25 AM,202,Warning,WT8-GUI,83091866,HM,Overscaled Channel detected at Tag AI_TT_020
4/24/2026 9:44:25 AM,202,Warning,WT8-GUI,83091867,HM,Overscaled Channel detected at Tag AI_TT_021
4/24/2026 9:44:25 AM,202,Warning,WT8-GUI,83091868,HM,Overscaled Channel detected at Tag AI_TT_022
4/24/2026 9:44:25 AM,202,Warning,WT8-GUI,83091869,HM,Overscaled Channel detected at Tag AI_TT_023
4/24/2026 9:44:25 AM,202,Warning,WT8-GUI,83091870,HM,Overscaled Channel detected at Tag AI_TT_024
4/24/2026 9:44:25 AM,202,Warning,WT8-GUI,83091871,HM,Overscaled Channel detected at Tag AI_TT_025
4/24/2026 9:44:25 AM,202,Warning,WT8-GUI,83091872,HM,Overscaled Channel detected at Tag AI_TT_026
4/24/2026 9:44:25 AM,202,Warning,WT8-GUI,83091873,HM,Overscaled Channel detected at Tag AI_TT_027
4/24/2026 9:44:25 AM,202,Warning,WT8-GUI,83091874,HM,Overscaled Channel detected at Tag AI_TT_028
4/24/2026 9:44:25 AM,202,Warning,WT8-GUI,83091875,HM,Overscaled Channel detected at Tag AI_TT_002
4/24/2026 9:44:25 AM,202,Warning,WT8-GUI,83091876,HM,Overscaled Channel detected at Tag AI_TT_029
4/24/2026 9:44:25 AM,202,Warning,WT8-GUI,83091877,HM,Overscaled Channel detected at Tag AI_TT_030
4/24/2026 9:44:25 AM,202,Warning,WT8-GUI,83091878,HM,Overscaled Channel detected at Tag AI_TK_000
4/24/2026 9:44:25 AM,202,Warning,WT8-GUI,83091879,HM,Overscaled Channel detected at Tag AI_TK_009
4/24/2026 9:44:25 AM,202,Warning,WT8-GUI,83091880,HM,Overscaled Channel detected at Tag AI_TK_010
4/24/2026 9:44:25 AM,202,Warning,WT8-GUI,83091881,HM,Overscaled Channel detected at Tag AI_TK_011
4/24/2026 9:44:25 AM,202,Warning,WT8-GUI,83091882,HM,Overscaled Channel detected at Tag AI_TK_012
4/24/2026 9:44:25 AM,202,Warning,WT8-GUI,83091883,HM,Overscaled Channel detected at Tag AI_TK_013
4/24/2026 9:44:25 AM,202,Warning,WT8-GUI,83091884,HM,Overscaled Channel detected at Tag AI_TK_014
4/24/2026 9:44:25 AM,202,Warning,WT8-GUI,83091885,HM,Overscaled Channel detected at Tag AI_TK_015
4/24/2026 9:44:25 AM,202,Warning,WT8-GUI,83091886,HM,Overscaled Channel detected at Tag AI_TK_016
4/24/2026 9:44:25 AM,202,Warning,WT8-GUI,83091887,HM,Overscaled Channel detected at Tag AI_TK_017
4/24/2026 9:44:25 AM,202,Warning,WT8-GUI,83091888,HM,Overscaled Channel detected at Tag AI_TK_018
4/24/2026 9:44:25 AM,202,Warning,WT8-GUI,83091889,HM,Overscaled Channel detected at Tag AI_TK_001
4/24/2026 9:44:25 AM,202,Warning,WT8-GUI,83091890,HM,Overscaled Channel detected at Tag AI_TK_019
4/24/2026 9:44:25 AM,202,Warning,WT8-GUI,83091891,HM,Overscaled Channel detected at Tag AI_TK_020
4/24/2026 9:44:25 AM,202,Warning,WT8-GUI,83091892,HM,Overscaled Channel detected at Tag AI_TK_029
4/24/2026 9:44:25 AM,202,Warning,WT8-GUI,83091893,HM,Overscaled Channel detected at Tag AI_TK_030
4/24/2026 9:44:25 AM,202,Warning,WT8-GUI,83091894,HM,Overscaled Channel detected at Tag AI_TK_003
4/24/2026 9:44:25 AM,202,Warning,WT8-GUI,83091895,HM,Overscaled Channel detected at Tag AI_TK_004
4/24/2026 9:44:25 AM,202,Warning,WT8-GUI,83091896,HM,Overscaled Channel detected at Tag AI_TK_005
4/24/2026 9:44:25 AM,202,Warning,WT8-GUI,83091897,HM,Overscaled Channel detected at Tag AI_TK_006
4/24/2026 9:44:25 AM,202,Warning,WT8-GUI,83091898,HM,Overscaled Channel detected at Tag AI_TK_007
4/24/2026 9:44:25 AM,202,Warning,WT8-GUI,83091899,HM,Overscaled Channel detected at Tag AI_TK_008
4/24/2026 9:44:25 AM,202,Warning,WT8-GUI,83091900,HM,Overscaled Channel detected at Tag AI_Volts_Shunt_000
4/24/2026 9:44:25 AM,202,Warning,WT8-GUI,83091901,HM,Overscaled Channel detected at Tag AI_Volts_Shunt_001
4/24/2026 9:44:25 AM,202,Warning,WT8-GUI,83091902,HM,Overscaled Channel detected at Tag AI_Volts_Shunt_003
4/24/2026 9:44:25 AM,202,Warning,WT8-GUI,83091903,HM,Overscaled Channel detected at Tag AI_Volts_Shunt_004
4/24/2026 9:44:25 AM,202,Warning,WT8-GUI,83091904,HM,Overscaled Channel detected at Tag AI_Volts_Shunt_006
4/24/2026 9:44:25 AM,202,Warning,WT8-GUI,83091905,HM,Overscaled Channel detected at Tag AI_Volts_Shunt_007
4/24/2026 9:44:25 AM,202,Warning,WT8-GUI,83091906,HM,Overscaled Channel detected at Tag AI_Volts_Shunt_008
4/24/2026 9:44:25 AM,202,Warning,WT8-GUI,83091907,HM,Overscaled Channel detected at Tag AI_Volts_Shunt_009
4/24/2026 9:44:25 AM,202,Warning,WT8-GUI,83091908,HM,Overscaled Channel detected at Tag AI_Volts_Shunt_010
4/24/2026 9:44:25 AM,202,Warning,WT8-GUI,83091909,HM,Overscaled Channel detected at Tag AI_Volts_Shunt_011
4/24/2026 9:44:25 AM,202,Warning,WT8-GUI,83091910,HM,Overscaled Channel detected at Tag AI_Volts_Shunt_012
4/24/2026 9:44:25 AM,202,Warning,WT8-GUI,83091911,HM,Overscaled Channel detected at Tag AI_Volts_Shunt_013
4/24/2026 9:44:25 AM,202,Warning,WT8-GUI,83091912,HM,Overscaled Channel detected at Tag AI_Volts_Shunt_014
4/24/2026 9:44:25 AM,202,Warning,WT8-GUI,83091913,HM,Overscaled Channel detected at Tag AI_Volts_Shunt_015
4/24/2026 9:44:25 AM,202,Warning,WT8-GUI,83091914,HM,Overscaled Channel detected at Tag AI_Strain_000
4/24/2026 9:44:25 AM,202,Warning,WT8-GUI,83091915,HM,Overscaled Channel detected at Tag AI_Strain_001
4/24/2026 9:44:25 AM,202,Warning,WT8-GUI,83091916,HM,Overscaled Channel detected at Tag AI_Strain_002
4/24/2026 9:44:25 AM,202,Warning,WT8-GUI,83091917,HM,Overscaled Channel detected at Tag AI_Strain_003
4/24/2026 9:44:25 AM,202,Warning,WT8-GUI,83091918,HM,Overscaled Channel detected at Tag AI_Strain_004
4/24/2026 9:44:25 AM,202,Warning,WT8-GUI,83091919,HM,Overscaled Channel detected at Tag AI_Strain_005
4/24/2026 9:44:25 AM,202,Warning,WT8-GUI,83091920,HM,Overscaled Channel detected at Tag AI_Strain_006
4/24/2026 9:44:25 AM,202,Warning,WT8-GUI,83091921,HM,Overscaled Channel detected at Tag AI_Strain_007
4/24/2026 9:44:25 AM,202,Warning,WT8-GUI,83091922,HM,Overscaled Channel detected at Tag AI_TT_000
4/24/2026 9:44:25 AM,202,Warning,WT8-GUI,83091923,HM,Overscaled Channel detected at Tag AI_TT_009
4/24/2026 9:44:25 AM,202,Warning,WT8-GUI,83091924,HM,Overscaled Channel detected at Tag AI_TT_010
4/24/2026 9:44:25 AM,202,Warning,WT8-GUI,83091925,HM,Overscaled Channel detected at Tag AI_TT_011
4/24/2026 9:44:25 AM,202,Warning,WT8-GUI,83091926,HM,Overscaled Channel detected at Tag AI_TT_012
4/24/2026 9:44:25 AM,202,Warning,WT8-GUI,83091927,HM,Overscaled Channel detected at Tag AI_TT_013
4/24/2026 9:44:25 AM,202,Warning,WT8-GUI,83091928,HM,Overscaled Channel detected at Tag AI_TT_014
4/24/2026 9:44:25 AM,202,Warning,WT8-GUI,83091929,HM,Overscaled Channel detected at Tag AI_TT_015
4/24/2026 9:44:25 AM,202,Warning,WT8-GUI,83091930,HM,Overscaled Channel detected at Tag AI_TT_016
4/24/2026 9:44:25 AM,202,Warning,WT8-GUI,83091931,HM,Overscaled Channel detected at Tag AI_TT_003
4/24/2026 9:44:25 AM,202,Warning,WT8-GUI,83091932,HM,Overscaled Channel detected at Tag AI_TT_004
4/24/2026 9:44:25 AM,202,Warning,WT8-GUI,83091933,HM,Overscaled Channel detected at Tag AI_TT_005
4/24/2026 9:44:25 AM,202,Warning,WT8-GUI,83091934,HM,Overscaled Channel detected at Tag AI_TT_006
4/24/2026 9:44:25 AM,202,Warning,WT8-GUI,83091935,HM,Overscaled Channel detected at Tag AI_TT_007
4/24/2026 9:44:25 AM,202,Warning,WT8-GUI,83091936,HM,Overscaled Channel detected at Tag AI_TT_008
4/24/2026 9:45:10 AM,301005,Warning,WT8-GUI,83091937,OPC,OPC Server Graybox.Simulator.1 on host localhost has not updated data in 22 minute(s).
4/24/2026 9:45:25 AM,202,Warning,WT8-GUI,83091938,HM,Overscaled Channel detected at Tag AI_TK_021
4/24/2026 9:45:25 AM,202,Warning,WT8-GUI,83091939,HM,Overscaled Channel detected at Tag AI_TK_022
4/24/2026 9:45:25 AM,202,Warning,WT8-GUI,83091940,HM,Overscaled Channel detected at Tag AI_TK_023
4/24/2026 9:45:25 AM,202,Warning,WT8-GUI,83091941,HM,Overscaled Channel detected at Tag AI_TK_024
4/24/2026 9:45:25 AM,202,Warning,WT8-GUI,83091942,HM,Overscaled Channel detected at Tag AI_TK_025
4/24/2026 9:45:25 AM,202,Warning,WT8-GUI,83091943,HM,Overscaled Channel detected at Tag AI_TK_026
4/24/2026 9:45:25 AM,202,Warning,WT8-GUI,83091944,HM,Overscaled Channel detected at Tag AI_TK_027
4/24/2026 9:45:25 AM,202,Warning,WT8-GUI,83091945,HM,Overscaled Channel detected at Tag AI_TK_028
4/24/2026 9:45:25 AM,202,Warning,WT8-GUI,83091946,HM,Overscaled Channel detected at Tag AI_TK_002
4/24/2026 9:45:25 AM,202,Warning,WT8-GUI,83091947,HM,Overscaled Channel detected at Tag AI_TT_017
4/24/2026 9:45:25 AM,202,Warning,WT8-GUI,83091948,HM,Overscaled Channel detected at Tag AI_TT_018
4/24/2026 9:45:25 AM,202,Warning,WT8-GUI,83091949,HM,Overscaled Channel detected at Tag AI_TT_001
4/24/2026 9:45:25 AM,202,Warning,WT8-GUI,83091950,HM,Overscaled Channel detected at Tag AI_TT_019
4/24/2026 9:45:25 AM,202,Warning,WT8-GUI,83091951,HM,Overscaled Channel detected at Tag AI_TT_020
4/24/2026 9:45:25 AM,202,Warning,WT8-GUI,83091952,HM,Overscaled Channel detected at Tag AI_TT_021
4/24/2026 9:45:25 AM,202,Warning,WT8-GUI,83091953,HM,Overscaled Channel detected at Tag AI_TT_022
4/24/2026 9:45:25 AM,202,Warning,WT8-GUI,83091954,HM,Overscaled Channel detected at Tag AI_TT_023
4/24/2026 9:45:25 AM,202,Warning,WT8-GUI,83091955,HM,Overscaled Channel detected at Tag AI_TT_024
4/24/2026 9:45:25 AM,202,Warning,WT8-GUI,83091956,HM,Overscaled Channel detected at Tag AI_TT_025
4/24/2026 9:45:25 AM,202,Warning,WT8-GUI,83091957,HM,Overscaled Channel detected at Tag AI_TT_026
4/24/2026 9:45:25 AM,202,Warning,WT8-GUI,83091958,HM,Overscaled Channel detected at Tag AI_TT_027
4/24/2026 9:45:25 AM,202,Warning,WT8-GUI,83091959,HM,Overscaled Channel detected at Tag AI_TT_028
4/24/2026 9:45:25 AM,202,Warning,WT8-GUI,83091960,HM,Overscaled Channel detected at Tag AI_TT_002
4/24/2026 9:45:25 AM,202,Warning,WT8-GUI,83091961,HM,Overscaled Channel detected at Tag AI_TT_029
4/24/2026 9:45:25 AM,202,Warning,WT8-GUI,83091962,HM,Overscaled Channel detected at Tag AI_TT_030
4/24/2026 9:45:25 AM,202,Warning,WT8-GUI,83091963,HM,Overscaled Channel detected at Tag AI_TK_000
4/24/2026 9:45:25 AM,202,Warning,WT8-GUI,83091964,HM,Overscaled Channel detected at Tag AI_TK_009
4/24/2026 9:45:25 AM,202,Warning,WT8-GUI,83091965,HM,Overscaled Channel detected at Tag AI_TK_010
4/24/2026 9:45:25 AM,202,Warning,WT8-GUI,83091966,HM,Overscaled Channel detected at Tag AI_TK_011
4/24/2026 9:45:25 AM,202,Warning,WT8-GUI,83091967,HM,Overscaled Channel detected at Tag AI_TK_012
4/24/2026 9:45:25 AM,202,Warning,WT8-GUI,83091968,HM,Overscaled Channel detected at Tag AI_TK_013
4/24/2026 9:45:25 AM,202,Warning,WT8-GUI,83091969,HM,Overscaled Channel detected at Tag AI_TK_014
4/24/2026 9:45:25 AM,202,Warning,WT8-GUI,83091970,HM,Overscaled Channel detected at Tag AI_TK_015
4/24/2026 9:45:25 AM,202,Warning,WT8-GUI,83091971,HM,Overscaled Channel detected at Tag AI_TK_016
4/24/2026 9:45:25 AM,202,Warning,WT8-GUI,83091972,HM,Overscaled Channel detected at Tag AI_TK_017
4/24/2026 9:45:25 AM,202,Warning,WT8-GUI,83091973,HM,Overscaled Channel detected at Tag AI_TK_018
4/24/2026 9:45:25 AM,202,Warning,WT8-GUI,83091974,HM,Overscaled Channel detected at Tag AI_TK_001
4/24/2026 9:45:25 AM,202,Warning,WT8-GUI,83091975,HM,Overscaled Channel detected at Tag AI_TK_019
4/24/2026 9:45:25 AM,202,Warning,WT8-GUI,83091976,HM,Overscaled Channel detected at Tag AI_TK_020
4/24/2026 9:45:25 AM,202,Warning,WT8-GUI,83091977,HM,Overscaled Channel detected at Tag AI_TK_029
4/24/2026 9:45:25 AM,202,Warning,WT8-GUI,83091978,HM,Overscaled Channel detected at Tag AI_TK_030
4/24/2026 9:45:25 AM,202,Warning,WT8-GUI,83091979,HM,Overscaled Channel detected at Tag AI_TK_003
4/24/2026 9:45:25 AM,202,Warning,WT8-GUI,83091980,HM,Overscaled Channel detected at Tag AI_TK_004
4/24/2026 9:45:25 AM,202,Warning,WT8-GUI,83091981,HM,Overscaled Channel detected at Tag AI_TK_005
4/24/2026 9:45:25 AM,202,Warning,WT8-GUI,83091982,HM,Overscaled Channel detected at Tag AI_TK_006
4/24/2026 9:45:25 AM,202,Warning,WT8-GUI,83091983,HM,Overscaled Channel detected at Tag AI_TK_007
4/24/2026 9:45:25 AM,202,Warning,WT8-GUI,83091984,HM,Overscaled Channel detected at Tag AI_TK_008
4/24/2026 9:45:25 AM,202,Warning,WT8-GUI,83091985,HM,Overscaled Channel detected at Tag AI_Volts_Shunt_000
4/24/2026 9:45:25 AM,202,Warning,WT8-GUI,83091986,HM,Overscaled Channel detected at Tag AI_Volts_Shunt_001
4/24/2026 9:45:25 AM,202,Warning,WT8-GUI,83091987,HM,Overscaled Channel detected at Tag AI_Volts_Shunt_003
4/24/2026 9:45:25 AM,202,Warning,WT8-GUI,83091988,HM,Overscaled Channel detected at Tag AI_Volts_Shunt_004
4/24/2026 9:45:25 AM,202,Warning,WT8-GUI,83091989,HM,Overscaled Channel detected at Tag AI_Volts_Shunt_006
4/24/2026 9:45:25 AM,202,Warning,WT8-GUI,83091990,HM,Overscaled Channel detected at Tag AI_Volts_Shunt_007
4/24/2026 9:45:25 AM,202,Warning,WT8-GUI,83091991,HM,Overscaled Channel detected at Tag AI_Volts_Shunt_008
4/24/2026 9:45:25 AM,202,Warning,WT8-GUI,83091992,HM,Overscaled Channel detected at Tag AI_Volts_Shunt_009
4/24/2026 9:45:25 AM,202,Warning,WT8-GUI,83091993,HM,Overscaled Channel detected at Tag AI_Volts_Shunt_010
4/24/2026 9:45:25 AM,202,Warning,WT8-GUI,83091994,HM,Overscaled Channel detected at Tag AI_Volts_Shunt_011
4/24/2026 9:45:25 AM,202,Warning,WT8-GUI,83091995,HM,Overscaled Channel detected at Tag AI_Volts_Shunt_012
4/24/2026 9:45:25 AM,202,Warning,WT8-GUI,83091996,HM,Overscaled Channel detected at Tag AI_Volts_Shunt_013
4/24/2026 9:45:25 AM,202,Warning,WT8-GUI,83091997,HM,Overscaled Channel detected at Tag AI_Volts_Shunt_014
4/24/2026 9:45:25 AM,202,Warning,WT8-GUI,83091998,HM,Overscaled Channel detected at Tag AI_Volts_Shunt_015
4/24/2026 9:45:25 AM,202,Warning,WT8-GUI,83091999,HM,Overscaled Channel detected at Tag AI_Strain_000
4/24/2026 9:45:25 AM,202,Warning,WT8-GUI,83092000,HM,Overscaled Channel detected at Tag AI_Strain_001
4/24/2026 9:45:25 AM,202,Warning,WT8-GUI,83092001,HM,Overscaled Channel detected at Tag AI_Strain_002
4/24/2026 9:45:25 AM,202,Warning,WT8-GUI,83092002,HM,Overscaled Channel detected at Tag AI_Strain_003
4/24/2026 9:45:25 AM,202,Warning,WT8-GUI,83092003,HM,Overscaled Channel detected at Tag AI_Strain_004
4/24/2026 9:45:25 AM,202,Warning,WT8-GUI,83092004,HM,Overscaled Channel detected at Tag AI_Strain_005
4/24/2026 9:45:25 AM,202,Warning,WT8-GUI,83092005,HM,Overscaled Channel detected at Tag AI_Strain_006
4/24/2026 9:45:25 AM,202,Warning,WT8-GUI,83092006,HM,Overscaled Channel detected at Tag AI_Strain_007
4/24/2026 9:45:25 AM,202,Warning,WT8-GUI,83092007,HM,Overscaled Channel detected at Tag AI_TT_000
4/24/2026 9:45:25 AM,202,Warning,WT8-GUI,83092008,HM,Overscaled Channel detected at Tag AI_TT_009
4/24/2026 9:45:25 AM,202,Warning,WT8-GUI,83092009,HM,Overscaled Channel detected at Tag AI_TT_010
4/24/2026 9:45:25 AM,202,Warning,WT8-GUI,83092010,HM,Overscaled Channel detected at Tag AI_TT_011
4/24/2026 9:45:25 AM,202,Warning,WT8-GUI,83092011,HM,Overscaled Channel detected at Tag AI_TT_012
4/24/2026 9:45:25 AM,202,Warning,WT8-GUI,83092012,HM,Overscaled Channel detected at Tag AI_TT_013
4/24/2026 9:45:25 AM,202,Warning,WT8-GUI,83092013,HM,Overscaled Channel detected at Tag AI_TT_014
4/24/2026 9:45:25 AM,202,Warning,WT8-GUI,83092014,HM,Overscaled Channel detected at Tag AI_TT_015
4/24/2026 9:45:25 AM,202,Warning,WT8-GUI,83092015,HM,Overscaled Channel detected at Tag AI_TT_016
4/24/2026 9:45:25 AM,202,Warning,WT8-GUI,83092016,HM,Overscaled Channel detected at Tag AI_TT_003
4/24/2026 9:45:25 AM,202,Warning,WT8-GUI,83092017,HM,Overscaled Channel detected at Tag AI_TT_004
4/24/2026 9:45:25 AM,202,Warning,WT8-GUI,83092018,HM,Overscaled Channel detected at Tag AI_TT_005
4/24/2026 9:45:25 AM,202,Warning,WT8-GUI,83092019,HM,Overscaled Channel detected at Tag AI_TT_006
4/24/2026 9:45:25 AM,202,Warning,WT8-GUI,83092020,HM,Overscaled Channel detected at Tag AI_TT_007
4/24/2026 9:45:25 AM,202,Warning,WT8-GUI,83092021,HM,Overscaled Channel detected at Tag AI_TT_008
4/24/2026 9:46:10 AM,301005,Warning,WT8-GUI,83092022,OPC,OPC Server Graybox.Simulator.1 on host localhost has not updated data in 23 minute(s).
4/24/2026 9:46:12 AM,0,Debug,WT8-GUI,83092023,BALANCE,"Sent balance command ""SetYaw#-0.113000#2.000000""."
4/24/2026 9:46:16 AM,0,Debug,WT8-GUI,83092024,BALANCE,"Sent balance command ""SetYaw#0.128246#2.000000""."
4/24/2026 9:46:21 AM,0,Debug,WT8-GUI,83092025,BALANCE,"Sent balance command ""SetYaw#0.183243#2.000000""."
4/24/2026 9:46:25 AM,202,Warning,WT8-GUI,83092026,HM,Overscaled Channel detected at Tag AI_TK_021
4/24/2026 9:46:25 AM,202,Warning,WT8-GUI,83092027,HM,Overscaled Channel detected at Tag AI_TK_022
4/24/2026 9:46:25 AM,202,Warning,WT8-GUI,83092028,HM,Overscaled Channel detected at Tag AI_TK_023
4/24/2026 9:46:25 AM,202,Warning,WT8-GUI,83092029,HM,Overscaled Channel detected at Tag AI_TK_024
4/24/2026 9:46:25 AM,202,Warning,WT8-GUI,83092030,HM,Overscaled Channel detected at Tag AI_TK_025
4/24/2026 9:46:25 AM,202,Warning,WT8-GUI,83092031,HM,Overscaled Channel detected at Tag AI_TK_026
4/24/2026 9:46:25 AM,202,Warning,WT8-GUI,83092032,HM,Overscaled Channel detected at Tag AI_TK_027
4/24/2026 9:46:25 AM,202,Warning,WT8-GUI,83092033,HM,Overscaled Channel detected at Tag AI_TK_028
4/24/2026 9:46:25 AM,202,Warning,WT8-GUI,83092034,HM,Overscaled Channel detected at Tag AI_TK_002
4/24/2026 9:46:25 AM,202,Warning,WT8-GUI,83092035,HM,Overscaled Channel detected at Tag AI_TT_017
4/24/2026 9:46:25 AM,202,Warning,WT8-GUI,83092036,HM,Overscaled Channel detected at Tag AI_TT_018
4/24/2026 9:46:25 AM,202,Warning,WT8-GUI,83092037,HM,Overscaled Channel detected at Tag AI_TT_001
4/24/2026 9:46:25 AM,202,Warning,WT8-GUI,83092038,HM,Overscaled Channel detected at Tag AI_TT_019
4/24/2026 9:46:25 AM,202,Warning,WT8-GUI,83092039,HM,Overscaled Channel detected at Tag AI_TT_020
4/24/2026 9:46:25 AM,202,Warning,WT8-GUI,83092040,HM,Overscaled Channel detected at Tag AI_TT_021
4/24/2026 9:46:25 AM,202,Warning,WT8-GUI,83092041,HM,Overscaled Channel detected at Tag AI_TT_022
4/24/2026 9:46:25 AM,202,Warning,WT8-GUI,83092042,HM,Overscaled Channel detected at Tag AI_TT_023
4/24/2026 9:46:25 AM,202,Warning,WT8-GUI,83092043,HM,Overscaled Channel detected at Tag AI_TT_024
4/24/2026 9:46:25 AM,202,Warning,WT8-GUI,83092044,HM,Overscaled Channel detected at Tag AI_TT_025
4/24/2026 9:46:25 AM,202,Warning,WT8-GUI,83092045,HM,Overscaled Channel detected at Tag AI_TT_026
4/24/2026 9:46:25 AM,202,Warning,WT8-GUI,83092046,HM,Overscaled Channel detected at Tag AI_TT_027
4/24/2026 9:46:25 AM,202,Warning,WT8-GUI,83092047,HM,Overscaled Channel detected at Tag AI_TT_028
4/24/2026 9:46:25 AM,202,Warning,WT8-GUI,83092048,HM,Overscaled Channel detected at Tag AI_TT_002
4/24/2026 9:46:25 AM,202,Warning,WT8-GUI,83092049,HM,Overscaled Channel detected at Tag AI_TT_029
4/24/2026 9:46:25 AM,202,Warning,WT8-GUI,83092050,HM,Overscaled Channel detected at Tag AI_TT_030
4/24/2026 9:46:25 AM,202,Warning,WT8-GUI,83092051,HM,Overscaled Channel detected at Tag AI_TK_000
4/24/2026 9:46:25 AM,202,Warning,WT8-GUI,83092052,HM,Overscaled Channel detected at Tag AI_TK_009
4/24/2026 9:46:25 AM,202,Warning,WT8-GUI,83092053,HM,Overscaled Channel detected at Tag AI_TK_010
4/24/2026 9:46:25 AM,202,Warning,WT8-GUI,83092054,HM,Overscaled Channel detected at Tag AI_TK_011
4/24/2026 9:46:25 AM,202,Warning,WT8-GUI,83092055,HM,Overscaled Channel detected at Tag AI_TK_012
4/24/2026 9:46:25 AM,202,Warning,WT8-GUI,83092056,HM,Overscaled Channel detected at Tag AI_TK_013
4/24/2026 9:46:25 AM,202,Warning,WT8-GUI,83092057,HM,Overscaled Channel detected at Tag AI_TK_014
4/24/2026 9:46:25 AM,202,Warning,WT8-GUI,83092058,HM,Overscaled Channel detected at Tag AI_TK_015
4/24/2026 9:46:25 AM,202,Warning,WT8-GUI,83092059,HM,Overscaled Channel detected at Tag AI_TK_016
4/24/2026 9:46:25 AM,202,Warning,WT8-GUI,83092060,HM,Overscaled Channel detected at Tag AI_TK_017
4/24/2026 9:46:25 AM,202,Warning,WT8-GUI,83092061,HM,Overscaled Channel detected at Tag AI_TK_018
4/24/2026 9:46:25 AM,202,Warning,WT8-GUI,83092062,HM,Overscaled Channel detected at Tag AI_TK_001
4/24/2026 9:46:25 AM,202,Warning,WT8-GUI,83092063,HM,Overscaled Channel detected at Tag AI_TK_019
4/24/2026 9:46:25 AM,202,Warning,WT8-GUI,83092064,HM,Overscaled Channel detected at Tag AI_TK_020
4/24/2026 9:46:25 AM,202,Warning,WT8-GUI,83092065,HM,Overscaled Channel detected at Tag AI_TK_029
4/24/2026 9:46:25 AM,202,Warning,WT8-GUI,83092066,HM,Overscaled Channel detected at Tag AI_TK_030
4/24/2026 9:46:25 AM,202,Warning,WT8-GUI,83092067,HM,Overscaled Channel detected at Tag AI_TK_003
4/24/2026 9:46:25 AM,202,Warning,WT8-GUI,83092068,HM,Overscaled Channel detected at Tag AI_TK_004
4/24/2026 9:46:25 AM,202,Warning,WT8-GUI,83092069,HM,Overscaled Channel detected at Tag AI_TK_005
4/24/2026 9:46:25 AM,202,Warning,WT8-GUI,83092070,HM,Overscaled Channel detected at Tag AI_TK_006
4/24/2026 9:46:25 AM,202,Warning,WT8-GUI,83092071,HM,Overscaled Channel detected at Tag AI_TK_007
4/24/2026 9:46:25 AM,202,Warning,WT8-GUI,83092072,HM,Overscaled Channel detected at Tag AI_TK_008
4/24/2026 9:46:25 AM,202,Warning,WT8-GUI,83092073,HM,Overscaled Channel detected at Tag AI_Volts_Shunt_000
4/24/2026 9:46:25 AM,202,Warning,WT8-GUI,83092074,HM,Overscaled Channel detected at Tag AI_Volts_Shunt_001
4/24/2026 9:46:25 AM,202,Warning,WT8-GUI,83092075,HM,Overscaled Channel detected at Tag AI_Volts_Shunt_003
4/24/2026 9:46:25 AM,202,Warning,WT8-GUI,83092076,HM,Overscaled Channel detected at Tag AI_Volts_Shunt_004
4/24/2026 9:46:25 AM,202,Warning,WT8-GUI,83092077,HM,Overscaled Channel detected at Tag AI_Volts_Shunt_006
4/24/2026 9:46:25 AM,202,Warning,WT8-GUI,83092078,HM,Overscaled Channel detected at Tag AI_Volts_Shunt_007
4/24/2026 9:46:25 AM,202,Warning,WT8-GUI,83092079,HM,Overscaled Channel detected at Tag AI_Volts_Shunt_008
4/24/2026 9:46:25 AM,202,Warning,WT8-GUI,83092080,HM,Overscaled Channel detected at Tag AI_Volts_Shunt_009
4/24/2026 9:46:25 AM,202,Warning,WT8-GUI,83092081,HM,Overscaled Channel detected at Tag AI_Volts_Shunt_010
4/24/2026 9:46:25 AM,202,Warning,WT8-GUI,83092082,HM,Overscaled Channel detected at Tag AI_Volts_Shunt_011
4/24/2026 9:46:25 AM,202,Warning,WT8-GUI,83092083,HM,Overscaled Channel detected at Tag AI_Volts_Shunt_012
4/24/2026 9:46:25 AM,202,Warning,WT8-GUI,83092084,HM,Overscaled Channel detected at Tag AI_Volts_Shunt_013
4/24/2026 9:46:25 AM,202,Warning,WT8-GUI,83092085,HM,Overscaled Channel detected at Tag AI_Volts_Shunt_014
4/24/2026 9:46:25 AM,202,Warning,WT8-GUI,83092086,HM,Overscaled Channel detected at Tag AI_Volts_Shunt_015
4/24/2026 9:46:25 AM,202,Warning,WT8-GUI,83092087,HM,Overscaled Channel detected at Tag AI_Strain_000
4/24/2026 9:46:25 AM,202,Warning,WT8-GUI,83092088,HM,Overscaled Channel detected at Tag AI_Strain_001
4/24/2026 9:46:25 AM,202,Warning,WT8-GUI,83092089,HM,Overscaled Channel detected at Tag AI_Strain_002
4/24/2026 9:46:25 AM,202,Warning,WT8-GUI,83092090,HM,Overscaled Channel detected at Tag AI_Strain_003
4/24/2026 9:46:25 AM,202,Warning,WT8-GUI,83092091,HM,Overscaled Channel detected at Tag AI_Strain_004
4/24/2026 9:46:25 AM,202,Warning,WT8-GUI,83092092,HM,Overscaled Channel detected at Tag AI_Strain_005
4/24/2026 9:46:25 AM,202,Warning,WT8-GUI,83092093,HM,Overscaled Channel detected at Tag AI_Strain_006
4/24/2026 9:46:25 AM,202,Warning,WT8-GUI,83092094,HM,Overscaled Channel detected at Tag AI_Strain_007
4/24/2026 9:46:25 AM,202,Warning,WT8-GUI,83092095,HM,Overscaled Channel detected at Tag AI_TT_000
4/24/2026 9:46:25 AM,202,Warning,WT8-GUI,83092096,HM,Overscaled Channel detected at Tag AI_TT_009
4/24/2026 9:46:25 AM,202,Warning,WT8-GUI,83092097,HM,Overscaled Channel detected at Tag AI_TT_010
4/24/2026 9:46:25 AM,202,Warning,WT8-GUI,83092098,HM,Overscaled Channel detected at Tag AI_TT_011
4/24/2026 9:46:25 AM,202,Warning,WT8-GUI,83092099,HM,Overscaled Channel detected at Tag AI_TT_012
4/24/2026 9:46:25 AM,202,Warning,WT8-GUI,83092100,HM,Overscaled Channel detected at Tag AI_TT_013
4/24/2026 9:46:25 AM,202,Warning,WT8-GUI,83092101,HM,Overscaled Channel detected at Tag AI_TT_014
4/24/2026 9:46:25 AM,202,Warning,WT8-GUI,83092102,HM,Overscaled Channel detected at Tag AI_TT_015
4/24/2026 9:46:25 AM,202,Warning,WT8-GUI,83092103,HM,Overscaled Channel detected at Tag AI_TT_016
4/24/2026 9:46:25 AM,202,Warning,WT8-GUI,83092104,HM,Overscaled Channel detected at Tag AI_TT_003
4/24/2026 9:46:25 AM,202,Warning,WT8-GUI,83092105,HM,Overscaled Channel detected at Tag AI_TT_004
4/24/2026 9:46:25 AM,202,Warning,WT8-GUI,83092106,HM,Overscaled Channel detected at Tag AI_TT_005
4/24/2026 9:46:25 AM,202,Warning,WT8-GUI,83092107,HM,Overscaled Channel detected at Tag AI_TT_006
4/24/2026 9:46:25 AM,202,Warning,WT8-GUI,83092108,HM,Overscaled Channel detected at Tag AI_TT_007
4/24/2026 9:46:25 AM,202,Warning,WT8-GUI,83092109,HM,Overscaled Channel detected at Tag AI_TT_008
4/24/2026 9:46:25 AM,0,Debug,WT8-GUI,83092110,BALANCE,"Sent balance command ""SetYaw#0.021655#2.000000""."
4/24/2026 9:46:31 AM,0,Debug,WT8-GUI,83092111,BALANCE,"Sent balance command ""SetYaw#0.102641#2.000000""."
4/24/2026 9:46:41 AM,0,Debug,WT8-GUI,83092112,BALANCE,"Sent balance command ""SetYaw#2.100000#2.000000""."
4/24/2026 9:46:43 AM,0,Debug,WT8-GUI,83092113,BALANCE,"Sent balance command ""SetYaw#0.100000#2.000000""."
4/24/2026 9:46:44 AM,0,Debug,WT8-GUI,83092114,BALANCE,"Sent balance command ""SetYaw#10.099999#2.000000""."
4/24/2026 9:47:01 AM,0,Debug,WT8-GUI,83092115,BALANCE,"Sent balance command ""SetYaw#0.100000#2.000000""."
4/24/2026 9:47:10 AM,301005,Warning,WT8-GUI,83092116,OPC,OPC Server Graybox.Simulator.1 on host localhost has not updated data in 24 minute(s).
4/24/2026 9:47:25 AM,202,Warning,WT8-GUI,83092117,HM,Overscaled Channel detected at Tag AI_TK_021
4/24/2026 9:47:25 AM,202,Warning,WT8-GUI,83092118,HM,Overscaled Channel detected at Tag AI_TK_022
4/24/2026 9:47:25 AM,202,Warning,WT8-GUI,83092119,HM,Overscaled Channel detected at Tag AI_TK_023
4/24/2026 9:47:25 AM,202,Warning,WT8-GUI,83092120,HM,Overscaled Channel detected at Tag AI_TK_024
4/24/2026 9:47:25 AM,202,Warning,WT8-GUI,83092121,HM,Overscaled Channel detected at Tag AI_TK_025
4/24/2026 9:47:25 AM,202,Warning,WT8-GUI,83092122,HM,Overscaled Channel detected at Tag AI_TK_026
4/24/2026 9:47:25 AM,202,Warning,WT8-GUI,83092123,HM,Overscaled Channel detected at Tag AI_TK_027
4/24/2026 9:47:25 AM,202,Warning,WT8-GUI,83092124,HM,Overscaled Channel detected at Tag AI_TK_028
4/24/2026 9:47:25 AM,202,Warning,WT8-GUI,83092125,HM,Overscaled Channel detected at Tag AI_TK_002
4/24/2026 9:47:25 AM,202,Warning,WT8-GUI,83092126,HM,Overscaled Channel detected at Tag AI_TT_017
4/24/2026 9:47:25 AM,202,Warning,WT8-GUI,83092127,HM,Overscaled Channel detected at Tag AI_TT_018
4/24/2026 9:47:25 AM,202,Warning,WT8-GUI,83092128,HM,Overscaled Channel detected at Tag AI_TT_001
4/24/2026 9:47:25 AM,202,Warning,WT8-GUI,83092129,HM,Overscaled Channel detected at Tag AI_TT_019
4/24/2026 9:47:25 AM,202,Warning,WT8-GUI,83092130,HM,Overscaled Channel detected at Tag AI_TT_020
4/24/2026 9:47:25 AM,202,Warning,WT8-GUI,83092131,HM,Overscaled Channel detected at Tag AI_TT_021
4/24/2026 9:47:25 AM,202,Warning,WT8-GUI,83092132,HM,Overscaled Channel detected at Tag AI_TT_022
4/24/2026 9:47:25 AM,202,Warning,WT8-GUI,83092133,HM,Overscaled Channel detected at Tag AI_TT_023
4/24/2026 9:47:25 AM,202,Warning,WT8-GUI,83092134,HM,Overscaled Channel detected at Tag AI_TT_024
4/24/2026 9:47:25 AM,202,Warning,WT8-GUI,83092135,HM,Overscaled Channel detected at Tag AI_TT_025
4/24/2026 9:47:25 AM,202,Warning,WT8-GUI,83092136,HM,Overscaled Channel detected at Tag AI_TT_026
4/24/2026 9:47:25 AM,202,Warning,WT8-GUI,83092137,HM,Overscaled Channel detected at Tag AI_TT_027
4/24/2026 9:47:25 AM,202,Warning,WT8-GUI,83092138,HM,Overscaled Channel detected at Tag AI_TT_028
4/24/2026 9:47:25 AM,202,Warning,WT8-GUI,83092139,HM,Overscaled Channel detected at Tag AI_TT_002
4/24/2026 9:47:25 AM,202,Warning,WT8-GUI,83092140,HM,Overscaled Channel detected at Tag AI_TT_029
4/24/2026 9:47:25 AM,202,Warning,WT8-GUI,83092141,HM,Overscaled Channel detected at Tag AI_TT_030
4/24/2026 9:47:25 AM,202,Warning,WT8-GUI,83092142,HM,Overscaled Channel detected at Tag AI_TK_000
4/24/2026 9:47:25 AM,202,Warning,WT8-GUI,83092143,HM,Overscaled Channel detected at Tag AI_TK_009
4/24/2026 9:47:25 AM,202,Warning,WT8-GUI,83092144,HM,Overscaled Channel detected at Tag AI_TK_010
4/24/2026 9:47:25 AM,202,Warning,WT8-GUI,83092145,HM,Overscaled Channel detected at Tag AI_TK_011
4/24/2026 9:47:25 AM,202,Warning,WT8-GUI,83092146,HM,Overscaled Channel detected at Tag AI_TK_012
4/24/2026 9:47:25 AM,202,Warning,WT8-GUI,83092147,HM,Overscaled Channel detected at Tag AI_TK_013
4/24/2026 9:47:25 AM,202,Warning,WT8-GUI,83092148,HM,Overscaled Channel detected at Tag AI_TK_014
4/24/2026 9:47:25 AM,202,Warning,WT8-GUI,83092149,HM,Overscaled Channel detected at Tag AI_TK_015
4/24/2026 9:47:25 AM,202,Warning,WT8-GUI,83092150,HM,Overscaled Channel detected at Tag AI_TK_016
4/24/2026 9:47:25 AM,202,Warning,WT8-GUI,83092151,HM,Overscaled Channel detected at Tag AI_TK_017
4/24/2026 9:47:25 AM,202,Warning,WT8-GUI,83092152,HM,Overscaled Channel detected at Tag AI_TK_018
4/24/2026 9:47:25 AM,202,Warning,WT8-GUI,83092153,HM,Overscaled Channel detected at Tag AI_TK_001
4/24/2026 9:47:25 AM,202,Warning,WT8-GUI,83092154,HM,Overscaled Channel detected at Tag AI_TK_019
4/24/2026 9:47:25 AM,202,Warning,WT8-GUI,83092155,HM,Overscaled Channel detected at Tag AI_TK_020
4/24/2026 9:47:25 AM,202,Warning,WT8-GUI,83092156,HM,Overscaled Channel detected at Tag AI_TK_029
4/24/2026 9:47:25 AM,202,Warning,WT8-GUI,83092157,HM,Overscaled Channel detected at Tag AI_TK_030
4/24/2026 9:47:25 AM,202,Warning,WT8-GUI,83092158,HM,Overscaled Channel detected at Tag AI_TK_003
4/24/2026 9:47:25 AM,202,Warning,WT8-GUI,83092159,HM,Overscaled Channel detected at Tag AI_TK_004
4/24/2026 9:47:25 AM,202,Warning,WT8-GUI,83092160,HM,Overscaled Channel detected at Tag AI_TK_005
4/24/2026 9:47:25 AM,202,Warning,WT8-GUI,83092161,HM,Overscaled Channel detected at Tag AI_TK_006
4/24/2026 9:47:25 AM,202,Warning,WT8-GUI,83092162,HM,Overscaled Channel detected at Tag AI_TK_007
4/24/2026 9:47:25 AM,202,Warning,WT8-GUI,83092163,HM,Overscaled Channel detected at Tag AI_TK_008
4/24/2026 9:47:25 AM,202,Warning,WT8-GUI,83092164,HM,Overscaled Channel detected at Tag AI_Volts_Shunt_000
4/24/2026 9:47:25 AM,202,Warning,WT8-GUI,83092165,HM,Overscaled Channel detected at Tag AI_Volts_Shunt_001
4/24/2026 9:47:25 AM,202,Warning,WT8-GUI,83092166,HM,Overscaled Channel detected at Tag AI_Volts_Shunt_003
4/24/2026 9:47:25 AM,202,Warning,WT8-GUI,83092167,HM,Overscaled Channel detected at Tag AI_Volts_Shunt_004
4/24/2026 9:47:25 AM,202,Warning,WT8-GUI,83092168,HM,Overscaled Channel detected at Tag AI_Volts_Shunt_006
4/24/2026 9:47:25 AM,202,Warning,WT8-GUI,83092169,HM,Overscaled Channel detected at Tag AI_Volts_Shunt_007
4/24/2026 9:47:25 AM,202,Warning,WT8-GUI,83092170,HM,Overscaled Channel detected at Tag AI_Volts_Shunt_008
4/24/2026 9:47:25 AM,202,Warning,WT8-GUI,83092171,HM,Overscaled Channel detected at Tag AI_Volts_Shunt_009
4/24/2026 9:47:25 AM,202,Warning,WT8-GUI,83092172,HM,Overscaled Channel detected at Tag AI_Volts_Shunt_010
4/24/2026 9:47:25 AM,202,Warning,WT8-GUI,83092173,HM,Overscaled Channel detected at Tag AI_Volts_Shunt_011
4/24/2026 9:47:25 AM,202,Warning,WT8-GUI,83092174,HM,Overscaled Channel detected at Tag AI_Volts_Shunt_012
4/24/2026 9:47:25 AM,202,Warning,WT8-GUI,83092175,HM,Overscaled Channel detected at Tag AI_Volts_Shunt_013
4/24/2026 9:47:25 AM,202,Warning,WT8-GUI,83092176,HM,Overscaled Channel detected at Tag AI_Volts_Shunt_014
4/24/2026 9:47:25 AM,202,Warning,WT8-GUI,83092177,HM,Overscaled Channel detected at Tag AI_Volts_Shunt_015
4/24/2026 9:47:25 AM,202,Warning,WT8-GUI,83092178,HM,Overscaled Channel detected at Tag AI_Strain_000
4/24/2026 9:47:25 AM,202,Warning,WT8-GUI,83092179,HM,Overscaled Channel detected at Tag AI_Strain_001
4/24/2026 9:47:25 AM,202,Warning,WT8-GUI,83092180,HM,Overscaled Channel detected at Tag AI_Strain_002
4/24/2026 9:47:25 AM,202,Warning,WT8-GUI,83092181,HM,Overscaled Channel detected at Tag AI_Strain_003
4/24/2026 9:47:25 AM,202,Warning,WT8-GUI,83092182,HM,Overscaled Channel detected at Tag AI_Strain_004
4/24/2026 9:47:25 AM,202,Warning,WT8-GUI,83092183,HM,Overscaled Channel detected at Tag AI_Strain_005
4/24/2026 9:47:25 AM,202,Warning,WT8-GUI,83092184,HM,Overscaled Channel detected at Tag AI_Strain_006
4/24/2026 9:47:25 AM,202,Warning,WT8-GUI,83092185,HM,Overscaled Channel detected at Tag AI_Strain_007
4/24/2026 9:47:25 AM,202,Warning,WT8-GUI,83092186,HM,Overscaled Channel detected at Tag AI_TT_000
4/24/2026 9:47:25 AM,202,Warning,WT8-GUI,83092187,HM,Overscaled Channel detected at Tag AI_TT_009
4/24/2026 9:47:25 AM,202,Warning,WT8-GUI,83092188,HM,Overscaled Channel detected at Tag AI_TT_010
4/24/2026 9:47:25 AM,202,Warning,WT8-GUI,83092189,HM,Overscaled Channel detected at Tag AI_TT_011
4/24/2026 9:47:25 AM,202,Warning,WT8-GUI,83092190,HM,Overscaled Channel detected at Tag AI_TT_012
4/24/2026 9:47:25 AM,202,Warning,WT8-GUI,83092191,HM,Overscaled Channel detected at Tag AI_TT_013
4/24/2026 9:47:25 AM,202,Warning,WT8-GUI,83092192,HM,Overscaled Channel detected at Tag AI_TT_014
4/24/2026 9:47:25 AM,202,Warning,WT8-GUI,83092193,HM,Overscaled Channel detected at Tag AI_TT_015
4/24/2026 9:47:25 AM,202,Warning,WT8-GUI,83092194,HM,Overscaled Channel detected at Tag AI_TT_016
4/24/2026 9:47:25 AM,202,Warning,WT8-GUI,83092195,HM,Overscaled Channel detected at Tag AI_TT_003
4/24/2026 9:47:25 AM,202,Warning,WT8-GUI,83092196,HM,Overscaled Channel detected at Tag AI_TT_004
4/24/2026 9:47:25 AM,202,Warning,WT8-GUI,83092197,HM,Overscaled Channel detected at Tag AI_TT_005
4/24/2026 9:47:25 AM,202,Warning,WT8-GUI,83092198,HM,Overscaled Channel detected at Tag AI_TT_006
4/24/2026 9:47:25 AM,202,Warning,WT8-GUI,83092199,HM,Overscaled Channel detected at Tag AI_TT_007
4/24/2026 9:47:25 AM,202,Warning,WT8-GUI,83092200,HM,Overscaled Channel detected at Tag AI_TT_008
4/24/2026 9:48:10 AM,301005,Warning,WT8-GUI,83092201,OPC,OPC Server Graybox.Simulator.1 on host localhost has not updated data in 25 minute(s).
4/24/2026 9:48:25 AM,202,Warning,WT8-GUI,83092202,HM,Overscaled Channel detected at Tag AI_TK_021
4/24/2026 9:48:25 AM,202,Warning,WT8-GUI,83092203,HM,Overscaled Channel detected at Tag AI_TK_022
4/24/2026 9:48:25 AM,202,Warning,WT8-GUI,83092204,HM,Overscaled Channel detected at Tag AI_TK_023
4/24/2026 9:48:25 AM,202,Warning,WT8-GUI,83092205,HM,Overscaled Channel detected at Tag AI_TK_024
4/24/2026 9:48:25 AM,202,Warning,WT8-GUI,83092206,HM,Overscaled Channel detected at Tag AI_TK_025
4/24/2026 9:48:25 AM,202,Warning,WT8-GUI,83092207,HM,Overscaled Channel detected at Tag AI_TK_026
4/24/2026 9:48:25 AM,202,Warning,WT8-GUI,83092208,HM,Overscaled Channel detected at Tag AI_TK_027
4/24/2026 9:48:25 AM,202,Warning,WT8-GUI,83092209,HM,Overscaled Channel detected at Tag AI_TK_028
4/24/2026 9:48:25 AM,202,Warning,WT8-GUI,83092210,HM,Overscaled Channel detected at Tag AI_TK_002
4/24/2026 9:48:25 AM,202,Warning,WT8-GUI,83092211,HM,Overscaled Channel detected at Tag AI_TT_017
4/24/2026 9:48:25 AM,202,Warning,WT8-GUI,83092212,HM,Overscaled Channel detected at Tag AI_TT_018
4/24/2026 9:48:25 AM,202,Warning,WT8-GUI,83092213,HM,Overscaled Channel detected at Tag AI_TT_001
4/24/2026 9:48:25 AM,202,Warning,WT8-GUI,83092214,HM,Overscaled Channel detected at Tag AI_TT_019
4/24/2026 9:48:25 AM,202,Warning,WT8-GUI,83092215,HM,Overscaled Channel detected at Tag AI_TT_020
4/24/2026 9:48:25 AM,202,Warning,WT8-GUI,83092216,HM,Overscaled Channel detected at Tag AI_TT_021
4/24/2026 9:48:25 AM,202,Warning,WT8-GUI,83092217,HM,Overscaled Channel detected at Tag AI_TT_022
4/24/2026 9:48:25 AM,202,Warning,WT8-GUI,83092218,HM,Overscaled Channel detected at Tag AI_TT_023
4/24/2026 9:48:25 AM,202,Warning,WT8-GUI,83092219,HM,Overscaled Channel detected at Tag AI_TT_024
4/24/2026 9:48:25 AM,202,Warning,WT8-GUI,83092220,HM,Overscaled Channel detected at Tag AI_TT_025
4/24/2026 9:48:25 AM,202,Warning,WT8-GUI,83092221,HM,Overscaled Channel detected at Tag AI_TT_026
4/24/2026 9:48:25 AM,202,Warning,WT8-GUI,83092222,HM,Overscaled Channel detected at Tag AI_TT_027
4/24/2026 9:48:25 AM,202,Warning,WT8-GUI,83092223,HM,Overscaled Channel detected at Tag AI_TT_028
4/24/2026 9:48:25 AM,202,Warning,WT8-GUI,83092224,HM,Overscaled Channel detected at Tag AI_TT_002
4/24/2026 9:48:25 AM,202,Warning,WT8-GUI,83092225,HM,Overscaled Channel detected at Tag AI_TT_029
4/24/2026 9:48:25 AM,202,Warning,WT8-GUI,83092226,HM,Overscaled Channel detected at Tag AI_TT_030
4/24/2026 9:48:25 AM,202,Warning,WT8-GUI,83092227,HM,Overscaled Channel detected at Tag AI_TK_000
4/24/2026 9:48:25 AM,202,Warning,WT8-GUI,83092228,HM,Overscaled Channel detected at Tag AI_TK_009
4/24/2026 9:48:25 AM,202,Warning,WT8-GUI,83092229,HM,Overscaled Channel detected at Tag AI_TK_010
4/24/2026 9:48:25 AM,202,Warning,WT8-GUI,83092230,HM,Overscaled Channel detected at Tag AI_TK_011
4/24/2026 9:48:25 AM,202,Warning,WT8-GUI,83092231,HM,Overscaled Channel detected at Tag AI_TK_012
4/24/2026 9:48:25 AM,202,Warning,WT8-GUI,83092232,HM,Overscaled Channel detected at Tag AI_TK_013
4/24/2026 9:48:25 AM,202,Warning,WT8-GUI,83092233,HM,Overscaled Channel detected at Tag AI_TK_014
4/24/2026 9:48:25 AM,202,Warning,WT8-GUI,83092234,HM,Overscaled Channel detected at Tag AI_TK_015
4/24/2026 9:48:25 AM,202,Warning,WT8-GUI,83092235,HM,Overscaled Channel detected at Tag AI_TK_016
4/24/2026 9:48:25 AM,202,Warning,WT8-GUI,83092236,HM,Overscaled Channel detected at Tag AI_TK_017
4/24/2026 9:48:25 AM,202,Warning,WT8-GUI,83092237,HM,Overscaled Channel detected at Tag AI_TK_018
4/24/2026 9:48:25 AM,202,Warning,WT8-GUI,83092238,HM,Overscaled Channel detected at Tag AI_TK_001
4/24/2026 9:48:25 AM,202,Warning,WT8-GUI,83092239,HM,Overscaled Channel detected at Tag AI_TK_019
4/24/2026 9:48:25 AM,202,Warning,WT8-GUI,83092240,HM,Overscaled Channel detected at Tag AI_TK_020
4/24/2026 9:48:25 AM,202,Warning,WT8-GUI,83092241,HM,Overscaled Channel detected at Tag AI_TK_029
4/24/2026 9:48:25 AM,202,Warning,WT8-GUI,83092242,HM,Overscaled Channel detected at Tag AI_TK_030
4/24/2026 9:48:25 AM,202,Warning,WT8-GUI,83092243,HM,Overscaled Channel detected at Tag AI_TK_003
4/24/2026 9:48:25 AM,202,Warning,WT8-GUI,83092244,HM,Overscaled Channel detected at Tag AI_TK_004
4/24/2026 9:48:25 AM,202,Warning,WT8-GUI,83092245,HM,Overscaled Channel detected at Tag AI_TK_005
4/24/2026 9:48:25 AM,202,Warning,WT8-GUI,83092246,HM,Overscaled Channel detected at Tag AI_TK_006
4/24/2026 9:48:25 AM,202,Warning,WT8-GUI,83092247,HM,Overscaled Channel detected at Tag AI_TK_007
4/24/2026 9:48:25 AM,202,Warning,WT8-GUI,83092248,HM,Overscaled Channel detected at Tag AI_TK_008
4/24/2026 9:48:25 AM,202,Warning,WT8-GUI,83092249,HM,Overscaled Channel detected at Tag AI_Volts_Shunt_000
4/24/2026 9:48:25 AM,202,Warning,WT8-GUI,83092250,HM,Overscaled Channel detected at Tag AI_Volts_Shunt_001
4/24/2026 9:48:25 AM,202,Warning,WT8-GUI,83092251,HM,Overscaled Channel detected at Tag AI_Volts_Shunt_003
4/24/2026 9:48:25 AM,202,Warning,WT8-GUI,83092252,HM,Overscaled Channel detected at Tag AI_Volts_Shunt_004
4/24/2026 9:48:25 AM,202,Warning,WT8-GUI,83092253,HM,Overscaled Channel detected at Tag AI_Volts_Shunt_006
4/24/2026 9:48:25 AM,202,Warning,WT8-GUI,83092254,HM,Overscaled Channel detected at Tag AI_Volts_Shunt_007
4/24/2026 9:48:25 AM,202,Warning,WT8-GUI,83092255,HM,Overscaled Channel detected at Tag AI_Volts_Shunt_008
4/24/2026 9:48:25 AM,202,Warning,WT8-GUI,83092256,HM,Overscaled Channel detected at Tag AI_Volts_Shunt_009
4/24/2026 9:48:25 AM,202,Warning,WT8-GUI,83092257,HM,Overscaled Channel detected at Tag AI_Volts_Shunt_010
4/24/2026 9:48:25 AM,202,Warning,WT8-GUI,83092258,HM,Overscaled Channel detected at Tag AI_Volts_Shunt_011
4/24/2026 9:48:25 AM,202,Warning,WT8-GUI,83092259,HM,Overscaled Channel detected at Tag AI_Volts_Shunt_012
4/24/2026 9:48:25 AM,202,Warning,WT8-GUI,83092260,HM,Overscaled Channel detected at Tag AI_Volts_Shunt_013
4/24/2026 9:48:25 AM,202,Warning,WT8-GUI,83092261,HM,Overscaled Channel detected at Tag AI_Volts_Shunt_014
4/24/2026 9:48:25 AM,202,Warning,WT8-GUI,83092262,HM,Overscaled Channel detected at Tag AI_Volts_Shunt_015
4/24/2026 9:48:25 AM,202,Warning,WT8-GUI,83092263,HM,Overscaled Channel detected at Tag AI_Strain_000
4/24/2026 9:48:25 AM,202,Warning,WT8-GUI,83092264,HM,Overscaled Channel detected at Tag AI_Strain_001
4/24/2026 9:48:25 AM,202,Warning,WT8-GUI,83092265,HM,Overscaled Channel detected at Tag AI_Strain_002
4/24/2026 9:48:25 AM,202,Warning,WT8-GUI,83092266,HM,Overscaled Channel detected at Tag AI_Strain_003
4/24/2026 9:48:25 AM,202,Warning,WT8-GUI,83092267,HM,Overscaled Channel detected at Tag AI_Strain_004
4/24/2026 9:48:25 AM,202,Warning,WT8-GUI,83092268,HM,Overscaled Channel detected at Tag AI_Strain_005
4/24/2026 9:48:25 AM,202,Warning,WT8-GUI,83092269,HM,Overscaled Channel detected at Tag AI_Strain_006
4/24/2026 9:48:25 AM,202,Warning,WT8-GUI,83092270,HM,Overscaled Channel detected at Tag AI_Strain_007
4/24/2026 9:48:25 AM,202,Warning,WT8-GUI,83092271,HM,Overscaled Channel detected at Tag AI_TT_000
4/24/2026 9:48:25 AM,202,Warning,WT8-GUI,83092272,HM,Overscaled Channel detected at Tag AI_TT_009
4/24/2026 9:48:25 AM,202,Warning,WT8-GUI,83092273,HM,Overscaled Channel detected at Tag AI_TT_010
4/24/2026 9:48:25 AM,202,Warning,WT8-GUI,83092274,HM,Overscaled Channel detected at Tag AI_TT_011
4/24/2026 9:48:25 AM,202,Warning,WT8-GUI,83092275,HM,Overscaled Channel detected at Tag AI_TT_012
4/24/2026 9:48:25 AM,202,Warning,WT8-GUI,83092276,HM,Overscaled Channel detected at Tag AI_TT_013
4/24/2026 9:48:25 AM,202,Warning,WT8-GUI,83092277,HM,Overscaled Channel detected at Tag AI_TT_014
4/24/2026 9:48:25 AM,202,Warning,WT8-GUI,83092278,HM,Overscaled Channel detected at Tag AI_TT_015
4/24/2026 9:48:25 AM,202,Warning,WT8-GUI,83092279,HM,Overscaled Channel detected at Tag AI_TT_016
4/24/2026 9:48:25 AM,202,Warning,WT8-GUI,83092280,HM,Overscaled Channel detected at Tag AI_TT_003
4/24/2026 9:48:25 AM,202,Warning,WT8-GUI,83092281,HM,Overscaled Channel detected at Tag AI_TT_004
4/24/2026 9:48:25 AM,202,Warning,WT8-GUI,83092282,HM,Overscaled Channel detected at Tag AI_TT_005
4/24/2026 9:48:25 AM,202,Warning,WT8-GUI,83092283,HM,Overscaled Channel detected at Tag AI_TT_006
4/24/2026 9:48:25 AM,202,Warning,WT8-GUI,83092284,HM,Overscaled Channel detected at Tag AI_TT_007
4/24/2026 9:48:25 AM,202,Warning,WT8-GUI,83092285,HM,Overscaled Channel detected at Tag AI_TT_008
4/24/2026 9:49:10 AM,301005,Warning,WT8-GUI,83092286,OPC,OPC Server Graybox.Simulator.1 on host localhost has not updated data in 26 minute(s).
4/24/2026 9:49:25 AM,202,Warning,WT8-GUI,83092287,HM,Overscaled Channel detected at Tag AI_TK_021
4/24/2026 9:49:25 AM,202,Warning,WT8-GUI,83092288,HM,Overscaled Channel detected at Tag AI_TK_022
4/24/2026 9:49:25 AM,202,Warning,WT8-GUI,83092289,HM,Overscaled Channel detected at Tag AI_TK_023
4/24/2026 9:49:25 AM,202,Warning,WT8-GUI,83092290,HM,Overscaled Channel detected at Tag AI_TK_024
4/24/2026 9:49:25 AM,202,Warning,WT8-GUI,83092291,HM,Overscaled Channel detected at Tag AI_TK_025
4/24/2026 9:49:25 AM,202,Warning,WT8-GUI,83092292,HM,Overscaled Channel detected at Tag AI_TK_026
4/24/2026 9:49:25 AM,202,Warning,WT8-GUI,83092293,HM,Overscaled Channel detected at Tag AI_TK_027
4/24/2026 9:49:25 AM,202,Warning,WT8-GUI,83092294,HM,Overscaled Channel detected at Tag AI_TK_028
4/24/2026 9:49:25 AM,202,Warning,WT8-GUI,83092295,HM,Overscaled Channel detected at Tag AI_TK_002
4/24/2026 9:49:25 AM,202,Warning,WT8-GUI,83092296,HM,Overscaled Channel detected at Tag AI_TT_017
4/24/2026 9:49:25 AM,202,Warning,WT8-GUI,83092297,HM,Overscaled Channel detected at Tag AI_TT_018
4/24/2026 9:49:25 AM,202,Warning,WT8-GUI,83092298,HM,Overscaled Channel detected at Tag AI_TT_001
4/24/2026 9:49:25 AM,202,Warning,WT8-GUI,83092299,HM,Overscaled Channel detected at Tag AI_TT_019
4/24/2026 9:49:25 AM,202,Warning,WT8-GUI,83092300,HM,Overscaled Channel detected at Tag AI_TT_020
4/24/2026 9:49:25 AM,202,Warning,WT8-GUI,83092301,HM,Overscaled Channel detected at Tag AI_TT_021
4/24/2026 9:49:25 AM,202,Warning,WT8-GUI,83092302,HM,Overscaled Channel detected at Tag AI_TT_022
4/24/2026 9:49:25 AM,202,Warning,WT8-GUI,83092303,HM,Overscaled Channel detected at Tag AI_TT_023
4/24/2026 9:49:25 AM,202,Warning,WT8-GUI,83092304,HM,Overscaled Channel detected at Tag AI_TT_024
4/24/2026 9:49:25 AM,202,Warning,WT8-GUI,83092305,HM,Overscaled Channel detected at Tag AI_TT_025
4/24/2026 9:49:25 AM,202,Warning,WT8-GUI,83092306,HM,Overscaled Channel detected at Tag AI_TT_026
4/24/2026 9:49:25 AM,202,Warning,WT8-GUI,83092307,HM,Overscaled Channel detected at Tag AI_TT_027
4/24/2026 9:49:25 AM,202,Warning,WT8-GUI,83092308,HM,Overscaled Channel detected at Tag AI_TT_028
4/24/2026 9:49:25 AM,202,Warning,WT8-GUI,83092309,HM,Overscaled Channel detected at Tag AI_TT_002
4/24/2026 9:49:25 AM,202,Warning,WT8-GUI,83092310,HM,Overscaled Channel detected at Tag AI_TT_029
4/24/2026 9:49:25 AM,202,Warning,WT8-GUI,83092311,HM,Overscaled Channel detected at Tag AI_TT_030
4/24/2026 9:49:25 AM,202,Warning,WT8-GUI,83092312,HM,Overscaled Channel detected at Tag AI_TK_000
4/24/2026 9:49:25 AM,202,Warning,WT8-GUI,83092313,HM,Overscaled Channel detected at Tag AI_TK_009
4/24/2026 9:49:25 AM,202,Warning,WT8-GUI,83092314,HM,Overscaled Channel detected at Tag AI_TK_010
4/24/2026 9:49:25 AM,202,Warning,WT8-GUI,83092315,HM,Overscaled Channel detected at Tag AI_TK_011
4/24/2026 9:49:25 AM,202,Warning,WT8-GUI,83092316,HM,Overscaled Channel detected at Tag AI_TK_012
4/24/2026 9:49:25 AM,202,Warning,WT8-GUI,83092317,HM,Overscaled Channel detected at Tag AI_TK_013
4/24/2026 9:49:25 AM,202,Warning,WT8-GUI,83092318,HM,Overscaled Channel detected at Tag AI_TK_014
4/24/2026 9:49:25 AM,202,Warning,WT8-GUI,83092319,HM,Overscaled Channel detected at Tag AI_TK_015
4/24/2026 9:49:25 AM,202,Warning,WT8-GUI,83092320,HM,Overscaled Channel detected at Tag AI_TK_016
4/24/2026 9:49:25 AM,202,Warning,WT8-GUI,83092321,HM,Overscaled Channel detected at Tag AI_TK_017
4/24/2026 9:49:25 AM,202,Warning,WT8-GUI,83092322,HM,Overscaled Channel detected at Tag AI_TK_018
4/24/2026 9:49:25 AM,202,Warning,WT8-GUI,83092323,HM,Overscaled Channel detected at Tag AI_TK_001
4/24/2026 9:49:25 AM,202,Warning,WT8-GUI,83092324,HM,Overscaled Channel detected at Tag AI_TK_019
4/24/2026 9:49:25 AM,202,Warning,WT8-GUI,83092325,HM,Overscaled Channel detected at Tag AI_TK_020
4/24/2026 9:49:25 AM,202,Warning,WT8-GUI,83092326,HM,Overscaled Channel detected at Tag AI_TK_029
4/24/2026 9:49:25 AM,202,Warning,WT8-GUI,83092327,HM,Overscaled Channel detected at Tag AI_TK_030
4/24/2026 9:49:25 AM,202,Warning,WT8-GUI,83092328,HM,Overscaled Channel detected at Tag AI_TK_003
4/24/2026 9:49:25 AM,202,Warning,WT8-GUI,83092329,HM,Overscaled Channel detected at Tag AI_TK_004
4/24/2026 9:49:25 AM,202,Warning,WT8-GUI,83092330,HM,Overscaled Channel detected at Tag AI_TK_005
4/24/2026 9:49:25 AM,202,Warning,WT8-GUI,83092331,HM,Overscaled Channel detected at Tag AI_TK_006
4/24/2026 9:49:25 AM,202,Warning,WT8-GUI,83092332,HM,Overscaled Channel detected at Tag AI_TK_007
4/24/2026 9:49:25 AM,202,Warning,WT8-GUI,83092333,HM,Overscaled Channel detected at Tag AI_TK_008
4/24/2026 9:49:25 AM,202,Warning,WT8-GUI,83092334,HM,Overscaled Channel detected at Tag AI_Volts_Shunt_000
4/24/2026 9:49:25 AM,202,Warning,WT8-GUI,83092335,HM,Overscaled Channel detected at Tag AI_Volts_Shunt_001
4/24/2026 9:49:25 AM,202,Warning,WT8-GUI,83092336,HM,Overscaled Channel detected at Tag AI_Volts_Shunt_003
4/24/2026 9:49:25 AM,202,Warning,WT8-GUI,83092337,HM,Overscaled Channel detected at Tag AI_Volts_Shunt_004
4/24/2026 9:49:25 AM,202,Warning,WT8-GUI,83092338,HM,Overscaled Channel detected at Tag AI_Volts_Shunt_006
4/24/2026 9:49:25 AM,202,Warning,WT8-GUI,83092339,HM,Overscaled Channel detected at Tag AI_Volts_Shunt_007
4/24/2026 9:49:25 AM,202,Warning,WT8-GUI,83092340,HM,Overscaled Channel detected at Tag AI_Volts_Shunt_008
4/24/2026 9:49:25 AM,202,Warning,WT8-GUI,83092341,HM,Overscaled Channel detected at Tag AI_Volts_Shunt_009
4/24/2026 9:49:25 AM,202,Warning,WT8-GUI,83092342,HM,Overscaled Channel detected at Tag AI_Volts_Shunt_010
4/24/2026 9:49:25 AM,202,Warning,WT8-GUI,83092343,HM,Overscaled Channel detected at Tag AI_Volts_Shunt_011
4/24/2026 9:49:25 AM,202,Warning,WT8-GUI,83092344,HM,Overscaled Channel detected at Tag AI_Volts_Shunt_012
4/24/2026 9:49:25 AM,202,Warning,WT8-GUI,83092345,HM,Overscaled Channel detected at Tag AI_Volts_Shunt_013
4/24/2026 9:49:25 AM,202,Warning,WT8-GUI,83092346,HM,Overscaled Channel detected at Tag AI_Volts_Shunt_014
4/24/2026 9:49:25 AM,202,Warning,WT8-GUI,83092347,HM,Overscaled Channel detected at Tag AI_Volts_Shunt_015
4/24/2026 9:49:25 AM,202,Warning,WT8-GUI,83092348,HM,Overscaled Channel detected at Tag AI_Strain_000
4/24/2026 9:49:25 AM,202,Warning,WT8-GUI,83092349,HM,Overscaled Channel detected at Tag AI_Strain_001
4/24/2026 9:49:25 AM,202,Warning,WT8-GUI,83092350,HM,Overscaled Channel detected at Tag AI_Strain_002
4/24/2026 9:49:25 AM,202,Warning,WT8-GUI,83092351,HM,Overscaled Channel detected at Tag AI_Strain_003
4/24/2026 9:49:25 AM,202,Warning,WT8-GUI,83092352,HM,Overscaled Channel detected at Tag AI_Strain_004
4/24/2026 9:49:25 AM,202,Warning,WT8-GUI,83092353,HM,Overscaled Channel detected at Tag AI_Strain_005
4/24/2026 9:49:25 AM,202,Warning,WT8-GUI,83092354,HM,Overscaled Channel detected at Tag AI_Strain_006
4/24/2026 9:49:25 AM,202,Warning,WT8-GUI,83092355,HM,Overscaled Channel detected at Tag AI_Strain_007
4/24/2026 9:49:25 AM,202,Warning,WT8-GUI,83092356,HM,Overscaled Channel detected at Tag AI_TT_000
4/24/2026 9:49:25 AM,202,Warning,WT8-GUI,83092357,HM,Overscaled Channel detected at Tag AI_TT_009
4/24/2026 9:49:25 AM,202,Warning,WT8-GUI,83092358,HM,Overscaled Channel detected at Tag AI_TT_010
4/24/2026 9:49:25 AM,202,Warning,WT8-GUI,83092359,HM,Overscaled Channel detected at Tag AI_TT_011
4/24/2026 9:49:25 AM,202,Warning,WT8-GUI,83092360,HM,Overscaled Channel detected at Tag AI_TT_012
4/24/2026 9:49:25 AM,202,Warning,WT8-GUI,83092361,HM,Overscaled Channel detected at Tag AI_TT_013
4/24/2026 9:49:25 AM,202,Warning,WT8-GUI,83092362,HM,Overscaled Channel detected at Tag AI_TT_014
4/24/2026 9:49:25 AM,202,Warning,WT8-GUI,83092363,HM,Overscaled Channel detected at Tag AI_TT_015
4/24/2026 9:49:25 AM,202,Warning,WT8-GUI,83092364,HM,Overscaled Channel detected at Tag AI_TT_016
4/24/2026 9:49:25 AM,202,Warning,WT8-GUI,83092365,HM,Overscaled Channel detected at Tag AI_TT_003
4/24/2026 9:49:25 AM,202,Warning,WT8-GUI,83092366,HM,Overscaled Channel detected at Tag AI_TT_004
4/24/2026 9:49:25 AM,202,Warning,WT8-GUI,83092367,HM,Overscaled Channel detected at Tag AI_TT_005
4/24/2026 9:49:25 AM,202,Warning,WT8-GUI,83092368,HM,Overscaled Channel detected at Tag AI_TT_006
4/24/2026 9:49:25 AM,202,Warning,WT8-GUI,83092369,HM,Overscaled Channel detected at Tag AI_TT_007
4/24/2026 9:49:25 AM,202,Warning,WT8-GUI,83092370,HM,Overscaled Channel detected at Tag AI_TT_008
4/24/2026 9:50:10 AM,301005,Warning,WT8-GUI,83092371,OPC,OPC Server Graybox.Simulator.1 on host localhost has not updated data in 27 minute(s).
4/24/2026 9:50:25 AM,202,Warning,WT8-GUI,83092372,HM,Overscaled Channel detected at Tag AI_TK_021
4/24/2026 9:50:25 AM,202,Warning,WT8-GUI,83092373,HM,Overscaled Channel detected at Tag AI_TK_022
4/24/2026 9:50:25 AM,202,Warning,WT8-GUI,83092374,HM,Overscaled Channel detected at Tag AI_TK_023
4/24/2026 9:50:25 AM,202,Warning,WT8-GUI,83092375,HM,Overscaled Channel detected at Tag AI_TK_024
4/24/2026 9:50:25 AM,202,Warning,WT8-GUI,83092376,HM,Overscaled Channel detected at Tag AI_TK_025
4/24/2026 9:50:25 AM,202,Warning,WT8-GUI,83092377,HM,Overscaled Channel detected at Tag AI_TK_026
4/24/2026 9:50:25 AM,202,Warning,WT8-GUI,83092378,HM,Overscaled Channel detected at Tag AI_TK_027
4/24/2026 9:50:25 AM,202,Warning,WT8-GUI,83092379,HM,Overscaled Channel detected at Tag AI_TK_028
4/24/2026 9:50:25 AM,202,Warning,WT8-GUI,83092380,HM,Overscaled Channel detected at Tag AI_TK_002
4/24/2026 9:50:25 AM,202,Warning,WT8-GUI,83092381,HM,Overscaled Channel detected at Tag AI_TT_017
4/24/2026 9:50:25 AM,202,Warning,WT8-GUI,83092382,HM,Overscaled Channel detected at Tag AI_TT_018
4/24/2026 9:50:25 AM,202,Warning,WT8-GUI,83092383,HM,Overscaled Channel detected at Tag AI_TT_001
4/24/2026 9:50:25 AM,202,Warning,WT8-GUI,83092384,HM,Overscaled Channel detected at Tag AI_TT_019
4/24/2026 9:50:25 AM,202,Warning,WT8-GUI,83092385,HM,Overscaled Channel detected at Tag AI_TT_020
4/24/2026 9:50:25 AM,202,Warning,WT8-GUI,83092386,HM,Overscaled Channel detected at Tag AI_TT_021
4/24/2026 9:50:25 AM,202,Warning,WT8-GUI,83092387,HM,Overscaled Channel detected at Tag AI_TT_022
4/24/2026 9:50:25 AM,202,Warning,WT8-GUI,83092388,HM,Overscaled Channel detected at Tag AI_TT_023
4/24/2026 9:50:25 AM,202,Warning,WT8-GUI,83092389,HM,Overscaled Channel detected at Tag AI_TT_024
4/24/2026 9:50:25 AM,202,Warning,WT8-GUI,83092390,HM,Overscaled Channel detected at Tag AI_TT_025
4/24/2026 9:50:25 AM,202,Warning,WT8-GUI,83092391,HM,Overscaled Channel detected at Tag AI_TT_026
4/24/2026 9:50:25 AM,202,Warning,WT8-GUI,83092392,HM,Overscaled Channel detected at Tag AI_TT_027
4/24/2026 9:50:25 AM,202,Warning,WT8-GUI,83092393,HM,Overscaled Channel detected at Tag AI_TT_028
4/24/2026 9:50:25 AM,202,Warning,WT8-GUI,83092394,HM,Overscaled Channel detected at Tag AI_TT_002
4/24/2026 9:50:25 AM,202,Warning,WT8-GUI,83092395,HM,Overscaled Channel detected at Tag AI_TT_029
4/24/2026 9:50:25 AM,202,Warning,WT8-GUI,83092396,HM,Overscaled Channel detected at Tag AI_TT_030
4/24/2026 9:50:25 AM,202,Warning,WT8-GUI,83092397,HM,Overscaled Channel detected at Tag AI_TK_000
4/24/2026 9:50:25 AM,202,Warning,WT8-GUI,83092398,HM,Overscaled Channel detected at Tag AI_TK_009
4/24/2026 9:50:25 AM,202,Warning,WT8-GUI,83092399,HM,Overscaled Channel detected at Tag AI_TK_010
4/24/2026 9:50:25 AM,202,Warning,WT8-GUI,83092400,HM,Overscaled Channel detected at Tag AI_TK_011
4/24/2026 9:50:25 AM,202,Warning,WT8-GUI,83092401,HM,Overscaled Channel detected at Tag AI_TK_012
4/24/2026 9:50:25 AM,202,Warning,WT8-GUI,83092402,HM,Overscaled Channel detected at Tag AI_TK_013
4/24/2026 9:50:25 AM,202,Warning,WT8-GUI,83092403,HM,Overscaled Channel detected at Tag AI_TK_014
4/24/2026 9:50:25 AM,202,Warning,WT8-GUI,83092404,HM,Overscaled Channel detected at Tag AI_TK_015
4/24/2026 9:50:25 AM,202,Warning,WT8-GUI,83092405,HM,Overscaled Channel detected at Tag AI_TK_016
4/24/2026 9:50:25 AM,202,Warning,WT8-GUI,83092406,HM,Overscaled Channel detected at Tag AI_TK_017
4/24/2026 9:50:25 AM,202,Warning,WT8-GUI,83092407,HM,Overscaled Channel detected at Tag AI_TK_018
4/24/2026 9:50:25 AM,202,Warning,WT8-GUI,83092408,HM,Overscaled Channel detected at Tag AI_TK_001
4/24/2026 9:50:25 AM,202,Warning,WT8-GUI,83092409,HM,Overscaled Channel detected at Tag AI_TK_019
4/24/2026 9:50:25 AM,202,Warning,WT8-GUI,83092410,HM,Overscaled Channel detected at Tag AI_TK_020
4/24/2026 9:50:25 AM,202,Warning,WT8-GUI,83092411,HM,Overscaled Channel detected at Tag AI_TK_029
4/24/2026 9:50:25 AM,202,Warning,WT8-GUI,83092412,HM,Overscaled Channel detected at Tag AI_TK_030
4/24/2026 9:50:25 AM,202,Warning,WT8-GUI,83092413,HM,Overscaled Channel detected at Tag AI_TK_003
4/24/2026 9:50:25 AM,202,Warning,WT8-GUI,83092414,HM,Overscaled Channel detected at Tag AI_TK_004
4/24/2026 9:50:25 AM,202,Warning,WT8-GUI,83092415,HM,Overscaled Channel detected at Tag AI_TK_005
4/24/2026 9:50:25 AM,202,Warning,WT8-GUI,83092416,HM,Overscaled Channel detected at Tag AI_TK_006
4/24/2026 9:50:25 AM,202,Warning,WT8-GUI,83092417,HM,Overscaled Channel detected at Tag AI_TK_007
4/24/2026 9:50:25 AM,202,Warning,WT8-GUI,83092418,HM,Overscaled Channel detected at Tag AI_TK_008
4/24/2026 9:50:25 AM,202,Warning,WT8-GUI,83092419,HM,Overscaled Channel detected at Tag AI_Volts_Shunt_000
4/24/2026 9:50:25 AM,202,Warning,WT8-GUI,83092420,HM,Overscaled Channel detected at Tag AI_Volts_Shunt_001
4/24/2026 9:50:25 AM,202,Warning,WT8-GUI,83092421,HM,Overscaled Channel detected at Tag AI_Volts_Shunt_003
4/24/2026 9:50:25 AM,202,Warning,WT8-GUI,83092422,HM,Overscaled Channel detected at Tag AI_Volts_Shunt_004
4/24/2026 9:50:25 AM,202,Warning,WT8-GUI,83092423,HM,Overscaled Channel detected at Tag AI_Volts_Shunt_006
4/24/2026 9:50:25 AM,202,Warning,WT8-GUI,83092424,HM,Overscaled Channel detected at Tag AI_Volts_Shunt_007
4/24/2026 9:50:25 AM,202,Warning,WT8-GUI,83092425,HM,Overscaled Channel detected at Tag AI_Volts_Shunt_008
4/24/2026 9:50:25 AM,202,Warning,WT8-GUI,83092426,HM,Overscaled Channel detected at Tag AI_Volts_Shunt_009
4/24/2026 9:50:25 AM,202,Warning,WT8-GUI,83092427,HM,Overscaled Channel detected at Tag AI_Volts_Shunt_010
4/24/2026 9:50:25 AM,202,Warning,WT8-GUI,83092428,HM,Overscaled Channel detected at Tag AI_Volts_Shunt_011
4/24/2026 9:50:25 AM,202,Warning,WT8-GUI,83092429,HM,Overscaled Channel detected at Tag AI_Volts_Shunt_012
4/24/2026 9:50:25 AM,202,Warning,WT8-GUI,83092430,HM,Overscaled Channel detected at Tag AI_Volts_Shunt_013
4/24/2026 9:50:25 AM,202,Warning,WT8-GUI,83092431,HM,Overscaled Channel detected at Tag AI_Volts_Shunt_014
4/24/2026 9:50:25 AM,202,Warning,WT8-GUI,83092432,HM,Overscaled Channel detected at Tag AI_Volts_Shunt_015
4/24/2026 9:50:25 AM,202,Warning,WT8-GUI,83092433,HM,Overscaled Channel detected at Tag AI_Strain_000
4/24/2026 9:50:25 AM,202,Warning,WT8-GUI,83092434,HM,Overscaled Channel detected at Tag AI_Strain_001
4/24/2026 9:50:25 AM,202,Warning,WT8-GUI,83092435,HM,Overscaled Channel detected at Tag AI_Strain_002
4/24/2026 9:50:25 AM,202,Warning,WT8-GUI,83092436,HM,Overscaled Channel detected at Tag AI_Strain_003
4/24/2026 9:50:25 AM,202,Warning,WT8-GUI,83092437,HM,Overscaled Channel detected at Tag AI_Strain_004
4/24/2026 9:50:25 AM,202,Warning,WT8-GUI,83092438,HM,Overscaled Channel detected at Tag AI_Strain_005
4/24/2026 9:50:25 AM,202,Warning,WT8-GUI,83092439,HM,Overscaled Channel detected at Tag AI_Strain_006
4/24/2026 9:50:25 AM,202,Warning,WT8-GUI,83092440,HM,Overscaled Channel detected at Tag AI_Strain_007
4/24/2026 9:50:25 AM,202,Warning,WT8-GUI,83092441,HM,Overscaled Channel detected at Tag AI_TT_000
4/24/2026 9:50:25 AM,202,Warning,WT8-GUI,83092442,HM,Overscaled Channel detected at Tag AI_TT_009
4/24/2026 9:50:25 AM,202,Warning,WT8-GUI,83092443,HM,Overscaled Channel detected at Tag AI_TT_010
4/24/2026 9:50:25 AM,202,Warning,WT8-GUI,83092444,HM,Overscaled Channel detected at Tag AI_TT_011
4/24/2026 9:50:25 AM,202,Warning,WT8-GUI,83092445,HM,Overscaled Channel detected at Tag AI_TT_012
4/24/2026 9:50:25 AM,202,Warning,WT8-GUI,83092446,HM,Overscaled Channel detected at Tag AI_TT_013
4/24/2026 9:50:25 AM,202,Warning,WT8-GUI,83092447,HM,Overscaled Channel detected at Tag AI_TT_014
4/24/2026 9:50:25 AM,202,Warning,WT8-GUI,83092448,HM,Overscaled Channel detected at Tag AI_TT_015
4/24/2026 9:50:25 AM,202,Warning,WT8-GUI,83092449,HM,Overscaled Channel detected at Tag AI_TT_016
4/24/2026 9:50:25 AM,202,Warning,WT8-GUI,83092450,HM,Overscaled Channel detected at Tag AI_TT_003
4/24/2026 9:50:25 AM,202,Warning,WT8-GUI,83092451,HM,Overscaled Channel detected at Tag AI_TT_004
4/24/2026 9:50:25 AM,202,Warning,WT8-GUI,83092452,HM,Overscaled Channel detected at Tag AI_TT_005
4/24/2026 9:50:25 AM,202,Warning,WT8-GUI,83092453,HM,Overscaled Channel detected at Tag AI_TT_006
4/24/2026 9:50:25 AM,202,Warning,WT8-GUI,83092454,HM,Overscaled Channel detected at Tag AI_TT_007
4/24/2026 9:50:25 AM,202,Warning,WT8-GUI,83092455,HM,Overscaled Channel detected at Tag AI_TT_008
4/24/2026 9:51:10 AM,301005,Warning,WT8-GUI,83092456,OPC,OPC Server Graybox.Simulator.1 on host localhost has not updated data in 28 minute(s).
4/24/2026 9:51:25 AM,202,Warning,WT8-GUI,83092457,HM,Overscaled Channel detected at Tag AI_TK_021
4/24/2026 9:51:25 AM,202,Warning,WT8-GUI,83092458,HM,Overscaled Channel detected at Tag AI_TK_022
4/24/2026 9:51:25 AM,202,Warning,WT8-GUI,83092459,HM,Overscaled Channel detected at Tag AI_TK_023
4/24/2026 9:51:25 AM,202,Warning,WT8-GUI,83092460,HM,Overscaled Channel detected at Tag AI_TK_024
4/24/2026 9:51:25 AM,202,Warning,WT8-GUI,83092461,HM,Overscaled Channel detected at Tag AI_TK_025
4/24/2026 9:51:25 AM,202,Warning,WT8-GUI,83092462,HM,Overscaled Channel detected at Tag AI_TK_026
4/24/2026 9:51:25 AM,202,Warning,WT8-GUI,83092463,HM,Overscaled Channel detected at Tag AI_TK_027
4/24/2026 9:51:25 AM,202,Warning,WT8-GUI,83092464,HM,Overscaled Channel detected at Tag AI_TK_028
4/24/2026 9:51:25 AM,202,Warning,WT8-GUI,83092465,HM,Overscaled Channel detected at Tag AI_TK_002
4/24/2026 9:51:25 AM,202,Warning,WT8-GUI,83092466,HM,Overscaled Channel detected at Tag AI_TT_017
4/24/2026 9:51:25 AM,202,Warning,WT8-GUI,83092467,HM,Overscaled Channel detected at Tag AI_TT_018
4/24/2026 9:51:25 AM,202,Warning,WT8-GUI,83092468,HM,Overscaled Channel detected at Tag AI_TT_001
4/24/2026 9:51:25 AM,202,Warning,WT8-GUI,83092469,HM,Overscaled Channel detected at Tag AI_TT_019
4/24/2026 9:51:25 AM,202,Warning,WT8-GUI,83092470,HM,Overscaled Channel detected at Tag AI_TT_020
4/24/2026 9:51:25 AM,202,Warning,WT8-GUI,83092471,HM,Overscaled Channel detected at Tag AI_TT_021
4/24/2026 9:51:25 AM,202,Warning,WT8-GUI,83092472,HM,Overscaled Channel detected at Tag AI_TT_022
4/24/2026 9:51:25 AM,202,Warning,WT8-GUI,83092473,HM,Overscaled Channel detected at Tag AI_TT_023
4/24/2026 9:51:25 AM,202,Warning,WT8-GUI,83092474,HM,Overscaled Channel detected at Tag AI_TT_024
4/24/2026 9:51:25 AM,202,Warning,WT8-GUI,83092475,HM,Overscaled Channel detected at Tag AI_TT_025
4/24/2026 9:51:25 AM,202,Warning,WT8-GUI,83092476,HM,Overscaled Channel detected at Tag AI_TT_026
4/24/2026 9:51:25 AM,202,Warning,WT8-GUI,83092477,HM,Overscaled Channel detected at Tag AI_TT_027
4/24/2026 9:51:25 AM,202,Warning,WT8-GUI,83092478,HM,Overscaled Channel detected at Tag AI_TT_028
4/24/2026 9:51:25 AM,202,Warning,WT8-GUI,83092479,HM,Overscaled Channel detected at Tag AI_TT_002
4/24/2026 9:51:25 AM,202,Warning,WT8-GUI,83092480,HM,Overscaled Channel detected at Tag AI_TT_029
4/24/2026 9:51:25 AM,202,Warning,WT8-GUI,83092481,HM,Overscaled Channel detected at Tag AI_TT_030
4/24/2026 9:51:25 AM,202,Warning,WT8-GUI,83092482,HM,Overscaled Channel detected at Tag AI_TK_000
4/24/2026 9:51:25 AM,202,Warning,WT8-GUI,83092483,HM,Overscaled Channel detected at Tag AI_TK_009
4/24/2026 9:51:25 AM,202,Warning,WT8-GUI,83092484,HM,Overscaled Channel detected at Tag AI_TK_010
4/24/2026 9:51:25 AM,202,Warning,WT8-GUI,83092485,HM,Overscaled Channel detected at Tag AI_TK_011
4/24/2026 9:51:25 AM,202,Warning,WT8-GUI,83092486,HM,Overscaled Channel detected at Tag AI_TK_012
4/24/2026 9:51:25 AM,202,Warning,WT8-GUI,83092487,HM,Overscaled Channel detected at Tag AI_TK_013
4/24/2026 9:51:25 AM,202,Warning,WT8-GUI,83092488,HM,Overscaled Channel detected at Tag AI_TK_014
4/24/2026 9:51:25 AM,202,Warning,WT8-GUI,83092489,HM,Overscaled Channel detected at Tag AI_TK_015
4/24/2026 9:51:25 AM,202,Warning,WT8-GUI,83092490,HM,Overscaled Channel detected at Tag AI_TK_016
4/24/2026 9:51:25 AM,202,Warning,WT8-GUI,83092491,HM,Overscaled Channel detected at Tag AI_TK_017
4/24/2026 9:51:25 AM,202,Warning,WT8-GUI,83092492,HM,Overscaled Channel detected at Tag AI_TK_018
4/24/2026 9:51:25 AM,202,Warning,WT8-GUI,83092493,HM,Overscaled Channel detected at Tag AI_TK_001
4/24/2026 9:51:25 AM,202,Warning,WT8-GUI,83092494,HM,Overscaled Channel detected at Tag AI_TK_019
4/24/2026 9:51:25 AM,202,Warning,WT8-GUI,83092495,HM,Overscaled Channel detected at Tag AI_TK_020
4/24/2026 9:51:25 AM,202,Warning,WT8-GUI,83092496,HM,Overscaled Channel detected at Tag AI_TK_029
4/24/2026 9:51:25 AM,202,Warning,WT8-GUI,83092497,HM,Overscaled Channel detected at Tag AI_TK_030
4/24/2026 9:51:25 AM,202,Warning,WT8-GUI,83092498,HM,Overscaled Channel detected at Tag AI_TK_003
4/24/2026 9:51:25 AM,202,Warning,WT8-GUI,83092499,HM,Overscaled Channel detected at Tag AI_TK_004
4/24/2026 9:51:25 AM,202,Warning,WT8-GUI,83092500,HM,Overscaled Channel detected at Tag AI_TK_005
4/24/2026 9:51:25 AM,202,Warning,WT8-GUI,83092501,HM,Overscaled Channel detected at Tag AI_TK_006
4/24/2026 9:51:25 AM,202,Warning,WT8-GUI,83092502,HM,Overscaled Channel detected at Tag AI_TK_007
4/24/2026 9:51:25 AM,202,Warning,WT8-GUI,83092503,HM,Overscaled Channel detected at Tag AI_TK_008
4/24/2026 9:51:25 AM,202,Warning,WT8-GUI,83092504,HM,Overscaled Channel detected at Tag AI_Volts_Shunt_000
4/24/2026 9:51:25 AM,202,Warning,WT8-GUI,83092505,HM,Overscaled Channel detected at Tag AI_Volts_Shunt_001
4/24/2026 9:51:25 AM,202,Warning,WT8-GUI,83092506,HM,Overscaled Channel detected at Tag AI_Volts_Shunt_003
4/24/2026 9:51:25 AM,202,Warning,WT8-GUI,83092507,HM,Overscaled Channel detected at Tag AI_Volts_Shunt_004
4/24/2026 9:51:25 AM,202,Warning,WT8-GUI,83092508,HM,Overscaled Channel detected at Tag AI_Volts_Shunt_006
4/24/2026 9:51:25 AM,202,Warning,WT8-GUI,83092509,HM,Overscaled Channel detected at Tag AI_Volts_Shunt_007
4/24/2026 9:51:25 AM,202,Warning,WT8-GUI,83092510,HM,Overscaled Channel detected at Tag AI_Volts_Shunt_008
4/24/2026 9:51:25 AM,202,Warning,WT8-GUI,83092511,HM,Overscaled Channel detected at Tag AI_Volts_Shunt_009
4/24/2026 9:51:25 AM,202,Warning,WT8-GUI,83092512,HM,Overscaled Channel detected at Tag AI_Volts_Shunt_010
4/24/2026 9:51:25 AM,202,Warning,WT8-GUI,83092513,HM,Overscaled Channel detected at Tag AI_Volts_Shunt_011
4/24/2026 9:51:25 AM,202,Warning,WT8-GUI,83092514,HM,Overscaled Channel detected at Tag AI_Volts_Shunt_012
4/24/2026 9:51:25 AM,202,Warning,WT8-GUI,83092515,HM,Overscaled Channel detected at Tag AI_Volts_Shunt_013
4/24/2026 9:51:25 AM,202,Warning,WT8-GUI,83092516,HM,Overscaled Channel detected at Tag AI_Volts_Shunt_014
4/24/2026 9:51:25 AM,202,Warning,WT8-GUI,83092517,HM,Overscaled Channel detected at Tag AI_Volts_Shunt_015
4/24/2026 9:51:25 AM,202,Warning,WT8-GUI,83092518,HM,Overscaled Channel detected at Tag AI_Strain_000
4/24/2026 9:51:25 AM,202,Warning,WT8-GUI,83092519,HM,Overscaled Channel detected at Tag AI_Strain_001
4/24/2026 9:51:25 AM,202,Warning,WT8-GUI,83092520,HM,Overscaled Channel detected at Tag AI_Strain_002
4/24/2026 9:51:25 AM,202,Warning,WT8-GUI,83092521,HM,Overscaled Channel detected at Tag AI_Strain_003
4/24/2026 9:51:25 AM,202,Warning,WT8-GUI,83092522,HM,Overscaled Channel detected at Tag AI_Strain_004
4/24/2026 9:51:25 AM,202,Warning,WT8-GUI,83092523,HM,Overscaled Channel detected at Tag AI_Strain_005
4/24/2026 9:51:25 AM,202,Warning,WT8-GUI,83092524,HM,Overscaled Channel detected at Tag AI_Strain_006
4/24/2026 9:51:25 AM,202,Warning,WT8-GUI,83092525,HM,Overscaled Channel detected at Tag AI_Strain_007
4/24/2026 9:51:25 AM,202,Warning,WT8-GUI,83092526,HM,Overscaled Channel detected at Tag AI_TT_000
4/24/2026 9:51:25 AM,202,Warning,WT8-GUI,83092527,HM,Overscaled Channel detected at Tag AI_TT_009
4/24/2026 9:51:25 AM,202,Warning,WT8-GUI,83092528,HM,Overscaled Channel detected at Tag AI_TT_010
4/24/2026 9:51:25 AM,202,Warning,WT8-GUI,83092529,HM,Overscaled Channel detected at Tag AI_TT_011
4/24/2026 9:51:25 AM,202,Warning,WT8-GUI,83092530,HM,Overscaled Channel detected at Tag AI_TT_012
4/24/2026 9:51:25 AM,202,Warning,WT8-GUI,83092531,HM,Overscaled Channel detected at Tag AI_TT_013
4/24/2026 9:51:25 AM,202,Warning,WT8-GUI,83092532,HM,Overscaled Channel detected at Tag AI_TT_014
4/24/2026 9:51:25 AM,202,Warning,WT8-GUI,83092533,HM,Overscaled Channel detected at Tag AI_TT_015
4/24/2026 9:51:25 AM,202,Warning,WT8-GUI,83092534,HM,Overscaled Channel detected at Tag AI_TT_016
4/24/2026 9:51:25 AM,202,Warning,WT8-GUI,83092535,HM,Overscaled Channel detected at Tag AI_TT_003
4/24/2026 9:51:25 AM,202,Warning,WT8-GUI,83092536,HM,Overscaled Channel detected at Tag AI_TT_004
4/24/2026 9:51:25 AM,202,Warning,WT8-GUI,83092537,HM,Overscaled Channel detected at Tag AI_TT_005
4/24/2026 9:51:25 AM,202,Warning,WT8-GUI,83092538,HM,Overscaled Channel detected at Tag AI_TT_006
4/24/2026 9:51:25 AM,202,Warning,WT8-GUI,83092539,HM,Overscaled Channel detected at Tag AI_TT_007
4/24/2026 9:51:25 AM,202,Warning,WT8-GUI,83092540,HM,Overscaled Channel detected at Tag AI_TT_008
4/24/2026 9:52:10 AM,301005,Warning,WT8-GUI,83092541,OPC,OPC Server Graybox.Simulator.1 on host localhost has not updated data in 29 minute(s).
4/24/2026 9:52:23 AM,0,Debug,WT8-GUI,83092542,BALANCE,"Sent balance command ""SetYaw#10.099999#2.000000""."
4/24/2026 9:52:25 AM,202,Warning,WT8-GUI,83092543,HM,Overscaled Channel detected at Tag AI_TK_021
4/24/2026 9:52:25 AM,202,Warning,WT8-GUI,83092544,HM,Overscaled Channel detected at Tag AI_TK_022
4/24/2026 9:52:25 AM,202,Warning,WT8-GUI,83092545,HM,Overscaled Channel detected at Tag AI_TK_023
4/24/2026 9:52:25 AM,202,Warning,WT8-GUI,83092546,HM,Overscaled Channel detected at Tag AI_TK_024
4/24/2026 9:52:25 AM,202,Warning,WT8-GUI,83092547,HM,Overscaled Channel detected at Tag AI_TK_025
4/24/2026 9:52:25 AM,202,Warning,WT8-GUI,83092548,HM,Overscaled Channel detected at Tag AI_TK_026
4/24/2026 9:52:25 AM,202,Warning,WT8-GUI,83092549,HM,Overscaled Channel detected at Tag AI_TK_027
4/24/2026 9:52:25 AM,202,Warning,WT8-GUI,83092550,HM,Overscaled Channel detected at Tag AI_TK_028
4/24/2026 9:52:25 AM,202,Warning,WT8-GUI,83092551,HM,Overscaled Channel detected at Tag AI_TK_002
4/24/2026 9:52:25 AM,202,Warning,WT8-GUI,83092552,HM,Overscaled Channel detected at Tag AI_TT_017
4/24/2026 9:52:25 AM,202,Warning,WT8-GUI,83092553,HM,Overscaled Channel detected at Tag AI_TT_018
4/24/2026 9:52:25 AM,202,Warning,WT8-GUI,83092554,HM,Overscaled Channel detected at Tag AI_TT_001
4/24/2026 9:52:25 AM,202,Warning,WT8-GUI,83092555,HM,Overscaled Channel detected at Tag AI_TT_019
4/24/2026 9:52:25 AM,202,Warning,WT8-GUI,83092556,HM,Overscaled Channel detected at Tag AI_TT_020
4/24/2026 9:52:25 AM,202,Warning,WT8-GUI,83092557,HM,Overscaled Channel detected at Tag AI_TT_021
4/24/2026 9:52:25 AM,202,Warning,WT8-GUI,83092558,HM,Overscaled Channel detected at Tag AI_TT_022
4/24/2026 9:52:25 AM,202,Warning,WT8-GUI,83092559,HM,Overscaled Channel detected at Tag AI_TT_023
4/24/2026 9:52:25 AM,202,Warning,WT8-GUI,83092560,HM,Overscaled Channel detected at Tag AI_TT_024
4/24/2026 9:52:25 AM,202,Warning,WT8-GUI,83092561,HM,Overscaled Channel detected at Tag AI_TT_025
4/24/2026 9:52:25 AM,202,Warning,WT8-GUI,83092562,HM,Overscaled Channel detected at Tag AI_TT_026
4/24/2026 9:52:25 AM,202,Warning,WT8-GUI,83092563,HM,Overscaled Channel detected at Tag AI_TT_027
4/24/2026 9:52:25 AM,202,Warning,WT8-GUI,83092564,HM,Overscaled Channel detected at Tag AI_TT_028
4/24/2026 9:52:25 AM,202,Warning,WT8-GUI,83092565,HM,Overscaled Channel detected at Tag AI_TT_002
4/24/2026 9:52:25 AM,202,Warning,WT8-GUI,83092566,HM,Overscaled Channel detected at Tag AI_TT_029
4/24/2026 9:52:25 AM,202,Warning,WT8-GUI,83092567,HM,Overscaled Channel detected at Tag AI_TT_030
4/24/2026 9:52:25 AM,202,Warning,WT8-GUI,83092568,HM,Overscaled Channel detected at Tag AI_TK_000
4/24/2026 9:52:25 AM,202,Warning,WT8-GUI,83092569,HM,Overscaled Channel detected at Tag AI_TK_009
4/24/2026 9:52:25 AM,202,Warning,WT8-GUI,83092570,HM,Overscaled Channel detected at Tag AI_TK_010
4/24/2026 9:52:25 AM,202,Warning,WT8-GUI,83092571,HM,Overscaled Channel detected at Tag AI_TK_011
4/24/2026 9:52:25 AM,202,Warning,WT8-GUI,83092572,HM,Overscaled Channel detected at Tag AI_TK_012
4/24/2026 9:52:25 AM,202,Warning,WT8-GUI,83092573,HM,Overscaled Channel detected at Tag AI_TK_013
4/24/2026 9:52:25 AM,202,Warning,WT8-GUI,83092574,HM,Overscaled Channel detected at Tag AI_TK_014
4/24/2026 9:52:25 AM,202,Warning,WT8-GUI,83092575,HM,Overscaled Channel detected at Tag AI_TK_015
4/24/2026 9:52:25 AM,202,Warning,WT8-GUI,83092576,HM,Overscaled Channel detected at Tag AI_TK_016
4/24/2026 9:52:25 AM,202,Warning,WT8-GUI,83092577,HM,Overscaled Channel detected at Tag AI_TK_017
4/24/2026 9:52:25 AM,202,Warning,WT8-GUI,83092578,HM,Overscaled Channel detected at Tag AI_TK_018
4/24/2026 9:52:25 AM,202,Warning,WT8-GUI,83092579,HM,Overscaled Channel detected at Tag AI_TK_001
4/24/2026 9:52:25 AM,202,Warning,WT8-GUI,83092580,HM,Overscaled Channel detected at Tag AI_TK_019
4/24/2026 9:52:25 AM,202,Warning,WT8-GUI,83092581,HM,Overscaled Channel detected at Tag AI_TK_020
4/24/2026 9:52:25 AM,202,Warning,WT8-GUI,83092582,HM,Overscaled Channel detected at Tag AI_TK_029
4/24/2026 9:52:25 AM,202,Warning,WT8-GUI,83092583,HM,Overscaled Channel detected at Tag AI_TK_030
4/24/2026 9:52:25 AM,202,Warning,WT8-GUI,83092584,HM,Overscaled Channel detected at Tag AI_TK_003
4/24/2026 9:52:25 AM,202,Warning,WT8-GUI,83092585,HM,Overscaled Channel detected at Tag AI_TK_004
4/24/2026 9:52:25 AM,202,Warning,WT8-GUI,83092586,HM,Overscaled Channel detected at Tag AI_TK_005
4/24/2026 9:52:25 AM,202,Warning,WT8-GUI,83092587,HM,Overscaled Channel detected at Tag AI_TK_006
4/24/2026 9:52:25 AM,202,Warning,WT8-GUI,83092588,HM,Overscaled Channel detected at Tag AI_TK_007
4/24/2026 9:52:25 AM,202,Warning,WT8-GUI,83092589,HM,Overscaled Channel detected at Tag AI_TK_008
4/24/2026 9:52:25 AM,202,Warning,WT8-GUI,83092590,HM,Overscaled Channel detected at Tag AI_Volts_Shunt_000
4/24/2026 9:52:25 AM,202,Warning,WT8-GUI,83092591,HM,Overscaled Channel detected at Tag AI_Volts_Shunt_001
4/24/2026 9:52:25 AM,202,Warning,WT8-GUI,83092592,HM,Overscaled Channel detected at Tag AI_Volts_Shunt_003
4/24/2026 9:52:25 AM,202,Warning,WT8-GUI,83092593,HM,Overscaled Channel detected at Tag AI_Volts_Shunt_004
4/24/2026 9:52:25 AM,202,Warning,WT8-GUI,83092594,HM,Overscaled Channel detected at Tag AI_Volts_Shunt_006
4/24/2026 9:52:25 AM,202,Warning,WT8-GUI,83092595,HM,Overscaled Channel detected at Tag AI_Volts_Shunt_007
4/24/2026 9:52:25 AM,202,Warning,WT8-GUI,83092596,HM,Overscaled Channel detected at Tag AI_Volts_Shunt_008
4/24/2026 9:52:25 AM,202,Warning,WT8-GUI,83092597,HM,Overscaled Channel detected at Tag AI_Volts_Shunt_009
4/24/2026 9:52:25 AM,202,Warning,WT8-GUI,83092598,HM,Overscaled Channel detected at Tag AI_Volts_Shunt_010
4/24/2026 9:52:25 AM,202,Warning,WT8-GUI,83092599,HM,Overscaled Channel detected at Tag AI_Volts_Shunt_011
4/24/2026 9:52:25 AM,202,Warning,WT8-GUI,83092600,HM,Overscaled Channel detected at Tag AI_Volts_Shunt_012
4/24/2026 9:52:25 AM,202,Warning,WT8-GUI,83092601,HM,Overscaled Channel detected at Tag AI_Volts_Shunt_013
4/24/2026 9:52:25 AM,202,Warning,WT8-GUI,83092602,HM,Overscaled Channel detected at Tag AI_Volts_Shunt_014
4/24/2026 9:52:25 AM,202,Warning,WT8-GUI,83092603,HM,Overscaled Channel detected at Tag AI_Volts_Shunt_015
4/24/2026 9:52:25 AM,202,Warning,WT8-GUI,83092604,HM,Overscaled Channel detected at Tag AI_Strain_000
4/24/2026 9:52:25 AM,202,Warning,WT8-GUI,83092605,HM,Overscaled Channel detected at Tag AI_Strain_001
4/24/2026 9:52:25 AM,202,Warning,WT8-GUI,83092606,HM,Overscaled Channel detected at Tag AI_Strain_002
4/24/2026 9:52:25 AM,202,Warning,WT8-GUI,83092607,HM,Overscaled Channel detected at Tag AI_Strain_003
4/24/2026 9:52:25 AM,202,Warning,WT8-GUI,83092608,HM,Overscaled Channel detected at Tag AI_Strain_004
4/24/2026 9:52:25 AM,202,Warning,WT8-GUI,83092609,HM,Overscaled Channel detected at Tag AI_Strain_005
4/24/2026 9:52:25 AM,202,Warning,WT8-GUI,83092610,HM,Overscaled Channel detected at Tag AI_Strain_006
4/24/2026 9:52:25 AM,202,Warning,WT8-GUI,83092611,HM,Overscaled Channel detected at Tag AI_Strain_007
4/24/2026 9:52:25 AM,202,Warning,WT8-GUI,83092612,HM,Overscaled Channel detected at Tag AI_TT_000
4/24/2026 9:52:25 AM,202,Warning,WT8-GUI,83092613,HM,Overscaled Channel detected at Tag AI_TT_009
4/24/2026 9:52:25 AM,202,Warning,WT8-GUI,83092614,HM,Overscaled Channel detected at Tag AI_TT_010
4/24/2026 9:52:25 AM,202,Warning,WT8-GUI,83092615,HM,Overscaled Channel detected at Tag AI_TT_011
4/24/2026 9:52:25 AM,202,Warning,WT8-GUI,83092616,HM,Overscaled Channel detected at Tag AI_TT_012
4/24/2026 9:52:25 AM,202,Warning,WT8-GUI,83092617,HM,Overscaled Channel detected at Tag AI_TT_013
4/24/2026 9:52:25 AM,202,Warning,WT8-GUI,83092618,HM,Overscaled Channel detected at Tag AI_TT_014
4/24/2026 9:52:25 AM,202,Warning,WT8-GUI,83092619,HM,Overscaled Channel detected at Tag AI_TT_015
4/24/2026 9:52:25 AM,202,Warning,WT8-GUI,83092620,HM,Overscaled Channel detected at Tag AI_TT_016
4/24/2026 9:52:25 AM,202,Warning,WT8-GUI,83092621,HM,Overscaled Channel detected at Tag AI_TT_003
4/24/2026 9:52:25 AM,202,Warning,WT8-GUI,83092622,HM,Overscaled Channel detected at Tag AI_TT_004
4/24/2026 9:52:25 AM,202,Warning,WT8-GUI,83092623,HM,Overscaled Channel detected at Tag AI_TT_005
4/24/2026 9:52:25 AM,202,Warning,WT8-GUI,83092624,HM,Overscaled Channel detected at Tag AI_TT_006
4/24/2026 9:52:25 AM,202,Warning,WT8-GUI,83092625,HM,Overscaled Channel detected at Tag AI_TT_007
4/24/2026 9:52:25 AM,202,Warning,WT8-GUI,83092626,HM,Overscaled Channel detected at Tag AI_TT_008
4/24/2026 9:52:53 AM,0,Debug,WT8-GUI,83092627,BALANCE,"Sent balance command ""SetYaw#-9.900001#2.000000""."
4/24/2026 9:53:10 AM,301005,Warning,WT8-GUI,83092628,OPC,OPC Server Graybox.Simulator.1 on host localhost has not updated data in 30 minute(s).
4/24/2026 9:53:25 AM,202,Warning,WT8-GUI,83092629,HM,Overscaled Channel detected at Tag AI_TK_021
4/24/2026 9:53:25 AM,202,Warning,WT8-GUI,83092630,HM,Overscaled Channel detected at Tag AI_TK_022
4/24/2026 9:53:25 AM,202,Warning,WT8-GUI,83092631,HM,Overscaled Channel detected at Tag AI_TK_023
4/24/2026 9:53:25 AM,0,Debug,WT8-GUI,83092632,BALANCE,"Sent balance command ""SetYaw#0.100000#2.000000""."
4/24/2026 9:53:25 AM,202,Warning,WT8-GUI,83092633,HM,Overscaled Channel detected at Tag AI_TK_024
4/24/2026 9:53:25 AM,202,Warning,WT8-GUI,83092634,HM,Overscaled Channel detected at Tag AI_TK_025
4/24/2026 9:53:25 AM,202,Warning,WT8-GUI,83092635,HM,Overscaled Channel detected at Tag AI_TK_026
4/24/2026 9:53:25 AM,202,Warning,WT8-GUI,83092636,HM,Overscaled Channel detected at Tag AI_TK_027
4/24/2026 9:53:25 AM,202,Warning,WT8-GUI,83092637,HM,Overscaled Channel detected at Tag AI_TK_028
4/24/2026 9:53:25 AM,202,Warning,WT8-GUI,83092638,HM,Overscaled Channel detected at Tag AI_TK_002
4/24/2026 9:53:25 AM,202,Warning,WT8-GUI,83092639,HM,Overscaled Channel detected at Tag AI_TT_017
4/24/2026 9:53:25 AM,202,Warning,WT8-GUI,83092640,HM,Overscaled Channel detected at Tag AI_TT_018
4/24/2026 9:53:25 AM,202,Warning,WT8-GUI,83092641,HM,Overscaled Channel detected at Tag AI_TT_001
4/24/2026 9:53:25 AM,202,Warning,WT8-GUI,83092642,HM,Overscaled Channel detected at Tag AI_TT_019
4/24/2026 9:53:25 AM,202,Warning,WT8-GUI,83092643,HM,Overscaled Channel detected at Tag AI_TT_020
4/24/2026 9:53:25 AM,202,Warning,WT8-GUI,83092644,HM,Overscaled Channel detected at Tag AI_TT_021
4/24/2026 9:53:25 AM,202,Warning,WT8-GUI,83092645,HM,Overscaled Channel detected at Tag AI_TT_022
4/24/2026 9:53:25 AM,202,Warning,WT8-GUI,83092646,HM,Overscaled Channel detected at Tag AI_TT_023
4/24/2026 9:53:25 AM,202,Warning,WT8-GUI,83092647,HM,Overscaled Channel detected at Tag AI_TT_024
4/24/2026 9:53:25 AM,202,Warning,WT8-GUI,83092648,HM,Overscaled Channel detected at Tag AI_TT_025
4/24/2026 9:53:25 AM,202,Warning,WT8-GUI,83092649,HM,Overscaled Channel detected at Tag AI_TT_026
4/24/2026 9:53:25 AM,202,Warning,WT8-GUI,83092650,HM,Overscaled Channel detected at Tag AI_TT_027
4/24/2026 9:53:25 AM,202,Warning,WT8-GUI,83092651,HM,Overscaled Channel detected at Tag AI_TT_028
4/24/2026 9:53:25 AM,202,Warning,WT8-GUI,83092652,HM,Overscaled Channel detected at Tag AI_TT_002
4/24/2026 9:53:25 AM,202,Warning,WT8-GUI,83092653,HM,Overscaled Channel detected at Tag AI_TT_029
4/24/2026 9:53:25 AM,202,Warning,WT8-GUI,83092654,HM,Overscaled Channel detected at Tag AI_TT_030
4/24/2026 9:53:25 AM,202,Warning,WT8-GUI,83092655,HM,Overscaled Channel detected at Tag AI_TK_000
4/24/2026 9:53:25 AM,202,Warning,WT8-GUI,83092656,HM,Overscaled Channel detected at Tag AI_TK_009
4/24/2026 9:53:25 AM,202,Warning,WT8-GUI,83092657,HM,Overscaled Channel detected at Tag AI_TK_010
4/24/2026 9:53:25 AM,202,Warning,WT8-GUI,83092658,HM,Overscaled Channel detected at Tag AI_TK_011
4/24/2026 9:53:25 AM,202,Warning,WT8-GUI,83092659,HM,Overscaled Channel detected at Tag AI_TK_012
4/24/2026 9:53:25 AM,202,Warning,WT8-GUI,83092660,HM,Overscaled Channel detected at Tag AI_TK_013
4/24/2026 9:53:25 AM,202,Warning,WT8-GUI,83092661,HM,Overscaled Channel detected at Tag AI_TK_014
4/24/2026 9:53:25 AM,202,Warning,WT8-GUI,83092662,HM,Overscaled Channel detected at Tag AI_TK_015
4/24/2026 9:53:25 AM,202,Warning,WT8-GUI,83092663,HM,Overscaled Channel detected at Tag AI_TK_016
4/24/2026 9:53:25 AM,202,Warning,WT8-GUI,83092664,HM,Overscaled Channel detected at Tag AI_TK_017
4/24/2026 9:53:25 AM,202,Warning,WT8-GUI,83092665,HM,Overscaled Channel detected at Tag AI_TK_018
4/24/2026 9:53:25 AM,202,Warning,WT8-GUI,83092666,HM,Overscaled Channel detected at Tag AI_TK_001
4/24/2026 9:53:25 AM,202,Warning,WT8-GUI,83092667,HM,Overscaled Channel detected at Tag AI_TK_019
4/24/2026 9:53:25 AM,202,Warning,WT8-GUI,83092668,HM,Overscaled Channel detected at Tag AI_TK_020
4/24/2026 9:53:25 AM,202,Warning,WT8-GUI,83092669,HM,Overscaled Channel detected at Tag AI_TK_029
4/24/2026 9:53:25 AM,202,Warning,WT8-GUI,83092670,HM,Overscaled Channel detected at Tag AI_TK_030
4/24/2026 9:53:25 AM,202,Warning,WT8-GUI,83092671,HM,Overscaled Channel detected at Tag AI_TK_003
4/24/2026 9:53:25 AM,202,Warning,WT8-GUI,83092672,HM,Overscaled Channel detected at Tag AI_TK_004
4/24/2026 9:53:25 AM,202,Warning,WT8-GUI,83092673,HM,Overscaled Channel detected at Tag AI_TK_005
4/24/2026 9:53:25 AM,202,Warning,WT8-GUI,83092674,HM,Overscaled Channel detected at Tag AI_TK_006
4/24/2026 9:53:25 AM,202,Warning,WT8-GUI,83092675,HM,Overscaled Channel detected at Tag AI_TK_007
4/24/2026 9:53:25 AM,202,Warning,WT8-GUI,83092676,HM,Overscaled Channel detected at Tag AI_TK_008
4/24/2026 9:53:25 AM,202,Warning,WT8-GUI,83092677,HM,Overscaled Channel detected at Tag AI_Volts_Shunt_000
4/24/2026 9:53:25 AM,202,Warning,WT8-GUI,83092678,HM,Overscaled Channel detected at Tag AI_Volts_Shunt_001
4/24/2026 9:53:25 AM,202,Warning,WT8-GUI,83092679,HM,Overscaled Channel detected at Tag AI_Volts_Shunt_003
4/24/2026 9:53:25 AM,202,Warning,WT8-GUI,83092680,HM,Overscaled Channel detected at Tag AI_Volts_Shunt_004
4/24/2026 9:53:25 AM,202,Warning,WT8-GUI,83092681,HM,Overscaled Channel detected at Tag AI_Volts_Shunt_006
4/24/2026 9:53:25 AM,202,Warning,WT8-GUI,83092682,HM,Overscaled Channel detected at Tag AI_Volts_Shunt_007
4/24/2026 9:53:25 AM,202,Warning,WT8-GUI,83092683,HM,Overscaled Channel detected at Tag AI_Volts_Shunt_008
4/24/2026 9:53:25 AM,202,Warning,WT8-GUI,83092684,HM,Overscaled Channel detected at Tag AI_Volts_Shunt_009
4/24/2026 9:53:25 AM,202,Warning,WT8-GUI,83092685,HM,Overscaled Channel detected at Tag AI_Volts_Shunt_010
4/24/2026 9:53:25 AM,202,Warning,WT8-GUI,83092686,HM,Overscaled Channel detected at Tag AI_Volts_Shunt_011
4/24/2026 9:53:25 AM,202,Warning,WT8-GUI,83092687,HM,Overscaled Channel detected at Tag AI_Volts_Shunt_012
4/24/2026 9:53:25 AM,202,Warning,WT8-GUI,83092688,HM,Overscaled Channel detected at Tag AI_Volts_Shunt_013
4/24/2026 9:53:25 AM,202,Warning,WT8-GUI,83092689,HM,Overscaled Channel detected at Tag AI_Volts_Shunt_014
4/24/2026 9:53:25 AM,202,Warning,WT8-GUI,83092690,HM,Overscaled Channel detected at Tag AI_Volts_Shunt_015
4/24/2026 9:53:25 AM,202,Warning,WT8-GUI,83092691,HM,Overscaled Channel detected at Tag AI_Strain_000
4/24/2026 9:53:25 AM,202,Warning,WT8-GUI,83092692,HM,Overscaled Channel detected at Tag AI_Strain_001
4/24/2026 9:53:25 AM,202,Warning,WT8-GUI,83092693,HM,Overscaled Channel detected at Tag AI_Strain_002
4/24/2026 9:53:25 AM,202,Warning,WT8-GUI,83092694,HM,Overscaled Channel detected at Tag AI_Strain_003
4/24/2026 9:53:25 AM,202,Warning,WT8-GUI,83092695,HM,Overscaled Channel detected at Tag AI_Strain_004
4/24/2026 9:53:25 AM,202,Warning,WT8-GUI,83092696,HM,Overscaled Channel detected at Tag AI_Strain_005
4/24/2026 9:53:25 AM,202,Warning,WT8-GUI,83092697,HM,Overscaled Channel detected at Tag AI_Strain_006
4/24/2026 9:53:25 AM,202,Warning,WT8-GUI,83092698,HM,Overscaled Channel detected at Tag AI_Strain_007
4/24/2026 9:53:25 AM,202,Warning,WT8-GUI,83092699,HM,Overscaled Channel detected at Tag AI_TT_000
4/24/2026 9:53:25 AM,202,Warning,WT8-GUI,83092700,HM,Overscaled Channel detected at Tag AI_TT_009
4/24/2026 9:53:25 AM,202,Warning,WT8-GUI,83092701,HM,Overscaled Channel detected at Tag AI_TT_010
4/24/2026 9:53:25 AM,202,Warning,WT8-GUI,83092702,HM,Overscaled Channel detected at Tag AI_TT_011
4/24/2026 9:53:25 AM,202,Warning,WT8-GUI,83092703,HM,Overscaled Channel detected at Tag AI_TT_012
4/24/2026 9:53:25 AM,202,Warning,WT8-GUI,83092704,HM,Overscaled Channel detected at Tag AI_TT_013
4/24/2026 9:53:25 AM,202,Warning,WT8-GUI,83092705,HM,Overscaled Channel detected at Tag AI_TT_014
4/24/2026 9:53:25 AM,202,Warning,WT8-GUI,83092706,HM,Overscaled Channel detected at Tag AI_TT_015
4/24/2026 9:53:25 AM,202,Warning,WT8-GUI,83092707,HM,Overscaled Channel detected at Tag AI_TT_016
4/24/2026 9:53:25 AM,202,Warning,WT8-GUI,83092708,HM,Overscaled Channel detected at Tag AI_TT_003
4/24/2026 9:53:25 AM,202,Warning,WT8-GUI,83092709,HM,Overscaled Channel detected at Tag AI_TT_004
4/24/2026 9:53:25 AM,202,Warning,WT8-GUI,83092710,HM,Overscaled Channel detected at Tag AI_TT_005
4/24/2026 9:53:25 AM,202,Warning,WT8-GUI,83092711,HM,Overscaled Channel detected at Tag AI_TT_006
4/24/2026 9:53:25 AM,202,Warning,WT8-GUI,83092712,HM,Overscaled Channel detected at Tag AI_TT_007
4/24/2026 9:53:25 AM,202,Warning,WT8-GUI,83092713,HM,Overscaled Channel detected at Tag AI_TT_008
4/24/2026 9:53:49 AM,0,Debug,WT8-GUI,83092714,BALANCE,"Sent balance command ""SetYaw#20.100000#2.000000""."
4/24/2026 9:54:10 AM,301005,Warning,WT8-GUI,83092715,OPC,OPC Server Graybox.Simulator.1 on host localhost has not updated data in 31 minute(s).
4/24/2026 9:54:25 AM,202,Warning,WT8-GUI,83092716,HM,Overscaled Channel detected at Tag AI_TK_000
4/24/2026 9:54:25 AM,202,Warning,WT8-GUI,83092717,HM,Overscaled Channel detected at Tag AI_TK_009
4/24/2026 9:54:25 AM,202,Warning,WT8-GUI,83092718,HM,Overscaled Channel detected at Tag AI_TK_010
4/24/2026 9:54:25 AM,202,Warning,WT8-GUI,83092719,HM,Overscaled Channel detected at Tag AI_TK_011
4/24/2026 9:54:25 AM,202,Warning,WT8-GUI,83092720,HM,Overscaled Channel detected at Tag AI_TK_012
4/24/2026 9:54:25 AM,202,Warning,WT8-GUI,83092721,HM,Overscaled Channel detected at Tag AI_TK_013
4/24/2026 9:54:25 AM,202,Warning,WT8-GUI,83092722,HM,Overscaled Channel detected at Tag AI_TK_014
4/24/2026 9:54:25 AM,202,Warning,WT8-GUI,83092723,HM,Overscaled Channel detected at Tag AI_TK_015
4/24/2026 9:54:25 AM,202,Warning,WT8-GUI,83092724,HM,Overscaled Channel detected at Tag AI_TK_016
4/24/2026 9:54:25 AM,202,Warning,WT8-GUI,83092725,HM,Overscaled Channel detected at Tag AI_TK_017
4/24/2026 9:54:25 AM,202,Warning,WT8-GUI,83092726,HM,Overscaled Channel detected at Tag AI_TK_018
4/24/2026 9:54:25 AM,202,Warning,WT8-GUI,83092727,HM,Overscaled Channel detected at Tag AI_TK_001
4/24/2026 9:54:25 AM,202,Warning,WT8-GUI,83092728,HM,Overscaled Channel detected at Tag AI_TK_019
4/24/2026 9:54:25 AM,202,Warning,WT8-GUI,83092729,HM,Overscaled Channel detected at Tag AI_TK_020
4/24/2026 9:54:25 AM,202,Warning,WT8-GUI,83092730,HM,Overscaled Channel detected at Tag AI_TK_021
4/24/2026 9:54:25 AM,202,Warning,WT8-GUI,83092731,HM,Overscaled Channel detected at Tag AI_TK_022
4/24/2026 9:54:25 AM,202,Warning,WT8-GUI,83092732,HM,Overscaled Channel detected at Tag AI_TK_023
4/24/2026 9:54:25 AM,202,Warning,WT8-GUI,83092733,HM,Overscaled Channel detected at Tag AI_TK_024
4/24/2026 9:54:25 AM,202,Warning,WT8-GUI,83092734,HM,Overscaled Channel detected at Tag AI_TK_025
4/24/2026 9:54:25 AM,202,Warning,WT8-GUI,83092735,HM,Overscaled Channel detected at Tag AI_TK_026
4/24/2026 9:54:25 AM,202,Warning,WT8-GUI,83092736,HM,Overscaled Channel detected at Tag AI_TK_027
4/24/2026 9:54:25 AM,202,Warning,WT8-GUI,83092737,HM,Overscaled Channel detected at Tag AI_TK_028
4/24/2026 9:54:25 AM,202,Warning,WT8-GUI,83092738,HM,Overscaled Channel detected at Tag AI_TK_002
4/24/2026 9:54:25 AM,202,Warning,WT8-GUI,83092739,HM,Overscaled Channel detected at Tag AI_TK_029
4/24/2026 9:54:25 AM,202,Warning,WT8-GUI,83092740,HM,Overscaled Channel detected at Tag AI_TK_030
4/24/2026 9:54:25 AM,202,Warning,WT8-GUI,83092741,HM,Overscaled Channel detected at Tag AI_TK_003
4/24/2026 9:54:25 AM,202,Warning,WT8-GUI,83092742,HM,Overscaled Channel detected at Tag AI_TK_004
4/24/2026 9:54:25 AM,202,Warning,WT8-GUI,83092743,HM,Overscaled Channel detected at Tag AI_TK_005
4/24/2026 9:54:25 AM,202,Warning,WT8-GUI,83092744,HM,Overscaled Channel detected at Tag AI_TK_006
4/24/2026 9:54:25 AM,202,Warning,WT8-GUI,83092745,HM,Overscaled Channel detected at Tag AI_TK_007
4/24/2026 9:54:25 AM,202,Warning,WT8-GUI,83092746,HM,Overscaled Channel detected at Tag AI_TK_008
4/24/2026 9:54:25 AM,202,Warning,WT8-GUI,83092747,HM,Overscaled Channel detected at Tag AI_Volts_Shunt_000
4/24/2026 9:54:25 AM,202,Warning,WT8-GUI,83092748,HM,Overscaled Channel detected at Tag AI_Volts_Shunt_001
4/24/2026 9:54:25 AM,202,Warning,WT8-GUI,83092749,HM,Overscaled Channel detected at Tag AI_Volts_Shunt_003
4/24/2026 9:54:25 AM,202,Warning,WT8-GUI,83092750,HM,Overscaled Channel detected at Tag AI_Volts_Shunt_004
4/24/2026 9:54:25 AM,202,Warning,WT8-GUI,83092751,HM,Overscaled Channel detected at Tag AI_Volts_Shunt_006
4/24/2026 9:54:25 AM,202,Warning,WT8-GUI,83092752,HM,Overscaled Channel detected at Tag AI_Volts_Shunt_007
4/24/2026 9:54:25 AM,202,Warning,WT8-GUI,83092753,HM,Overscaled Channel detected at Tag AI_Volts_Shunt_008
4/24/2026 9:54:25 AM,202,Warning,WT8-GUI,83092754,HM,Overscaled Channel detected at Tag AI_Volts_Shunt_009
4/24/2026 9:54:25 AM,202,Warning,WT8-GUI,83092755,HM,Overscaled Channel detected at Tag AI_Volts_Shunt_010
4/24/2026 9:54:25 AM,202,Warning,WT8-GUI,83092756,HM,Overscaled Channel detected at Tag AI_Volts_Shunt_011
4/24/2026 9:54:25 AM,202,Warning,WT8-GUI,83092757,HM,Overscaled Channel detected at Tag AI_Volts_Shunt_012
4/24/2026 9:54:25 AM,202,Warning,WT8-GUI,83092758,HM,Overscaled Channel detected at Tag AI_Volts_Shunt_013
4/24/2026 9:54:25 AM,202,Warning,WT8-GUI,83092759,HM,Overscaled Channel detected at Tag AI_Volts_Shunt_014
4/24/2026 9:54:25 AM,202,Warning,WT8-GUI,83092760,HM,Overscaled Channel detected at Tag AI_Volts_Shunt_015
4/24/2026 9:54:25 AM,202,Warning,WT8-GUI,83092761,HM,Overscaled Channel detected at Tag AI_Strain_000
4/24/2026 9:54:25 AM,202,Warning,WT8-GUI,83092762,HM,Overscaled Channel detected at Tag AI_Strain_001
4/24/2026 9:54:25 AM,202,Warning,WT8-GUI,83092763,HM,Overscaled Channel detected at Tag AI_Strain_002
4/24/2026 9:54:25 AM,202,Warning,WT8-GUI,83092764,HM,Overscaled Channel detected at Tag AI_Strain_003
4/24/2026 9:54:25 AM,202,Warning,WT8-GUI,83092765,HM,Overscaled Channel detected at Tag AI_Strain_004
4/24/2026 9:54:25 AM,202,Warning,WT8-GUI,83092766,HM,Overscaled Channel detected at Tag AI_Strain_005
4/24/2026 9:54:25 AM,202,Warning,WT8-GUI,83092767,HM,Overscaled Channel detected at Tag AI_Strain_006
4/24/2026 9:54:25 AM,202,Warning,WT8-GUI,83092768,HM,Overscaled Channel detected at Tag AI_Strain_007
4/24/2026 9:54:25 AM,202,Warning,WT8-GUI,83092769,HM,Overscaled Channel detected at Tag AI_TT_000
4/24/2026 9:54:25 AM,202,Warning,WT8-GUI,83092770,HM,Overscaled Channel detected at Tag AI_TT_009
4/24/2026 9:54:25 AM,202,Warning,WT8-GUI,83092771,HM,Overscaled Channel detected at Tag AI_TT_010
4/24/2026 9:54:25 AM,202,Warning,WT8-GUI,83092772,HM,Overscaled Channel detected at Tag AI_TT_011
4/24/2026 9:54:25 AM,202,Warning,WT8-GUI,83092773,HM,Overscaled Channel detected at Tag AI_TT_012
4/24/2026 9:54:25 AM,202,Warning,WT8-GUI,83092774,HM,Overscaled Channel detected at Tag AI_TT_013
4/24/2026 9:54:25 AM,202,Warning,WT8-GUI,83092775,HM,Overscaled Channel detected at Tag AI_TT_014
4/24/2026 9:54:25 AM,202,Warning,WT8-GUI,83092776,HM,Overscaled Channel detected at Tag AI_TT_015
4/24/2026 9:54:25 AM,202,Warning,WT8-GUI,83092777,HM,Overscaled Channel detected at Tag AI_TT_016
4/24/2026 9:54:25 AM,202,Warning,WT8-GUI,83092778,HM,Overscaled Channel detected at Tag AI_TT_017
4/24/2026 9:54:25 AM,202,Warning,WT8-GUI,83092779,HM,Overscaled Channel detected at Tag AI_TT_018
4/24/2026 9:54:25 AM,202,Warning,WT8-GUI,83092780,HM,Overscaled Channel detected at Tag AI_TT_001
4/24/2026 9:54:25 AM,202,Warning,WT8-GUI,83092781,HM,Overscaled Channel detected at Tag AI_TT_019
4/24/2026 9:54:25 AM,202,Warning,WT8-GUI,83092782,HM,Overscaled Channel detected at Tag AI_TT_020
4/24/2026 9:54:25 AM,202,Warning,WT8-GUI,83092783,HM,Overscaled Channel detected at Tag AI_TT_021
4/24/2026 9:54:25 AM,202,Warning,WT8-GUI,83092784,HM,Overscaled Channel detected at Tag AI_TT_022
4/24/2026 9:54:25 AM,202,Warning,WT8-GUI,83092785,HM,Overscaled Channel detected at Tag AI_TT_023
4/24/2026 9:54:25 AM,202,Warning,WT8-GUI,83092786,HM,Overscaled Channel detected at Tag AI_TT_024
4/24/2026 9:54:25 AM,202,Warning,WT8-GUI,83092787,HM,Overscaled Channel detected at Tag AI_TT_025
4/24/2026 9:54:25 AM,202,Warning,WT8-GUI,83092788,HM,Overscaled Channel detected at Tag AI_TT_026
4/24/2026 9:54:25 AM,202,Warning,WT8-GUI,83092789,HM,Overscaled Channel detected at Tag AI_TT_027
4/24/2026 9:54:25 AM,202,Warning,WT8-GUI,83092790,HM,Overscaled Channel detected at Tag AI_TT_028
4/24/2026 9:54:25 AM,202,Warning,WT8-GUI,83092791,HM,Overscaled Channel detected at Tag AI_TT_002
4/24/2026 9:54:25 AM,202,Warning,WT8-GUI,83092792,HM,Overscaled Channel detected at Tag AI_TT_029
4/24/2026 9:54:25 AM,202,Warning,WT8-GUI,83092793,HM,Overscaled Channel detected at Tag AI_TT_030
4/24/2026 9:54:25 AM,202,Warning,WT8-GUI,83092794,HM,Overscaled Channel detected at Tag AI_TT_003
4/24/2026 9:54:25 AM,202,Warning,WT8-GUI,83092795,HM,Overscaled Channel detected at Tag AI_TT_004
4/24/2026 9:54:25 AM,202,Warning,WT8-GUI,83092796,HM,Overscaled Channel detected at Tag AI_TT_005
4/24/2026 9:54:25 AM,202,Warning,WT8-GUI,83092797,HM,Overscaled Channel detected at Tag AI_TT_006
4/24/2026 9:54:25 AM,202,Warning,WT8-GUI,83092798,HM,Overscaled Channel detected at Tag AI_TT_007
4/24/2026 9:54:25 AM,202,Warning,WT8-GUI,83092799,HM,Overscaled Channel detected at Tag AI_TT_008
4/24/2026 9:54:31 AM,0,Debug,WT8-GUI,83092800,BALANCE,"Sent balance command ""SetYaw#-19.900000#2.000000""."
4/24/2026 9:55:10 AM,301005,Warning,WT8-GUI,83092801,OPC,OPC Server Graybox.Simulator.1 on host localhost has not updated data in 32 minute(s).
4/24/2026 9:55:11 AM,0,Debug,WT8-GUI,83092802,BALANCE,"Sent balance command ""SetYaw#0.100000#2.000000""."
4/24/2026 9:55:25 AM,202,Warning,WT8-GUI,83092803,HM,Overscaled Channel detected at Tag AI_TK_000
4/24/2026 9:55:25 AM,202,Warning,WT8-GUI,83092804,HM,Overscaled Channel detected at Tag AI_TK_009
4/24/2026 9:55:25 AM,202,Warning,WT8-GUI,83092805,HM,Overscaled Channel detected at Tag AI_TK_010
4/24/2026 9:55:25 AM,202,Warning,WT8-GUI,83092806,HM,Overscaled Channel detected at Tag AI_TK_011
4/24/2026 9:55:25 AM,202,Warning,WT8-GUI,83092807,HM,Overscaled Channel detected at Tag AI_TK_012
4/24/2026 9:55:25 AM,202,Warning,WT8-GUI,83092808,HM,Overscaled Channel detected at Tag AI_TK_013
4/24/2026 9:55:25 AM,202,Warning,WT8-GUI,83092809,HM,Overscaled Channel detected at Tag AI_TK_014
4/24/2026 9:55:25 AM,202,Warning,WT8-GUI,83092810,HM,Overscaled Channel detected at Tag AI_TK_015
4/24/2026 9:55:25 AM,202,Warning,WT8-GUI,83092811,HM,Overscaled Channel detected at Tag AI_TK_016
4/24/2026 9:55:25 AM,202,Warning,WT8-GUI,83092812,HM,Overscaled Channel detected at Tag AI_TK_017
4/24/2026 9:55:25 AM,202,Warning,WT8-GUI,83092813,HM,Overscaled Channel detected at Tag AI_TK_018
4/24/2026 9:55:25 AM,202,Warning,WT8-GUI,83092814,HM,Overscaled Channel detected at Tag AI_TK_001
4/24/2026 9:55:25 AM,202,Warning,WT8-GUI,83092815,HM,Overscaled Channel detected at Tag AI_TK_019
4/24/2026 9:55:25 AM,202,Warning,WT8-GUI,83092816,HM,Overscaled Channel detected at Tag AI_TK_020
4/24/2026 9:55:25 AM,202,Warning,WT8-GUI,83092817,HM,Overscaled Channel detected at Tag AI_TK_021
4/24/2026 9:55:25 AM,202,Warning,WT8-GUI,83092818,HM,Overscaled Channel detected at Tag AI_TK_022
4/24/2026 9:55:25 AM,202,Warning,WT8-GUI,83092819,HM,Overscaled Channel detected at Tag AI_TK_023
4/24/2026 9:55:25 AM,202,Warning,WT8-GUI,83092820,HM,Overscaled Channel detected at Tag AI_TK_024
4/24/2026 9:55:25 AM,202,Warning,WT8-GUI,83092821,HM,Overscaled Channel detected at Tag AI_TK_025
4/24/2026 9:55:25 AM,202,Warning,WT8-GUI,83092822,HM,Overscaled Channel detected at Tag AI_TK_026
4/24/2026 9:55:25 AM,202,Warning,WT8-GUI,83092823,HM,Overscaled Channel detected at Tag AI_TK_027
4/24/2026 9:55:25 AM,202,Warning,WT8-GUI,83092824,HM,Overscaled Channel detected at Tag AI_TK_028
4/24/2026 9:55:25 AM,202,Warning,WT8-GUI,83092825,HM,Overscaled Channel detected at Tag AI_TK_002
4/24/2026 9:55:25 AM,202,Warning,WT8-GUI,83092826,HM,Overscaled Channel detected at Tag AI_TK_029
4/24/2026 9:55:25 AM,202,Warning,WT8-GUI,83092827,HM,Overscaled Channel detected at Tag AI_TK_030
4/24/2026 9:55:25 AM,202,Warning,WT8-GUI,83092828,HM,Overscaled Channel detected at Tag AI_TK_003
4/24/2026 9:55:25 AM,202,Warning,WT8-GUI,83092829,HM,Overscaled Channel detected at Tag AI_TK_004
4/24/2026 9:55:25 AM,202,Warning,WT8-GUI,83092830,HM,Overscaled Channel detected at Tag AI_TK_005
4/24/2026 9:55:25 AM,202,Warning,WT8-GUI,83092831,HM,Overscaled Channel detected at Tag AI_TK_006
4/24/2026 9:55:25 AM,202,Warning,WT8-GUI,83092832,HM,Overscaled Channel detected at Tag AI_TK_007
4/24/2026 9:55:25 AM,202,Warning,WT8-GUI,83092833,HM,Overscaled Channel detected at Tag AI_TK_008
4/24/2026 9:55:25 AM,202,Warning,WT8-GUI,83092834,HM,Overscaled Channel detected at Tag AI_Volts_Shunt_000
4/24/2026 9:55:25 AM,202,Warning,WT8-GUI,83092835,HM,Overscaled Channel detected at Tag AI_Volts_Shunt_001
4/24/2026 9:55:25 AM,202,Warning,WT8-GUI,83092836,HM,Overscaled Channel detected at Tag AI_Volts_Shunt_003
4/24/2026 9:55:25 AM,202,Warning,WT8-GUI,83092837,HM,Overscaled Channel detected at Tag AI_Volts_Shunt_004
4/24/2026 9:55:25 AM,202,Warning,WT8-GUI,83092838,HM,Overscaled Channel detected at Tag AI_Volts_Shunt_006
4/24/2026 9:55:25 AM,202,Warning,WT8-GUI,83092839,HM,Overscaled Channel detected at Tag AI_Volts_Shunt_007
4/24/2026 9:55:25 AM,202,Warning,WT8-GUI,83092840,HM,Overscaled Channel detected at Tag AI_Volts_Shunt_008
4/24/2026 9:55:25 AM,202,Warning,WT8-GUI,83092841,HM,Overscaled Channel detected at Tag AI_Volts_Shunt_009
4/24/2026 9:55:25 AM,202,Warning,WT8-GUI,83092842,HM,Overscaled Channel detected at Tag AI_Volts_Shunt_010
4/24/2026 9:55:25 AM,202,Warning,WT8-GUI,83092843,HM,Overscaled Channel detected at Tag AI_Volts_Shunt_011
4/24/2026 9:55:25 AM,202,Warning,WT8-GUI,83092844,HM,Overscaled Channel detected at Tag AI_Volts_Shunt_012
4/24/2026 9:55:25 AM,202,Warning,WT8-GUI,83092845,HM,Overscaled Channel detected at Tag AI_Volts_Shunt_013
4/24/2026 9:55:25 AM,202,Warning,WT8-GUI,83092846,HM,Overscaled Channel detected at Tag AI_Volts_Shunt_014
4/24/2026 9:55:25 AM,202,Warning,WT8-GUI,83092847,HM,Overscaled Channel detected at Tag AI_Volts_Shunt_015
4/24/2026 9:55:25 AM,202,Warning,WT8-GUI,83092848,HM,Overscaled Channel detected at Tag AI_Strain_000
4/24/2026 9:55:25 AM,202,Warning,WT8-GUI,83092849,HM,Overscaled Channel detected at Tag AI_Strain_001
4/24/2026 9:55:25 AM,202,Warning,WT8-GUI,83092850,HM,Overscaled Channel detected at Tag AI_Strain_002
4/24/2026 9:55:25 AM,202,Warning,WT8-GUI,83092851,HM,Overscaled Channel detected at Tag AI_Strain_003
4/24/2026 9:55:25 AM,202,Warning,WT8-GUI,83092852,HM,Overscaled Channel detected at Tag AI_Strain_004
4/24/2026 9:55:25 AM,202,Warning,WT8-GUI,83092853,HM,Overscaled Channel detected at Tag AI_Strain_005
4/24/2026 9:55:25 AM,202,Warning,WT8-GUI,83092854,HM,Overscaled Channel detected at Tag AI_Strain_006
4/24/2026 9:55:25 AM,202,Warning,WT8-GUI,83092855,HM,Overscaled Channel detected at Tag AI_Strain_007
4/24/2026 9:55:25 AM,202,Warning,WT8-GUI,83092856,HM,Overscaled Channel detected at Tag AI_TT_000
4/24/2026 9:55:25 AM,202,Warning,WT8-GUI,83092857,HM,Overscaled Channel detected at Tag AI_TT_009
4/24/2026 9:55:25 AM,202,Warning,WT8-GUI,83092858,HM,Overscaled Channel detected at Tag AI_TT_010
4/24/2026 9:55:25 AM,202,Warning,WT8-GUI,83092859,HM,Overscaled Channel detected at Tag AI_TT_011
4/24/2026 9:55:25 AM,202,Warning,WT8-GUI,83092860,HM,Overscaled Channel detected at Tag AI_TT_012
4/24/2026 9:55:25 AM,202,Warning,WT8-GUI,83092861,HM,Overscaled Channel detected at Tag AI_TT_013
4/24/2026 9:55:25 AM,202,Warning,WT8-GUI,83092862,HM,Overscaled Channel detected at Tag AI_TT_014
4/24/2026 9:55:25 AM,202,Warning,WT8-GUI,83092863,HM,Overscaled Channel detected at Tag AI_TT_015
4/24/2026 9:55:25 AM,202,Warning,WT8-GUI,83092864,HM,Overscaled Channel detected at Tag AI_TT_016
4/24/2026 9:55:25 AM,202,Warning,WT8-GUI,83092865,HM,Overscaled Channel detected at Tag AI_TT_017
4/24/2026 9:55:25 AM,202,Warning,WT8-GUI,83092866,HM,Overscaled Channel detected at Tag AI_TT_018
4/24/2026 9:55:25 AM,202,Warning,WT8-GUI,83092867,HM,Overscaled Channel detected at Tag AI_TT_001
4/24/2026 9:55:25 AM,202,Warning,WT8-GUI,83092868,HM,Overscaled Channel detected at Tag AI_TT_019
4/24/2026 9:55:25 AM,202,Warning,WT8-GUI,83092869,HM,Overscaled Channel detected at Tag AI_TT_020
4/24/2026 9:55:25 AM,202,Warning,WT8-GUI,83092870,HM,Overscaled Channel detected at Tag AI_TT_021
4/24/2026 9:55:25 AM,202,Warning,WT8-GUI,83092871,HM,Overscaled Channel detected at Tag AI_TT_022
4/24/2026 9:55:25 AM,202,Warning,WT8-GUI,83092872,HM,Overscaled Channel detected at Tag AI_TT_023
4/24/2026 9:55:25 AM,202,Warning,WT8-GUI,83092873,HM,Overscaled Channel detected at Tag AI_TT_024
4/24/2026 9:55:25 AM,202,Warning,WT8-GUI,83092874,HM,Overscaled Channel detected at Tag AI_TT_025
4/24/2026 9:55:25 AM,202,Warning,WT8-GUI,83092875,HM,Overscaled Channel detected at Tag AI_TT_026
4/24/2026 9:55:25 AM,202,Warning,WT8-GUI,83092876,HM,Overscaled Channel detected at Tag AI_TT_027
4/24/2026 9:55:25 AM,202,Warning,WT8-GUI,83092877,HM,Overscaled Channel detected at Tag AI_TT_028
4/24/2026 9:55:25 AM,202,Warning,WT8-GUI,83092878,HM,Overscaled Channel detected at Tag AI_TT_002
4/24/2026 9:55:25 AM,202,Warning,WT8-GUI,83092879,HM,Overscaled Channel detected at Tag AI_TT_029
4/24/2026 9:55:25 AM,202,Warning,WT8-GUI,83092880,HM,Overscaled Channel detected at Tag AI_TT_030
4/24/2026 9:55:25 AM,202,Warning,WT8-GUI,83092881,HM,Overscaled Channel detected at Tag AI_TT_003
4/24/2026 9:55:25 AM,202,Warning,WT8-GUI,83092882,HM,Overscaled Channel detected at Tag AI_TT_004
4/24/2026 9:55:25 AM,202,Warning,WT8-GUI,83092883,HM,Overscaled Channel detected at Tag AI_TT_005
4/24/2026 9:55:25 AM,202,Warning,WT8-GUI,83092884,HM,Overscaled Channel detected at Tag AI_TT_006
4/24/2026 9:55:25 AM,202,Warning,WT8-GUI,83092885,HM,Overscaled Channel detected at Tag AI_TT_007
4/24/2026 9:55:25 AM,202,Warning,WT8-GUI,83092886,HM,Overscaled Channel detected at Tag AI_TT_008
4/24/2026 9:56:10 AM,301005,Warning,WT8-GUI,83092887,OPC,OPC Server Graybox.Simulator.1 on host localhost has not updated data in 33 minute(s).
4/24/2026 9:56:25 AM,202,Warning,WT8-GUI,83092888,HM,Overscaled Channel detected at Tag AI_TK_000
4/24/2026 9:56:25 AM,202,Warning,WT8-GUI,83092889,HM,Overscaled Channel detected at Tag AI_TK_009
4/24/2026 9:56:25 AM,202,Warning,WT8-GUI,83092890,HM,Overscaled Channel detected at Tag AI_TK_010
4/24/2026 9:56:25 AM,202,Warning,WT8-GUI,83092891,HM,Overscaled Channel detected at Tag AI_TK_011
4/24/2026 9:56:25 AM,202,Warning,WT8-GUI,83092892,HM,Overscaled Channel detected at Tag AI_TK_012
4/24/2026 9:56:25 AM,202,Warning,WT8-GUI,83092893,HM,Overscaled Channel detected at Tag AI_TK_013
4/24/2026 9:56:25 AM,202,Warning,WT8-GUI,83092894,HM,Overscaled Channel detected at Tag AI_TK_014
4/24/2026 9:56:25 AM,202,Warning,WT8-GUI,83092895,HM,Overscaled Channel detected at Tag AI_TK_015
4/24/2026 9:56:25 AM,202,Warning,WT8-GUI,83092896,HM,Overscaled Channel detected at Tag AI_TK_016
4/24/2026 9:56:25 AM,202,Warning,WT8-GUI,83092897,HM,Overscaled Channel detected at Tag AI_TK_017
4/24/2026 9:56:25 AM,202,Warning,WT8-GUI,83092898,HM,Overscaled Channel detected at Tag AI_TK_018
4/24/2026 9:56:25 AM,202,Warning,WT8-GUI,83092899,HM,Overscaled Channel detected at Tag AI_TK_001
4/24/2026 9:56:25 AM,202,Warning,WT8-GUI,83092900,HM,Overscaled Channel detected at Tag AI_TK_019
4/24/2026 9:56:25 AM,202,Warning,WT8-GUI,83092901,HM,Overscaled Channel detected at Tag AI_TK_020
4/24/2026 9:56:25 AM,202,Warning,WT8-GUI,83092902,HM,Overscaled Channel detected at Tag AI_TK_021
4/24/2026 9:56:25 AM,202,Warning,WT8-GUI,83092903,HM,Overscaled Channel detected at Tag AI_TK_022
4/24/2026 9:56:25 AM,202,Warning,WT8-GUI,83092904,HM,Overscaled Channel detected at Tag AI_TK_023
4/24/2026 9:56:25 AM,202,Warning,WT8-GUI,83092905,HM,Overscaled Channel detected at Tag AI_TK_024
4/24/2026 9:56:25 AM,202,Warning,WT8-GUI,83092906,HM,Overscaled Channel detected at Tag AI_TK_025
4/24/2026 9:56:25 AM,202,Warning,WT8-GUI,83092907,HM,Overscaled Channel detected at Tag AI_TK_026
4/24/2026 9:56:25 AM,202,Warning,WT8-GUI,83092908,HM,Overscaled Channel detected at Tag AI_TK_027
4/24/2026 9:56:25 AM,202,Warning,WT8-GUI,83092909,HM,Overscaled Channel detected at Tag AI_TK_028
4/24/2026 9:56:25 AM,202,Warning,WT8-GUI,83092910,HM,Overscaled Channel detected at Tag AI_TK_002
4/24/2026 9:56:25 AM,202,Warning,WT8-GUI,83092911,HM,Overscaled Channel detected at Tag AI_TK_029
4/24/2026 9:56:25 AM,202,Warning,WT8-GUI,83092912,HM,Overscaled Channel detected at Tag AI_TK_030
4/24/2026 9:56:25 AM,202,Warning,WT8-GUI,83092913,HM,Overscaled Channel detected at Tag AI_TK_003
4/24/2026 9:56:25 AM,202,Warning,WT8-GUI,83092914,HM,Overscaled Channel detected at Tag AI_TK_004
4/24/2026 9:56:25 AM,202,Warning,WT8-GUI,83092915,HM,Overscaled Channel detected at Tag AI_TK_005
4/24/2026 9:56:25 AM,202,Warning,WT8-GUI,83092916,HM,Overscaled Channel detected at Tag AI_TK_006
4/24/2026 9:56:25 AM,202,Warning,WT8-GUI,83092917,HM,Overscaled Channel detected at Tag AI_TK_007
4/24/2026 9:56:25 AM,202,Warning,WT8-GUI,83092918,HM,Overscaled Channel detected at Tag AI_TK_008
4/24/2026 9:56:25 AM,202,Warning,WT8-GUI,83092919,HM,Overscaled Channel detected at Tag AI_Volts_Shunt_000
4/24/2026 9:56:25 AM,202,Warning,WT8-GUI,83092920,HM,Overscaled Channel detected at Tag AI_Volts_Shunt_001
4/24/2026 9:56:25 AM,202,Warning,WT8-GUI,83092921,HM,Overscaled Channel detected at Tag AI_Volts_Shunt_003
4/24/2026 9:56:25 AM,202,Warning,WT8-GUI,83092922,HM,Overscaled Channel detected at Tag AI_Volts_Shunt_004
4/24/2026 9:56:25 AM,202,Warning,WT8-GUI,83092923,HM,Overscaled Channel detected at Tag AI_Volts_Shunt_006
4/24/2026 9:56:25 AM,202,Warning,WT8-GUI,83092924,HM,Overscaled Channel detected at Tag AI_Volts_Shunt_007
4/24/2026 9:56:25 AM,202,Warning,WT8-GUI,83092925,HM,Overscaled Channel detected at Tag AI_Volts_Shunt_008
4/24/2026 9:56:25 AM,202,Warning,WT8-GUI,83092926,HM,Overscaled Channel detected at Tag AI_Volts_Shunt_009
4/24/2026 9:56:25 AM,202,Warning,WT8-GUI,83092927,HM,Overscaled Channel detected at Tag AI_Volts_Shunt_010
4/24/2026 9:56:25 AM,202,Warning,WT8-GUI,83092928,HM,Overscaled Channel detected at Tag AI_Volts_Shunt_011
4/24/2026 9:56:25 AM,202,Warning,WT8-GUI,83092929,HM,Overscaled Channel detected at Tag AI_Volts_Shunt_012
4/24/2026 9:56:25 AM,202,Warning,WT8-GUI,83092930,HM,Overscaled Channel detected at Tag AI_Volts_Shunt_013
4/24/2026 9:56:25 AM,202,Warning,WT8-GUI,83092931,HM,Overscaled Channel detected at Tag AI_Volts_Shunt_014
4/24/2026 9:56:25 AM,202,Warning,WT8-GUI,83092932,HM,Overscaled Channel detected at Tag AI_Volts_Shunt_015
4/24/2026 9:56:25 AM,202,Warning,WT8-GUI,83092933,HM,Overscaled Channel detected at Tag AI_Strain_000
4/24/2026 9:56:25 AM,202,Warning,WT8-GUI,83092934,HM,Overscaled Channel detected at Tag AI_Strain_001
4/24/2026 9:56:25 AM,202,Warning,WT8-GUI,83092935,HM,Overscaled Channel detected at Tag AI_Strain_002
4/24/2026 9:56:25 AM,202,Warning,WT8-GUI,83092936,HM,Overscaled Channel detected at Tag AI_Strain_003
4/24/2026 9:56:25 AM,202,Warning,WT8-GUI,83092937,HM,Overscaled Channel detected at Tag AI_Strain_004
4/24/2026 9:56:25 AM,202,Warning,WT8-GUI,83092938,HM,Overscaled Channel detected at Tag AI_Strain_005
4/24/2026 9:56:25 AM,202,Warning,WT8-GUI,83092939,HM,Overscaled Channel detected at Tag AI_Strain_006
4/24/2026 9:56:25 AM,202,Warning,WT8-GUI,83092940,HM,Overscaled Channel detected at Tag AI_Strain_007
4/24/2026 9:56:25 AM,202,Warning,WT8-GUI,83092941,HM,Overscaled Channel detected at Tag AI_TT_000
4/24/2026 9:56:25 AM,202,Warning,WT8-GUI,83092942,HM,Overscaled Channel detected at Tag AI_TT_009
4/24/2026 9:56:25 AM,202,Warning,WT8-GUI,83092943,HM,Overscaled Channel detected at Tag AI_TT_010
4/24/2026 9:56:25 AM,202,Warning,WT8-GUI,83092944,HM,Overscaled Channel detected at Tag AI_TT_011
4/24/2026 9:56:25 AM,202,Warning,WT8-GUI,83092945,HM,Overscaled Channel detected at Tag AI_TT_012
4/24/2026 9:56:25 AM,202,Warning,WT8-GUI,83092946,HM,Overscaled Channel detected at Tag AI_TT_013
4/24/2026 9:56:25 AM,202,Warning,WT8-GUI,83092947,HM,Overscaled Channel detected at Tag AI_TT_014
4/24/2026 9:56:25 AM,202,Warning,WT8-GUI,83092948,HM,Overscaled Channel detected at Tag AI_TT_015
4/24/2026 9:56:25 AM,202,Warning,WT8-GUI,83092949,HM,Overscaled Channel detected at Tag AI_TT_016
4/24/2026 9:56:25 AM,202,Warning,WT8-GUI,83092950,HM,Overscaled Channel detected at Tag AI_TT_017
4/24/2026 9:56:25 AM,202,Warning,WT8-GUI,83092951,HM,Overscaled Channel detected at Tag AI_TT_018
4/24/2026 9:56:25 AM,202,Warning,WT8-GUI,83092952,HM,Overscaled Channel detected at Tag AI_TT_001
4/24/2026 9:56:25 AM,202,Warning,WT8-GUI,83092953,HM,Overscaled Channel detected at Tag AI_TT_019
4/24/2026 9:56:25 AM,202,Warning,WT8-GUI,83092954,HM,Overscaled Channel detected at Tag AI_TT_020
4/24/2026 9:56:25 AM,202,Warning,WT8-GUI,83092955,HM,Overscaled Channel detected at Tag AI_TT_021
4/24/2026 9:56:25 AM,202,Warning,WT8-GUI,83092956,HM,Overscaled Channel detected at Tag AI_TT_022
4/24/2026 9:56:25 AM,202,Warning,WT8-GUI,83092957,HM,Overscaled Channel detected at Tag AI_TT_023
4/24/2026 9:56:25 AM,202,Warning,WT8-GUI,83092958,HM,Overscaled Channel detected at Tag AI_TT_024
4/24/2026 9:56:25 AM,202,Warning,WT8-GUI,83092959,HM,Overscaled Channel detected at Tag AI_TT_025
4/24/2026 9:56:25 AM,202,Warning,WT8-GUI,83092960,HM,Overscaled Channel detected at Tag AI_TT_026
4/24/2026 9:56:25 AM,202,Warning,WT8-GUI,83092961,HM,Overscaled Channel detected at Tag AI_TT_027
4/24/2026 9:56:25 AM,202,Warning,WT8-GUI,83092962,HM,Overscaled Channel detected at Tag AI_TT_028
4/24/2026 9:56:25 AM,202,Warning,WT8-GUI,83092963,HM,Overscaled Channel detected at Tag AI_TT_002
4/24/2026 9:56:25 AM,202,Warning,WT8-GUI,83092964,HM,Overscaled Channel detected at Tag AI_TT_029
4/24/2026 9:56:25 AM,202,Warning,WT8-GUI,83092965,HM,Overscaled Channel detected at Tag AI_TT_030
4/24/2026 9:56:25 AM,202,Warning,WT8-GUI,83092966,HM,Overscaled Channel detected at Tag AI_TT_003
4/24/2026 9:56:25 AM,202,Warning,WT8-GUI,83092967,HM,Overscaled Channel detected at Tag AI_TT_004
4/24/2026 9:56:25 AM,202,Warning,WT8-GUI,83092968,HM,Overscaled Channel detected at Tag AI_TT_005
4/24/2026 9:56:25 AM,202,Warning,WT8-GUI,83092969,HM,Overscaled Channel detected at Tag AI_TT_006
4/24/2026 9:56:25 AM,202,Warning,WT8-GUI,83092970,HM,Overscaled Channel detected at Tag AI_TT_007
4/24/2026 9:56:25 AM,202,Warning,WT8-GUI,83092971,HM,Overscaled Channel detected at Tag AI_TT_008
4/24/2026 9:57:10 AM,301005,Warning,WT8-GUI,83092972,OPC,OPC Server Graybox.Simulator.1 on host localhost has not updated data in 34 minute(s).
4/24/2026 9:57:25 AM,202,Warning,WT8-GUI,83092973,HM,Overscaled Channel detected at Tag AI_TK_000
4/24/2026 9:57:25 AM,202,Warning,WT8-GUI,83092974,HM,Overscaled Channel detected at Tag AI_TK_009
4/24/2026 9:57:25 AM,202,Warning,WT8-GUI,83092975,HM,Overscaled Channel detected at Tag AI_TK_010
4/24/2026 9:57:25 AM,202,Warning,WT8-GUI,83092976,HM,Overscaled Channel detected at Tag AI_TK_011
4/24/2026 9:57:25 AM,202,Warning,WT8-GUI,83092977,HM,Overscaled Channel detected at Tag AI_TK_012
4/24/2026 9:57:25 AM,202,Warning,WT8-GUI,83092978,HM,Overscaled Channel detected at Tag AI_TK_013
4/24/2026 9:57:25 AM,202,Warning,WT8-GUI,83092979,HM,Overscaled Channel detected at Tag AI_TK_014
4/24/2026 9:57:25 AM,202,Warning,WT8-GUI,83092980,HM,Overscaled Channel detected at Tag AI_TK_015
4/24/2026 9:57:25 AM,202,Warning,WT8-GUI,83092981,HM,Overscaled Channel detected at Tag AI_TK_016
4/24/2026 9:57:25 AM,202,Warning,WT8-GUI,83092982,HM,Overscaled Channel detected at Tag AI_TK_017
4/24/2026 9:57:25 AM,202,Warning,WT8-GUI,83092983,HM,Overscaled Channel detected at Tag AI_TK_018
4/24/2026 9:57:25 AM,202,Warning,WT8-GUI,83092984,HM,Overscaled Channel detected at Tag AI_TK_001
4/24/2026 9:57:25 AM,202,Warning,WT8-GUI,83092985,HM,Overscaled Channel detected at Tag AI_TK_019
4/24/2026 9:57:25 AM,202,Warning,WT8-GUI,83092986,HM,Overscaled Channel detected at Tag AI_TK_020
4/24/2026 9:57:25 AM,202,Warning,WT8-GUI,83092987,HM,Overscaled Channel detected at Tag AI_TK_021
4/24/2026 9:57:25 AM,202,Warning,WT8-GUI,83092988,HM,Overscaled Channel detected at Tag AI_TK_022
4/24/2026 9:57:25 AM,202,Warning,WT8-GUI,83092989,HM,Overscaled Channel detected at Tag AI_TK_023
4/24/2026 9:57:25 AM,202,Warning,WT8-GUI,83092990,HM,Overscaled Channel detected at Tag AI_TK_024
4/24/2026 9:57:25 AM,202,Warning,WT8-GUI,83092991,HM,Overscaled Channel detected at Tag AI_TK_025
4/24/2026 9:57:25 AM,202,Warning,WT8-GUI,83092992,HM,Overscaled Channel detected at Tag AI_TK_026
4/24/2026 9:57:25 AM,202,Warning,WT8-GUI,83092993,HM,Overscaled Channel detected at Tag AI_TK_027
4/24/2026 9:57:25 AM,202,Warning,WT8-GUI,83092994,HM,Overscaled Channel detected at Tag AI_TK_028
4/24/2026 9:57:25 AM,202,Warning,WT8-GUI,83092995,HM,Overscaled Channel detected at Tag AI_TK_002
4/24/2026 9:57:25 AM,202,Warning,WT8-GUI,83092996,HM,Overscaled Channel detected at Tag AI_TK_029
4/24/2026 9:57:25 AM,202,Warning,WT8-GUI,83092997,HM,Overscaled Channel detected at Tag AI_TK_030
4/24/2026 9:57:25 AM,202,Warning,WT8-GUI,83092998,HM,Overscaled Channel detected at Tag AI_TK_003
4/24/2026 9:57:25 AM,202,Warning,WT8-GUI,83092999,HM,Overscaled Channel detected at Tag AI_TK_004
4/24/2026 9:57:25 AM,202,Warning,WT8-GUI,83093000,HM,Overscaled Channel detected at Tag AI_TK_005
4/24/2026 9:57:25 AM,202,Warning,WT8-GUI,83093001,HM,Overscaled Channel detected at Tag AI_TK_006
4/24/2026 9:57:25 AM,202,Warning,WT8-GUI,83093002,HM,Overscaled Channel detected at Tag AI_TK_007
4/24/2026 9:57:25 AM,202,Warning,WT8-GUI,83093003,HM,Overscaled Channel detected at Tag AI_TK_008
4/24/2026 9:57:25 AM,202,Warning,WT8-GUI,83093004,HM,Overscaled Channel detected at Tag AI_Volts_Shunt_000
4/24/2026 9:57:25 AM,202,Warning,WT8-GUI,83093005,HM,Overscaled Channel detected at Tag AI_Volts_Shunt_001
4/24/2026 9:57:25 AM,202,Warning,WT8-GUI,83093006,HM,Overscaled Channel detected at Tag AI_Volts_Shunt_003
4/24/2026 9:57:25 AM,202,Warning,WT8-GUI,83093007,HM,Overscaled Channel detected at Tag AI_Volts_Shunt_004
4/24/2026 9:57:25 AM,202,Warning,WT8-GUI,83093008,HM,Overscaled Channel detected at Tag AI_Volts_Shunt_006
4/24/2026 9:57:25 AM,202,Warning,WT8-GUI,83093009,HM,Overscaled Channel detected at Tag AI_Volts_Shunt_007
4/24/2026 9:57:25 AM,202,Warning,WT8-GUI,83093010,HM,Overscaled Channel detected at Tag AI_Volts_Shunt_008
4/24/2026 9:57:25 AM,202,Warning,WT8-GUI,83093011,HM,Overscaled Channel detected at Tag AI_Volts_Shunt_009
4/24/2026 9:57:25 AM,202,Warning,WT8-GUI,83093012,HM,Overscaled Channel detected at Tag AI_Volts_Shunt_010
4/24/2026 9:57:25 AM,202,Warning,WT8-GUI,83093013,HM,Overscaled Channel detected at Tag AI_Volts_Shunt_011
4/24/2026 9:57:25 AM,202,Warning,WT8-GUI,83093014,HM,Overscaled Channel detected at Tag AI_Volts_Shunt_012
4/24/2026 9:57:25 AM,202,Warning,WT8-GUI,83093015,HM,Overscaled Channel detected at Tag AI_Volts_Shunt_013
4/24/2026 9:57:25 AM,202,Warning,WT8-GUI,83093016,HM,Overscaled Channel detected at Tag AI_Volts_Shunt_014
4/24/2026 9:57:25 AM,202,Warning,WT8-GUI,83093017,HM,Overscaled Channel detected at Tag AI_Volts_Shunt_015
4/24/2026 9:57:25 AM,202,Warning,WT8-GUI,83093018,HM,Overscaled Channel detected at Tag AI_Strain_000
4/24/2026 9:57:25 AM,202,Warning,WT8-GUI,83093019,HM,Overscaled Channel detected at Tag AI_Strain_001
4/24/2026 9:57:25 AM,202,Warning,WT8-GUI,83093020,HM,Overscaled Channel detected at Tag AI_Strain_002
4/24/2026 9:57:25 AM,202,Warning,WT8-GUI,83093021,HM,Overscaled Channel detected at Tag AI_Strain_003
4/24/2026 9:57:25 AM,202,Warning,WT8-GUI,83093022,HM,Overscaled Channel detected at Tag AI_Strain_004
4/24/2026 9:57:25 AM,202,Warning,WT8-GUI,83093023,HM,Overscaled Channel detected at Tag AI_Strain_005
4/24/2026 9:57:25 AM,202,Warning,WT8-GUI,83093024,HM,Overscaled Channel detected at Tag AI_Strain_006
4/24/2026 9:57:25 AM,202,Warning,WT8-GUI,83093025,HM,Overscaled Channel detected at Tag AI_Strain_007
4/24/2026 9:57:25 AM,202,Warning,WT8-GUI,83093026,HM,Overscaled Channel detected at Tag AI_TT_000
4/24/2026 9:57:25 AM,202,Warning,WT8-GUI,83093027,HM,Overscaled Channel detected at Tag AI_TT_009
4/24/2026 9:57:25 AM,202,Warning,WT8-GUI,83093028,HM,Overscaled Channel detected at Tag AI_TT_010
4/24/2026 9:57:25 AM,202,Warning,WT8-GUI,83093029,HM,Overscaled Channel detected at Tag AI_TT_011
4/24/2026 9:57:25 AM,202,Warning,WT8-GUI,83093030,HM,Overscaled Channel detected at Tag AI_TT_012
4/24/2026 9:57:25 AM,202,Warning,WT8-GUI,83093031,HM,Overscaled Channel detected at Tag AI_TT_013
4/24/2026 9:57:25 AM,202,Warning,WT8-GUI,83093032,HM,Overscaled Channel detected at Tag AI_TT_014
4/24/2026 9:57:25 AM,202,Warning,WT8-GUI,83093033,HM,Overscaled Channel detected at Tag AI_TT_015
4/24/2026 9:57:25 AM,202,Warning,WT8-GUI,83093034,HM,Overscaled Channel detected at Tag AI_TT_016
4/24/2026 9:57:25 AM,202,Warning,WT8-GUI,83093035,HM,Overscaled Channel detected at Tag AI_TT_017
4/24/2026 9:57:25 AM,202,Warning,WT8-GUI,83093036,HM,Overscaled Channel detected at Tag AI_TT_018
4/24/2026 9:57:25 AM,202,Warning,WT8-GUI,83093037,HM,Overscaled Channel detected at Tag AI_TT_001
4/24/2026 9:57:25 AM,202,Warning,WT8-GUI,83093038,HM,Overscaled Channel detected at Tag AI_TT_019
4/24/2026 9:57:25 AM,202,Warning,WT8-GUI,83093039,HM,Overscaled Channel detected at Tag AI_TT_020
4/24/2026 9:57:25 AM,202,Warning,WT8-GUI,83093040,HM,Overscaled Channel detected at Tag AI_TT_021
4/24/2026 9:57:25 AM,202,Warning,WT8-GUI,83093041,HM,Overscaled Channel detected at Tag AI_TT_022
4/24/2026 9:57:25 AM,202,Warning,WT8-GUI,83093042,HM,Overscaled Channel detected at Tag AI_TT_023
4/24/2026 9:57:25 AM,202,Warning,WT8-GUI,83093043,HM,Overscaled Channel detected at Tag AI_TT_024
4/24/2026 9:57:25 AM,202,Warning,WT8-GUI,83093044,HM,Overscaled Channel detected at Tag AI_TT_025
4/24/2026 9:57:25 AM,202,Warning,WT8-GUI,83093045,HM,Overscaled Channel detected at Tag AI_TT_026
4/24/2026 9:57:25 AM,202,Warning,WT8-GUI,83093046,HM,Overscaled Channel detected at Tag AI_TT_027
4/24/2026 9:57:25 AM,202,Warning,WT8-GUI,83093047,HM,Overscaled Channel detected at Tag AI_TT_028
4/24/2026 9:57:25 AM,202,Warning,WT8-GUI,83093048,HM,Overscaled Channel detected at Tag AI_TT_002
4/24/2026 9:57:25 AM,202,Warning,WT8-GUI,83093049,HM,Overscaled Channel detected at Tag AI_TT_029
4/24/2026 9:57:25 AM,202,Warning,WT8-GUI,83093050,HM,Overscaled Channel detected at Tag AI_TT_030
4/24/2026 9:57:25 AM,202,Warning,WT8-GUI,83093051,HM,Overscaled Channel detected at Tag AI_TT_003
4/24/2026 9:57:25 AM,202,Warning,WT8-GUI,83093052,HM,Overscaled Channel detected at Tag AI_TT_004
4/24/2026 9:57:25 AM,202,Warning,WT8-GUI,83093053,HM,Overscaled Channel detected at Tag AI_TT_005
4/24/2026 9:57:25 AM,202,Warning,WT8-GUI,83093054,HM,Overscaled Channel detected at Tag AI_TT_006
4/24/2026 9:57:25 AM,202,Warning,WT8-GUI,83093055,HM,Overscaled Channel detected at Tag AI_TT_007
4/24/2026 9:57:25 AM,202,Warning,WT8-GUI,83093056,HM,Overscaled Channel detected at Tag AI_TT_008
4/24/2026 9:58:10 AM,301005,Warning,WT8-GUI,83093057,OPC,OPC Server Graybox.Simulator.1 on host localhost has not updated data in 35 minute(s).
4/24/2026 9:58:25 AM,202,Warning,WT8-GUI,83093058,HM,Overscaled Channel detected at Tag AI_Volts_Shunt_001
4/24/2026 9:58:25 AM,202,Warning,WT8-GUI,83093059,HM,Overscaled Channel detected at Tag AI_Volts_Shunt_003
4/24/2026 9:58:25 AM,202,Warning,WT8-GUI,83093060,HM,Overscaled Channel detected at Tag AI_Volts_Shunt_004
4/24/2026 9:58:25 AM,202,Warning,WT8-GUI,83093061,HM,Overscaled Channel detected at Tag AI_TK_000
4/24/2026 9:58:25 AM,202,Warning,WT8-GUI,83093062,HM,Overscaled Channel detected at Tag AI_TK_009
4/24/2026 9:58:25 AM,202,Warning,WT8-GUI,83093063,HM,Overscaled Channel detected at Tag AI_TK_010
4/24/2026 9:58:25 AM,202,Warning,WT8-GUI,83093064,HM,Overscaled Channel detected at Tag AI_TK_011
4/24/2026 9:58:25 AM,202,Warning,WT8-GUI,83093065,HM,Overscaled Channel detected at Tag AI_TK_012
4/24/2026 9:58:25 AM,202,Warning,WT8-GUI,83093066,HM,Overscaled Channel detected at Tag AI_TK_013
4/24/2026 9:58:25 AM,202,Warning,WT8-GUI,83093067,HM,Overscaled Channel detected at Tag AI_TK_014
4/24/2026 9:58:25 AM,202,Warning,WT8-GUI,83093068,HM,Overscaled Channel detected at Tag AI_TK_015
4/24/2026 9:58:25 AM,202,Warning,WT8-GUI,83093069,HM,Overscaled Channel detected at Tag AI_TK_016
4/24/2026 9:58:25 AM,202,Warning,WT8-GUI,83093070,HM,Overscaled Channel detected at Tag AI_TK_017
4/24/2026 9:58:25 AM,202,Warning,WT8-GUI,83093071,HM,Overscaled Channel detected at Tag AI_TK_018
4/24/2026 9:58:25 AM,202,Warning,WT8-GUI,83093072,HM,Overscaled Channel detected at Tag AI_TK_001
4/24/2026 9:58:25 AM,202,Warning,WT8-GUI,83093073,HM,Overscaled Channel detected at Tag AI_TK_019
4/24/2026 9:58:25 AM,202,Warning,WT8-GUI,83093074,HM,Overscaled Channel detected at Tag AI_TK_020
4/24/2026 9:58:25 AM,202,Warning,WT8-GUI,83093075,HM,Overscaled Channel detected at Tag AI_TK_021
4/24/2026 9:58:25 AM,202,Warning,WT8-GUI,83093076,HM,Overscaled Channel detected at Tag AI_TK_022
4/24/2026 9:58:25 AM,202,Warning,WT8-GUI,83093077,HM,Overscaled Channel detected at Tag AI_TK_023
4/24/2026 9:58:25 AM,202,Warning,WT8-GUI,83093078,HM,Overscaled Channel detected at Tag AI_TK_024
4/24/2026 9:58:25 AM,202,Warning,WT8-GUI,83093079,HM,Overscaled Channel detected at Tag AI_TK_025
4/24/2026 9:58:25 AM,202,Warning,WT8-GUI,83093080,HM,Overscaled Channel detected at Tag AI_TK_026
4/24/2026 9:58:25 AM,202,Warning,WT8-GUI,83093081,HM,Overscaled Channel detected at Tag AI_TK_027
4/24/2026 9:58:25 AM,202,Warning,WT8-GUI,83093082,HM,Overscaled Channel detected at Tag AI_TK_028
4/24/2026 9:58:25 AM,202,Warning,WT8-GUI,83093083,HM,Overscaled Channel detected at Tag AI_TK_002
4/24/2026 9:58:25 AM,202,Warning,WT8-GUI,83093084,HM,Overscaled Channel detected at Tag AI_TK_029
4/24/2026 9:58:25 AM,202,Warning,WT8-GUI,83093085,HM,Overscaled Channel detected at Tag AI_TK_030
4/24/2026 9:58:25 AM,202,Warning,WT8-GUI,83093086,HM,Overscaled Channel detected at Tag AI_TK_003
4/24/2026 9:58:25 AM,202,Warning,WT8-GUI,83093087,HM,Overscaled Channel detected at Tag AI_TK_004
4/24/2026 9:58:25 AM,202,Warning,WT8-GUI,83093088,HM,Overscaled Channel detected at Tag AI_TK_005
4/24/2026 9:58:25 AM,202,Warning,WT8-GUI,83093089,HM,Overscaled Channel detected at Tag AI_TK_006
4/24/2026 9:58:25 AM,202,Warning,WT8-GUI,83093090,HM,Overscaled Channel detected at Tag AI_TK_007
4/24/2026 9:58:25 AM,202,Warning,WT8-GUI,83093091,HM,Overscaled Channel detected at Tag AI_TK_008
4/24/2026 9:58:25 AM,202,Warning,WT8-GUI,83093092,HM,Overscaled Channel detected at Tag AI_Volts_Shunt_000
4/24/2026 9:58:25 AM,202,Warning,WT8-GUI,83093093,HM,Overscaled Channel detected at Tag AI_Volts_Shunt_006
4/24/2026 9:58:25 AM,202,Warning,WT8-GUI,83093094,HM,Overscaled Channel detected at Tag AI_Volts_Shunt_007
4/24/2026 9:58:25 AM,202,Warning,WT8-GUI,83093095,HM,Overscaled Channel detected at Tag AI_Volts_Shunt_008
4/24/2026 9:58:25 AM,202,Warning,WT8-GUI,83093096,HM,Overscaled Channel detected at Tag AI_Volts_Shunt_009
4/24/2026 9:58:25 AM,202,Warning,WT8-GUI,83093097,HM,Overscaled Channel detected at Tag AI_Volts_Shunt_010
4/24/2026 9:58:25 AM,202,Warning,WT8-GUI,83093098,HM,Overscaled Channel detected at Tag AI_Volts_Shunt_011
4/24/2026 9:58:25 AM,202,Warning,WT8-GUI,83093099,HM,Overscaled Channel detected at Tag AI_Volts_Shunt_012
4/24/2026 9:58:25 AM,202,Warning,WT8-GUI,83093100,HM,Overscaled Channel detected at Tag AI_Volts_Shunt_013
4/24/2026 9:58:25 AM,202,Warning,WT8-GUI,83093101,HM,Overscaled Channel detected at Tag AI_Volts_Shunt_014
4/24/2026 9:58:25 AM,202,Warning,WT8-GUI,83093102,HM,Overscaled Channel detected at Tag AI_Volts_Shunt_015
4/24/2026 9:58:25 AM,202,Warning,WT8-GUI,83093103,HM,Overscaled Channel detected at Tag AI_Strain_000
4/24/2026 9:58:25 AM,202,Warning,WT8-GUI,83093104,HM,Overscaled Channel detected at Tag AI_Strain_001
4/24/2026 9:58:25 AM,202,Warning,WT8-GUI,83093105,HM,Overscaled Channel detected at Tag AI_Strain_002
4/24/2026 9:58:25 AM,202,Warning,WT8-GUI,83093106,HM,Overscaled Channel detected at Tag AI_Strain_003
4/24/2026 9:58:25 AM,202,Warning,WT8-GUI,83093107,HM,Overscaled Channel detected at Tag AI_Strain_004
4/24/2026 9:58:25 AM,202,Warning,WT8-GUI,83093108,HM,Overscaled Channel detected at Tag AI_Strain_005
4/24/2026 9:58:25 AM,202,Warning,WT8-GUI,83093109,HM,Overscaled Channel detected at Tag AI_Strain_006
4/24/2026 9:58:25 AM,202,Warning,WT8-GUI,83093110,HM,Overscaled Channel detected at Tag AI_Strain_007
4/24/2026 9:58:25 AM,202,Warning,WT8-GUI,83093111,HM,Overscaled Channel detected at Tag AI_TT_000
4/24/2026 9:58:25 AM,202,Warning,WT8-GUI,83093112,HM,Overscaled Channel detected at Tag AI_TT_009
4/24/2026 9:58:25 AM,202,Warning,WT8-GUI,83093113,HM,Overscaled Channel detected at Tag AI_TT_010
4/24/2026 9:58:25 AM,202,Warning,WT8-GUI,83093114,HM,Overscaled Channel detected at Tag AI_TT_011
4/24/2026 9:58:25 AM,202,Warning,WT8-GUI,83093115,HM,Overscaled Channel detected at Tag AI_TT_012
4/24/2026 9:58:25 AM,202,Warning,WT8-GUI,83093116,HM,Overscaled Channel detected at Tag AI_TT_013
4/24/2026 9:58:25 AM,202,Warning,WT8-GUI,83093117,HM,Overscaled Channel detected at Tag AI_TT_014
4/24/2026 9:58:25 AM,202,Warning,WT8-GUI,83093118,HM,Overscaled Channel detected at Tag AI_TT_015
4/24/2026 9:58:25 AM,202,Warning,WT8-GUI,83093119,HM,Overscaled Channel detected at Tag AI_TT_016
4/24/2026 9:58:25 AM,202,Warning,WT8-GUI,83093120,HM,Overscaled Channel detected at Tag AI_TT_017
4/24/2026 9:58:25 AM,202,Warning,WT8-GUI,83093121,HM,Overscaled Channel detected at Tag AI_TT_018
4/24/2026 9:58:25 AM,202,Warning,WT8-GUI,83093122,HM,Overscaled Channel detected at Tag AI_TT_001
4/24/2026 9:58:25 AM,202,Warning,WT8-GUI,83093123,HM,Overscaled Channel detected at Tag AI_TT_019
4/24/2026 9:58:25 AM,202,Warning,WT8-GUI,83093124,HM,Overscaled Channel detected at Tag AI_TT_020
4/24/2026 9:58:25 AM,202,Warning,WT8-GUI,83093125,HM,Overscaled Channel detected at Tag AI_TT_021
4/24/2026 9:58:25 AM,202,Warning,WT8-GUI,83093126,HM,Overscaled Channel detected at Tag AI_TT_022
4/24/2026 9:58:25 AM,202,Warning,WT8-GUI,83093127,HM,Overscaled Channel detected at Tag AI_TT_023
4/24/2026 9:58:25 AM,202,Warning,WT8-GUI,83093128,HM,Overscaled Channel detected at Tag AI_TT_024
4/24/2026 9:58:25 AM,202,Warning,WT8-GUI,83093129,HM,Overscaled Channel detected at Tag AI_TT_025
4/24/2026 9:58:25 AM,202,Warning,WT8-GUI,83093130,HM,Overscaled Channel detected at Tag AI_TT_026
4/24/2026 9:58:25 AM,202,Warning,WT8-GUI,83093131,HM,Overscaled Channel detected at Tag AI_TT_027
4/24/2026 9:58:25 AM,202,Warning,WT8-GUI,83093132,HM,Overscaled Channel detected at Tag AI_TT_028
4/24/2026 9:58:25 AM,202,Warning,WT8-GUI,83093133,HM,Overscaled Channel detected at Tag AI_TT_002
4/24/2026 9:58:25 AM,202,Warning,WT8-GUI,83093134,HM,Overscaled Channel detected at Tag AI_TT_029
4/24/2026 9:58:25 AM,202,Warning,WT8-GUI,83093135,HM,Overscaled Channel detected at Tag AI_TT_030
4/24/2026 9:58:25 AM,202,Warning,WT8-GUI,83093136,HM,Overscaled Channel detected at Tag AI_TT_003
4/24/2026 9:58:25 AM,202,Warning,WT8-GUI,83093137,HM,Overscaled Channel detected at Tag AI_TT_004
4/24/2026 9:58:25 AM,202,Warning,WT8-GUI,83093138,HM,Overscaled Channel detected at Tag AI_TT_005
4/24/2026 9:58:25 AM,202,Warning,WT8-GUI,83093139,HM,Overscaled Channel detected at Tag AI_TT_006
4/24/2026 9:58:25 AM,202,Warning,WT8-GUI,83093140,HM,Overscaled Channel detected at Tag AI_TT_007
4/24/2026 9:58:25 AM,202,Warning,WT8-GUI,83093141,HM,Overscaled Channel detected at Tag AI_TT_008
4/24/2026 9:59:10 AM,301005,Warning,WT8-GUI,83093142,OPC,OPC Server Graybox.Simulator.1 on host localhost has not updated data in 36 minute(s).
4/24/2026 9:59:25 AM,202,Warning,WT8-GUI,83093143,HM,Overscaled Channel detected at Tag AI_Volts_Shunt_001
4/24/2026 9:59:25 AM,202,Warning,WT8-GUI,83093144,HM,Overscaled Channel detected at Tag AI_Volts_Shunt_003
4/24/2026 9:59:25 AM,202,Warning,WT8-GUI,83093145,HM,Overscaled Channel detected at Tag AI_Volts_Shunt_004
4/24/2026 9:59:25 AM,202,Warning,WT8-GUI,83093146,HM,Overscaled Channel detected at Tag AI_TK_000
4/24/2026 9:59:25 AM,202,Warning,WT8-GUI,83093147,HM,Overscaled Channel detected at Tag AI_TK_009
4/24/2026 9:59:25 AM,202,Warning,WT8-GUI,83093148,HM,Overscaled Channel detected at Tag AI_TK_010
4/24/2026 9:59:25 AM,202,Warning,WT8-GUI,83093149,HM,Overscaled Channel detected at Tag AI_TK_011
4/24/2026 9:59:25 AM,202,Warning,WT8-GUI,83093150,HM,Overscaled Channel detected at Tag AI_TK_012
4/24/2026 9:59:25 AM,202,Warning,WT8-GUI,83093151,HM,Overscaled Channel detected at Tag AI_TK_013
4/24/2026 9:59:25 AM,202,Warning,WT8-GUI,83093152,HM,Overscaled Channel detected at Tag AI_TK_014
4/24/2026 9:59:25 AM,202,Warning,WT8-GUI,83093153,HM,Overscaled Channel detected at Tag AI_TK_015
4/24/2026 9:59:25 AM,202,Warning,WT8-GUI,83093154,HM,Overscaled Channel detected at Tag AI_TK_016
4/24/2026 9:59:25 AM,202,Warning,WT8-GUI,83093155,HM,Overscaled Channel detected at Tag AI_TK_017
4/24/2026 9:59:25 AM,202,Warning,WT8-GUI,83093156,HM,Overscaled Channel detected at Tag AI_TK_018
4/24/2026 9:59:25 AM,202,Warning,WT8-GUI,83093157,HM,Overscaled Channel detected at Tag AI_TK_001
4/24/2026 9:59:25 AM,202,Warning,WT8-GUI,83093158,HM,Overscaled Channel detected at Tag AI_TK_019
4/24/2026 9:59:25 AM,202,Warning,WT8-GUI,83093159,HM,Overscaled Channel detected at Tag AI_TK_020
4/24/2026 9:59:25 AM,202,Warning,WT8-GUI,83093160,HM,Overscaled Channel detected at Tag AI_TK_021
4/24/2026 9:59:25 AM,202,Warning,WT8-GUI,83093161,HM,Overscaled Channel detected at Tag AI_TK_022
4/24/2026 9:59:25 AM,202,Warning,WT8-GUI,83093162,HM,Overscaled Channel detected at Tag AI_TK_023
4/24/2026 9:59:25 AM,202,Warning,WT8-GUI,83093163,HM,Overscaled Channel detected at Tag AI_TK_024
4/24/2026 9:59:25 AM,202,Warning,WT8-GUI,83093164,HM,Overscaled Channel detected at Tag AI_TK_025
4/24/2026 9:59:25 AM,202,Warning,WT8-GUI,83093165,HM,Overscaled Channel detected at Tag AI_TK_026
4/24/2026 9:59:25 AM,202,Warning,WT8-GUI,83093166,HM,Overscaled Channel detected at Tag AI_TK_027
4/24/2026 9:59:25 AM,202,Warning,WT8-GUI,83093167,HM,Overscaled Channel detected at Tag AI_TK_028
4/24/2026 9:59:25 AM,202,Warning,WT8-GUI,83093168,HM,Overscaled Channel detected at Tag AI_TK_002
4/24/2026 9:59:25 AM,202,Warning,WT8-GUI,83093169,HM,Overscaled Channel detected at Tag AI_TK_029
4/24/2026 9:59:25 AM,202,Warning,WT8-GUI,83093170,HM,Overscaled Channel detected at Tag AI_TK_030
4/24/2026 9:59:25 AM,202,Warning,WT8-GUI,83093171,HM,Overscaled Channel detected at Tag AI_TK_003
4/24/2026 9:59:25 AM,202,Warning,WT8-GUI,83093172,HM,Overscaled Channel detected at Tag AI_TK_004
4/24/2026 9:59:25 AM,202,Warning,WT8-GUI,83093173,HM,Overscaled Channel detected at Tag AI_TK_005
4/24/2026 9:59:25 AM,202,Warning,WT8-GUI,83093174,HM,Overscaled Channel detected at Tag AI_TK_006
4/24/2026 9:59:25 AM,202,Warning,WT8-GUI,83093175,HM,Overscaled Channel detected at Tag AI_TK_007
4/24/2026 9:59:25 AM,202,Warning,WT8-GUI,83093176,HM,Overscaled Channel detected at Tag AI_TK_008
4/24/2026 9:59:25 AM,202,Warning,WT8-GUI,83093177,HM,Overscaled Channel detected at Tag AI_Volts_Shunt_000
4/24/2026 9:59:25 AM,202,Warning,WT8-GUI,83093178,HM,Overscaled Channel detected at Tag AI_Volts_Shunt_006
4/24/2026 9:59:25 AM,202,Warning,WT8-GUI,83093179,HM,Overscaled Channel detected at Tag AI_Volts_Shunt_007
4/24/2026 9:59:25 AM,202,Warning,WT8-GUI,83093180,HM,Overscaled Channel detected at Tag AI_Volts_Shunt_008
4/24/2026 9:59:25 AM,202,Warning,WT8-GUI,83093181,HM,Overscaled Channel detected at Tag AI_Volts_Shunt_009
4/24/2026 9:59:25 AM,202,Warning,WT8-GUI,83093182,HM,Overscaled Channel detected at Tag AI_Volts_Shunt_010
4/24/2026 9:59:25 AM,202,Warning,WT8-GUI,83093183,HM,Overscaled Channel detected at Tag AI_Volts_Shunt_011
4/24/2026 9:59:25 AM,202,Warning,WT8-GUI,83093184,HM,Overscaled Channel detected at Tag AI_Volts_Shunt_012
4/24/2026 9:59:25 AM,202,Warning,WT8-GUI,83093185,HM,Overscaled Channel detected at Tag AI_Volts_Shunt_013
4/24/2026 9:59:25 AM,202,Warning,WT8-GUI,83093186,HM,Overscaled Channel detected at Tag AI_Volts_Shunt_014
4/24/2026 9:59:25 AM,202,Warning,WT8-GUI,83093187,HM,Overscaled Channel detected at Tag AI_Volts_Shunt_015
4/24/2026 9:59:25 AM,202,Warning,WT8-GUI,83093188,HM,Overscaled Channel detected at Tag AI_Strain_000
4/24/2026 9:59:25 AM,202,Warning,WT8-GUI,83093189,HM,Overscaled Channel detected at Tag AI_Strain_001
4/24/2026 9:59:25 AM,202,Warning,WT8-GUI,83093190,HM,Overscaled Channel detected at Tag AI_Strain_002
4/24/2026 9:59:25 AM,202,Warning,WT8-GUI,83093191,HM,Overscaled Channel detected at Tag AI_Strain_003
4/24/2026 9:59:25 AM,202,Warning,WT8-GUI,83093192,HM,Overscaled Channel detected at Tag AI_Strain_004
4/24/2026 9:59:25 AM,202,Warning,WT8-GUI,83093193,HM,Overscaled Channel detected at Tag AI_Strain_005
4/24/2026 9:59:25 AM,202,Warning,WT8-GUI,83093194,HM,Overscaled Channel detected at Tag AI_Strain_006
4/24/2026 9:59:25 AM,202,Warning,WT8-GUI,83093195,HM,Overscaled Channel detected at Tag AI_Strain_007
4/24/2026 9:59:25 AM,202,Warning,WT8-GUI,83093196,HM,Overscaled Channel detected at Tag AI_TT_000
4/24/2026 9:59:25 AM,202,Warning,WT8-GUI,83093197,HM,Overscaled Channel detected at Tag AI_TT_009
4/24/2026 9:59:25 AM,202,Warning,WT8-GUI,83093198,HM,Overscaled Channel detected at Tag AI_TT_010
4/24/2026 9:59:25 AM,202,Warning,WT8-GUI,83093199,HM,Overscaled Channel detected at Tag AI_TT_011
4/24/2026 9:59:25 AM,202,Warning,WT8-GUI,83093200,HM,Overscaled Channel detected at Tag AI_TT_012
4/24/2026 9:59:25 AM,202,Warning,WT8-GUI,83093201,HM,Overscaled Channel detected at Tag AI_TT_013
4/24/2026 9:59:25 AM,202,Warning,WT8-GUI,83093202,HM,Overscaled Channel detected at Tag AI_TT_014
4/24/2026 9:59:25 AM,202,Warning,WT8-GUI,83093203,HM,Overscaled Channel detected at Tag AI_TT_015
4/24/2026 9:59:25 AM,202,Warning,WT8-GUI,83093204,HM,Overscaled Channel detected at Tag AI_TT_016
4/24/2026 9:59:25 AM,202,Warning,WT8-GUI,83093205,HM,Overscaled Channel detected at Tag AI_TT_017
4/24/2026 9:59:25 AM,202,Warning,WT8-GUI,83093206,HM,Overscaled Channel detected at Tag AI_TT_018
4/24/2026 9:59:25 AM,202,Warning,WT8-GUI,83093207,HM,Overscaled Channel detected at Tag AI_TT_001
4/24/2026 9:59:25 AM,202,Warning,WT8-GUI,83093208,HM,Overscaled Channel detected at Tag AI_TT_019
4/24/2026 9:59:25 AM,202,Warning,WT8-GUI,83093209,HM,Overscaled Channel detected at Tag AI_TT_020
4/24/2026 9:59:25 AM,202,Warning,WT8-GUI,83093210,HM,Overscaled Channel detected at Tag AI_TT_021
4/24/2026 9:59:25 AM,202,Warning,WT8-GUI,83093211,HM,Overscaled Channel detected at Tag AI_TT_022
4/24/2026 9:59:25 AM,202,Warning,WT8-GUI,83093212,HM,Overscaled Channel detected at Tag AI_TT_023
4/24/2026 9:59:25 AM,202,Warning,WT8-GUI,83093213,HM,Overscaled Channel detected at Tag AI_TT_024
4/24/2026 9:59:25 AM,202,Warning,WT8-GUI,83093214,HM,Overscaled Channel detected at Tag AI_TT_025
4/24/2026 9:59:25 AM,202,Warning,WT8-GUI,83093215,HM,Overscaled Channel detected at Tag AI_TT_026
4/24/2026 9:59:25 AM,202,Warning,WT8-GUI,83093216,HM,Overscaled Channel detected at Tag AI_TT_027
4/24/2026 9:59:25 AM,202,Warning,WT8-GUI,83093217,HM,Overscaled Channel detected at Tag AI_TT_028
4/24/2026 9:59:25 AM,202,Warning,WT8-GUI,83093218,HM,Overscaled Channel detected at Tag AI_TT_002
4/24/2026 9:59:25 AM,202,Warning,WT8-GUI,83093219,HM,Overscaled Channel detected at Tag AI_TT_029
4/24/2026 9:59:25 AM,202,Warning,WT8-GUI,83093220,HM,Overscaled Channel detected at Tag AI_TT_030
4/24/2026 9:59:25 AM,202,Warning,WT8-GUI,83093221,HM,Overscaled Channel detected at Tag AI_TT_003
4/24/2026 9:59:25 AM,202,Warning,WT8-GUI,83093222,HM,Overscaled Channel detected at Tag AI_TT_004
4/24/2026 9:59:25 AM,202,Warning,WT8-GUI,83093223,HM,Overscaled Channel detected at Tag AI_TT_005
4/24/2026 9:59:25 AM,202,Warning,WT8-GUI,83093224,HM,Overscaled Channel detected at Tag AI_TT_006
4/24/2026 9:59:25 AM,202,Warning,WT8-GUI,83093225,HM,Overscaled Channel detected at Tag AI_TT_007
4/24/2026 9:59:25 AM,202,Warning,WT8-GUI,83093226,HM,Overscaled Channel detected at Tag AI_TT_008
4/24/2026 10:00:10 AM,301005,Warning,WT8-GUI,83093227,OPC,OPC Server Graybox.Simulator.1 on host localhost has not updated data in 37 minute(s).
4/24/2026 10:00:25 AM,202,Warning,WT8-GUI,83093228,HM,Overscaled Channel detected at Tag AI_Volts_Shunt_001
4/24/2026 10:00:25 AM,202,Warning,WT8-GUI,83093229,HM,Overscaled Channel detected at Tag AI_Volts_Shunt_003
4/24/2026 10:00:25 AM,202,Warning,WT8-GUI,83093230,HM,Overscaled Channel detected at Tag AI_Volts_Shunt_004
4/24/2026 10:00:25 AM,202,Warning,WT8-GUI,83093231,HM,Overscaled Channel detected at Tag AI_TK_014
4/24/2026 10:00:25 AM,202,Warning,WT8-GUI,83093232,HM,Overscaled Channel detected at Tag AI_TK_000
4/24/2026 10:00:25 AM,202,Warning,WT8-GUI,83093233,HM,Overscaled Channel detected at Tag AI_TK_009
4/24/2026 10:00:25 AM,202,Warning,WT8-GUI,83093234,HM,Overscaled Channel detected at Tag AI_TK_010
4/24/2026 10:00:25 AM,202,Warning,WT8-GUI,83093235,HM,Overscaled Channel detected at Tag AI_TK_011
4/24/2026 10:00:25 AM,202,Warning,WT8-GUI,83093236,HM,Overscaled Channel detected at Tag AI_TK_012
4/24/2026 10:00:25 AM,202,Warning,WT8-GUI,83093237,HM,Overscaled Channel detected at Tag AI_TK_013
4/24/2026 10:00:25 AM,202,Warning,WT8-GUI,83093238,HM,Overscaled Channel detected at Tag AI_TK_015
4/24/2026 10:00:25 AM,202,Warning,WT8-GUI,83093239,HM,Overscaled Channel detected at Tag AI_TK_016
4/24/2026 10:00:25 AM,202,Warning,WT8-GUI,83093240,HM,Overscaled Channel detected at Tag AI_TK_017
4/24/2026 10:00:25 AM,202,Warning,WT8-GUI,83093241,HM,Overscaled Channel detected at Tag AI_TK_018
4/24/2026 10:00:25 AM,202,Warning,WT8-GUI,83093242,HM,Overscaled Channel detected at Tag AI_TK_001
4/24/2026 10:00:25 AM,202,Warning,WT8-GUI,83093243,HM,Overscaled Channel detected at Tag AI_TK_019
4/24/2026 10:00:25 AM,202,Warning,WT8-GUI,83093244,HM,Overscaled Channel detected at Tag AI_TK_020
4/24/2026 10:00:25 AM,202,Warning,WT8-GUI,83093245,HM,Overscaled Channel detected at Tag AI_TK_021
4/24/2026 10:00:25 AM,202,Warning,WT8-GUI,83093246,HM,Overscaled Channel detected at Tag AI_TK_022
4/24/2026 10:00:25 AM,202,Warning,WT8-GUI,83093247,HM,Overscaled Channel detected at Tag AI_TK_023
4/24/2026 10:00:25 AM,202,Warning,WT8-GUI,83093248,HM,Overscaled Channel detected at Tag AI_TK_024
4/24/2026 10:00:25 AM,202,Warning,WT8-GUI,83093249,HM,Overscaled Channel detected at Tag AI_TK_025
4/24/2026 10:00:25 AM,202,Warning,WT8-GUI,83093250,HM,Overscaled Channel detected at Tag AI_TK_026
4/24/2026 10:00:25 AM,202,Warning,WT8-GUI,83093251,HM,Overscaled Channel detected at Tag AI_TK_027
4/24/2026 10:00:25 AM,202,Warning,WT8-GUI,83093252,HM,Overscaled Channel detected at Tag AI_TK_028
4/24/2026 10:00:25 AM,202,Warning,WT8-GUI,83093253,HM,Overscaled Channel detected at Tag AI_TK_002
4/24/2026 10:00:25 AM,202,Warning,WT8-GUI,83093254,HM,Overscaled Channel detected at Tag AI_TK_029
4/24/2026 10:00:25 AM,202,Warning,WT8-GUI,83093255,HM,Overscaled Channel detected at Tag AI_TK_030
4/24/2026 10:00:25 AM,202,Warning,WT8-GUI,83093256,HM,Overscaled Channel detected at Tag AI_TK_003
4/24/2026 10:00:25 AM,202,Warning,WT8-GUI,83093257,HM,Overscaled Channel detected at Tag AI_TK_004
4/24/2026 10:00:25 AM,202,Warning,WT8-GUI,83093258,HM,Overscaled Channel detected at Tag AI_TK_005
4/24/2026 10:00:25 AM,202,Warning,WT8-GUI,83093259,HM,Overscaled Channel detected at Tag AI_TK_006
4/24/2026 10:00:25 AM,202,Warning,WT8-GUI,83093260,HM,Overscaled Channel detected at Tag AI_TK_007
4/24/2026 10:00:25 AM,202,Warning,WT8-GUI,83093261,HM,Overscaled Channel detected at Tag AI_TK_008
4/24/2026 10:00:25 AM,202,Warning,WT8-GUI,83093262,HM,Overscaled Channel detected at Tag AI_Volts_Shunt_000
4/24/2026 10:00:25 AM,202,Warning,WT8-GUI,83093263,HM,Overscaled Channel detected at Tag AI_Volts_Shunt_006
4/24/2026 10:00:25 AM,202,Warning,WT8-GUI,83093264,HM,Overscaled Channel detected at Tag AI_Volts_Shunt_007
4/24/2026 10:00:25 AM,202,Warning,WT8-GUI,83093265,HM,Overscaled Channel detected at Tag AI_Volts_Shunt_008
4/24/2026 10:00:25 AM,202,Warning,WT8-GUI,83093266,HM,Overscaled Channel detected at Tag AI_Volts_Shunt_009
4/24/2026 10:00:25 AM,202,Warning,WT8-GUI,83093267,HM,Overscaled Channel detected at Tag AI_Volts_Shunt_010
4/24/2026 10:00:25 AM,202,Warning,WT8-GUI,83093268,HM,Overscaled Channel detected at Tag AI_Volts_Shunt_011
4/24/2026 10:00:25 AM,202,Warning,WT8-GUI,83093269,HM,Overscaled Channel detected at Tag AI_Volts_Shunt_012
4/24/2026 10:00:25 AM,202,Warning,WT8-GUI,83093270,HM,Overscaled Channel detected at Tag AI_Volts_Shunt_013
4/24/2026 10:00:25 AM,202,Warning,WT8-GUI,83093271,HM,Overscaled Channel detected at Tag AI_Volts_Shunt_014
4/24/2026 10:00:25 AM,202,Warning,WT8-GUI,83093272,HM,Overscaled Channel detected at Tag AI_Volts_Shunt_015
4/24/2026 10:00:25 AM,202,Warning,WT8-GUI,83093273,HM,Overscaled Channel detected at Tag AI_Strain_000
4/24/2026 10:00:25 AM,202,Warning,WT8-GUI,83093274,HM,Overscaled Channel detected at Tag AI_Strain_001
4/24/2026 10:00:25 AM,202,Warning,WT8-GUI,83093275,HM,Overscaled Channel detected at Tag AI_Strain_002
4/24/2026 10:00:25 AM,202,Warning,WT8-GUI,83093276,HM,Overscaled Channel detected at Tag AI_Strain_003
4/24/2026 10:00:25 AM,202,Warning,WT8-GUI,83093277,HM,Overscaled Channel detected at Tag AI_Strain_004
4/24/2026 10:00:25 AM,202,Warning,WT8-GUI,83093278,HM,Overscaled Channel detected at Tag AI_Strain_005
4/24/2026 10:00:25 AM,202,Warning,WT8-GUI,83093279,HM,Overscaled Channel detected at Tag AI_Strain_006
4/24/2026 10:00:25 AM,202,Warning,WT8-GUI,83093280,HM,Overscaled Channel detected at Tag AI_Strain_007
4/24/2026 10:00:25 AM,202,Warning,WT8-GUI,83093281,HM,Overscaled Channel detected at Tag AI_TT_000
4/24/2026 10:00:25 AM,202,Warning,WT8-GUI,83093282,HM,Overscaled Channel detected at Tag AI_TT_009
4/24/2026 10:00:25 AM,202,Warning,WT8-GUI,83093283,HM,Overscaled Channel detected at Tag AI_TT_010
4/24/2026 10:00:25 AM,202,Warning,WT8-GUI,83093284,HM,Overscaled Channel detected at Tag AI_TT_011
4/24/2026 10:00:25 AM,202,Warning,WT8-GUI,83093285,HM,Overscaled Channel detected at Tag AI_TT_012
4/24/2026 10:00:25 AM,202,Warning,WT8-GUI,83093286,HM,Overscaled Channel detected at Tag AI_TT_013
4/24/2026 10:00:25 AM,202,Warning,WT8-GUI,83093287,HM,Overscaled Channel detected at Tag AI_TT_014
4/24/2026 10:00:25 AM,202,Warning,WT8-GUI,83093288,HM,Overscaled Channel detected at Tag AI_TT_015
4/24/2026 10:00:25 AM,202,Warning,WT8-GUI,83093289,HM,Overscaled Channel detected at Tag AI_TT_016
4/24/2026 10:00:25 AM,202,Warning,WT8-GUI,83093290,HM,Overscaled Channel detected at Tag AI_TT_017
4/24/2026 10:00:25 AM,202,Warning,WT8-GUI,83093291,HM,Overscaled Channel detected at Tag AI_TT_018
4/24/2026 10:00:25 AM,202,Warning,WT8-GUI,83093292,HM,Overscaled Channel detected at Tag AI_TT_001
4/24/2026 10:00:25 AM,202,Warning,WT8-GUI,83093293,HM,Overscaled Channel detected at Tag AI_TT_019
4/24/2026 10:00:25 AM,202,Warning,WT8-GUI,83093294,HM,Overscaled Channel detected at Tag AI_TT_020
4/24/2026 10:00:25 AM,202,Warning,WT8-GUI,83093295,HM,Overscaled Channel detected at Tag AI_TT_021
4/24/2026 10:00:25 AM,202,Warning,WT8-GUI,83093296,HM,Overscaled Channel detected at Tag AI_TT_022
4/24/2026 10:00:25 AM,202,Warning,WT8-GUI,83093297,HM,Overscaled Channel detected at Tag AI_TT_023
4/24/2026 10:00:25 AM,202,Warning,WT8-GUI,83093298,HM,Overscaled Channel detected at Tag AI_TT_024
4/24/2026 10:00:25 AM,202,Warning,WT8-GUI,83093299,HM,Overscaled Channel detected at Tag AI_TT_025
4/24/2026 10:00:25 AM,202,Warning,WT8-GUI,83093300,HM,Overscaled Channel detected at Tag AI_TT_026
4/24/2026 10:00:25 AM,202,Warning,WT8-GUI,83093301,HM,Overscaled Channel detected at Tag AI_TT_027
4/24/2026 10:00:25 AM,202,Warning,WT8-GUI,83093302,HM,Overscaled Channel detected at Tag AI_TT_028
4/24/2026 10:00:25 AM,202,Warning,WT8-GUI,83093303,HM,Overscaled Channel detected at Tag AI_TT_002
4/24/2026 10:00:25 AM,202,Warning,WT8-GUI,83093304,HM,Overscaled Channel detected at Tag AI_TT_029
4/24/2026 10:00:25 AM,202,Warning,WT8-GUI,83093305,HM,Overscaled Channel detected at Tag AI_TT_030
4/24/2026 10:00:25 AM,202,Warning,WT8-GUI,83093306,HM,Overscaled Channel detected at Tag AI_TT_003
4/24/2026 10:00:25 AM,202,Warning,WT8-GUI,83093307,HM,Overscaled Channel detected at Tag AI_TT_004
4/24/2026 10:00:25 AM,202,Warning,WT8-GUI,83093308,HM,Overscaled Channel detected at Tag AI_TT_005
4/24/2026 10:00:25 AM,202,Warning,WT8-GUI,83093309,HM,Overscaled Channel detected at Tag AI_TT_006
4/24/2026 10:00:25 AM,202,Warning,WT8-GUI,83093310,HM,Overscaled Channel detected at Tag AI_TT_007
4/24/2026 10:00:25 AM,202,Warning,WT8-GUI,83093311,HM,Overscaled Channel detected at Tag AI_TT_008
4/24/2026 10:01:10 AM,301005,Warning,WT8-GUI,83093312,OPC,OPC Server Graybox.Simulator.1 on host localhost has not updated data in 38 minute(s).
4/24/2026 10:01:25 AM,202,Warning,WT8-GUI,83093313,HM,Overscaled Channel detected at Tag AI_Volts_Shunt_001
4/24/2026 10:01:25 AM,202,Warning,WT8-GUI,83093314,HM,Overscaled Channel detected at Tag AI_Volts_Shunt_003
4/24/2026 10:01:25 AM,202,Warning,WT8-GUI,83093315,HM,Overscaled Channel detected at Tag AI_Volts_Shunt_004
4/24/2026 10:01:25 AM,202,Warning,WT8-GUI,83093316,HM,Overscaled Channel detected at Tag AI_TK_014
4/24/2026 10:01:25 AM,202,Warning,WT8-GUI,83093317,HM,Overscaled Channel detected at Tag AI_TK_000
4/24/2026 10:01:25 AM,202,Warning,WT8-GUI,83093318,HM,Overscaled Channel detected at Tag AI_TK_009
4/24/2026 10:01:25 AM,202,Warning,WT8-GUI,83093319,HM,Overscaled Channel detected at Tag AI_TK_010
4/24/2026 10:01:25 AM,202,Warning,WT8-GUI,83093320,HM,Overscaled Channel detected at Tag AI_TK_011
4/24/2026 10:01:25 AM,202,Warning,WT8-GUI,83093321,HM,Overscaled Channel detected at Tag AI_TK_012
4/24/2026 10:01:25 AM,202,Warning,WT8-GUI,83093322,HM,Overscaled Channel detected at Tag AI_TK_013
4/24/2026 10:01:25 AM,202,Warning,WT8-GUI,83093323,HM,Overscaled Channel detected at Tag AI_TK_015
4/24/2026 10:01:25 AM,202,Warning,WT8-GUI,83093324,HM,Overscaled Channel detected at Tag AI_TK_016
4/24/2026 10:01:25 AM,202,Warning,WT8-GUI,83093325,HM,Overscaled Channel detected at Tag AI_TK_017
4/24/2026 10:01:25 AM,202,Warning,WT8-GUI,83093326,HM,Overscaled Channel detected at Tag AI_TK_018
4/24/2026 10:01:25 AM,202,Warning,WT8-GUI,83093327,HM,Overscaled Channel detected at Tag AI_TK_001
4/24/2026 10:01:25 AM,202,Warning,WT8-GUI,83093328,HM,Overscaled Channel detected at Tag AI_TK_019
4/24/2026 10:01:25 AM,202,Warning,WT8-GUI,83093329,HM,Overscaled Channel detected at Tag AI_TK_020
4/24/2026 10:01:25 AM,202,Warning,WT8-GUI,83093330,HM,Overscaled Channel detected at Tag AI_TK_021
4/24/2026 10:01:25 AM,202,Warning,WT8-GUI,83093331,HM,Overscaled Channel detected at Tag AI_TK_022
4/24/2026 10:01:25 AM,202,Warning,WT8-GUI,83093332,HM,Overscaled Channel detected at Tag AI_TK_023
4/24/2026 10:01:25 AM,202,Warning,WT8-GUI,83093333,HM,Overscaled Channel detected at Tag AI_TK_024
4/24/2026 10:01:25 AM,202,Warning,WT8-GUI,83093334,HM,Overscaled Channel detected at Tag AI_TK_025
4/24/2026 10:01:25 AM,202,Warning,WT8-GUI,83093335,HM,Overscaled Channel detected at Tag AI_TK_026
4/24/2026 10:01:25 AM,202,Warning,WT8-GUI,83093336,HM,Overscaled Channel detected at Tag AI_TK_027
4/24/2026 10:01:25 AM,202,Warning,WT8-GUI,83093337,HM,Overscaled Channel detected at Tag AI_TK_028
4/24/2026 10:01:25 AM,202,Warning,WT8-GUI,83093338,HM,Overscaled Channel detected at Tag AI_TK_002
4/24/2026 10:01:25 AM,202,Warning,WT8-GUI,83093339,HM,Overscaled Channel detected at Tag AI_TK_029
4/24/2026 10:01:25 AM,202,Warning,WT8-GUI,83093340,HM,Overscaled Channel detected at Tag AI_TK_030
4/24/2026 10:01:25 AM,202,Warning,WT8-GUI,83093341,HM,Overscaled Channel detected at Tag AI_TK_003
4/24/2026 10:01:25 AM,202,Warning,WT8-GUI,83093342,HM,Overscaled Channel detected at Tag AI_TK_004
4/24/2026 10:01:25 AM,202,Warning,WT8-GUI,83093343,HM,Overscaled Channel detected at Tag AI_TK_005
4/24/2026 10:01:25 AM,202,Warning,WT8-GUI,83093344,HM,Overscaled Channel detected at Tag AI_TK_006
4/24/2026 10:01:25 AM,202,Warning,WT8-GUI,83093345,HM,Overscaled Channel detected at Tag AI_TK_007
4/24/2026 10:01:25 AM,202,Warning,WT8-GUI,83093346,HM,Overscaled Channel detected at Tag AI_TK_008
4/24/2026 10:01:25 AM,202,Warning,WT8-GUI,83093347,HM,Overscaled Channel detected at Tag AI_Volts_Shunt_000
4/24/2026 10:01:25 AM,202,Warning,WT8-GUI,83093348,HM,Overscaled Channel detected at Tag AI_Volts_Shunt_006
4/24/2026 10:01:25 AM,202,Warning,WT8-GUI,83093349,HM,Overscaled Channel detected at Tag AI_Volts_Shunt_007
4/24/2026 10:01:25 AM,202,Warning,WT8-GUI,83093350,HM,Overscaled Channel detected at Tag AI_Volts_Shunt_008
4/24/2026 10:01:25 AM,202,Warning,WT8-GUI,83093351,HM,Overscaled Channel detected at Tag AI_Volts_Shunt_009
4/24/2026 10:01:25 AM,202,Warning,WT8-GUI,83093352,HM,Overscaled Channel detected at Tag AI_Volts_Shunt_010
4/24/2026 10:01:25 AM,202,Warning,WT8-GUI,83093353,HM,Overscaled Channel detected at Tag AI_Volts_Shunt_011
4/24/2026 10:01:25 AM,202,Warning,WT8-GUI,83093354,HM,Overscaled Channel detected at Tag AI_Volts_Shunt_012
4/24/2026 10:01:25 AM,202,Warning,WT8-GUI,83093355,HM,Overscaled Channel detected at Tag AI_Volts_Shunt_013
4/24/2026 10:01:25 AM,202,Warning,WT8-GUI,83093356,HM,Overscaled Channel detected at Tag AI_Volts_Shunt_014
4/24/2026 10:01:25 AM,202,Warning,WT8-GUI,83093357,HM,Overscaled Channel detected at Tag AI_Volts_Shunt_015
4/24/2026 10:01:25 AM,202,Warning,WT8-GUI,83093358,HM,Overscaled Channel detected at Tag AI_Strain_000
4/24/2026 10:01:25 AM,202,Warning,WT8-GUI,83093359,HM,Overscaled Channel detected at Tag AI_Strain_001
4/24/2026 10:01:25 AM,202,Warning,WT8-GUI,83093360,HM,Overscaled Channel detected at Tag AI_Strain_002
4/24/2026 10:01:25 AM,202,Warning,WT8-GUI,83093361,HM,Overscaled Channel detected at Tag AI_Strain_003
4/24/2026 10:01:25 AM,202,Warning,WT8-GUI,83093362,HM,Overscaled Channel detected at Tag AI_Strain_004
4/24/2026 10:01:25 AM,202,Warning,WT8-GUI,83093363,HM,Overscaled Channel detected at Tag AI_Strain_005
4/24/2026 10:01:25 AM,202,Warning,WT8-GUI,83093364,HM,Overscaled Channel detected at Tag AI_Strain_006
4/24/2026 10:01:25 AM,202,Warning,WT8-GUI,83093365,HM,Overscaled Channel detected at Tag AI_Strain_007
4/24/2026 10:01:25 AM,202,Warning,WT8-GUI,83093366,HM,Overscaled Channel detected at Tag AI_TT_000
4/24/2026 10:01:25 AM,202,Warning,WT8-GUI,83093367,HM,Overscaled Channel detected at Tag AI_TT_009
4/24/2026 10:01:25 AM,202,Warning,WT8-GUI,83093368,HM,Overscaled Channel detected at Tag AI_TT_010
4/24/2026 10:01:25 AM,202,Warning,WT8-GUI,83093369,HM,Overscaled Channel detected at Tag AI_TT_011
4/24/2026 10:01:25 AM,202,Warning,WT8-GUI,83093370,HM,Overscaled Channel detected at Tag AI_TT_012
4/24/2026 10:01:25 AM,202,Warning,WT8-GUI,83093371,HM,Overscaled Channel detected at Tag AI_TT_013
4/24/2026 10:01:25 AM,202,Warning,WT8-GUI,83093372,HM,Overscaled Channel detected at Tag AI_TT_014
4/24/2026 10:01:25 AM,202,Warning,WT8-GUI,83093373,HM,Overscaled Channel detected at Tag AI_TT_015
4/24/2026 10:01:25 AM,202,Warning,WT8-GUI,83093374,HM,Overscaled Channel detected at Tag AI_TT_016
4/24/2026 10:01:25 AM,202,Warning,WT8-GUI,83093375,HM,Overscaled Channel detected at Tag AI_TT_017
4/24/2026 10:01:25 AM,202,Warning,WT8-GUI,83093376,HM,Overscaled Channel detected at Tag AI_TT_018
4/24/2026 10:01:25 AM,202,Warning,WT8-GUI,83093377,HM,Overscaled Channel detected at Tag AI_TT_001
4/24/2026 10:01:25 AM,202,Warning,WT8-GUI,83093378,HM,Overscaled Channel detected at Tag AI_TT_019
4/24/2026 10:01:25 AM,202,Warning,WT8-GUI,83093379,HM,Overscaled Channel detected at Tag AI_TT_020
4/24/2026 10:01:25 AM,202,Warning,WT8-GUI,83093380,HM,Overscaled Channel detected at Tag AI_TT_021
4/24/2026 10:01:25 AM,202,Warning,WT8-GUI,83093381,HM,Overscaled Channel detected at Tag AI_TT_022
4/24/2026 10:01:25 AM,202,Warning,WT8-GUI,83093382,HM,Overscaled Channel detected at Tag AI_TT_023
4/24/2026 10:01:25 AM,202,Warning,WT8-GUI,83093383,HM,Overscaled Channel detected at Tag AI_TT_024
4/24/2026 10:01:25 AM,202,Warning,WT8-GUI,83093384,HM,Overscaled Channel detected at Tag AI_TT_025
4/24/2026 10:01:25 AM,202,Warning,WT8-GUI,83093385,HM,Overscaled Channel detected at Tag AI_TT_026
4/24/2026 10:01:25 AM,202,Warning,WT8-GUI,83093386,HM,Overscaled Channel detected at Tag AI_TT_027
4/24/2026 10:01:25 AM,202,Warning,WT8-GUI,83093387,HM,Overscaled Channel detected at Tag AI_TT_028
4/24/2026 10:01:25 AM,202,Warning,WT8-GUI,83093388,HM,Overscaled Channel detected at Tag AI_TT_002
4/24/2026 10:01:25 AM,202,Warning,WT8-GUI,83093389,HM,Overscaled Channel detected at Tag AI_TT_029
4/24/2026 10:01:25 AM,202,Warning,WT8-GUI,83093390,HM,Overscaled Channel detected at Tag AI_TT_030
4/24/2026 10:01:25 AM,202,Warning,WT8-GUI,83093391,HM,Overscaled Channel detected at Tag AI_TT_003
4/24/2026 10:01:25 AM,202,Warning,WT8-GUI,83093392,HM,Overscaled Channel detected at Tag AI_TT_004
4/24/2026 10:01:25 AM,202,Warning,WT8-GUI,83093393,HM,Overscaled Channel detected at Tag AI_TT_005
4/24/2026 10:01:25 AM,202,Warning,WT8-GUI,83093394,HM,Overscaled Channel detected at Tag AI_TT_006
4/24/2026 10:01:25 AM,202,Warning,WT8-GUI,83093395,HM,Overscaled Channel detected at Tag AI_TT_007
4/24/2026 10:01:25 AM,202,Warning,WT8-GUI,83093396,HM,Overscaled Channel detected at Tag AI_TT_008
4/24/2026 10:02:10 AM,301005,Warning,WT8-GUI,83093397,OPC,OPC Server Graybox.Simulator.1 on host localhost has not updated data in 39 minute(s).
4/24/2026 10:02:25 AM,202,Warning,WT8-GUI,83093398,HM,Overscaled Channel detected at Tag AI_Volts_Shunt_001
4/24/2026 10:02:25 AM,202,Warning,WT8-GUI,83093399,HM,Overscaled Channel detected at Tag AI_Volts_Shunt_003
4/24/2026 10:02:25 AM,202,Warning,WT8-GUI,83093400,HM,Overscaled Channel detected at Tag AI_Volts_Shunt_004
4/24/2026 10:02:25 AM,202,Warning,WT8-GUI,83093401,HM,Overscaled Channel detected at Tag AI_TK_000
4/24/2026 10:02:25 AM,202,Warning,WT8-GUI,83093402,HM,Overscaled Channel detected at Tag AI_TK_009
4/24/2026 10:02:25 AM,202,Warning,WT8-GUI,83093403,HM,Overscaled Channel detected at Tag AI_TK_010
4/24/2026 10:02:25 AM,202,Warning,WT8-GUI,83093404,HM,Overscaled Channel detected at Tag AI_TK_011
4/24/2026 10:02:25 AM,202,Warning,WT8-GUI,83093405,HM,Overscaled Channel detected at Tag AI_TK_012
4/24/2026 10:02:25 AM,202,Warning,WT8-GUI,83093406,HM,Overscaled Channel detected at Tag AI_TK_013
4/24/2026 10:02:25 AM,202,Warning,WT8-GUI,83093407,HM,Overscaled Channel detected at Tag AI_TK_014
4/24/2026 10:02:25 AM,202,Warning,WT8-GUI,83093408,HM,Overscaled Channel detected at Tag AI_TK_015
4/24/2026 10:02:25 AM,202,Warning,WT8-GUI,83093409,HM,Overscaled Channel detected at Tag AI_TK_016
4/24/2026 10:02:25 AM,202,Warning,WT8-GUI,83093410,HM,Overscaled Channel detected at Tag AI_TK_017
4/24/2026 10:02:25 AM,202,Warning,WT8-GUI,83093411,HM,Overscaled Channel detected at Tag AI_TK_018
4/24/2026 10:02:25 AM,202,Warning,WT8-GUI,83093412,HM,Overscaled Channel detected at Tag AI_TK_001
4/24/2026 10:02:25 AM,202,Warning,WT8-GUI,83093413,HM,Overscaled Channel detected at Tag AI_TK_019
4/24/2026 10:02:25 AM,202,Warning,WT8-GUI,83093414,HM,Overscaled Channel detected at Tag AI_TK_020
4/24/2026 10:02:25 AM,202,Warning,WT8-GUI,83093415,HM,Overscaled Channel detected at Tag AI_TK_021
4/24/2026 10:02:25 AM,202,Warning,WT8-GUI,83093416,HM,Overscaled Channel detected at Tag AI_TK_022
4/24/2026 10:02:25 AM,202,Warning,WT8-GUI,83093417,HM,Overscaled Channel detected at Tag AI_TK_023
4/24/2026 10:02:25 AM,202,Warning,WT8-GUI,83093418,HM,Overscaled Channel detected at Tag AI_TK_024
4/24/2026 10:02:25 AM,202,Warning,WT8-GUI,83093419,HM,Overscaled Channel detected at Tag AI_TK_025
4/24/2026 10:02:25 AM,202,Warning,WT8-GUI,83093420,HM,Overscaled Channel detected at Tag AI_TK_026
4/24/2026 10:02:25 AM,202,Warning,WT8-GUI,83093421,HM,Overscaled Channel detected at Tag AI_TK_027
4/24/2026 10:02:25 AM,202,Warning,WT8-GUI,83093422,HM,Overscaled Channel detected at Tag AI_TK_028
4/24/2026 10:02:25 AM,202,Warning,WT8-GUI,83093423,HM,Overscaled Channel detected at Tag AI_TK_002
4/24/2026 10:02:25 AM,202,Warning,WT8-GUI,83093424,HM,Overscaled Channel detected at Tag AI_TK_029
4/24/2026 10:02:25 AM,202,Warning,WT8-GUI,83093425,HM,Overscaled Channel detected at Tag AI_TK_030
4/24/2026 10:02:25 AM,202,Warning,WT8-GUI,83093426,HM,Overscaled Channel detected at Tag AI_TK_003
4/24/2026 10:02:25 AM,202,Warning,WT8-GUI,83093427,HM,Overscaled Channel detected at Tag AI_TK_004
4/24/2026 10:02:25 AM,202,Warning,WT8-GUI,83093428,HM,Overscaled Channel detected at Tag AI_TK_005
4/24/2026 10:02:25 AM,202,Warning,WT8-GUI,83093429,HM,Overscaled Channel detected at Tag AI_TK_006
4/24/2026 10:02:25 AM,202,Warning,WT8-GUI,83093430,HM,Overscaled Channel detected at Tag AI_TK_007
4/24/2026 10:02:25 AM,202,Warning,WT8-GUI,83093431,HM,Overscaled Channel detected at Tag AI_TK_008
4/24/2026 10:02:25 AM,202,Warning,WT8-GUI,83093432,HM,Overscaled Channel detected at Tag AI_Volts_Shunt_000
4/24/2026 10:02:25 AM,202,Warning,WT8-GUI,83093433,HM,Overscaled Channel detected at Tag AI_Volts_Shunt_006
4/24/2026 10:02:25 AM,202,Warning,WT8-GUI,83093434,HM,Overscaled Channel detected at Tag AI_Volts_Shunt_007
4/24/2026 10:02:25 AM,202,Warning,WT8-GUI,83093435,HM,Overscaled Channel detected at Tag AI_Volts_Shunt_008
4/24/2026 10:02:25 AM,202,Warning,WT8-GUI,83093436,HM,Overscaled Channel detected at Tag AI_Volts_Shunt_009
4/24/2026 10:02:25 AM,202,Warning,WT8-GUI,83093437,HM,Overscaled Channel detected at Tag AI_Volts_Shunt_010
4/24/2026 10:02:25 AM,202,Warning,WT8-GUI,83093438,HM,Overscaled Channel detected at Tag AI_Volts_Shunt_011
4/24/2026 10:02:25 AM,202,Warning,WT8-GUI,83093439,HM,Overscaled Channel detected at Tag AI_Volts_Shunt_012
4/24/2026 10:02:25 AM,202,Warning,WT8-GUI,83093440,HM,Overscaled Channel detected at Tag AI_Volts_Shunt_013
4/24/2026 10:02:25 AM,202,Warning,WT8-GUI,83093441,HM,Overscaled Channel detected at Tag AI_Volts_Shunt_014
4/24/2026 10:02:25 AM,202,Warning,WT8-GUI,83093442,HM,Overscaled Channel detected at Tag AI_Volts_Shunt_015
4/24/2026 10:02:25 AM,202,Warning,WT8-GUI,83093443,HM,Overscaled Channel detected at Tag AI_Strain_000
4/24/2026 10:02:25 AM,202,Warning,WT8-GUI,83093444,HM,Overscaled Channel detected at Tag AI_Strain_001
4/24/2026 10:02:25 AM,202,Warning,WT8-GUI,83093445,HM,Overscaled Channel detected at Tag AI_Strain_002
4/24/2026 10:02:25 AM,202,Warning,WT8-GUI,83093446,HM,Overscaled Channel detected at Tag AI_Strain_003
4/24/2026 10:02:25 AM,202,Warning,WT8-GUI,83093447,HM,Overscaled Channel detected at Tag AI_Strain_004
4/24/2026 10:02:25 AM,202,Warning,WT8-GUI,83093448,HM,Overscaled Channel detected at Tag AI_Strain_005
4/24/2026 10:02:25 AM,202,Warning,WT8-GUI,83093449,HM,Overscaled Channel detected at Tag AI_Strain_006
4/24/2026 10:02:25 AM,202,Warning,WT8-GUI,83093450,HM,Overscaled Channel detected at Tag AI_Strain_007
4/24/2026 10:02:25 AM,202,Warning,WT8-GUI,83093451,HM,Overscaled Channel detected at Tag AI_TT_000
4/24/2026 10:02:25 AM,202,Warning,WT8-GUI,83093452,HM,Overscaled Channel detected at Tag AI_TT_009
4/24/2026 10:02:25 AM,202,Warning,WT8-GUI,83093453,HM,Overscaled Channel detected at Tag AI_TT_010
4/24/2026 10:02:25 AM,202,Warning,WT8-GUI,83093454,HM,Overscaled Channel detected at Tag AI_TT_011
4/24/2026 10:02:25 AM,202,Warning,WT8-GUI,83093455,HM,Overscaled Channel detected at Tag AI_TT_012
4/24/2026 10:02:25 AM,202,Warning,WT8-GUI,83093456,HM,Overscaled Channel detected at Tag AI_TT_013
4/24/2026 10:02:25 AM,202,Warning,WT8-GUI,83093457,HM,Overscaled Channel detected at Tag AI_TT_014
4/24/2026 10:02:25 AM,202,Warning,WT8-GUI,83093458,HM,Overscaled Channel detected at Tag AI_TT_015
4/24/2026 10:02:25 AM,202,Warning,WT8-GUI,83093459,HM,Overscaled Channel detected at Tag AI_TT_016
4/24/2026 10:02:25 AM,202,Warning,WT8-GUI,83093460,HM,Overscaled Channel detected at Tag AI_TT_017
4/24/2026 10:02:25 AM,202,Warning,WT8-GUI,83093461,HM,Overscaled Channel detected at Tag AI_TT_018
4/24/2026 10:02:25 AM,202,Warning,WT8-GUI,83093462,HM,Overscaled Channel detected at Tag AI_TT_001
4/24/2026 10:02:25 AM,202,Warning,WT8-GUI,83093463,HM,Overscaled Channel detected at Tag AI_TT_019
4/24/2026 10:02:25 AM,202,Warning,WT8-GUI,83093464,HM,Overscaled Channel detected at Tag AI_TT_020
4/24/2026 10:02:25 AM,202,Warning,WT8-GUI,83093465,HM,Overscaled Channel detected at Tag AI_TT_021
4/24/2026 10:02:25 AM,202,Warning,WT8-GUI,83093466,HM,Overscaled Channel detected at Tag AI_TT_022
4/24/2026 10:02:25 AM,202,Warning,WT8-GUI,83093467,HM,Overscaled Channel detected at Tag AI_TT_023
4/24/2026 10:02:25 AM,202,Warning,WT8-GUI,83093468,HM,Overscaled Channel detected at Tag AI_TT_024
4/24/2026 10:02:25 AM,202,Warning,WT8-GUI,83093469,HM,Overscaled Channel detected at Tag AI_TT_025
4/24/2026 10:02:25 AM,202,Warning,WT8-GUI,83093470,HM,Overscaled Channel detected at Tag AI_TT_026
4/24/2026 10:02:25 AM,202,Warning,WT8-GUI,83093471,HM,Overscaled Channel detected at Tag AI_TT_027
4/24/2026 10:02:25 AM,202,Warning,WT8-GUI,83093472,HM,Overscaled Channel detected at Tag AI_TT_028
4/24/2026 10:02:25 AM,202,Warning,WT8-GUI,83093473,HM,Overscaled Channel detected at Tag AI_TT_002
4/24/2026 10:02:25 AM,202,Warning,WT8-GUI,83093474,HM,Overscaled Channel detected at Tag AI_TT_029
4/24/2026 10:02:25 AM,202,Warning,WT8-GUI,83093475,HM,Overscaled Channel detected at Tag AI_TT_030
4/24/2026 10:02:25 AM,202,Warning,WT8-GUI,83093476,HM,Overscaled Channel detected at Tag AI_TT_003
4/24/2026 10:02:25 AM,202,Warning,WT8-GUI,83093477,HM,Overscaled Channel detected at Tag AI_TT_004
4/24/2026 10:02:25 AM,202,Warning,WT8-GUI,83093478,HM,Overscaled Channel detected at Tag AI_TT_005
4/24/2026 10:02:25 AM,202,Warning,WT8-GUI,83093479,HM,Overscaled Channel detected at Tag AI_TT_006
4/24/2026 10:02:25 AM,202,Warning,WT8-GUI,83093480,HM,Overscaled Channel detected at Tag AI_TT_007
4/24/2026 10:02:25 AM,202,Warning,WT8-GUI,83093481,HM,Overscaled Channel detected at Tag AI_TT_008
4/24/2026 10:03:10 AM,301005,Warning,WT8-GUI,83093482,OPC,OPC Server Graybox.Simulator.1 on host localhost has not updated data in 40 minute(s).
4/24/2026 10:03:25 AM,202,Warning,WT8-GUI,83093483,HM,Overscaled Channel detected at Tag AI_Volts_Shunt_001
4/24/2026 10:03:25 AM,202,Warning,WT8-GUI,83093484,HM,Overscaled Channel detected at Tag AI_Volts_Shunt_003
4/24/2026 10:03:25 AM,202,Warning,WT8-GUI,83093485,HM,Overscaled Channel detected at Tag AI_Volts_Shunt_004
4/24/2026 10:03:25 AM,202,Warning,WT8-GUI,83093486,HM,Overscaled Channel detected at Tag AI_TK_000
4/24/2026 10:03:25 AM,202,Warning,WT8-GUI,83093487,HM,Overscaled Channel detected at Tag AI_TK_009
4/24/2026 10:03:25 AM,202,Warning,WT8-GUI,83093488,HM,Overscaled Channel detected at Tag AI_TK_010
4/24/2026 10:03:25 AM,202,Warning,WT8-GUI,83093489,HM,Overscaled Channel detected at Tag AI_TK_011
4/24/2026 10:03:25 AM,202,Warning,WT8-GUI,83093490,HM,Overscaled Channel detected at Tag AI_TK_012
4/24/2026 10:03:25 AM,202,Warning,WT8-GUI,83093491,HM,Overscaled Channel detected at Tag AI_TK_013
4/24/2026 10:03:25 AM,202,Warning,WT8-GUI,83093492,HM,Overscaled Channel detected at Tag AI_TK_014
4/24/2026 10:03:25 AM,202,Warning,WT8-GUI,83093493,HM,Overscaled Channel detected at Tag AI_TK_015
4/24/2026 10:03:25 AM,202,Warning,WT8-GUI,83093494,HM,Overscaled Channel detected at Tag AI_TK_016
4/24/2026 10:03:25 AM,202,Warning,WT8-GUI,83093495,HM,Overscaled Channel detected at Tag AI_TK_017
4/24/2026 10:03:25 AM,202,Warning,WT8-GUI,83093496,HM,Overscaled Channel detected at Tag AI_TK_018
4/24/2026 10:03:25 AM,202,Warning,WT8-GUI,83093497,HM,Overscaled Channel detected at Tag AI_TK_001
4/24/2026 10:03:25 AM,202,Warning,WT8-GUI,83093498,HM,Overscaled Channel detected at Tag AI_TK_019
4/24/2026 10:03:25 AM,202,Warning,WT8-GUI,83093499,HM,Overscaled Channel detected at Tag AI_TK_020
4/24/2026 10:03:25 AM,202,Warning,WT8-GUI,83093500,HM,Overscaled Channel detected at Tag AI_TK_021
4/24/2026 10:03:25 AM,202,Warning,WT8-GUI,83093501,HM,Overscaled Channel detected at Tag AI_TK_022
4/24/2026 10:03:25 AM,202,Warning,WT8-GUI,83093502,HM,Overscaled Channel detected at Tag AI_TK_023
4/24/2026 10:03:25 AM,202,Warning,WT8-GUI,83093503,HM,Overscaled Channel detected at Tag AI_TK_024
4/24/2026 10:03:25 AM,202,Warning,WT8-GUI,83093504,HM,Overscaled Channel detected at Tag AI_TK_025
4/24/2026 10:03:25 AM,202,Warning,WT8-GUI,83093505,HM,Overscaled Channel detected at Tag AI_TK_026
4/24/2026 10:03:25 AM,202,Warning,WT8-GUI,83093506,HM,Overscaled Channel detected at Tag AI_TK_027
4/24/2026 10:03:25 AM,202,Warning,WT8-GUI,83093507,HM,Overscaled Channel detected at Tag AI_TK_028
4/24/2026 10:03:25 AM,202,Warning,WT8-GUI,83093508,HM,Overscaled Channel detected at Tag AI_TK_002
4/24/2026 10:03:25 AM,202,Warning,WT8-GUI,83093509,HM,Overscaled Channel detected at Tag AI_TK_029
4/24/2026 10:03:25 AM,202,Warning,WT8-GUI,83093510,HM,Overscaled Channel detected at Tag AI_TK_030
4/24/2026 10:03:25 AM,202,Warning,WT8-GUI,83093511,HM,Overscaled Channel detected at Tag AI_TK_003
4/24/2026 10:03:25 AM,202,Warning,WT8-GUI,83093512,HM,Overscaled Channel detected at Tag AI_TK_004
4/24/2026 10:03:25 AM,202,Warning,WT8-GUI,83093513,HM,Overscaled Channel detected at Tag AI_TK_005
4/24/2026 10:03:25 AM,202,Warning,WT8-GUI,83093514,HM,Overscaled Channel detected at Tag AI_TK_006
4/24/2026 10:03:25 AM,202,Warning,WT8-GUI,83093515,HM,Overscaled Channel detected at Tag AI_TK_007
4/24/2026 10:03:25 AM,202,Warning,WT8-GUI,83093516,HM,Overscaled Channel detected at Tag AI_TK_008
4/24/2026 10:03:25 AM,202,Warning,WT8-GUI,83093517,HM,Overscaled Channel detected at Tag AI_Volts_Shunt_000
4/24/2026 10:03:25 AM,202,Warning,WT8-GUI,83093518,HM,Overscaled Channel detected at Tag AI_Volts_Shunt_006
4/24/2026 10:03:25 AM,202,Warning,WT8-GUI,83093519,HM,Overscaled Channel detected at Tag AI_Volts_Shunt_007
4/24/2026 10:03:25 AM,202,Warning,WT8-GUI,83093520,HM,Overscaled Channel detected at Tag AI_Volts_Shunt_008
4/24/2026 10:03:25 AM,202,Warning,WT8-GUI,83093521,HM,Overscaled Channel detected at Tag AI_Volts_Shunt_009
4/24/2026 10:03:25 AM,202,Warning,WT8-GUI,83093522,HM,Overscaled Channel detected at Tag AI_Volts_Shunt_010
4/24/2026 10:03:25 AM,202,Warning,WT8-GUI,83093523,HM,Overscaled Channel detected at Tag AI_Volts_Shunt_011
4/24/2026 10:03:25 AM,202,Warning,WT8-GUI,83093524,HM,Overscaled Channel detected at Tag AI_Volts_Shunt_012
4/24/2026 10:03:25 AM,202,Warning,WT8-GUI,83093525,HM,Overscaled Channel detected at Tag AI_Volts_Shunt_013
4/24/2026 10:03:25 AM,202,Warning,WT8-GUI,83093526,HM,Overscaled Channel detected at Tag AI_Volts_Shunt_014
4/24/2026 10:03:25 AM,202,Warning,WT8-GUI,83093527,HM,Overscaled Channel detected at Tag AI_Volts_Shunt_015
4/24/2026 10:03:25 AM,202,Warning,WT8-GUI,83093528,HM,Overscaled Channel detected at Tag AI_Strain_000
4/24/2026 10:03:25 AM,202,Warning,WT8-GUI,83093529,HM,Overscaled Channel detected at Tag AI_Strain_001
4/24/2026 10:03:25 AM,202,Warning,WT8-GUI,83093530,HM,Overscaled Channel detected at Tag AI_Strain_002
4/24/2026 10:03:25 AM,202,Warning,WT8-GUI,83093531,HM,Overscaled Channel detected at Tag AI_Strain_003
4/24/2026 10:03:25 AM,202,Warning,WT8-GUI,83093532,HM,Overscaled Channel detected at Tag AI_Strain_004
4/24/2026 10:03:25 AM,202,Warning,WT8-GUI,83093533,HM,Overscaled Channel detected at Tag AI_Strain_005
4/24/2026 10:03:25 AM,202,Warning,WT8-GUI,83093534,HM,Overscaled Channel detected at Tag AI_Strain_006
4/24/2026 10:03:25 AM,202,Warning,WT8-GUI,83093535,HM,Overscaled Channel detected at Tag AI_Strain_007
4/24/2026 10:03:25 AM,202,Warning,WT8-GUI,83093536,HM,Overscaled Channel detected at Tag AI_TT_000
4/24/2026 10:03:25 AM,202,Warning,WT8-GUI,83093537,HM,Overscaled Channel detected at Tag AI_TT_009
4/24/2026 10:03:25 AM,202,Warning,WT8-GUI,83093538,HM,Overscaled Channel detected at Tag AI_TT_010
4/24/2026 10:03:25 AM,202,Warning,WT8-GUI,83093539,HM,Overscaled Channel detected at Tag AI_TT_011
4/24/2026 10:03:25 AM,202,Warning,WT8-GUI,83093540,HM,Overscaled Channel detected at Tag AI_TT_012
4/24/2026 10:03:25 AM,202,Warning,WT8-GUI,83093541,HM,Overscaled Channel detected at Tag AI_TT_013
4/24/2026 10:03:25 AM,202,Warning,WT8-GUI,83093542,HM,Overscaled Channel detected at Tag AI_TT_014
4/24/2026 10:03:25 AM,202,Warning,WT8-GUI,83093543,HM,Overscaled Channel detected at Tag AI_TT_015
4/24/2026 10:03:25 AM,202,Warning,WT8-GUI,83093544,HM,Overscaled Channel detected at Tag AI_TT_016
4/24/2026 10:03:25 AM,202,Warning,WT8-GUI,83093545,HM,Overscaled Channel detected at Tag AI_TT_017
4/24/2026 10:03:25 AM,202,Warning,WT8-GUI,83093546,HM,Overscaled Channel detected at Tag AI_TT_018
4/24/2026 10:03:25 AM,202,Warning,WT8-GUI,83093547,HM,Overscaled Channel detected at Tag AI_TT_001
4/24/2026 10:03:25 AM,202,Warning,WT8-GUI,83093548,HM,Overscaled Channel detected at Tag AI_TT_019
4/24/2026 10:03:25 AM,202,Warning,WT8-GUI,83093549,HM,Overscaled Channel detected at Tag AI_TT_020
4/24/2026 10:03:25 AM,202,Warning,WT8-GUI,83093550,HM,Overscaled Channel detected at Tag AI_TT_021
4/24/2026 10:03:25 AM,202,Warning,WT8-GUI,83093551,HM,Overscaled Channel detected at Tag AI_TT_022
4/24/2026 10:03:25 AM,202,Warning,WT8-GUI,83093552,HM,Overscaled Channel detected at Tag AI_TT_023
4/24/2026 10:03:25 AM,202,Warning,WT8-GUI,83093553,HM,Overscaled Channel detected at Tag AI_TT_024
4/24/2026 10:03:25 AM,202,Warning,WT8-GUI,83093554,HM,Overscaled Channel detected at Tag AI_TT_025
4/24/2026 10:03:25 AM,202,Warning,WT8-GUI,83093555,HM,Overscaled Channel detected at Tag AI_TT_026
4/24/2026 10:03:25 AM,202,Warning,WT8-GUI,83093556,HM,Overscaled Channel detected at Tag AI_TT_027
4/24/2026 10:03:25 AM,202,Warning,WT8-GUI,83093557,HM,Overscaled Channel detected at Tag AI_TT_028
4/24/2026 10:03:25 AM,202,Warning,WT8-GUI,83093558,HM,Overscaled Channel detected at Tag AI_TT_002
4/24/2026 10:03:25 AM,202,Warning,WT8-GUI,83093559,HM,Overscaled Channel detected at Tag AI_TT_029
4/24/2026 10:03:25 AM,202,Warning,WT8-GUI,83093560,HM,Overscaled Channel detected at Tag AI_TT_030
4/24/2026 10:03:25 AM,202,Warning,WT8-GUI,83093561,HM,Overscaled Channel detected at Tag AI_TT_003
4/24/2026 10:03:25 AM,202,Warning,WT8-GUI,83093562,HM,Overscaled Channel detected at Tag AI_TT_004
4/24/2026 10:03:25 AM,202,Warning,WT8-GUI,83093563,HM,Overscaled Channel detected at Tag AI_TT_005
4/24/2026 10:03:25 AM,202,Warning,WT8-GUI,83093564,HM,Overscaled Channel detected at Tag AI_TT_006
4/24/2026 10:03:25 AM,202,Warning,WT8-GUI,83093565,HM,Overscaled Channel detected at Tag AI_TT_007
4/24/2026 10:03:25 AM,202,Warning,WT8-GUI,83093566,HM,Overscaled Channel detected at Tag AI_TT_008
4/24/2026 10:04:10 AM,301005,Warning,WT8-GUI,83093567,OPC,OPC Server Graybox.Simulator.1 on host localhost has not updated data in 41 minute(s).
4/24/2026 10:04:25 AM,202,Warning,WT8-GUI,83093568,HM,Overscaled Channel detected at Tag AI_Volts_Shunt_001
4/24/2026 10:04:25 AM,202,Warning,WT8-GUI,83093569,HM,Overscaled Channel detected at Tag AI_Volts_Shunt_003
4/24/2026 10:04:25 AM,202,Warning,WT8-GUI,83093570,HM,Overscaled Channel detected at Tag AI_Volts_Shunt_004
4/24/2026 10:04:25 AM,202,Warning,WT8-GUI,83093571,HM,Overscaled Channel detected at Tag AI_TK_000
4/24/2026 10:04:25 AM,202,Warning,WT8-GUI,83093572,HM,Overscaled Channel detected at Tag AI_TK_009
4/24/2026 10:04:25 AM,202,Warning,WT8-GUI,83093573,HM,Overscaled Channel detected at Tag AI_TK_010
4/24/2026 10:04:25 AM,202,Warning,WT8-GUI,83093574,HM,Overscaled Channel detected at Tag AI_TK_011
4/24/2026 10:04:25 AM,202,Warning,WT8-GUI,83093575,HM,Overscaled Channel detected at Tag AI_TK_012
4/24/2026 10:04:25 AM,202,Warning,WT8-GUI,83093576,HM,Overscaled Channel detected at Tag AI_TK_013
4/24/2026 10:04:25 AM,202,Warning,WT8-GUI,83093577,HM,Overscaled Channel detected at Tag AI_TK_014
4/24/2026 10:04:25 AM,202,Warning,WT8-GUI,83093578,HM,Overscaled Channel detected at Tag AI_TK_015
4/24/2026 10:04:25 AM,202,Warning,WT8-GUI,83093579,HM,Overscaled Channel detected at Tag AI_TK_016
4/24/2026 10:04:25 AM,202,Warning,WT8-GUI,83093580,HM,Overscaled Channel detected at Tag AI_TK_017
4/24/2026 10:04:25 AM,202,Warning,WT8-GUI,83093581,HM,Overscaled Channel detected at Tag AI_TK_018
4/24/2026 10:04:25 AM,202,Warning,WT8-GUI,83093582,HM,Overscaled Channel detected at Tag AI_TK_001
4/24/2026 10:04:25 AM,202,Warning,WT8-GUI,83093583,HM,Overscaled Channel detected at Tag AI_TK_019
4/24/2026 10:04:25 AM,202,Warning,WT8-GUI,83093584,HM,Overscaled Channel detected at Tag AI_TK_020
4/24/2026 10:04:25 AM,202,Warning,WT8-GUI,83093585,HM,Overscaled Channel detected at Tag AI_TK_021
4/24/2026 10:04:25 AM,202,Warning,WT8-GUI,83093586,HM,Overscaled Channel detected at Tag AI_TK_022
4/24/2026 10:04:25 AM,202,Warning,WT8-GUI,83093587,HM,Overscaled Channel detected at Tag AI_TK_023
4/24/2026 10:04:25 AM,202,Warning,WT8-GUI,83093588,HM,Overscaled Channel detected at Tag AI_TK_024
4/24/2026 10:04:25 AM,202,Warning,WT8-GUI,83093589,HM,Overscaled Channel detected at Tag AI_TK_025
4/24/2026 10:04:25 AM,202,Warning,WT8-GUI,83093590,HM,Overscaled Channel detected at Tag AI_TK_026
4/24/2026 10:04:25 AM,202,Warning,WT8-GUI,83093591,HM,Overscaled Channel detected at Tag AI_TK_027
4/24/2026 10:04:25 AM,202,Warning,WT8-GUI,83093592,HM,Overscaled Channel detected at Tag AI_TK_028
4/24/2026 10:04:25 AM,202,Warning,WT8-GUI,83093593,HM,Overscaled Channel detected at Tag AI_TK_002
4/24/2026 10:04:25 AM,202,Warning,WT8-GUI,83093594,HM,Overscaled Channel detected at Tag AI_TK_029
4/24/2026 10:04:25 AM,202,Warning,WT8-GUI,83093595,HM,Overscaled Channel detected at Tag AI_TK_030
4/24/2026 10:04:25 AM,202,Warning,WT8-GUI,83093596,HM,Overscaled Channel detected at Tag AI_TK_003
4/24/2026 10:04:25 AM,202,Warning,WT8-GUI,83093597,HM,Overscaled Channel detected at Tag AI_TK_004
4/24/2026 10:04:25 AM,202,Warning,WT8-GUI,83093598,HM,Overscaled Channel detected at Tag AI_TK_005
4/24/2026 10:04:25 AM,202,Warning,WT8-GUI,83093599,HM,Overscaled Channel detected at Tag AI_TK_006
4/24/2026 10:04:25 AM,202,Warning,WT8-GUI,83093600,HM,Overscaled Channel detected at Tag AI_TK_007
4/24/2026 10:04:25 AM,202,Warning,WT8-GUI,83093601,HM,Overscaled Channel detected at Tag AI_TK_008
4/24/2026 10:04:25 AM,202,Warning,WT8-GUI,83093602,HM,Overscaled Channel detected at Tag AI_Volts_Shunt_000
4/24/2026 10:04:25 AM,202,Warning,WT8-GUI,83093603,HM,Overscaled Channel detected at Tag AI_Volts_Shunt_006
4/24/2026 10:04:25 AM,202,Warning,WT8-GUI,83093604,HM,Overscaled Channel detected at Tag AI_Volts_Shunt_007
4/24/2026 10:04:25 AM,202,Warning,WT8-GUI,83093605,HM,Overscaled Channel detected at Tag AI_Volts_Shunt_008
4/24/2026 10:04:25 AM,202,Warning,WT8-GUI,83093606,HM,Overscaled Channel detected at Tag AI_Volts_Shunt_009
4/24/2026 10:04:25 AM,202,Warning,WT8-GUI,83093607,HM,Overscaled Channel detected at Tag AI_Volts_Shunt_010
4/24/2026 10:04:25 AM,202,Warning,WT8-GUI,83093608,HM,Overscaled Channel detected at Tag AI_Volts_Shunt_011
4/24/2026 10:04:25 AM,202,Warning,WT8-GUI,83093609,HM,Overscaled Channel detected at Tag AI_Volts_Shunt_012
4/24/2026 10:04:25 AM,202,Warning,WT8-GUI,83093610,HM,Overscaled Channel detected at Tag AI_Volts_Shunt_013
4/24/2026 10:04:25 AM,202,Warning,WT8-GUI,83093611,HM,Overscaled Channel detected at Tag AI_Volts_Shunt_014
4/24/2026 10:04:25 AM,202,Warning,WT8-GUI,83093612,HM,Overscaled Channel detected at Tag AI_Volts_Shunt_015
4/24/2026 10:04:25 AM,202,Warning,WT8-GUI,83093613,HM,Overscaled Channel detected at Tag AI_Strain_000
4/24/2026 10:04:25 AM,202,Warning,WT8-GUI,83093614,HM,Overscaled Channel detected at Tag AI_Strain_001
4/24/2026 10:04:25 AM,202,Warning,WT8-GUI,83093615,HM,Overscaled Channel detected at Tag AI_Strain_002
4/24/2026 10:04:25 AM,202,Warning,WT8-GUI,83093616,HM,Overscaled Channel detected at Tag AI_Strain_003
4/24/2026 10:04:25 AM,202,Warning,WT8-GUI,83093617,HM,Overscaled Channel detected at Tag AI_Strain_004
4/24/2026 10:04:25 AM,202,Warning,WT8-GUI,83093618,HM,Overscaled Channel detected at Tag AI_Strain_005
4/24/2026 10:04:25 AM,202,Warning,WT8-GUI,83093619,HM,Overscaled Channel detected at Tag AI_Strain_006
4/24/2026 10:04:25 AM,202,Warning,WT8-GUI,83093620,HM,Overscaled Channel detected at Tag AI_Strain_007
4/24/2026 10:04:25 AM,202,Warning,WT8-GUI,83093621,HM,Overscaled Channel detected at Tag AI_TT_000
4/24/2026 10:04:25 AM,202,Warning,WT8-GUI,83093622,HM,Overscaled Channel detected at Tag AI_TT_009
4/24/2026 10:04:25 AM,202,Warning,WT8-GUI,83093623,HM,Overscaled Channel detected at Tag AI_TT_010
4/24/2026 10:04:25 AM,202,Warning,WT8-GUI,83093624,HM,Overscaled Channel detected at Tag AI_TT_011
4/24/2026 10:04:25 AM,202,Warning,WT8-GUI,83093625,HM,Overscaled Channel detected at Tag AI_TT_012
4/24/2026 10:04:25 AM,202,Warning,WT8-GUI,83093626,HM,Overscaled Channel detected at Tag AI_TT_013
4/24/2026 10:04:25 AM,202,Warning,WT8-GUI,83093627,HM,Overscaled Channel detected at Tag AI_TT_014
4/24/2026 10:04:25 AM,202,Warning,WT8-GUI,83093628,HM,Overscaled Channel detected at Tag AI_TT_015
4/24/2026 10:04:25 AM,202,Warning,WT8-GUI,83093629,HM,Overscaled Channel detected at Tag AI_TT_016
4/24/2026 10:04:25 AM,202,Warning,WT8-GUI,83093630,HM,Overscaled Channel detected at Tag AI_TT_017
4/24/2026 10:04:25 AM,202,Warning,WT8-GUI,83093631,HM,Overscaled Channel detected at Tag AI_TT_018
4/24/2026 10:04:25 AM,202,Warning,WT8-GUI,83093632,HM,Overscaled Channel detected at Tag AI_TT_001
4/24/2026 10:04:25 AM,202,Warning,WT8-GUI,83093633,HM,Overscaled Channel detected at Tag AI_TT_019
4/24/2026 10:04:25 AM,202,Warning,WT8-GUI,83093634,HM,Overscaled Channel detected at Tag AI_TT_020
4/24/2026 10:04:25 AM,202,Warning,WT8-GUI,83093635,HM,Overscaled Channel detected at Tag AI_TT_021
4/24/2026 10:04:25 AM,202,Warning,WT8-GUI,83093636,HM,Overscaled Channel detected at Tag AI_TT_022
4/24/2026 10:04:25 AM,202,Warning,WT8-GUI,83093637,HM,Overscaled Channel detected at Tag AI_TT_023
4/24/2026 10:04:25 AM,202,Warning,WT8-GUI,83093638,HM,Overscaled Channel detected at Tag AI_TT_024
4/24/2026 10:04:25 AM,202,Warning,WT8-GUI,83093639,HM,Overscaled Channel detected at Tag AI_TT_025
4/24/2026 10:04:25 AM,202,Warning,WT8-GUI,83093640,HM,Overscaled Channel detected at Tag AI_TT_026
4/24/2026 10:04:25 AM,202,Warning,WT8-GUI,83093641,HM,Overscaled Channel detected at Tag AI_TT_027
4/24/2026 10:04:25 AM,202,Warning,WT8-GUI,83093642,HM,Overscaled Channel detected at Tag AI_TT_028
4/24/2026 10:04:25 AM,202,Warning,WT8-GUI,83093643,HM,Overscaled Channel detected at Tag AI_TT_002
4/24/2026 10:04:25 AM,202,Warning,WT8-GUI,83093644,HM,Overscaled Channel detected at Tag AI_TT_029
4/24/2026 10:04:25 AM,202,Warning,WT8-GUI,83093645,HM,Overscaled Channel detected at Tag AI_TT_030
4/24/2026 10:04:25 AM,202,Warning,WT8-GUI,83093646,HM,Overscaled Channel detected at Tag AI_TT_003
4/24/2026 10:04:25 AM,202,Warning,WT8-GUI,83093647,HM,Overscaled Channel detected at Tag AI_TT_004
4/24/2026 10:04:25 AM,202,Warning,WT8-GUI,83093648,HM,Overscaled Channel detected at Tag AI_TT_005
4/24/2026 10:04:25 AM,202,Warning,WT8-GUI,83093649,HM,Overscaled Channel detected at Tag AI_TT_006
4/24/2026 10:04:25 AM,202,Warning,WT8-GUI,83093650,HM,Overscaled Channel detected at Tag AI_TT_007
4/24/2026 10:04:25 AM,202,Warning,WT8-GUI,83093651,HM,Overscaled Channel detected at Tag AI_TT_008
4/24/2026 10:05:10 AM,301005,Warning,WT8-GUI,83093652,OPC,OPC Server Graybox.Simulator.1 on host localhost has not updated data in 42 minute(s).
4/24/2026 10:05:25 AM,202,Warning,WT8-GUI,83093653,HM,Overscaled Channel detected at Tag AI_Volts_Shunt_001
4/24/2026 10:05:25 AM,202,Warning,WT8-GUI,83093654,HM,Overscaled Channel detected at Tag AI_Volts_Shunt_003
4/24/2026 10:05:25 AM,202,Warning,WT8-GUI,83093655,HM,Overscaled Channel detected at Tag AI_Volts_Shunt_004
4/24/2026 10:05:25 AM,202,Warning,WT8-GUI,83093656,HM,Overscaled Channel detected at Tag AI_TK_000
4/24/2026 10:05:25 AM,202,Warning,WT8-GUI,83093657,HM,Overscaled Channel detected at Tag AI_TK_009
4/24/2026 10:05:25 AM,202,Warning,WT8-GUI,83093658,HM,Overscaled Channel detected at Tag AI_TK_010
4/24/2026 10:05:25 AM,202,Warning,WT8-GUI,83093659,HM,Overscaled Channel detected at Tag AI_TK_011
4/24/2026 10:05:25 AM,202,Warning,WT8-GUI,83093660,HM,Overscaled Channel detected at Tag AI_TK_012
4/24/2026 10:05:25 AM,202,Warning,WT8-GUI,83093661,HM,Overscaled Channel detected at Tag AI_TK_013
4/24/2026 10:05:25 AM,202,Warning,WT8-GUI,83093662,HM,Overscaled Channel detected at Tag AI_TK_014
4/24/2026 10:05:25 AM,202,Warning,WT8-GUI,83093663,HM,Overscaled Channel detected at Tag AI_TK_015
4/24/2026 10:05:25 AM,202,Warning,WT8-GUI,83093664,HM,Overscaled Channel detected at Tag AI_TK_016
4/24/2026 10:05:25 AM,202,Warning,WT8-GUI,83093665,HM,Overscaled Channel detected at Tag AI_TK_017
4/24/2026 10:05:25 AM,202,Warning,WT8-GUI,83093666,HM,Overscaled Channel detected at Tag AI_TK_018
4/24/2026 10:05:25 AM,202,Warning,WT8-GUI,83093667,HM,Overscaled Channel detected at Tag AI_TK_001
4/24/2026 10:05:25 AM,202,Warning,WT8-GUI,83093668,HM,Overscaled Channel detected at Tag AI_TK_019
4/24/2026 10:05:25 AM,202,Warning,WT8-GUI,83093669,HM,Overscaled Channel detected at Tag AI_TK_020
4/24/2026 10:05:25 AM,202,Warning,WT8-GUI,83093670,HM,Overscaled Channel detected at Tag AI_TK_021
4/24/2026 10:05:25 AM,202,Warning,WT8-GUI,83093671,HM,Overscaled Channel detected at Tag AI_TK_022
4/24/2026 10:05:25 AM,202,Warning,WT8-GUI,83093672,HM,Overscaled Channel detected at Tag AI_TK_023
4/24/2026 10:05:25 AM,202,Warning,WT8-GUI,83093673,HM,Overscaled Channel detected at Tag AI_TK_024
4/24/2026 10:05:25 AM,202,Warning,WT8-GUI,83093674,HM,Overscaled Channel detected at Tag AI_TK_025
4/24/2026 10:05:25 AM,202,Warning,WT8-GUI,83093675,HM,Overscaled Channel detected at Tag AI_TK_026
4/24/2026 10:05:25 AM,202,Warning,WT8-GUI,83093676,HM,Overscaled Channel detected at Tag AI_TK_027
4/24/2026 10:05:25 AM,202,Warning,WT8-GUI,83093677,HM,Overscaled Channel detected at Tag AI_TK_028
4/24/2026 10:05:25 AM,202,Warning,WT8-GUI,83093678,HM,Overscaled Channel detected at Tag AI_TK_002
4/24/2026 10:05:25 AM,202,Warning,WT8-GUI,83093679,HM,Overscaled Channel detected at Tag AI_TK_029
4/24/2026 10:05:25 AM,202,Warning,WT8-GUI,83093680,HM,Overscaled Channel detected at Tag AI_TK_030
4/24/2026 10:05:25 AM,202,Warning,WT8-GUI,83093681,HM,Overscaled Channel detected at Tag AI_TK_003
4/24/2026 10:05:25 AM,202,Warning,WT8-GUI,83093682,HM,Overscaled Channel detected at Tag AI_TK_004
4/24/2026 10:05:25 AM,202,Warning,WT8-GUI,83093683,HM,Overscaled Channel detected at Tag AI_TK_005
4/24/2026 10:05:25 AM,202,Warning,WT8-GUI,83093684,HM,Overscaled Channel detected at Tag AI_TK_006
4/24/2026 10:05:25 AM,202,Warning,WT8-GUI,83093685,HM,Overscaled Channel detected at Tag AI_TK_007
4/24/2026 10:05:25 AM,202,Warning,WT8-GUI,83093686,HM,Overscaled Channel detected at Tag AI_TK_008
4/24/2026 10:05:25 AM,202,Warning,WT8-GUI,83093687,HM,Overscaled Channel detected at Tag AI_Volts_Shunt_000
4/24/2026 10:05:25 AM,202,Warning,WT8-GUI,83093688,HM,Overscaled Channel detected at Tag AI_Volts_Shunt_006
4/24/2026 10:05:25 AM,202,Warning,WT8-GUI,83093689,HM,Overscaled Channel detected at Tag AI_Volts_Shunt_007
4/24/2026 10:05:25 AM,202,Warning,WT8-GUI,83093690,HM,Overscaled Channel detected at Tag AI_Volts_Shunt_008
4/24/2026 10:05:25 AM,202,Warning,WT8-GUI,83093691,HM,Overscaled Channel detected at Tag AI_Volts_Shunt_009
4/24/2026 10:05:25 AM,202,Warning,WT8-GUI,83093692,HM,Overscaled Channel detected at Tag AI_Volts_Shunt_010
4/24/2026 10:05:25 AM,202,Warning,WT8-GUI,83093693,HM,Overscaled Channel detected at Tag AI_Volts_Shunt_011
4/24/2026 10:05:25 AM,202,Warning,WT8-GUI,83093694,HM,Overscaled Channel detected at Tag AI_Volts_Shunt_012
4/24/2026 10:05:25 AM,202,Warning,WT8-GUI,83093695,HM,Overscaled Channel detected at Tag AI_Volts_Shunt_013
4/24/2026 10:05:25 AM,202,Warning,WT8-GUI,83093696,HM,Overscaled Channel detected at Tag AI_Volts_Shunt_014
4/24/2026 10:05:25 AM,202,Warning,WT8-GUI,83093697,HM,Overscaled Channel detected at Tag AI_Volts_Shunt_015
4/24/2026 10:05:25 AM,202,Warning,WT8-GUI,83093698,HM,Overscaled Channel detected at Tag AI_Strain_000
4/24/2026 10:05:25 AM,202,Warning,WT8-GUI,83093699,HM,Overscaled Channel detected at Tag AI_Strain_001
4/24/2026 10:05:25 AM,202,Warning,WT8-GUI,83093700,HM,Overscaled Channel detected at Tag AI_Strain_002
4/24/2026 10:05:25 AM,202,Warning,WT8-GUI,83093701,HM,Overscaled Channel detected at Tag AI_Strain_003
4/24/2026 10:05:25 AM,202,Warning,WT8-GUI,83093702,HM,Overscaled Channel detected at Tag AI_Strain_004
4/24/2026 10:05:25 AM,202,Warning,WT8-GUI,83093703,HM,Overscaled Channel detected at Tag AI_Strain_005
4/24/2026 10:05:25 AM,202,Warning,WT8-GUI,83093704,HM,Overscaled Channel detected at Tag AI_Strain_006
4/24/2026 10:05:25 AM,202,Warning,WT8-GUI,83093705,HM,Overscaled Channel detected at Tag AI_Strain_007
4/24/2026 10:05:25 AM,202,Warning,WT8-GUI,83093706,HM,Overscaled Channel detected at Tag AI_TT_000
4/24/2026 10:05:25 AM,202,Warning,WT8-GUI,83093707,HM,Overscaled Channel detected at Tag AI_TT_009
4/24/2026 10:05:25 AM,202,Warning,WT8-GUI,83093708,HM,Overscaled Channel detected at Tag AI_TT_010
4/24/2026 10:05:25 AM,202,Warning,WT8-GUI,83093709,HM,Overscaled Channel detected at Tag AI_TT_011
4/24/2026 10:05:25 AM,202,Warning,WT8-GUI,83093710,HM,Overscaled Channel detected at Tag AI_TT_012
4/24/2026 10:05:25 AM,202,Warning,WT8-GUI,83093711,HM,Overscaled Channel detected at Tag AI_TT_013
4/24/2026 10:05:25 AM,202,Warning,WT8-GUI,83093712,HM,Overscaled Channel detected at Tag AI_TT_014
4/24/2026 10:05:25 AM,202,Warning,WT8-GUI,83093713,HM,Overscaled Channel detected at Tag AI_TT_015
4/24/2026 10:05:25 AM,202,Warning,WT8-GUI,83093714,HM,Overscaled Channel detected at Tag AI_TT_016
4/24/2026 10:05:25 AM,202,Warning,WT8-GUI,83093715,HM,Overscaled Channel detected at Tag AI_TT_017
4/24/2026 10:05:25 AM,202,Warning,WT8-GUI,83093716,HM,Overscaled Channel detected at Tag AI_TT_018
4/24/2026 10:05:25 AM,202,Warning,WT8-GUI,83093717,HM,Overscaled Channel detected at Tag AI_TT_001
4/24/2026 10:05:25 AM,202,Warning,WT8-GUI,83093718,HM,Overscaled Channel detected at Tag AI_TT_019
4/24/2026 10:05:25 AM,202,Warning,WT8-GUI,83093719,HM,Overscaled Channel detected at Tag AI_TT_020
4/24/2026 10:05:25 AM,202,Warning,WT8-GUI,83093720,HM,Overscaled Channel detected at Tag AI_TT_021
4/24/2026 10:05:25 AM,202,Warning,WT8-GUI,83093721,HM,Overscaled Channel detected at Tag AI_TT_022
4/24/2026 10:05:25 AM,202,Warning,WT8-GUI,83093722,HM,Overscaled Channel detected at Tag AI_TT_023
4/24/2026 10:05:25 AM,202,Warning,WT8-GUI,83093723,HM,Overscaled Channel detected at Tag AI_TT_024
4/24/2026 10:05:25 AM,202,Warning,WT8-GUI,83093724,HM,Overscaled Channel detected at Tag AI_TT_025
4/24/2026 10:05:25 AM,202,Warning,WT8-GUI,83093725,HM,Overscaled Channel detected at Tag AI_TT_026
4/24/2026 10:05:25 AM,202,Warning,WT8-GUI,83093726,HM,Overscaled Channel detected at Tag AI_TT_027
4/24/2026 10:05:25 AM,202,Warning,WT8-GUI,83093727,HM,Overscaled Channel detected at Tag AI_TT_028
4/24/2026 10:05:25 AM,202,Warning,WT8-GUI,83093728,HM,Overscaled Channel detected at Tag AI_TT_002
4/24/2026 10:05:25 AM,202,Warning,WT8-GUI,83093729,HM,Overscaled Channel detected at Tag AI_TT_029
4/24/2026 10:05:25 AM,202,Warning,WT8-GUI,83093730,HM,Overscaled Channel detected at Tag AI_TT_030
4/24/2026 10:05:25 AM,202,Warning,WT8-GUI,83093731,HM,Overscaled Channel detected at Tag AI_TT_003
4/24/2026 10:05:25 AM,202,Warning,WT8-GUI,83093732,HM,Overscaled Channel detected at Tag AI_TT_004
4/24/2026 10:05:25 AM,202,Warning,WT8-GUI,83093733,HM,Overscaled Channel detected at Tag AI_TT_005
4/24/2026 10:05:25 AM,202,Warning,WT8-GUI,83093734,HM,Overscaled Channel detected at Tag AI_TT_006
4/24/2026 10:05:25 AM,202,Warning,WT8-GUI,83093735,HM,Overscaled Channel detected at Tag AI_TT_007
4/24/2026 10:05:25 AM,202,Warning,WT8-GUI,83093736,HM,Overscaled Channel detected at Tag AI_TT_008
4/24/2026 10:06:10 AM,301005,Warning,WT8-GUI,83093737,OPC,OPC Server Graybox.Simulator.1 on host localhost has not updated data in 43 minute(s).
4/24/2026 10:06:25 AM,202,Warning,WT8-GUI,83093738,HM,Overscaled Channel detected at Tag AI_Volts_Shunt_001
4/24/2026 10:06:25 AM,202,Warning,WT8-GUI,83093739,HM,Overscaled Channel detected at Tag AI_Volts_Shunt_003
4/24/2026 10:06:25 AM,202,Warning,WT8-GUI,83093740,HM,Overscaled Channel detected at Tag AI_Volts_Shunt_004
4/24/2026 10:06:25 AM,202,Warning,WT8-GUI,83093741,HM,Overscaled Channel detected at Tag AI_TK_000
4/24/2026 10:06:25 AM,202,Warning,WT8-GUI,83093742,HM,Overscaled Channel detected at Tag AI_TK_009
4/24/2026 10:06:25 AM,202,Warning,WT8-GUI,83093743,HM,Overscaled Channel detected at Tag AI_TK_010
4/24/2026 10:06:25 AM,202,Warning,WT8-GUI,83093744,HM,Overscaled Channel detected at Tag AI_TK_011
4/24/2026 10:06:25 AM,202,Warning,WT8-GUI,83093745,HM,Overscaled Channel detected at Tag AI_TK_012
4/24/2026 10:06:25 AM,202,Warning,WT8-GUI,83093746,HM,Overscaled Channel detected at Tag AI_TK_013
4/24/2026 10:06:25 AM,202,Warning,WT8-GUI,83093747,HM,Overscaled Channel detected at Tag AI_TK_014
4/24/2026 10:06:25 AM,202,Warning,WT8-GUI,83093748,HM,Overscaled Channel detected at Tag AI_TK_015
4/24/2026 10:06:25 AM,202,Warning,WT8-GUI,83093749,HM,Overscaled Channel detected at Tag AI_TK_016
4/24/2026 10:06:25 AM,202,Warning,WT8-GUI,83093750,HM,Overscaled Channel detected at Tag AI_TK_017
4/24/2026 10:06:25 AM,202,Warning,WT8-GUI,83093751,HM,Overscaled Channel detected at Tag AI_TK_018
4/24/2026 10:06:25 AM,202,Warning,WT8-GUI,83093752,HM,Overscaled Channel detected at Tag AI_TK_001
4/24/2026 10:06:25 AM,202,Warning,WT8-GUI,83093753,HM,Overscaled Channel detected at Tag AI_TK_019
4/24/2026 10:06:25 AM,202,Warning,WT8-GUI,83093754,HM,Overscaled Channel detected at Tag AI_TK_020
4/24/2026 10:06:25 AM,202,Warning,WT8-GUI,83093755,HM,Overscaled Channel detected at Tag AI_TK_021
4/24/2026 10:06:25 AM,202,Warning,WT8-GUI,83093756,HM,Overscaled Channel detected at Tag AI_TK_022
4/24/2026 10:06:25 AM,202,Warning,WT8-GUI,83093757,HM,Overscaled Channel detected at Tag AI_TK_023
4/24/2026 10:06:25 AM,202,Warning,WT8-GUI,83093758,HM,Overscaled Channel detected at Tag AI_TK_024
4/24/2026 10:06:25 AM,202,Warning,WT8-GUI,83093759,HM,Overscaled Channel detected at Tag AI_TK_025
4/24/2026 10:06:25 AM,202,Warning,WT8-GUI,83093760,HM,Overscaled Channel detected at Tag AI_TK_026
4/24/2026 10:06:25 AM,202,Warning,WT8-GUI,83093761,HM,Overscaled Channel detected at Tag AI_TK_027
4/24/2026 10:06:25 AM,202,Warning,WT8-GUI,83093762,HM,Overscaled Channel detected at Tag AI_TK_028
4/24/2026 10:06:25 AM,202,Warning,WT8-GUI,83093763,HM,Overscaled Channel detected at Tag AI_TK_002
4/24/2026 10:06:25 AM,202,Warning,WT8-GUI,83093764,HM,Overscaled Channel detected at Tag AI_TK_029
4/24/2026 10:06:25 AM,202,Warning,WT8-GUI,83093765,HM,Overscaled Channel detected at Tag AI_TK_030
4/24/2026 10:06:25 AM,202,Warning,WT8-GUI,83093766,HM,Overscaled Channel detected at Tag AI_TK_003
4/24/2026 10:06:25 AM,202,Warning,WT8-GUI,83093767,HM,Overscaled Channel detected at Tag AI_TK_004
4/24/2026 10:06:25 AM,202,Warning,WT8-GUI,83093768,HM,Overscaled Channel detected at Tag AI_TK_005
4/24/2026 10:06:25 AM,202,Warning,WT8-GUI,83093769,HM,Overscaled Channel detected at Tag AI_TK_006
4/24/2026 10:06:25 AM,202,Warning,WT8-GUI,83093770,HM,Overscaled Channel detected at Tag AI_TK_007
4/24/2026 10:06:25 AM,202,Warning,WT8-GUI,83093771,HM,Overscaled Channel detected at Tag AI_TK_008
4/24/2026 10:06:25 AM,202,Warning,WT8-GUI,83093772,HM,Overscaled Channel detected at Tag AI_Volts_Shunt_000
4/24/2026 10:06:25 AM,202,Warning,WT8-GUI,83093773,HM,Overscaled Channel detected at Tag AI_Volts_Shunt_006
4/24/2026 10:06:25 AM,202,Warning,WT8-GUI,83093774,HM,Overscaled Channel detected at Tag AI_Volts_Shunt_007
4/24/2026 10:06:25 AM,202,Warning,WT8-GUI,83093775,HM,Overscaled Channel detected at Tag AI_Volts_Shunt_008
4/24/2026 10:06:25 AM,202,Warning,WT8-GUI,83093776,HM,Overscaled Channel detected at Tag AI_Volts_Shunt_009
4/24/2026 10:06:25 AM,202,Warning,WT8-GUI,83093777,HM,Overscaled Channel detected at Tag AI_Volts_Shunt_010
4/24/2026 10:06:25 AM,202,Warning,WT8-GUI,83093778,HM,Overscaled Channel detected at Tag AI_Volts_Shunt_011
4/24/2026 10:06:25 AM,202,Warning,WT8-GUI,83093779,HM,Overscaled Channel detected at Tag AI_Volts_Shunt_012
4/24/2026 10:06:25 AM,202,Warning,WT8-GUI,83093780,HM,Overscaled Channel detected at Tag AI_Volts_Shunt_013
4/24/2026 10:06:25 AM,202,Warning,WT8-GUI,83093781,HM,Overscaled Channel detected at Tag AI_Volts_Shunt_014
4/24/2026 10:06:25 AM,202,Warning,WT8-GUI,83093782,HM,Overscaled Channel detected at Tag AI_Volts_Shunt_015
4/24/2026 10:06:25 AM,202,Warning,WT8-GUI,83093783,HM,Overscaled Channel detected at Tag AI_Strain_000
4/24/2026 10:06:25 AM,202,Warning,WT8-GUI,83093784,HM,Overscaled Channel detected at Tag AI_Strain_001
4/24/2026 10:06:25 AM,202,Warning,WT8-GUI,83093785,HM,Overscaled Channel detected at Tag AI_Strain_002
4/24/2026 10:06:25 AM,202,Warning,WT8-GUI,83093786,HM,Overscaled Channel detected at Tag AI_Strain_003
4/24/2026 10:06:25 AM,202,Warning,WT8-GUI,83093787,HM,Overscaled Channel detected at Tag AI_Strain_004
4/24/2026 10:06:25 AM,202,Warning,WT8-GUI,83093788,HM,Overscaled Channel detected at Tag AI_Strain_005
4/24/2026 10:06:25 AM,202,Warning,WT8-GUI,83093789,HM,Overscaled Channel detected at Tag AI_Strain_006
4/24/2026 10:06:25 AM,202,Warning,WT8-GUI,83093790,HM,Overscaled Channel detected at Tag AI_Strain_007
4/24/2026 10:06:25 AM,202,Warning,WT8-GUI,83093791,HM,Overscaled Channel detected at Tag AI_TT_000
4/24/2026 10:06:25 AM,202,Warning,WT8-GUI,83093792,HM,Overscaled Channel detected at Tag AI_TT_009
4/24/2026 10:06:25 AM,202,Warning,WT8-GUI,83093793,HM,Overscaled Channel detected at Tag AI_TT_010
4/24/2026 10:06:25 AM,202,Warning,WT8-GUI,83093794,HM,Overscaled Channel detected at Tag AI_TT_011
4/24/2026 10:06:25 AM,202,Warning,WT8-GUI,83093795,HM,Overscaled Channel detected at Tag AI_TT_012
4/24/2026 10:06:25 AM,202,Warning,WT8-GUI,83093796,HM,Overscaled Channel detected at Tag AI_TT_013
4/24/2026 10:06:25 AM,202,Warning,WT8-GUI,83093797,HM,Overscaled Channel detected at Tag AI_TT_014
4/24/2026 10:06:25 AM,202,Warning,WT8-GUI,83093798,HM,Overscaled Channel detected at Tag AI_TT_015
4/24/2026 10:06:25 AM,202,Warning,WT8-GUI,83093799,HM,Overscaled Channel detected at Tag AI_TT_016
4/24/2026 10:06:25 AM,202,Warning,WT8-GUI,83093800,HM,Overscaled Channel detected at Tag AI_TT_017
4/24/2026 10:06:25 AM,202,Warning,WT8-GUI,83093801,HM,Overscaled Channel detected at Tag AI_TT_018
4/24/2026 10:06:25 AM,202,Warning,WT8-GUI,83093802,HM,Overscaled Channel detected at Tag AI_TT_001
4/24/2026 10:06:25 AM,202,Warning,WT8-GUI,83093803,HM,Overscaled Channel detected at Tag AI_TT_019
4/24/2026 10:06:25 AM,202,Warning,WT8-GUI,83093804,HM,Overscaled Channel detected at Tag AI_TT_020
4/24/2026 10:06:25 AM,202,Warning,WT8-GUI,83093805,HM,Overscaled Channel detected at Tag AI_TT_021
4/24/2026 10:06:25 AM,202,Warning,WT8-GUI,83093806,HM,Overscaled Channel detected at Tag AI_TT_022
4/24/2026 10:06:25 AM,202,Warning,WT8-GUI,83093807,HM,Overscaled Channel detected at Tag AI_TT_023
4/24/2026 10:06:25 AM,202,Warning,WT8-GUI,83093808,HM,Overscaled Channel detected at Tag AI_TT_024
4/24/2026 10:06:25 AM,202,Warning,WT8-GUI,83093809,HM,Overscaled Channel detected at Tag AI_TT_025
4/24/2026 10:06:25 AM,202,Warning,WT8-GUI,83093810,HM,Overscaled Channel detected at Tag AI_TT_026
4/24/2026 10:06:25 AM,202,Warning,WT8-GUI,83093811,HM,Overscaled Channel detected at Tag AI_TT_027
4/24/2026 10:06:25 AM,202,Warning,WT8-GUI,83093812,HM,Overscaled Channel detected at Tag AI_TT_028
4/24/2026 10:06:25 AM,202,Warning,WT8-GUI,83093813,HM,Overscaled Channel detected at Tag AI_TT_002
4/24/2026 10:06:25 AM,202,Warning,WT8-GUI,83093814,HM,Overscaled Channel detected at Tag AI_TT_029
4/24/2026 10:06:25 AM,202,Warning,WT8-GUI,83093815,HM,Overscaled Channel detected at Tag AI_TT_030
4/24/2026 10:06:25 AM,202,Warning,WT8-GUI,83093816,HM,Overscaled Channel detected at Tag AI_TT_003
4/24/2026 10:06:25 AM,202,Warning,WT8-GUI,83093817,HM,Overscaled Channel detected at Tag AI_TT_004
4/24/2026 10:06:25 AM,202,Warning,WT8-GUI,83093818,HM,Overscaled Channel detected at Tag AI_TT_005
4/24/2026 10:06:25 AM,202,Warning,WT8-GUI,83093819,HM,Overscaled Channel detected at Tag AI_TT_006
4/24/2026 10:06:25 AM,202,Warning,WT8-GUI,83093820,HM,Overscaled Channel detected at Tag AI_TT_007
4/24/2026 10:06:25 AM,202,Warning,WT8-GUI,83093821,HM,Overscaled Channel detected at Tag AI_TT_008
4/24/2026 10:07:10 AM,301005,Warning,WT8-GUI,83093822,OPC,OPC Server Graybox.Simulator.1 on host localhost has not updated data in 44 minute(s).
4/24/2026 10:07:25 AM,202,Warning,WT8-GUI,83093823,HM,Overscaled Channel detected at Tag AI_Volts_Shunt_001
4/24/2026 10:07:25 AM,202,Warning,WT8-GUI,83093824,HM,Overscaled Channel detected at Tag AI_Volts_Shunt_003
4/24/2026 10:07:25 AM,202,Warning,WT8-GUI,83093825,HM,Overscaled Channel detected at Tag AI_Volts_Shunt_004
4/24/2026 10:07:25 AM,202,Warning,WT8-GUI,83093826,HM,Overscaled Channel detected at Tag AI_TK_000
4/24/2026 10:07:25 AM,202,Warning,WT8-GUI,83093827,HM,Overscaled Channel detected at Tag AI_TK_009
4/24/2026 10:07:25 AM,202,Warning,WT8-GUI,83093828,HM,Overscaled Channel detected at Tag AI_TK_010
4/24/2026 10:07:25 AM,202,Warning,WT8-GUI,83093829,HM,Overscaled Channel detected at Tag AI_TK_011
4/24/2026 10:07:25 AM,202,Warning,WT8-GUI,83093830,HM,Overscaled Channel detected at Tag AI_TK_012
4/24/2026 10:07:25 AM,202,Warning,WT8-GUI,83093831,HM,Overscaled Channel detected at Tag AI_TK_013
4/24/2026 10:07:25 AM,202,Warning,WT8-GUI,83093832,HM,Overscaled Channel detected at Tag AI_TK_014
4/24/2026 10:07:25 AM,202,Warning,WT8-GUI,83093833,HM,Overscaled Channel detected at Tag AI_TK_015
4/24/2026 10:07:25 AM,202,Warning,WT8-GUI,83093834,HM,Overscaled Channel detected at Tag AI_TK_016
4/24/2026 10:07:25 AM,202,Warning,WT8-GUI,83093835,HM,Overscaled Channel detected at Tag AI_TK_017
4/24/2026 10:07:25 AM,202,Warning,WT8-GUI,83093836,HM,Overscaled Channel detected at Tag AI_TK_018
4/24/2026 10:07:25 AM,202,Warning,WT8-GUI,83093837,HM,Overscaled Channel detected at Tag AI_TK_001
4/24/2026 10:07:25 AM,202,Warning,WT8-GUI,83093838,HM,Overscaled Channel detected at Tag AI_TK_019
4/24/2026 10:07:25 AM,202,Warning,WT8-GUI,83093839,HM,Overscaled Channel detected at Tag AI_TK_020
4/24/2026 10:07:25 AM,202,Warning,WT8-GUI,83093840,HM,Overscaled Channel detected at Tag AI_TK_021
4/24/2026 10:07:25 AM,202,Warning,WT8-GUI,83093841,HM,Overscaled Channel detected at Tag AI_TK_022
4/24/2026 10:07:25 AM,202,Warning,WT8-GUI,83093842,HM,Overscaled Channel detected at Tag AI_TK_023
4/24/2026 10:07:25 AM,202,Warning,WT8-GUI,83093843,HM,Overscaled Channel detected at Tag AI_TK_026
4/24/2026 10:07:25 AM,202,Warning,WT8-GUI,83093844,HM,Overscaled Channel detected at Tag AI_TK_027
4/24/2026 10:07:25 AM,202,Warning,WT8-GUI,83093845,HM,Overscaled Channel detected at Tag AI_TK_028
4/24/2026 10:07:25 AM,202,Warning,WT8-GUI,83093846,HM,Overscaled Channel detected at Tag AI_TK_002
4/24/2026 10:07:25 AM,202,Warning,WT8-GUI,83093847,HM,Overscaled Channel detected at Tag AI_TK_029
4/24/2026 10:07:25 AM,202,Warning,WT8-GUI,83093848,HM,Overscaled Channel detected at Tag AI_TK_030
4/24/2026 10:07:25 AM,202,Warning,WT8-GUI,83093849,HM,Overscaled Channel detected at Tag AI_TK_003
4/24/2026 10:07:25 AM,202,Warning,WT8-GUI,83093850,HM,Overscaled Channel detected at Tag AI_TK_004
4/24/2026 10:07:25 AM,202,Warning,WT8-GUI,83093851,HM,Overscaled Channel detected at Tag AI_TK_005
4/24/2026 10:07:25 AM,202,Warning,WT8-GUI,83093852,HM,Overscaled Channel detected at Tag AI_TK_006
4/24/2026 10:07:25 AM,202,Warning,WT8-GUI,83093853,HM,Overscaled Channel detected at Tag AI_TK_007
4/24/2026 10:07:25 AM,202,Warning,WT8-GUI,83093854,HM,Overscaled Channel detected at Tag AI_TK_008
4/24/2026 10:07:25 AM,202,Warning,WT8-GUI,83093855,HM,Overscaled Channel detected at Tag AI_Volts_Shunt_000
4/24/2026 10:07:25 AM,202,Warning,WT8-GUI,83093856,HM,Overscaled Channel detected at Tag AI_Volts_Shunt_006
4/24/2026 10:07:25 AM,202,Warning,WT8-GUI,83093857,HM,Overscaled Channel detected at Tag AI_Volts_Shunt_007
4/24/2026 10:07:25 AM,202,Warning,WT8-GUI,83093858,HM,Overscaled Channel detected at Tag AI_Volts_Shunt_008
4/24/2026 10:07:25 AM,202,Warning,WT8-GUI,83093859,HM,Overscaled Channel detected at Tag AI_Volts_Shunt_009
4/24/2026 10:07:25 AM,202,Warning,WT8-GUI,83093860,HM,Overscaled Channel detected at Tag AI_Volts_Shunt_010
4/24/2026 10:07:25 AM,202,Warning,WT8-GUI,83093861,HM,Overscaled Channel detected at Tag AI_Volts_Shunt_011
4/24/2026 10:07:25 AM,202,Warning,WT8-GUI,83093862,HM,Overscaled Channel detected at Tag AI_Volts_Shunt_012
4/24/2026 10:07:25 AM,202,Warning,WT8-GUI,83093863,HM,Overscaled Channel detected at Tag AI_Volts_Shunt_013
4/24/2026 10:07:25 AM,202,Warning,WT8-GUI,83093864,HM,Overscaled Channel detected at Tag AI_Volts_Shunt_014
4/24/2026 10:07:25 AM,202,Warning,WT8-GUI,83093865,HM,Overscaled Channel detected at Tag AI_Volts_Shunt_015
4/24/2026 10:07:25 AM,202,Warning,WT8-GUI,83093866,HM,Overscaled Channel detected at Tag AI_Strain_000
4/24/2026 10:07:25 AM,202,Warning,WT8-GUI,83093867,HM,Overscaled Channel detected at Tag AI_Strain_001
4/24/2026 10:07:25 AM,202,Warning,WT8-GUI,83093868,HM,Overscaled Channel detected at Tag AI_Strain_002
4/24/2026 10:07:25 AM,202,Warning,WT8-GUI,83093869,HM,Overscaled Channel detected at Tag AI_Strain_003
4/24/2026 10:07:25 AM,202,Warning,WT8-GUI,83093870,HM,Overscaled Channel detected at Tag AI_Strain_004
4/24/2026 10:07:25 AM,202,Warning,WT8-GUI,83093871,HM,Overscaled Channel detected at Tag AI_Strain_005
4/24/2026 10:07:25 AM,202,Warning,WT8-GUI,83093872,HM,Overscaled Channel detected at Tag AI_Strain_006
4/24/2026 10:07:25 AM,202,Warning,WT8-GUI,83093873,HM,Overscaled Channel detected at Tag AI_Strain_007
4/24/2026 10:07:25 AM,202,Warning,WT8-GUI,83093874,HM,Overscaled Channel detected at Tag AI_TT_000
4/24/2026 10:07:25 AM,202,Warning,WT8-GUI,83093875,HM,Overscaled Channel detected at Tag AI_TT_009
4/24/2026 10:07:25 AM,202,Warning,WT8-GUI,83093876,HM,Overscaled Channel detected at Tag AI_TT_010
4/24/2026 10:07:25 AM,202,Warning,WT8-GUI,83093877,HM,Overscaled Channel detected at Tag AI_TT_011
4/24/2026 10:07:25 AM,202,Warning,WT8-GUI,83093878,HM,Overscaled Channel detected at Tag AI_TT_012
4/24/2026 10:07:25 AM,202,Warning,WT8-GUI,83093879,HM,Overscaled Channel detected at Tag AI_TT_013
4/24/2026 10:07:25 AM,202,Warning,WT8-GUI,83093880,HM,Overscaled Channel detected at Tag AI_TT_014
4/24/2026 10:07:25 AM,202,Warning,WT8-GUI,83093881,HM,Overscaled Channel detected at Tag AI_TK_024
4/24/2026 10:07:25 AM,202,Warning,WT8-GUI,83093882,HM,Overscaled Channel detected at Tag AI_TK_025
4/24/2026 10:07:25 AM,202,Warning,WT8-GUI,83093883,HM,Overscaled Channel detected at Tag AI_TT_015
4/24/2026 10:07:25 AM,202,Warning,WT8-GUI,83093884,HM,Overscaled Channel detected at Tag AI_TT_016
4/24/2026 10:07:25 AM,202,Warning,WT8-GUI,83093885,HM,Overscaled Channel detected at Tag AI_TT_017
4/24/2026 10:07:25 AM,202,Warning,WT8-GUI,83093886,HM,Overscaled Channel detected at Tag AI_TT_018
4/24/2026 10:07:25 AM,202,Warning,WT8-GUI,83093887,HM,Overscaled Channel detected at Tag AI_TT_001
4/24/2026 10:07:25 AM,202,Warning,WT8-GUI,83093888,HM,Overscaled Channel detected at Tag AI_TT_019
4/24/2026 10:07:25 AM,202,Warning,WT8-GUI,83093889,HM,Overscaled Channel detected at Tag AI_TT_020
4/24/2026 10:07:25 AM,202,Warning,WT8-GUI,83093890,HM,Overscaled Channel detected at Tag AI_TT_021
4/24/2026 10:07:25 AM,202,Warning,WT8-GUI,83093891,HM,Overscaled Channel detected at Tag AI_TT_022
4/24/2026 10:07:25 AM,202,Warning,WT8-GUI,83093892,HM,Overscaled Channel detected at Tag AI_TT_023
4/24/2026 10:07:25 AM,202,Warning,WT8-GUI,83093893,HM,Overscaled Channel detected at Tag AI_TT_024
4/24/2026 10:07:25 AM,202,Warning,WT8-GUI,83093894,HM,Overscaled Channel detected at Tag AI_TT_025
4/24/2026 10:07:25 AM,202,Warning,WT8-GUI,83093895,HM,Overscaled Channel detected at Tag AI_TT_026
4/24/2026 10:07:25 AM,202,Warning,WT8-GUI,83093896,HM,Overscaled Channel detected at Tag AI_TT_027
4/24/2026 10:07:25 AM,202,Warning,WT8-GUI,83093897,HM,Overscaled Channel detected at Tag AI_TT_028
4/24/2026 10:07:25 AM,202,Warning,WT8-GUI,83093898,HM,Overscaled Channel detected at Tag AI_TT_002
4/24/2026 10:07:25 AM,202,Warning,WT8-GUI,83093899,HM,Overscaled Channel detected at Tag AI_TT_029
4/24/2026 10:07:25 AM,202,Warning,WT8-GUI,83093900,HM,Overscaled Channel detected at Tag AI_TT_030
4/24/2026 10:07:25 AM,202,Warning,WT8-GUI,83093901,HM,Overscaled Channel detected at Tag AI_TT_003
4/24/2026 10:07:25 AM,202,Warning,WT8-GUI,83093902,HM,Overscaled Channel detected at Tag AI_TT_004
4/24/2026 10:07:25 AM,202,Warning,WT8-GUI,83093903,HM,Overscaled Channel detected at Tag AI_TT_005
4/24/2026 10:07:25 AM,202,Warning,WT8-GUI,83093904,HM,Overscaled Channel detected at Tag AI_TT_006
4/24/2026 10:07:25 AM,202,Warning,WT8-GUI,83093905,HM,Overscaled Channel detected at Tag AI_TT_007
4/24/2026 10:07:25 AM,202,Warning,WT8-GUI,83093906,HM,Overscaled Channel detected at Tag AI_TT_008
4/24/2026 10:08:10 AM,301005,Warning,WT8-GUI,83093907,OPC,OPC Server Graybox.Simulator.1 on host localhost has not updated data in 45 minute(s).
4/24/2026 10:08:25 AM,202,Warning,WT8-GUI,83093908,HM,Overscaled Channel detected at Tag AI_Volts_Shunt_001
4/24/2026 10:08:25 AM,202,Warning,WT8-GUI,83093909,HM,Overscaled Channel detected at Tag AI_Volts_Shunt_003
4/24/2026 10:08:25 AM,202,Warning,WT8-GUI,83093910,HM,Overscaled Channel detected at Tag AI_Volts_Shunt_004
4/24/2026 10:08:25 AM,202,Warning,WT8-GUI,83093911,HM,Overscaled Channel detected at Tag AI_TK_000
4/24/2026 10:08:25 AM,202,Warning,WT8-GUI,83093912,HM,Overscaled Channel detected at Tag AI_TK_009
4/24/2026 10:08:25 AM,202,Warning,WT8-GUI,83093913,HM,Overscaled Channel detected at Tag AI_TK_010
4/24/2026 10:08:25 AM,202,Warning,WT8-GUI,83093914,HM,Overscaled Channel detected at Tag AI_TK_011
4/24/2026 10:08:25 AM,202,Warning,WT8-GUI,83093915,HM,Overscaled Channel detected at Tag AI_TK_012
4/24/2026 10:08:25 AM,202,Warning,WT8-GUI,83093916,HM,Overscaled Channel detected at Tag AI_TK_013
4/24/2026 10:08:25 AM,202,Warning,WT8-GUI,83093917,HM,Overscaled Channel detected at Tag AI_TK_014
4/24/2026 10:08:25 AM,202,Warning,WT8-GUI,83093918,HM,Overscaled Channel detected at Tag AI_TK_015
4/24/2026 10:08:25 AM,202,Warning,WT8-GUI,83093919,HM,Overscaled Channel detected at Tag AI_TK_016
4/24/2026 10:08:25 AM,202,Warning,WT8-GUI,83093920,HM,Overscaled Channel detected at Tag AI_TK_017
4/24/2026 10:08:25 AM,202,Warning,WT8-GUI,83093921,HM,Overscaled Channel detected at Tag AI_TK_018
4/24/2026 10:08:25 AM,202,Warning,WT8-GUI,83093922,HM,Overscaled Channel detected at Tag AI_TK_001
4/24/2026 10:08:25 AM,202,Warning,WT8-GUI,83093923,HM,Overscaled Channel detected at Tag AI_TK_019
4/24/2026 10:08:25 AM,202,Warning,WT8-GUI,83093924,HM,Overscaled Channel detected at Tag AI_TK_020
4/24/2026 10:08:25 AM,202,Warning,WT8-GUI,83093925,HM,Overscaled Channel detected at Tag AI_TK_021
4/24/2026 10:08:25 AM,202,Warning,WT8-GUI,83093926,HM,Overscaled Channel detected at Tag AI_TK_022
4/24/2026 10:08:25 AM,202,Warning,WT8-GUI,83093927,HM,Overscaled Channel detected at Tag AI_TK_023
4/24/2026 10:08:25 AM,202,Warning,WT8-GUI,83093928,HM,Overscaled Channel detected at Tag AI_TK_026
4/24/2026 10:08:25 AM,202,Warning,WT8-GUI,83093929,HM,Overscaled Channel detected at Tag AI_TK_027
4/24/2026 10:08:25 AM,202,Warning,WT8-GUI,83093930,HM,Overscaled Channel detected at Tag AI_TK_028
4/24/2026 10:08:25 AM,202,Warning,WT8-GUI,83093931,HM,Overscaled Channel detected at Tag AI_TK_002
4/24/2026 10:08:25 AM,202,Warning,WT8-GUI,83093932,HM,Overscaled Channel detected at Tag AI_TK_029
4/24/2026 10:08:25 AM,202,Warning,WT8-GUI,83093933,HM,Overscaled Channel detected at Tag AI_TK_030
4/24/2026 10:08:25 AM,202,Warning,WT8-GUI,83093934,HM,Overscaled Channel detected at Tag AI_TK_003
4/24/2026 10:08:25 AM,202,Warning,WT8-GUI,83093935,HM,Overscaled Channel detected at Tag AI_TK_004
4/24/2026 10:08:25 AM,202,Warning,WT8-GUI,83093936,HM,Overscaled Channel detected at Tag AI_TK_005
4/24/2026 10:08:25 AM,202,Warning,WT8-GUI,83093937,HM,Overscaled Channel detected at Tag AI_TK_006
4/24/2026 10:08:25 AM,202,Warning,WT8-GUI,83093938,HM,Overscaled Channel detected at Tag AI_TK_007
4/24/2026 10:08:25 AM,202,Warning,WT8-GUI,83093939,HM,Overscaled Channel detected at Tag AI_TK_008
4/24/2026 10:08:25 AM,202,Warning,WT8-GUI,83093940,HM,Overscaled Channel detected at Tag AI_Volts_Shunt_000
4/24/2026 10:08:25 AM,202,Warning,WT8-GUI,83093941,HM,Overscaled Channel detected at Tag AI_Volts_Shunt_006
4/24/2026 10:08:25 AM,202,Warning,WT8-GUI,83093942,HM,Overscaled Channel detected at Tag AI_Volts_Shunt_007
4/24/2026 10:08:25 AM,202,Warning,WT8-GUI,83093943,HM,Overscaled Channel detected at Tag AI_Volts_Shunt_008
4/24/2026 10:08:25 AM,202,Warning,WT8-GUI,83093944,HM,Overscaled Channel detected at Tag AI_Volts_Shunt_009
4/24/2026 10:08:25 AM,202,Warning,WT8-GUI,83093945,HM,Overscaled Channel detected at Tag AI_Volts_Shunt_010
4/24/2026 10:08:25 AM,202,Warning,WT8-GUI,83093946,HM,Overscaled Channel detected at Tag AI_Volts_Shunt_011
4/24/2026 10:08:25 AM,202,Warning,WT8-GUI,83093947,HM,Overscaled Channel detected at Tag AI_Volts_Shunt_012
4/24/2026 10:08:25 AM,202,Warning,WT8-GUI,83093948,HM,Overscaled Channel detected at Tag AI_Volts_Shunt_013
4/24/2026 10:08:25 AM,202,Warning,WT8-GUI,83093949,HM,Overscaled Channel detected at Tag AI_Volts_Shunt_014
4/24/2026 10:08:25 AM,202,Warning,WT8-GUI,83093950,HM,Overscaled Channel detected at Tag AI_Volts_Shunt_015
4/24/2026 10:08:25 AM,202,Warning,WT8-GUI,83093951,HM,Overscaled Channel detected at Tag AI_Strain_000
4/24/2026 10:08:25 AM,202,Warning,WT8-GUI,83093952,HM,Overscaled Channel detected at Tag AI_Strain_001
4/24/2026 10:08:25 AM,202,Warning,WT8-GUI,83093953,HM,Overscaled Channel detected at Tag AI_Strain_002
4/24/2026 10:08:25 AM,202,Warning,WT8-GUI,83093954,HM,Overscaled Channel detected at Tag AI_Strain_003
4/24/2026 10:08:25 AM,202,Warning,WT8-GUI,83093955,HM,Overscaled Channel detected at Tag AI_Strain_004
4/24/2026 10:08:25 AM,202,Warning,WT8-GUI,83093956,HM,Overscaled Channel detected at Tag AI_Strain_005
4/24/2026 10:08:25 AM,202,Warning,WT8-GUI,83093957,HM,Overscaled Channel detected at Tag AI_Strain_006
4/24/2026 10:08:25 AM,202,Warning,WT8-GUI,83093958,HM,Overscaled Channel detected at Tag AI_Strain_007
4/24/2026 10:08:25 AM,202,Warning,WT8-GUI,83093959,HM,Overscaled Channel detected at Tag AI_TT_000
4/24/2026 10:08:25 AM,202,Warning,WT8-GUI,83093960,HM,Overscaled Channel detected at Tag AI_TT_009
4/24/2026 10:08:25 AM,202,Warning,WT8-GUI,83093961,HM,Overscaled Channel detected at Tag AI_TT_010
4/24/2026 10:08:25 AM,202,Warning,WT8-GUI,83093962,HM,Overscaled Channel detected at Tag AI_TT_011
4/24/2026 10:08:25 AM,202,Warning,WT8-GUI,83093963,HM,Overscaled Channel detected at Tag AI_TT_012
4/24/2026 10:08:25 AM,202,Warning,WT8-GUI,83093964,HM,Overscaled Channel detected at Tag AI_TT_013
4/24/2026 10:08:25 AM,202,Warning,WT8-GUI,83093965,HM,Overscaled Channel detected at Tag AI_TT_014
4/24/2026 10:08:25 AM,202,Warning,WT8-GUI,83093966,HM,Overscaled Channel detected at Tag AI_TK_024
4/24/2026 10:08:25 AM,202,Warning,WT8-GUI,83093967,HM,Overscaled Channel detected at Tag AI_TK_025
4/24/2026 10:08:25 AM,202,Warning,WT8-GUI,83093968,HM,Overscaled Channel detected at Tag AI_TT_015
4/24/2026 10:08:25 AM,202,Warning,WT8-GUI,83093969,HM,Overscaled Channel detected at Tag AI_TT_016
4/24/2026 10:08:25 AM,202,Warning,WT8-GUI,83093970,HM,Overscaled Channel detected at Tag AI_TT_017
4/24/2026 10:08:25 AM,202,Warning,WT8-GUI,83093971,HM,Overscaled Channel detected at Tag AI_TT_018
4/24/2026 10:08:25 AM,202,Warning,WT8-GUI,83093972,HM,Overscaled Channel detected at Tag AI_TT_001
4/24/2026 10:08:25 AM,202,Warning,WT8-GUI,83093973,HM,Overscaled Channel detected at Tag AI_TT_019
4/24/2026 10:08:25 AM,202,Warning,WT8-GUI,83093974,HM,Overscaled Channel detected at Tag AI_TT_020
4/24/2026 10:08:25 AM,202,Warning,WT8-GUI,83093975,HM,Overscaled Channel detected at Tag AI_TT_021
4/24/2026 10:08:25 AM,202,Warning,WT8-GUI,83093976,HM,Overscaled Channel detected at Tag AI_TT_022
4/24/2026 10:08:25 AM,202,Warning,WT8-GUI,83093977,HM,Overscaled Channel detected at Tag AI_TT_023
4/24/2026 10:08:25 AM,202,Warning,WT8-GUI,83093978,HM,Overscaled Channel detected at Tag AI_TT_024
4/24/2026 10:08:25 AM,202,Warning,WT8-GUI,83093979,HM,Overscaled Channel detected at Tag AI_TT_025
4/24/2026 10:08:25 AM,202,Warning,WT8-GUI,83093980,HM,Overscaled Channel detected at Tag AI_TT_026
4/24/2026 10:08:25 AM,202,Warning,WT8-GUI,83093981,HM,Overscaled Channel detected at Tag AI_TT_027
4/24/2026 10:08:25 AM,202,Warning,WT8-GUI,83093982,HM,Overscaled Channel detected at Tag AI_TT_028
4/24/2026 10:08:25 AM,202,Warning,WT8-GUI,83093983,HM,Overscaled Channel detected at Tag AI_TT_002
4/24/2026 10:08:25 AM,202,Warning,WT8-GUI,83093984,HM,Overscaled Channel detected at Tag AI_TT_029
4/24/2026 10:08:25 AM,202,Warning,WT8-GUI,83093985,HM,Overscaled Channel detected at Tag AI_TT_030
4/24/2026 10:08:25 AM,202,Warning,WT8-GUI,83093986,HM,Overscaled Channel detected at Tag AI_TT_003
4/24/2026 10:08:25 AM,202,Warning,WT8-GUI,83093987,HM,Overscaled Channel detected at Tag AI_TT_004
4/24/2026 10:08:25 AM,202,Warning,WT8-GUI,83093988,HM,Overscaled Channel detected at Tag AI_TT_005
4/24/2026 10:08:25 AM,202,Warning,WT8-GUI,83093989,HM,Overscaled Channel detected at Tag AI_TT_006
4/24/2026 10:08:25 AM,202,Warning,WT8-GUI,83093990,HM,Overscaled Channel detected at Tag AI_TT_007
4/24/2026 10:08:25 AM,202,Warning,WT8-GUI,83093991,HM,Overscaled Channel detected at Tag AI_TT_008
4/24/2026 10:09:10 AM,301005,Warning,WT8-GUI,83093992,OPC,OPC Server Graybox.Simulator.1 on host localhost has not updated data in 46 minute(s).
4/24/2026 10:09:25 AM,202,Warning,WT8-GUI,83093993,HM,Overscaled Channel detected at Tag AI_Volts_Shunt_001
4/24/2026 10:09:25 AM,202,Warning,WT8-GUI,83093994,HM,Overscaled Channel detected at Tag AI_Volts_Shunt_003
4/24/2026 10:09:25 AM,202,Warning,WT8-GUI,83093995,HM,Overscaled Channel detected at Tag AI_Volts_Shunt_004
4/24/2026 10:09:25 AM,202,Warning,WT8-GUI,83093996,HM,Overscaled Channel detected at Tag AI_TK_000
4/24/2026 10:09:25 AM,202,Warning,WT8-GUI,83093997,HM,Overscaled Channel detected at Tag AI_TK_009
4/24/2026 10:09:25 AM,202,Warning,WT8-GUI,83093998,HM,Overscaled Channel detected at Tag AI_TK_010
4/24/2026 10:09:25 AM,202,Warning,WT8-GUI,83093999,HM,Overscaled Channel detected at Tag AI_TK_011
4/24/2026 10:09:25 AM,202,Warning,WT8-GUI,83094000,HM,Overscaled Channel detected at Tag AI_TK_012
4/24/2026 10:09:25 AM,202,Warning,WT8-GUI,83094001,HM,Overscaled Channel detected at Tag AI_TK_013
4/24/2026 10:09:25 AM,202,Warning,WT8-GUI,83094002,HM,Overscaled Channel detected at Tag AI_TK_014
4/24/2026 10:09:25 AM,202,Warning,WT8-GUI,83094003,HM,Overscaled Channel detected at Tag AI_TK_015
4/24/2026 10:09:25 AM,202,Warning,WT8-GUI,83094004,HM,Overscaled Channel detected at Tag AI_TK_016
4/24/2026 10:09:25 AM,202,Warning,WT8-GUI,83094005,HM,Overscaled Channel detected at Tag AI_TK_017
4/24/2026 10:09:25 AM,202,Warning,WT8-GUI,83094006,HM,Overscaled Channel detected at Tag AI_TK_018
4/24/2026 10:09:25 AM,202,Warning,WT8-GUI,83094007,HM,Overscaled Channel detected at Tag AI_TK_001
4/24/2026 10:09:25 AM,202,Warning,WT8-GUI,83094008,HM,Overscaled Channel detected at Tag AI_TK_019
4/24/2026 10:09:25 AM,202,Warning,WT8-GUI,83094009,HM,Overscaled Channel detected at Tag AI_TK_020
4/24/2026 10:09:25 AM,202,Warning,WT8-GUI,83094010,HM,Overscaled Channel detected at Tag AI_TK_021
4/24/2026 10:09:25 AM,202,Warning,WT8-GUI,83094011,HM,Overscaled Channel detected at Tag AI_TK_022
4/24/2026 10:09:25 AM,202,Warning,WT8-GUI,83094012,HM,Overscaled Channel detected at Tag AI_TK_023
4/24/2026 10:09:25 AM,202,Warning,WT8-GUI,83094013,HM,Overscaled Channel detected at Tag AI_TK_024
4/24/2026 10:09:25 AM,202,Warning,WT8-GUI,83094014,HM,Overscaled Channel detected at Tag AI_TK_025
4/24/2026 10:09:25 AM,202,Warning,WT8-GUI,83094015,HM,Overscaled Channel detected at Tag AI_TK_026
4/24/2026 10:09:25 AM,202,Warning,WT8-GUI,83094016,HM,Overscaled Channel detected at Tag AI_TK_027
4/24/2026 10:09:25 AM,202,Warning,WT8-GUI,83094017,HM,Overscaled Channel detected at Tag AI_TK_028
4/24/2026 10:09:25 AM,202,Warning,WT8-GUI,83094018,HM,Overscaled Channel detected at Tag AI_TK_002
4/24/2026 10:09:25 AM,202,Warning,WT8-GUI,83094019,HM,Overscaled Channel detected at Tag AI_TK_029
4/24/2026 10:09:25 AM,202,Warning,WT8-GUI,83094020,HM,Overscaled Channel detected at Tag AI_TK_030
4/24/2026 10:09:25 AM,202,Warning,WT8-GUI,83094021,HM,Overscaled Channel detected at Tag AI_TK_003
4/24/2026 10:09:25 AM,202,Warning,WT8-GUI,83094022,HM,Overscaled Channel detected at Tag AI_TK_004
4/24/2026 10:09:25 AM,202,Warning,WT8-GUI,83094023,HM,Overscaled Channel detected at Tag AI_TK_005
4/24/2026 10:09:25 AM,202,Warning,WT8-GUI,83094024,HM,Overscaled Channel detected at Tag AI_TK_006
4/24/2026 10:09:25 AM,202,Warning,WT8-GUI,83094025,HM,Overscaled Channel detected at Tag AI_TK_007
4/24/2026 10:09:25 AM,202,Warning,WT8-GUI,83094026,HM,Overscaled Channel detected at Tag AI_TK_008
4/24/2026 10:09:25 AM,202,Warning,WT8-GUI,83094027,HM,Overscaled Channel detected at Tag AI_Volts_Shunt_000
4/24/2026 10:09:25 AM,202,Warning,WT8-GUI,83094028,HM,Overscaled Channel detected at Tag AI_Volts_Shunt_006
4/24/2026 10:09:25 AM,202,Warning,WT8-GUI,83094029,HM,Overscaled Channel detected at Tag AI_Volts_Shunt_007
4/24/2026 10:09:25 AM,202,Warning,WT8-GUI,83094030,HM,Overscaled Channel detected at Tag AI_Volts_Shunt_008
4/24/2026 10:09:25 AM,202,Warning,WT8-GUI,83094031,HM,Overscaled Channel detected at Tag AI_Volts_Shunt_009
4/24/2026 10:09:25 AM,202,Warning,WT8-GUI,83094032,HM,Overscaled Channel detected at Tag AI_Volts_Shunt_010
4/24/2026 10:09:25 AM,202,Warning,WT8-GUI,83094033,HM,Overscaled Channel detected at Tag AI_Volts_Shunt_011
4/24/2026 10:09:25 AM,202,Warning,WT8-GUI,83094034,HM,Overscaled Channel detected at Tag AI_Volts_Shunt_012
4/24/2026 10:09:25 AM,202,Warning,WT8-GUI,83094035,HM,Overscaled Channel detected at Tag AI_Volts_Shunt_013
4/24/2026 10:09:25 AM,202,Warning,WT8-GUI,83094036,HM,Overscaled Channel detected at Tag AI_Volts_Shunt_014
4/24/2026 10:09:25 AM,202,Warning,WT8-GUI,83094037,HM,Overscaled Channel detected at Tag AI_Volts_Shunt_015
4/24/2026 10:09:25 AM,202,Warning,WT8-GUI,83094038,HM,Overscaled Channel detected at Tag AI_Strain_000
4/24/2026 10:09:25 AM,202,Warning,WT8-GUI,83094039,HM,Overscaled Channel detected at Tag AI_Strain_001
4/24/2026 10:09:25 AM,202,Warning,WT8-GUI,83094040,HM,Overscaled Channel detected at Tag AI_Strain_002
4/24/2026 10:09:25 AM,202,Warning,WT8-GUI,83094041,HM,Overscaled Channel detected at Tag AI_Strain_003
4/24/2026 10:09:25 AM,202,Warning,WT8-GUI,83094042,HM,Overscaled Channel detected at Tag AI_Strain_004
4/24/2026 10:09:25 AM,202,Warning,WT8-GUI,83094043,HM,Overscaled Channel detected at Tag AI_Strain_005
4/24/2026 10:09:25 AM,202,Warning,WT8-GUI,83094044,HM,Overscaled Channel detected at Tag AI_Strain_006
4/24/2026 10:09:25 AM,202,Warning,WT8-GUI,83094045,HM,Overscaled Channel detected at Tag AI_Strain_007
4/24/2026 10:09:25 AM,202,Warning,WT8-GUI,83094046,HM,Overscaled Channel detected at Tag AI_TT_000
4/24/2026 10:09:25 AM,202,Warning,WT8-GUI,83094047,HM,Overscaled Channel detected at Tag AI_TT_009
4/24/2026 10:09:25 AM,202,Warning,WT8-GUI,83094048,HM,Overscaled Channel detected at Tag AI_TT_010
4/24/2026 10:09:25 AM,202,Warning,WT8-GUI,83094049,HM,Overscaled Channel detected at Tag AI_TT_011
4/24/2026 10:09:25 AM,202,Warning,WT8-GUI,83094050,HM,Overscaled Channel detected at Tag AI_TT_012
4/24/2026 10:09:25 AM,202,Warning,WT8-GUI,83094051,HM,Overscaled Channel detected at Tag AI_TT_013
4/24/2026 10:09:25 AM,202,Warning,WT8-GUI,83094052,HM,Overscaled Channel detected at Tag AI_TT_014
4/24/2026 10:09:25 AM,202,Warning,WT8-GUI,83094053,HM,Overscaled Channel detected at Tag AI_TT_015
4/24/2026 10:09:25 AM,202,Warning,WT8-GUI,83094054,HM,Overscaled Channel detected at Tag AI_TT_016
4/24/2026 10:09:25 AM,202,Warning,WT8-GUI,83094055,HM,Overscaled Channel detected at Tag AI_TT_017
4/24/2026 10:09:25 AM,202,Warning,WT8-GUI,83094056,HM,Overscaled Channel detected at Tag AI_TT_018
4/24/2026 10:09:25 AM,202,Warning,WT8-GUI,83094057,HM,Overscaled Channel detected at Tag AI_TT_001
4/24/2026 10:09:25 AM,202,Warning,WT8-GUI,83094058,HM,Overscaled Channel detected at Tag AI_TT_019
4/24/2026 10:09:25 AM,202,Warning,WT8-GUI,83094059,HM,Overscaled Channel detected at Tag AI_TT_020
4/24/2026 10:09:25 AM,202,Warning,WT8-GUI,83094060,HM,Overscaled Channel detected at Tag AI_TT_021
4/24/2026 10:09:25 AM,202,Warning,WT8-GUI,83094061,HM,Overscaled Channel detected at Tag AI_TT_022
4/24/2026 10:09:25 AM,202,Warning,WT8-GUI,83094062,HM,Overscaled Channel detected at Tag AI_TT_023
4/24/2026 10:09:25 AM,202,Warning,WT8-GUI,83094063,HM,Overscaled Channel detected at Tag AI_TT_024
4/24/2026 10:09:25 AM,202,Warning,WT8-GUI,83094064,HM,Overscaled Channel detected at Tag AI_TT_025
4/24/2026 10:09:25 AM,202,Warning,WT8-GUI,83094065,HM,Overscaled Channel detected at Tag AI_TT_026
4/24/2026 10:09:25 AM,202,Warning,WT8-GUI,83094066,HM,Overscaled Channel detected at Tag AI_TT_027
4/24/2026 10:09:25 AM,202,Warning,WT8-GUI,83094067,HM,Overscaled Channel detected at Tag AI_TT_028
4/24/2026 10:09:25 AM,202,Warning,WT8-GUI,83094068,HM,Overscaled Channel detected at Tag AI_TT_002
4/24/2026 10:09:25 AM,202,Warning,WT8-GUI,83094069,HM,Overscaled Channel detected at Tag AI_TT_029
4/24/2026 10:09:25 AM,202,Warning,WT8-GUI,83094070,HM,Overscaled Channel detected at Tag AI_TT_030
4/24/2026 10:09:25 AM,202,Warning,WT8-GUI,83094071,HM,Overscaled Channel detected at Tag AI_TT_003
4/24/2026 10:09:25 AM,202,Warning,WT8-GUI,83094072,HM,Overscaled Channel detected at Tag AI_TT_004
4/24/2026 10:09:25 AM,202,Warning,WT8-GUI,83094073,HM,Overscaled Channel detected at Tag AI_TT_005
4/24/2026 10:09:25 AM,202,Warning,WT8-GUI,83094074,HM,Overscaled Channel detected at Tag AI_TT_006
4/24/2026 10:09:25 AM,202,Warning,WT8-GUI,83094075,HM,Overscaled Channel detected at Tag AI_TT_007
4/24/2026 10:09:25 AM,202,Warning,WT8-GUI,83094076,HM,Overscaled Channel detected at Tag AI_TT_008
4/24/2026 10:10:10 AM,301005,Warning,WT8-GUI,83094077,OPC,OPC Server Graybox.Simulator.1 on host localhost has not updated data in 47 minute(s).
4/24/2026 10:10:25 AM,202,Warning,WT8-GUI,83094078,HM,Overscaled Channel detected at Tag AI_Volts_Shunt_001
4/24/2026 10:10:25 AM,202,Warning,WT8-GUI,83094079,HM,Overscaled Channel detected at Tag AI_Volts_Shunt_003
4/24/2026 10:10:25 AM,202,Warning,WT8-GUI,83094080,HM,Overscaled Channel detected at Tag AI_Volts_Shunt_004
4/24/2026 10:10:25 AM,202,Warning,WT8-GUI,83094081,HM,Overscaled Channel detected at Tag AI_TK_000
4/24/2026 10:10:25 AM,202,Warning,WT8-GUI,83094082,HM,Overscaled Channel detected at Tag AI_TK_009
4/24/2026 10:10:25 AM,202,Warning,WT8-GUI,83094083,HM,Overscaled Channel detected at Tag AI_TK_010
4/24/2026 10:10:25 AM,202,Warning,WT8-GUI,83094084,HM,Overscaled Channel detected at Tag AI_TK_011
4/24/2026 10:10:25 AM,202,Warning,WT8-GUI,83094085,HM,Overscaled Channel detected at Tag AI_TK_012
4/24/2026 10:10:25 AM,202,Warning,WT8-GUI,83094086,HM,Overscaled Channel detected at Tag AI_TK_013
4/24/2026 10:10:25 AM,202,Warning,WT8-GUI,83094087,HM,Overscaled Channel detected at Tag AI_TK_014
4/24/2026 10:10:25 AM,202,Warning,WT8-GUI,83094088,HM,Overscaled Channel detected at Tag AI_TK_015
4/24/2026 10:10:25 AM,202,Warning,WT8-GUI,83094089,HM,Overscaled Channel detected at Tag AI_TK_016
4/24/2026 10:10:25 AM,202,Warning,WT8-GUI,83094090,HM,Overscaled Channel detected at Tag AI_TK_017
4/24/2026 10:10:25 AM,202,Warning,WT8-GUI,83094091,HM,Overscaled Channel detected at Tag AI_TK_018
4/24/2026 10:10:25 AM,202,Warning,WT8-GUI,83094092,HM,Overscaled Channel detected at Tag AI_TK_001
4/24/2026 10:10:25 AM,202,Warning,WT8-GUI,83094093,HM,Overscaled Channel detected at Tag AI_TK_019
4/24/2026 10:10:25 AM,202,Warning,WT8-GUI,83094094,HM,Overscaled Channel detected at Tag AI_TK_020
4/24/2026 10:10:25 AM,202,Warning,WT8-GUI,83094095,HM,Overscaled Channel detected at Tag AI_TK_021
4/24/2026 10:10:25 AM,202,Warning,WT8-GUI,83094096,HM,Overscaled Channel detected at Tag AI_TK_022
4/24/2026 10:10:25 AM,202,Warning,WT8-GUI,83094097,HM,Overscaled Channel detected at Tag AI_TK_023
4/24/2026 10:10:25 AM,202,Warning,WT8-GUI,83094098,HM,Overscaled Channel detected at Tag AI_TK_024
4/24/2026 10:10:25 AM,202,Warning,WT8-GUI,83094099,HM,Overscaled Channel detected at Tag AI_TK_025
4/24/2026 10:10:25 AM,202,Warning,WT8-GUI,83094100,HM,Overscaled Channel detected at Tag AI_TK_026
4/24/2026 10:10:25 AM,202,Warning,WT8-GUI,83094101,HM,Overscaled Channel detected at Tag AI_TK_027
4/24/2026 10:10:25 AM,202,Warning,WT8-GUI,83094102,HM,Overscaled Channel detected at Tag AI_TK_028
4/24/2026 10:10:25 AM,202,Warning,WT8-GUI,83094103,HM,Overscaled Channel detected at Tag AI_TK_002
4/24/2026 10:10:25 AM,202,Warning,WT8-GUI,83094104,HM,Overscaled Channel detected at Tag AI_TK_029
4/24/2026 10:10:25 AM,202,Warning,WT8-GUI,83094105,HM,Overscaled Channel detected at Tag AI_TK_030
4/24/2026 10:10:25 AM,202,Warning,WT8-GUI,83094106,HM,Overscaled Channel detected at Tag AI_TK_003
4/24/2026 10:10:25 AM,202,Warning,WT8-GUI,83094107,HM,Overscaled Channel detected at Tag AI_TK_004
4/24/2026 10:10:25 AM,202,Warning,WT8-GUI,83094108,HM,Overscaled Channel detected at Tag AI_TK_005
4/24/2026 10:10:25 AM,202,Warning,WT8-GUI,83094109,HM,Overscaled Channel detected at Tag AI_TK_006
4/24/2026 10:10:25 AM,202,Warning,WT8-GUI,83094110,HM,Overscaled Channel detected at Tag AI_TK_007
4/24/2026 10:10:25 AM,202,Warning,WT8-GUI,83094111,HM,Overscaled Channel detected at Tag AI_TK_008
4/24/2026 10:10:25 AM,202,Warning,WT8-GUI,83094112,HM,Overscaled Channel detected at Tag AI_Volts_Shunt_000
4/24/2026 10:10:25 AM,202,Warning,WT8-GUI,83094113,HM,Overscaled Channel detected at Tag AI_Volts_Shunt_006
4/24/2026 10:10:25 AM,202,Warning,WT8-GUI,83094114,HM,Overscaled Channel detected at Tag AI_Volts_Shunt_007
4/24/2026 10:10:25 AM,202,Warning,WT8-GUI,83094115,HM,Overscaled Channel detected at Tag AI_Volts_Shunt_008
4/24/2026 10:10:25 AM,202,Warning,WT8-GUI,83094116,HM,Overscaled Channel detected at Tag AI_Volts_Shunt_009
4/24/2026 10:10:25 AM,202,Warning,WT8-GUI,83094117,HM,Overscaled Channel detected at Tag AI_Volts_Shunt_010
4/24/2026 10:10:25 AM,202,Warning,WT8-GUI,83094118,HM,Overscaled Channel detected at Tag AI_Volts_Shunt_011
4/24/2026 10:10:25 AM,202,Warning,WT8-GUI,83094119,HM,Overscaled Channel detected at Tag AI_Volts_Shunt_012
4/24/2026 10:10:25 AM,202,Warning,WT8-GUI,83094120,HM,Overscaled Channel detected at Tag AI_Volts_Shunt_013
4/24/2026 10:10:25 AM,202,Warning,WT8-GUI,83094121,HM,Overscaled Channel detected at Tag AI_Volts_Shunt_014
4/24/2026 10:10:25 AM,202,Warning,WT8-GUI,83094122,HM,Overscaled Channel detected at Tag AI_Volts_Shunt_015
4/24/2026 10:10:25 AM,202,Warning,WT8-GUI,83094123,HM,Overscaled Channel detected at Tag AI_Strain_000
4/24/2026 10:10:25 AM,202,Warning,WT8-GUI,83094124,HM,Overscaled Channel detected at Tag AI_Strain_001
4/24/2026 10:10:25 AM,202,Warning,WT8-GUI,83094125,HM,Overscaled Channel detected at Tag AI_Strain_002
4/24/2026 10:10:25 AM,202,Warning,WT8-GUI,83094126,HM,Overscaled Channel detected at Tag AI_Strain_003
4/24/2026 10:10:25 AM,202,Warning,WT8-GUI,83094127,HM,Overscaled Channel detected at Tag AI_Strain_004
4/24/2026 10:10:25 AM,202,Warning,WT8-GUI,83094128,HM,Overscaled Channel detected at Tag AI_Strain_005
4/24/2026 10:10:25 AM,202,Warning,WT8-GUI,83094129,HM,Overscaled Channel detected at Tag AI_Strain_006
4/24/2026 10:10:25 AM,202,Warning,WT8-GUI,83094130,HM,Overscaled Channel detected at Tag AI_Strain_007
4/24/2026 10:10:25 AM,202,Warning,WT8-GUI,83094131,HM,Overscaled Channel detected at Tag AI_TT_000
4/24/2026 10:10:25 AM,202,Warning,WT8-GUI,83094132,HM,Overscaled Channel detected at Tag AI_TT_009
4/24/2026 10:10:25 AM,202,Warning,WT8-GUI,83094133,HM,Overscaled Channel detected at Tag AI_TT_010
4/24/2026 10:10:25 AM,202,Warning,WT8-GUI,83094134,HM,Overscaled Channel detected at Tag AI_TT_011
4/24/2026 10:10:25 AM,202,Warning,WT8-GUI,83094135,HM,Overscaled Channel detected at Tag AI_TT_012
4/24/2026 10:10:25 AM,202,Warning,WT8-GUI,83094136,HM,Overscaled Channel detected at Tag AI_TT_013
4/24/2026 10:10:25 AM,202,Warning,WT8-GUI,83094137,HM,Overscaled Channel detected at Tag AI_TT_014
4/24/2026 10:10:25 AM,202,Warning,WT8-GUI,83094138,HM,Overscaled Channel detected at Tag AI_TT_015
4/24/2026 10:10:25 AM,202,Warning,WT8-GUI,83094139,HM,Overscaled Channel detected at Tag AI_TT_016
4/24/2026 10:10:25 AM,202,Warning,WT8-GUI,83094140,HM,Overscaled Channel detected at Tag AI_TT_017
4/24/2026 10:10:25 AM,202,Warning,WT8-GUI,83094141,HM,Overscaled Channel detected at Tag AI_TT_018
4/24/2026 10:10:25 AM,202,Warning,WT8-GUI,83094142,HM,Overscaled Channel detected at Tag AI_TT_001
4/24/2026 10:10:25 AM,202,Warning,WT8-GUI,83094143,HM,Overscaled Channel detected at Tag AI_TT_019
4/24/2026 10:10:25 AM,202,Warning,WT8-GUI,83094144,HM,Overscaled Channel detected at Tag AI_TT_020
4/24/2026 10:10:25 AM,202,Warning,WT8-GUI,83094145,HM,Overscaled Channel detected at Tag AI_TT_021
4/24/2026 10:10:25 AM,202,Warning,WT8-GUI,83094146,HM,Overscaled Channel detected at Tag AI_TT_022
4/24/2026 10:10:25 AM,202,Warning,WT8-GUI,83094147,HM,Overscaled Channel detected at Tag AI_TT_023
4/24/2026 10:10:25 AM,202,Warning,WT8-GUI,83094148,HM,Overscaled Channel detected at Tag AI_TT_024
4/24/2026 10:10:25 AM,202,Warning,WT8-GUI,83094149,HM,Overscaled Channel detected at Tag AI_TT_025
4/24/2026 10:10:25 AM,202,Warning,WT8-GUI,83094150,HM,Overscaled Channel detected at Tag AI_TT_026
4/24/2026 10:10:25 AM,202,Warning,WT8-GUI,83094151,HM,Overscaled Channel detected at Tag AI_TT_027
4/24/2026 10:10:25 AM,202,Warning,WT8-GUI,83094152,HM,Overscaled Channel detected at Tag AI_TT_028
4/24/2026 10:10:25 AM,202,Warning,WT8-GUI,83094153,HM,Overscaled Channel detected at Tag AI_TT_002
4/24/2026 10:10:25 AM,202,Warning,WT8-GUI,83094154,HM,Overscaled Channel detected at Tag AI_TT_029
4/24/2026 10:10:25 AM,202,Warning,WT8-GUI,83094155,HM,Overscaled Channel detected at Tag AI_TT_030
4/24/2026 10:10:25 AM,202,Warning,WT8-GUI,83094156,HM,Overscaled Channel detected at Tag AI_TT_003
4/24/2026 10:10:25 AM,202,Warning,WT8-GUI,83094157,HM,Overscaled Channel detected at Tag AI_TT_004
4/24/2026 10:10:25 AM,202,Warning,WT8-GUI,83094158,HM,Overscaled Channel detected at Tag AI_TT_005
4/24/2026 10:10:25 AM,202,Warning,WT8-GUI,83094159,HM,Overscaled Channel detected at Tag AI_TT_006
4/24/2026 10:10:25 AM,202,Warning,WT8-GUI,83094160,HM,Overscaled Channel detected at Tag AI_TT_007
4/24/2026 10:10:25 AM,202,Warning,WT8-GUI,83094161,HM,Overscaled Channel detected at Tag AI_TT_008
4/24/2026 10:11:10 AM,301005,Warning,WT8-GUI,83094162,OPC,OPC Server Graybox.Simulator.1 on host localhost has not updated data in 48 minute(s).
4/24/2026 10:11:25 AM,202,Warning,WT8-GUI,83094163,HM,Overscaled Channel detected at Tag AI_Volts_Shunt_001
4/24/2026 10:11:25 AM,202,Warning,WT8-GUI,83094164,HM,Overscaled Channel detected at Tag AI_Volts_Shunt_003
4/24/2026 10:11:25 AM,202,Warning,WT8-GUI,83094165,HM,Overscaled Channel detected at Tag AI_Volts_Shunt_004
4/24/2026 10:11:25 AM,202,Warning,WT8-GUI,83094166,HM,Overscaled Channel detected at Tag AI_TK_000
4/24/2026 10:11:25 AM,202,Warning,WT8-GUI,83094167,HM,Overscaled Channel detected at Tag AI_TK_009
4/24/2026 10:11:25 AM,202,Warning,WT8-GUI,83094168,HM,Overscaled Channel detected at Tag AI_TK_010
4/24/2026 10:11:25 AM,202,Warning,WT8-GUI,83094169,HM,Overscaled Channel detected at Tag AI_TK_011
4/24/2026 10:11:25 AM,202,Warning,WT8-GUI,83094170,HM,Overscaled Channel detected at Tag AI_TK_012
4/24/2026 10:11:25 AM,202,Warning,WT8-GUI,83094171,HM,Overscaled Channel detected at Tag AI_TK_013
4/24/2026 10:11:25 AM,202,Warning,WT8-GUI,83094172,HM,Overscaled Channel detected at Tag AI_TK_014
4/24/2026 10:11:25 AM,202,Warning,WT8-GUI,83094173,HM,Overscaled Channel detected at Tag AI_TK_015
4/24/2026 10:11:25 AM,202,Warning,WT8-GUI,83094174,HM,Overscaled Channel detected at Tag AI_TK_016
4/24/2026 10:11:25 AM,202,Warning,WT8-GUI,83094175,HM,Overscaled Channel detected at Tag AI_TK_017
4/24/2026 10:11:25 AM,202,Warning,WT8-GUI,83094176,HM,Overscaled Channel detected at Tag AI_TK_018
4/24/2026 10:11:25 AM,202,Warning,WT8-GUI,83094177,HM,Overscaled Channel detected at Tag AI_TK_001
4/24/2026 10:11:25 AM,202,Warning,WT8-GUI,83094178,HM,Overscaled Channel detected at Tag AI_TK_019
4/24/2026 10:11:25 AM,202,Warning,WT8-GUI,83094179,HM,Overscaled Channel detected at Tag AI_TK_020
4/24/2026 10:11:25 AM,202,Warning,WT8-GUI,83094180,HM,Overscaled Channel detected at Tag AI_TK_021
4/24/2026 10:11:25 AM,202,Warning,WT8-GUI,83094181,HM,Overscaled Channel detected at Tag AI_TK_022
4/24/2026 10:11:25 AM,202,Warning,WT8-GUI,83094182,HM,Overscaled Channel detected at Tag AI_TK_023
4/24/2026 10:11:25 AM,202,Warning,WT8-GUI,83094183,HM,Overscaled Channel detected at Tag AI_TK_024
4/24/2026 10:11:25 AM,202,Warning,WT8-GUI,83094184,HM,Overscaled Channel detected at Tag AI_TK_025
4/24/2026 10:11:25 AM,202,Warning,WT8-GUI,83094185,HM,Overscaled Channel detected at Tag AI_TK_026
4/24/2026 10:11:25 AM,202,Warning,WT8-GUI,83094186,HM,Overscaled Channel detected at Tag AI_TK_027
4/24/2026 10:11:25 AM,202,Warning,WT8-GUI,83094187,HM,Overscaled Channel detected at Tag AI_TK_028
4/24/2026 10:11:25 AM,202,Warning,WT8-GUI,83094188,HM,Overscaled Channel detected at Tag AI_TK_002
4/24/2026 10:11:25 AM,202,Warning,WT8-GUI,83094189,HM,Overscaled Channel detected at Tag AI_TK_029
4/24/2026 10:11:25 AM,202,Warning,WT8-GUI,83094190,HM,Overscaled Channel detected at Tag AI_TK_030
4/24/2026 10:11:25 AM,202,Warning,WT8-GUI,83094191,HM,Overscaled Channel detected at Tag AI_TK_003
4/24/2026 10:11:25 AM,202,Warning,WT8-GUI,83094192,HM,Overscaled Channel detected at Tag AI_TK_004
4/24/2026 10:11:25 AM,202,Warning,WT8-GUI,83094193,HM,Overscaled Channel detected at Tag AI_TK_005
4/24/2026 10:11:25 AM,202,Warning,WT8-GUI,83094194,HM,Overscaled Channel detected at Tag AI_TK_006
4/24/2026 10:11:25 AM,202,Warning,WT8-GUI,83094195,HM,Overscaled Channel detected at Tag AI_TK_007
4/24/2026 10:11:25 AM,202,Warning,WT8-GUI,83094196,HM,Overscaled Channel detected at Tag AI_TK_008
4/24/2026 10:11:25 AM,202,Warning,WT8-GUI,83094197,HM,Overscaled Channel detected at Tag AI_Volts_Shunt_000
4/24/2026 10:11:25 AM,202,Warning,WT8-GUI,83094198,HM,Overscaled Channel detected at Tag AI_Volts_Shunt_006
4/24/2026 10:11:25 AM,202,Warning,WT8-GUI,83094199,HM,Overscaled Channel detected at Tag AI_Volts_Shunt_007
4/24/2026 10:11:25 AM,202,Warning,WT8-GUI,83094200,HM,Overscaled Channel detected at Tag AI_Volts_Shunt_008
4/24/2026 10:11:25 AM,202,Warning,WT8-GUI,83094201,HM,Overscaled Channel detected at Tag AI_Volts_Shunt_009
4/24/2026 10:11:25 AM,202,Warning,WT8-GUI,83094202,HM,Overscaled Channel detected at Tag AI_Volts_Shunt_010
4/24/2026 10:11:25 AM,202,Warning,WT8-GUI,83094203,HM,Overscaled Channel detected at Tag AI_Volts_Shunt_011
4/24/2026 10:11:25 AM,202,Warning,WT8-GUI,83094204,HM,Overscaled Channel detected at Tag AI_Volts_Shunt_012
4/24/2026 10:11:25 AM,202,Warning,WT8-GUI,83094205,HM,Overscaled Channel detected at Tag AI_Volts_Shunt_013
4/24/2026 10:11:25 AM,202,Warning,WT8-GUI,83094206,HM,Overscaled Channel detected at Tag AI_Volts_Shunt_014
4/24/2026 10:11:25 AM,202,Warning,WT8-GUI,83094207,HM,Overscaled Channel detected at Tag AI_Volts_Shunt_015
4/24/2026 10:11:25 AM,202,Warning,WT8-GUI,83094208,HM,Overscaled Channel detected at Tag AI_Strain_000
4/24/2026 10:11:25 AM,202,Warning,WT8-GUI,83094209,HM,Overscaled Channel detected at Tag AI_Strain_001
4/24/2026 10:11:25 AM,202,Warning,WT8-GUI,83094210,HM,Overscaled Channel detected at Tag AI_Strain_002
4/24/2026 10:11:25 AM,202,Warning,WT8-GUI,83094211,HM,Overscaled Channel detected at Tag AI_Strain_003
4/24/2026 10:11:25 AM,202,Warning,WT8-GUI,83094212,HM,Overscaled Channel detected at Tag AI_Strain_004
4/24/2026 10:11:25 AM,202,Warning,WT8-GUI,83094213,HM,Overscaled Channel detected at Tag AI_Strain_005
4/24/2026 10:11:25 AM,202,Warning,WT8-GUI,83094214,HM,Overscaled Channel detected at Tag AI_Strain_006
4/24/2026 10:11:25 AM,202,Warning,WT8-GUI,83094215,HM,Overscaled Channel detected at Tag AI_Strain_007
4/24/2026 10:11:25 AM,202,Warning,WT8-GUI,83094216,HM,Overscaled Channel detected at Tag AI_TT_000
4/24/2026 10:11:25 AM,202,Warning,WT8-GUI,83094217,HM,Overscaled Channel detected at Tag AI_TT_009
4/24/2026 10:11:25 AM,202,Warning,WT8-GUI,83094218,HM,Overscaled Channel detected at Tag AI_TT_010
4/24/2026 10:11:25 AM,202,Warning,WT8-GUI,83094219,HM,Overscaled Channel detected at Tag AI_TT_011
4/24/2026 10:11:25 AM,202,Warning,WT8-GUI,83094220,HM,Overscaled Channel detected at Tag AI_TT_012
4/24/2026 10:11:25 AM,202,Warning,WT8-GUI,83094221,HM,Overscaled Channel detected at Tag AI_TT_013
4/24/2026 10:11:25 AM,202,Warning,WT8-GUI,83094222,HM,Overscaled Channel detected at Tag AI_TT_014
4/24/2026 10:11:25 AM,202,Warning,WT8-GUI,83094223,HM,Overscaled Channel detected at Tag AI_TT_015
4/24/2026 10:11:25 AM,202,Warning,WT8-GUI,83094224,HM,Overscaled Channel detected at Tag AI_TT_016
4/24/2026 10:11:25 AM,202,Warning,WT8-GUI,83094225,HM,Overscaled Channel detected at Tag AI_TT_017
4/24/2026 10:11:25 AM,202,Warning,WT8-GUI,83094226,HM,Overscaled Channel detected at Tag AI_TT_018
4/24/2026 10:11:25 AM,202,Warning,WT8-GUI,83094227,HM,Overscaled Channel detected at Tag AI_TT_001
4/24/2026 10:11:25 AM,202,Warning,WT8-GUI,83094228,HM,Overscaled Channel detected at Tag AI_TT_019
4/24/2026 10:11:25 AM,202,Warning,WT8-GUI,83094229,HM,Overscaled Channel detected at Tag AI_TT_020
4/24/2026 10:11:25 AM,202,Warning,WT8-GUI,83094230,HM,Overscaled Channel detected at Tag AI_TT_021
4/24/2026 10:11:25 AM,202,Warning,WT8-GUI,83094231,HM,Overscaled Channel detected at Tag AI_TT_022
4/24/2026 10:11:25 AM,202,Warning,WT8-GUI,83094232,HM,Overscaled Channel detected at Tag AI_TT_023
4/24/2026 10:11:25 AM,202,Warning,WT8-GUI,83094233,HM,Overscaled Channel detected at Tag AI_TT_024
4/24/2026 10:11:25 AM,202,Warning,WT8-GUI,83094234,HM,Overscaled Channel detected at Tag AI_TT_025
4/24/2026 10:11:25 AM,202,Warning,WT8-GUI,83094235,HM,Overscaled Channel detected at Tag AI_TT_026
4/24/2026 10:11:25 AM,202,Warning,WT8-GUI,83094236,HM,Overscaled Channel detected at Tag AI_TT_027
4/24/2026 10:11:25 AM,202,Warning,WT8-GUI,83094237,HM,Overscaled Channel detected at Tag AI_TT_028
4/24/2026 10:11:25 AM,202,Warning,WT8-GUI,83094238,HM,Overscaled Channel detected at Tag AI_TT_002
4/24/2026 10:11:25 AM,202,Warning,WT8-GUI,83094239,HM,Overscaled Channel detected at Tag AI_TT_029
4/24/2026 10:11:25 AM,202,Warning,WT8-GUI,83094240,HM,Overscaled Channel detected at Tag AI_TT_030
4/24/2026 10:11:25 AM,202,Warning,WT8-GUI,83094241,HM,Overscaled Channel detected at Tag AI_TT_003
4/24/2026 10:11:25 AM,202,Warning,WT8-GUI,83094242,HM,Overscaled Channel detected at Tag AI_TT_004
4/24/2026 10:11:25 AM,202,Warning,WT8-GUI,83094243,HM,Overscaled Channel detected at Tag AI_TT_005
4/24/2026 10:11:25 AM,202,Warning,WT8-GUI,83094244,HM,Overscaled Channel detected at Tag AI_TT_006
4/24/2026 10:11:25 AM,202,Warning,WT8-GUI,83094245,HM,Overscaled Channel detected at Tag AI_TT_007
4/24/2026 10:11:25 AM,202,Warning,WT8-GUI,83094246,HM,Overscaled Channel detected at Tag AI_TT_008
4/24/2026 10:12:10 AM,301005,Warning,WT8-GUI,83094247,OPC,OPC Server Graybox.Simulator.1 on host localhost has not updated data in 49 minute(s).
4/24/2026 10:12:25 AM,202,Warning,WT8-GUI,83094248,HM,Overscaled Channel detected at Tag AI_Volts_Shunt_001
4/24/2026 10:12:25 AM,202,Warning,WT8-GUI,83094249,HM,Overscaled Channel detected at Tag AI_Volts_Shunt_003
4/24/2026 10:12:25 AM,202,Warning,WT8-GUI,83094250,HM,Overscaled Channel detected at Tag AI_Volts_Shunt_004
4/24/2026 10:12:25 AM,202,Warning,WT8-GUI,83094251,HM,Overscaled Channel detected at Tag AI_TK_000
4/24/2026 10:12:25 AM,202,Warning,WT8-GUI,83094252,HM,Overscaled Channel detected at Tag AI_TK_009
4/24/2026 10:12:25 AM,202,Warning,WT8-GUI,83094253,HM,Overscaled Channel detected at Tag AI_TK_010
4/24/2026 10:12:25 AM,202,Warning,WT8-GUI,83094254,HM,Overscaled Channel detected at Tag AI_TK_011
4/24/2026 10:12:25 AM,202,Warning,WT8-GUI,83094255,HM,Overscaled Channel detected at Tag AI_TK_012
4/24/2026 10:12:25 AM,202,Warning,WT8-GUI,83094256,HM,Overscaled Channel detected at Tag AI_TK_013
4/24/2026 10:12:25 AM,202,Warning,WT8-GUI,83094257,HM,Overscaled Channel detected at Tag AI_TK_014
4/24/2026 10:12:25 AM,202,Warning,WT8-GUI,83094258,HM,Overscaled Channel detected at Tag AI_TK_015
4/24/2026 10:12:25 AM,202,Warning,WT8-GUI,83094259,HM,Overscaled Channel detected at Tag AI_TK_016
4/24/2026 10:12:25 AM,202,Warning,WT8-GUI,83094260,HM,Overscaled Channel detected at Tag AI_TK_017
4/24/2026 10:12:25 AM,202,Warning,WT8-GUI,83094261,HM,Overscaled Channel detected at Tag AI_TK_018
4/24/2026 10:12:25 AM,202,Warning,WT8-GUI,83094262,HM,Overscaled Channel detected at Tag AI_TK_001
4/24/2026 10:12:25 AM,202,Warning,WT8-GUI,83094263,HM,Overscaled Channel detected at Tag AI_TK_019
4/24/2026 10:12:25 AM,202,Warning,WT8-GUI,83094264,HM,Overscaled Channel detected at Tag AI_TK_020
4/24/2026 10:12:25 AM,202,Warning,WT8-GUI,83094265,HM,Overscaled Channel detected at Tag AI_TK_021
4/24/2026 10:12:25 AM,202,Warning,WT8-GUI,83094266,HM,Overscaled Channel detected at Tag AI_TK_022
4/24/2026 10:12:25 AM,202,Warning,WT8-GUI,83094267,HM,Overscaled Channel detected at Tag AI_TK_023
4/24/2026 10:12:25 AM,202,Warning,WT8-GUI,83094268,HM,Overscaled Channel detected at Tag AI_TK_024
4/24/2026 10:12:25 AM,202,Warning,WT8-GUI,83094269,HM,Overscaled Channel detected at Tag AI_TK_025
4/24/2026 10:12:25 AM,202,Warning,WT8-GUI,83094270,HM,Overscaled Channel detected at Tag AI_TK_026
4/24/2026 10:12:25 AM,202,Warning,WT8-GUI,83094271,HM,Overscaled Channel detected at Tag AI_TK_027
4/24/2026 10:12:25 AM,202,Warning,WT8-GUI,83094272,HM,Overscaled Channel detected at Tag AI_TK_028
4/24/2026 10:12:25 AM,202,Warning,WT8-GUI,83094273,HM,Overscaled Channel detected at Tag AI_TK_002
4/24/2026 10:12:25 AM,202,Warning,WT8-GUI,83094274,HM,Overscaled Channel detected at Tag AI_TK_029
4/24/2026 10:12:25 AM,202,Warning,WT8-GUI,83094275,HM,Overscaled Channel detected at Tag AI_TK_030
4/24/2026 10:12:25 AM,202,Warning,WT8-GUI,83094276,HM,Overscaled Channel detected at Tag AI_TK_003
4/24/2026 10:12:25 AM,202,Warning,WT8-GUI,83094277,HM,Overscaled Channel detected at Tag AI_TK_004
4/24/2026 10:12:25 AM,202,Warning,WT8-GUI,83094278,HM,Overscaled Channel detected at Tag AI_TK_005
4/24/2026 10:12:25 AM,202,Warning,WT8-GUI,83094279,HM,Overscaled Channel detected at Tag AI_TK_006
4/24/2026 10:12:25 AM,202,Warning,WT8-GUI,83094280,HM,Overscaled Channel detected at Tag AI_TK_007
4/24/2026 10:12:25 AM,202,Warning,WT8-GUI,83094281,HM,Overscaled Channel detected at Tag AI_TK_008
4/24/2026 10:12:25 AM,202,Warning,WT8-GUI,83094282,HM,Overscaled Channel detected at Tag AI_Volts_Shunt_000
4/24/2026 10:12:25 AM,202,Warning,WT8-GUI,83094283,HM,Overscaled Channel detected at Tag AI_Volts_Shunt_006
4/24/2026 10:12:25 AM,202,Warning,WT8-GUI,83094284,HM,Overscaled Channel detected at Tag AI_Volts_Shunt_007
4/24/2026 10:12:25 AM,202,Warning,WT8-GUI,83094285,HM,Overscaled Channel detected at Tag AI_Volts_Shunt_008
4/24/2026 10:12:25 AM,202,Warning,WT8-GUI,83094286,HM,Overscaled Channel detected at Tag AI_Volts_Shunt_009
4/24/2026 10:12:25 AM,202,Warning,WT8-GUI,83094287,HM,Overscaled Channel detected at Tag AI_Volts_Shunt_010
4/24/2026 10:12:25 AM,202,Warning,WT8-GUI,83094288,HM,Overscaled Channel detected at Tag AI_Volts_Shunt_011
4/24/2026 10:12:25 AM,202,Warning,WT8-GUI,83094289,HM,Overscaled Channel detected at Tag AI_Volts_Shunt_012
4/24/2026 10:12:25 AM,202,Warning,WT8-GUI,83094290,HM,Overscaled Channel detected at Tag AI_Volts_Shunt_013
4/24/2026 10:12:25 AM,202,Warning,WT8-GUI,83094291,HM,Overscaled Channel detected at Tag AI_Volts_Shunt_014
4/24/2026 10:12:25 AM,202,Warning,WT8-GUI,83094292,HM,Overscaled Channel detected at Tag AI_Volts_Shunt_015
4/24/2026 10:12:25 AM,202,Warning,WT8-GUI,83094293,HM,Overscaled Channel detected at Tag AI_Strain_000
4/24/2026 10:12:25 AM,202,Warning,WT8-GUI,83094294,HM,Overscaled Channel detected at Tag AI_Strain_001
4/24/2026 10:12:25 AM,202,Warning,WT8-GUI,83094295,HM,Overscaled Channel detected at Tag AI_Strain_002
4/24/2026 10:12:25 AM,202,Warning,WT8-GUI,83094296,HM,Overscaled Channel detected at Tag AI_Strain_003
4/24/2026 10:12:25 AM,202,Warning,WT8-GUI,83094297,HM,Overscaled Channel detected at Tag AI_Strain_004
4/24/2026 10:12:25 AM,202,Warning,WT8-GUI,83094298,HM,Overscaled Channel detected at Tag AI_Strain_005
4/24/2026 10:12:25 AM,202,Warning,WT8-GUI,83094299,HM,Overscaled Channel detected at Tag AI_Strain_006
4/24/2026 10:12:25 AM,202,Warning,WT8-GUI,83094300,HM,Overscaled Channel detected at Tag AI_Strain_007
4/24/2026 10:12:25 AM,202,Warning,WT8-GUI,83094301,HM,Overscaled Channel detected at Tag AI_TT_000
4/24/2026 10:12:25 AM,202,Warning,WT8-GUI,83094302,HM,Overscaled Channel detected at Tag AI_TT_009
4/24/2026 10:12:25 AM,202,Warning,WT8-GUI,83094303,HM,Overscaled Channel detected at Tag AI_TT_010
4/24/2026 10:12:25 AM,202,Warning,WT8-GUI,83094304,HM,Overscaled Channel detected at Tag AI_TT_011
4/24/2026 10:12:25 AM,202,Warning,WT8-GUI,83094305,HM,Overscaled Channel detected at Tag AI_TT_012
4/24/2026 10:12:25 AM,202,Warning,WT8-GUI,83094306,HM,Overscaled Channel detected at Tag AI_TT_013
4/24/2026 10:12:25 AM,202,Warning,WT8-GUI,83094307,HM,Overscaled Channel detected at Tag AI_TT_014
4/24/2026 10:12:25 AM,202,Warning,WT8-GUI,83094308,HM,Overscaled Channel detected at Tag AI_TT_015
4/24/2026 10:12:25 AM,202,Warning,WT8-GUI,83094309,HM,Overscaled Channel detected at Tag AI_TT_016
4/24/2026 10:12:25 AM,202,Warning,WT8-GUI,83094310,HM,Overscaled Channel detected at Tag AI_TT_017
4/24/2026 10:12:25 AM,202,Warning,WT8-GUI,83094311,HM,Overscaled Channel detected at Tag AI_TT_018
4/24/2026 10:12:25 AM,202,Warning,WT8-GUI,83094312,HM,Overscaled Channel detected at Tag AI_TT_001
4/24/2026 10:12:25 AM,202,Warning,WT8-GUI,83094313,HM,Overscaled Channel detected at Tag AI_TT_019
4/24/2026 10:12:25 AM,202,Warning,WT8-GUI,83094314,HM,Overscaled Channel detected at Tag AI_TT_020
4/24/2026 10:12:25 AM,202,Warning,WT8-GUI,83094315,HM,Overscaled Channel detected at Tag AI_TT_021
4/24/2026 10:12:25 AM,202,Warning,WT8-GUI,83094316,HM,Overscaled Channel detected at Tag AI_TT_022
4/24/2026 10:12:25 AM,202,Warning,WT8-GUI,83094317,HM,Overscaled Channel detected at Tag AI_TT_023
4/24/2026 10:12:25 AM,202,Warning,WT8-GUI,83094318,HM,Overscaled Channel detected at Tag AI_TT_024
4/24/2026 10:12:25 AM,202,Warning,WT8-GUI,83094319,HM,Overscaled Channel detected at Tag AI_TT_025
4/24/2026 10:12:25 AM,202,Warning,WT8-GUI,83094320,HM,Overscaled Channel detected at Tag AI_TT_026
4/24/2026 10:12:25 AM,202,Warning,WT8-GUI,83094321,HM,Overscaled Channel detected at Tag AI_TT_027
4/24/2026 10:12:25 AM,202,Warning,WT8-GUI,83094322,HM,Overscaled Channel detected at Tag AI_TT_028
4/24/2026 10:12:25 AM,202,Warning,WT8-GUI,83094323,HM,Overscaled Channel detected at Tag AI_TT_002
4/24/2026 10:12:25 AM,202,Warning,WT8-GUI,83094324,HM,Overscaled Channel detected at Tag AI_TT_029
4/24/2026 10:12:25 AM,202,Warning,WT8-GUI,83094325,HM,Overscaled Channel detected at Tag AI_TT_030
4/24/2026 10:12:25 AM,202,Warning,WT8-GUI,83094326,HM,Overscaled Channel detected at Tag AI_TT_003
4/24/2026 10:12:25 AM,202,Warning,WT8-GUI,83094327,HM,Overscaled Channel detected at Tag AI_TT_004
4/24/2026 10:12:25 AM,202,Warning,WT8-GUI,83094328,HM,Overscaled Channel detected at Tag AI_TT_005
4/24/2026 10:12:25 AM,202,Warning,WT8-GUI,83094329,HM,Overscaled Channel detected at Tag AI_TT_006
4/24/2026 10:12:25 AM,202,Warning,WT8-GUI,83094330,HM,Overscaled Channel detected at Tag AI_TT_007
4/24/2026 10:12:25 AM,202,Warning,WT8-GUI,83094331,HM,Overscaled Channel detected at Tag AI_TT_008
4/24/2026 10:13:10 AM,301005,Warning,WT8-GUI,83094332,OPC,OPC Server Graybox.Simulator.1 on host localhost has not updated data in 50 minute(s).
4/24/2026 10:13:25 AM,202,Warning,WT8-GUI,83094333,HM,Overscaled Channel detected at Tag AI_Volts_Shunt_001
4/24/2026 10:13:25 AM,202,Warning,WT8-GUI,83094334,HM,Overscaled Channel detected at Tag AI_Volts_Shunt_003
4/24/2026 10:13:25 AM,202,Warning,WT8-GUI,83094335,HM,Overscaled Channel detected at Tag AI_Volts_Shunt_004
4/24/2026 10:13:25 AM,202,Warning,WT8-GUI,83094336,HM,Overscaled Channel detected at Tag AI_TK_000
4/24/2026 10:13:25 AM,202,Warning,WT8-GUI,83094337,HM,Overscaled Channel detected at Tag AI_TK_009
4/24/2026 10:13:25 AM,202,Warning,WT8-GUI,83094338,HM,Overscaled Channel detected at Tag AI_TK_010
4/24/2026 10:13:25 AM,202,Warning,WT8-GUI,83094339,HM,Overscaled Channel detected at Tag AI_TK_011
4/24/2026 10:13:25 AM,202,Warning,WT8-GUI,83094340,HM,Overscaled Channel detected at Tag AI_TK_012
4/24/2026 10:13:25 AM,202,Warning,WT8-GUI,83094341,HM,Overscaled Channel detected at Tag AI_TK_013
4/24/2026 10:13:25 AM,202,Warning,WT8-GUI,83094342,HM,Overscaled Channel detected at Tag AI_TK_014
4/24/2026 10:13:25 AM,202,Warning,WT8-GUI,83094343,HM,Overscaled Channel detected at Tag AI_TK_015
4/24/2026 10:13:25 AM,202,Warning,WT8-GUI,83094344,HM,Overscaled Channel detected at Tag AI_TK_016
4/24/2026 10:13:25 AM,202,Warning,WT8-GUI,83094345,HM,Overscaled Channel detected at Tag AI_TK_017
4/24/2026 10:13:25 AM,202,Warning,WT8-GUI,83094346,HM,Overscaled Channel detected at Tag AI_TK_018
4/24/2026 10:13:25 AM,202,Warning,WT8-GUI,83094347,HM,Overscaled Channel detected at Tag AI_TK_001
4/24/2026 10:13:25 AM,202,Warning,WT8-GUI,83094348,HM,Overscaled Channel detected at Tag AI_TK_019
4/24/2026 10:13:25 AM,202,Warning,WT8-GUI,83094349,HM,Overscaled Channel detected at Tag AI_TK_020
4/24/2026 10:13:25 AM,202,Warning,WT8-GUI,83094350,HM,Overscaled Channel detected at Tag AI_TK_021
4/24/2026 10:13:25 AM,202,Warning,WT8-GUI,83094351,HM,Overscaled Channel detected at Tag AI_TK_022
4/24/2026 10:13:25 AM,202,Warning,WT8-GUI,83094352,HM,Overscaled Channel detected at Tag AI_TK_023
4/24/2026 10:13:25 AM,202,Warning,WT8-GUI,83094353,HM,Overscaled Channel detected at Tag AI_TK_024
4/24/2026 10:13:25 AM,202,Warning,WT8-GUI,83094354,HM,Overscaled Channel detected at Tag AI_TK_025
4/24/2026 10:13:25 AM,202,Warning,WT8-GUI,83094355,HM,Overscaled Channel detected at Tag AI_TK_026
4/24/2026 10:13:25 AM,202,Warning,WT8-GUI,83094356,HM,Overscaled Channel detected at Tag AI_TK_027
4/24/2026 10:13:25 AM,202,Warning,WT8-GUI,83094357,HM,Overscaled Channel detected at Tag AI_TK_028
4/24/2026 10:13:25 AM,202,Warning,WT8-GUI,83094358,HM,Overscaled Channel detected at Tag AI_TK_002
4/24/2026 10:13:25 AM,202,Warning,WT8-GUI,83094359,HM,Overscaled Channel detected at Tag AI_TK_029
4/24/2026 10:13:25 AM,202,Warning,WT8-GUI,83094360,HM,Overscaled Channel detected at Tag AI_TK_030
4/24/2026 10:13:25 AM,202,Warning,WT8-GUI,83094361,HM,Overscaled Channel detected at Tag AI_TK_003
4/24/2026 10:13:25 AM,202,Warning,WT8-GUI,83094362,HM,Overscaled Channel detected at Tag AI_TK_004
4/24/2026 10:13:25 AM,202,Warning,WT8-GUI,83094363,HM,Overscaled Channel detected at Tag AI_TK_005
4/24/2026 10:13:25 AM,202,Warning,WT8-GUI,83094364,HM,Overscaled Channel detected at Tag AI_TK_006
4/24/2026 10:13:25 AM,202,Warning,WT8-GUI,83094365,HM,Overscaled Channel detected at Tag AI_TK_007
4/24/2026 10:13:25 AM,202,Warning,WT8-GUI,83094366,HM,Overscaled Channel detected at Tag AI_TK_008
4/24/2026 10:13:25 AM,202,Warning,WT8-GUI,83094367,HM,Overscaled Channel detected at Tag AI_Volts_Shunt_000
4/24/2026 10:13:25 AM,202,Warning,WT8-GUI,83094368,HM,Overscaled Channel detected at Tag AI_Volts_Shunt_006
4/24/2026 10:13:25 AM,202,Warning,WT8-GUI,83094369,HM,Overscaled Channel detected at Tag AI_Volts_Shunt_007
4/24/2026 10:13:25 AM,202,Warning,WT8-GUI,83094370,HM,Overscaled Channel detected at Tag AI_Volts_Shunt_008
4/24/2026 10:13:25 AM,202,Warning,WT8-GUI,83094371,HM,Overscaled Channel detected at Tag AI_Volts_Shunt_009
4/24/2026 10:13:25 AM,202,Warning,WT8-GUI,83094372,HM,Overscaled Channel detected at Tag AI_Volts_Shunt_010
4/24/2026 10:13:25 AM,202,Warning,WT8-GUI,83094373,HM,Overscaled Channel detected at Tag AI_Volts_Shunt_011
4/24/2026 10:13:25 AM,202,Warning,WT8-GUI,83094374,HM,Overscaled Channel detected at Tag AI_Volts_Shunt_012
4/24/2026 10:13:25 AM,202,Warning,WT8-GUI,83094375,HM,Overscaled Channel detected at Tag AI_Volts_Shunt_013
4/24/2026 10:13:25 AM,202,Warning,WT8-GUI,83094376,HM,Overscaled Channel detected at Tag AI_Volts_Shunt_014
4/24/2026 10:13:25 AM,202,Warning,WT8-GUI,83094377,HM,Overscaled Channel detected at Tag AI_Volts_Shunt_015
4/24/2026 10:13:25 AM,202,Warning,WT8-GUI,83094378,HM,Overscaled Channel detected at Tag AI_Strain_000
4/24/2026 10:13:25 AM,202,Warning,WT8-GUI,83094379,HM,Overscaled Channel detected at Tag AI_Strain_001
4/24/2026 10:13:25 AM,202,Warning,WT8-GUI,83094380,HM,Overscaled Channel detected at Tag AI_Strain_002
4/24/2026 10:13:25 AM,202,Warning,WT8-GUI,83094381,HM,Overscaled Channel detected at Tag AI_Strain_003
4/24/2026 10:13:25 AM,202,Warning,WT8-GUI,83094382,HM,Overscaled Channel detected at Tag AI_Strain_004
4/24/2026 10:13:25 AM,202,Warning,WT8-GUI,83094383,HM,Overscaled Channel detected at Tag AI_Strain_005
4/24/2026 10:13:25 AM,202,Warning,WT8-GUI,83094384,HM,Overscaled Channel detected at Tag AI_Strain_006
4/24/2026 10:13:25 AM,202,Warning,WT8-GUI,83094385,HM,Overscaled Channel detected at Tag AI_Strain_007
4/24/2026 10:13:25 AM,202,Warning,WT8-GUI,83094386,HM,Overscaled Channel detected at Tag AI_TT_000
4/24/2026 10:13:25 AM,202,Warning,WT8-GUI,83094387,HM,Overscaled Channel detected at Tag AI_TT_009
4/24/2026 10:13:25 AM,202,Warning,WT8-GUI,83094388,HM,Overscaled Channel detected at Tag AI_TT_010
4/24/2026 10:13:25 AM,202,Warning,WT8-GUI,83094389,HM,Overscaled Channel detected at Tag AI_TT_011
4/24/2026 10:13:25 AM,202,Warning,WT8-GUI,83094390,HM,Overscaled Channel detected at Tag AI_TT_012
4/24/2026 10:13:25 AM,202,Warning,WT8-GUI,83094391,HM,Overscaled Channel detected at Tag AI_TT_013
4/24/2026 10:13:25 AM,202,Warning,WT8-GUI,83094392,HM,Overscaled Channel detected at Tag AI_TT_014
4/24/2026 10:13:25 AM,202,Warning,WT8-GUI,83094393,HM,Overscaled Channel detected at Tag AI_TT_015
4/24/2026 10:13:25 AM,202,Warning,WT8-GUI,83094394,HM,Overscaled Channel detected at Tag AI_TT_016
4/24/2026 10:13:25 AM,202,Warning,WT8-GUI,83094395,HM,Overscaled Channel detected at Tag AI_TT_017
4/24/2026 10:13:25 AM,202,Warning,WT8-GUI,83094396,HM,Overscaled Channel detected at Tag AI_TT_018
4/24/2026 10:13:25 AM,202,Warning,WT8-GUI,83094397,HM,Overscaled Channel detected at Tag AI_TT_001
4/24/2026 10:13:25 AM,202,Warning,WT8-GUI,83094398,HM,Overscaled Channel detected at Tag AI_TT_019
4/24/2026 10:13:25 AM,202,Warning,WT8-GUI,83094399,HM,Overscaled Channel detected at Tag AI_TT_020
4/24/2026 10:13:25 AM,202,Warning,WT8-GUI,83094400,HM,Overscaled Channel detected at Tag AI_TT_021
4/24/2026 10:13:25 AM,202,Warning,WT8-GUI,83094401,HM,Overscaled Channel detected at Tag AI_TT_022
4/24/2026 10:13:25 AM,202,Warning,WT8-GUI,83094402,HM,Overscaled Channel detected at Tag AI_TT_023
4/24/2026 10:13:25 AM,202,Warning,WT8-GUI,83094403,HM,Overscaled Channel detected at Tag AI_TT_024
4/24/2026 10:13:25 AM,202,Warning,WT8-GUI,83094404,HM,Overscaled Channel detected at Tag AI_TT_025
4/24/2026 10:13:25 AM,202,Warning,WT8-GUI,83094405,HM,Overscaled Channel detected at Tag AI_TT_026
4/24/2026 10:13:25 AM,202,Warning,WT8-GUI,83094406,HM,Overscaled Channel detected at Tag AI_TT_027
4/24/2026 10:13:25 AM,202,Warning,WT8-GUI,83094407,HM,Overscaled Channel detected at Tag AI_TT_028
4/24/2026 10:13:25 AM,202,Warning,WT8-GUI,83094408,HM,Overscaled Channel detected at Tag AI_TT_002
4/24/2026 10:13:25 AM,202,Warning,WT8-GUI,83094409,HM,Overscaled Channel detected at Tag AI_TT_029
4/24/2026 10:13:25 AM,202,Warning,WT8-GUI,83094410,HM,Overscaled Channel detected at Tag AI_TT_030
4/24/2026 10:13:25 AM,202,Warning,WT8-GUI,83094411,HM,Overscaled Channel detected at Tag AI_TT_003
4/24/2026 10:13:25 AM,202,Warning,WT8-GUI,83094412,HM,Overscaled Channel detected at Tag AI_TT_004
4/24/2026 10:13:25 AM,202,Warning,WT8-GUI,83094413,HM,Overscaled Channel detected at Tag AI_TT_005
4/24/2026 10:13:25 AM,202,Warning,WT8-GUI,83094414,HM,Overscaled Channel detected at Tag AI_TT_006
4/24/2026 10:13:25 AM,202,Warning,WT8-GUI,83094415,HM,Overscaled Channel detected at Tag AI_TT_007
4/24/2026 10:13:25 AM,202,Warning,WT8-GUI,83094416,HM,Overscaled Channel detected at Tag AI_TT_008
4/24/2026 10:14:10 AM,301005,Warning,WT8-GUI,83094417,OPC,OPC Server Graybox.Simulator.1 on host localhost has not updated data in 51 minute(s).
4/24/2026 10:14:25 AM,202,Warning,WT8-GUI,83094418,HM,Overscaled Channel detected at Tag AI_Volts_Shunt_001
4/24/2026 10:14:25 AM,202,Warning,WT8-GUI,83094419,HM,Overscaled Channel detected at Tag AI_Volts_Shunt_003
4/24/2026 10:14:25 AM,202,Warning,WT8-GUI,83094420,HM,Overscaled Channel detected at Tag AI_Volts_Shunt_004
4/24/2026 10:14:25 AM,202,Warning,WT8-GUI,83094421,HM,Overscaled Channel detected at Tag AI_TK_000
4/24/2026 10:14:25 AM,202,Warning,WT8-GUI,83094422,HM,Overscaled Channel detected at Tag AI_TK_009
4/24/2026 10:14:25 AM,202,Warning,WT8-GUI,83094423,HM,Overscaled Channel detected at Tag AI_TK_010
4/24/2026 10:14:25 AM,202,Warning,WT8-GUI,83094424,HM,Overscaled Channel detected at Tag AI_TK_011
4/24/2026 10:14:25 AM,202,Warning,WT8-GUI,83094425,HM,Overscaled Channel detected at Tag AI_TK_012
4/24/2026 10:14:25 AM,202,Warning,WT8-GUI,83094426,HM,Overscaled Channel detected at Tag AI_TK_013
4/24/2026 10:14:25 AM,202,Warning,WT8-GUI,83094427,HM,Overscaled Channel detected at Tag AI_TK_014
4/24/2026 10:14:25 AM,202,Warning,WT8-GUI,83094428,HM,Overscaled Channel detected at Tag AI_TK_015
4/24/2026 10:14:25 AM,202,Warning,WT8-GUI,83094429,HM,Overscaled Channel detected at Tag AI_TK_016
4/24/2026 10:14:25 AM,202,Warning,WT8-GUI,83094430,HM,Overscaled Channel detected at Tag AI_TK_017
4/24/2026 10:14:25 AM,202,Warning,WT8-GUI,83094431,HM,Overscaled Channel detected at Tag AI_TK_018
4/24/2026 10:14:25 AM,202,Warning,WT8-GUI,83094432,HM,Overscaled Channel detected at Tag AI_TK_001
4/24/2026 10:14:25 AM,202,Warning,WT8-GUI,83094433,HM,Overscaled Channel detected at Tag AI_TK_019
4/24/2026 10:14:25 AM,202,Warning,WT8-GUI,83094434,HM,Overscaled Channel detected at Tag AI_TK_020
4/24/2026 10:14:25 AM,202,Warning,WT8-GUI,83094435,HM,Overscaled Channel detected at Tag AI_TK_021
4/24/2026 10:14:25 AM,202,Warning,WT8-GUI,83094436,HM,Overscaled Channel detected at Tag AI_TK_022
4/24/2026 10:14:25 AM,202,Warning,WT8-GUI,83094437,HM,Overscaled Channel detected at Tag AI_TK_023
4/24/2026 10:14:25 AM,202,Warning,WT8-GUI,83094438,HM,Overscaled Channel detected at Tag AI_TK_024
4/24/2026 10:14:25 AM,202,Warning,WT8-GUI,83094439,HM,Overscaled Channel detected at Tag AI_TK_025
4/24/2026 10:14:25 AM,202,Warning,WT8-GUI,83094440,HM,Overscaled Channel detected at Tag AI_TK_026
4/24/2026 10:14:25 AM,202,Warning,WT8-GUI,83094441,HM,Overscaled Channel detected at Tag AI_TK_027
4/24/2026 10:14:25 AM,202,Warning,WT8-GUI,83094442,HM,Overscaled Channel detected at Tag AI_TK_028
4/24/2026 10:14:25 AM,202,Warning,WT8-GUI,83094443,HM,Overscaled Channel detected at Tag AI_TK_002
4/24/2026 10:14:25 AM,202,Warning,WT8-GUI,83094444,HM,Overscaled Channel detected at Tag AI_TK_029
4/24/2026 10:14:25 AM,202,Warning,WT8-GUI,83094445,HM,Overscaled Channel detected at Tag AI_TK_030
4/24/2026 10:14:25 AM,202,Warning,WT8-GUI,83094446,HM,Overscaled Channel detected at Tag AI_TK_003
4/24/2026 10:14:25 AM,202,Warning,WT8-GUI,83094447,HM,Overscaled Channel detected at Tag AI_TK_004
4/24/2026 10:14:25 AM,202,Warning,WT8-GUI,83094448,HM,Overscaled Channel detected at Tag AI_TK_005
4/24/2026 10:14:25 AM,202,Warning,WT8-GUI,83094449,HM,Overscaled Channel detected at Tag AI_TK_006
4/24/2026 10:14:25 AM,202,Warning,WT8-GUI,83094450,HM,Overscaled Channel detected at Tag AI_TK_007
4/24/2026 10:14:25 AM,202,Warning,WT8-GUI,83094451,HM,Overscaled Channel detected at Tag AI_TK_008
4/24/2026 10:14:25 AM,202,Warning,WT8-GUI,83094452,HM,Overscaled Channel detected at Tag AI_Volts_Shunt_000
4/24/2026 10:14:25 AM,202,Warning,WT8-GUI,83094453,HM,Overscaled Channel detected at Tag AI_Volts_Shunt_006
4/24/2026 10:14:25 AM,202,Warning,WT8-GUI,83094454,HM,Overscaled Channel detected at Tag AI_Volts_Shunt_007
4/24/2026 10:14:25 AM,202,Warning,WT8-GUI,83094455,HM,Overscaled Channel detected at Tag AI_Volts_Shunt_008
4/24/2026 10:14:25 AM,202,Warning,WT8-GUI,83094456,HM,Overscaled Channel detected at Tag AI_Volts_Shunt_009
4/24/2026 10:14:25 AM,202,Warning,WT8-GUI,83094457,HM,Overscaled Channel detected at Tag AI_Volts_Shunt_010
4/24/2026 10:14:25 AM,202,Warning,WT8-GUI,83094458,HM,Overscaled Channel detected at Tag AI_Volts_Shunt_011
4/24/2026 10:14:25 AM,202,Warning,WT8-GUI,83094459,HM,Overscaled Channel detected at Tag AI_Volts_Shunt_012
4/24/2026 10:14:25 AM,202,Warning,WT8-GUI,83094460,HM,Overscaled Channel detected at Tag AI_Volts_Shunt_013
4/24/2026 10:14:25 AM,202,Warning,WT8-GUI,83094461,HM,Overscaled Channel detected at Tag AI_Volts_Shunt_014
4/24/2026 10:14:25 AM,202,Warning,WT8-GUI,83094462,HM,Overscaled Channel detected at Tag AI_Volts_Shunt_015
4/24/2026 10:14:25 AM,202,Warning,WT8-GUI,83094463,HM,Overscaled Channel detected at Tag AI_Strain_000
4/24/2026 10:14:25 AM,202,Warning,WT8-GUI,83094464,HM,Overscaled Channel detected at Tag AI_Strain_001
4/24/2026 10:14:25 AM,202,Warning,WT8-GUI,83094465,HM,Overscaled Channel detected at Tag AI_Strain_002
4/24/2026 10:14:25 AM,202,Warning,WT8-GUI,83094466,HM,Overscaled Channel detected at Tag AI_Strain_003
4/24/2026 10:14:25 AM,202,Warning,WT8-GUI,83094467,HM,Overscaled Channel detected at Tag AI_Strain_004
4/24/2026 10:14:25 AM,202,Warning,WT8-GUI,83094468,HM,Overscaled Channel detected at Tag AI_Strain_005
4/24/2026 10:14:25 AM,202,Warning,WT8-GUI,83094469,HM,Overscaled Channel detected at Tag AI_Strain_006
4/24/2026 10:14:25 AM,202,Warning,WT8-GUI,83094470,HM,Overscaled Channel detected at Tag AI_Strain_007
4/24/2026 10:14:25 AM,202,Warning,WT8-GUI,83094471,HM,Overscaled Channel detected at Tag AI_TT_000
4/24/2026 10:14:25 AM,202,Warning,WT8-GUI,83094472,HM,Overscaled Channel detected at Tag AI_TT_009
4/24/2026 10:14:25 AM,202,Warning,WT8-GUI,83094473,HM,Overscaled Channel detected at Tag AI_TT_010
4/24/2026 10:14:25 AM,202,Warning,WT8-GUI,83094474,HM,Overscaled Channel detected at Tag AI_TT_011
4/24/2026 10:14:25 AM,202,Warning,WT8-GUI,83094475,HM,Overscaled Channel detected at Tag AI_TT_012
4/24/2026 10:14:25 AM,202,Warning,WT8-GUI,83094476,HM,Overscaled Channel detected at Tag AI_TT_013
4/24/2026 10:14:25 AM,202,Warning,WT8-GUI,83094477,HM,Overscaled Channel detected at Tag AI_TT_014
4/24/2026 10:14:25 AM,202,Warning,WT8-GUI,83094478,HM,Overscaled Channel detected at Tag AI_TT_015
4/24/2026 10:14:25 AM,202,Warning,WT8-GUI,83094479,HM,Overscaled Channel detected at Tag AI_TT_016
4/24/2026 10:14:25 AM,202,Warning,WT8-GUI,83094480,HM,Overscaled Channel detected at Tag AI_TT_017
4/24/2026 10:14:25 AM,202,Warning,WT8-GUI,83094481,HM,Overscaled Channel detected at Tag AI_TT_018
4/24/2026 10:14:25 AM,202,Warning,WT8-GUI,83094482,HM,Overscaled Channel detected at Tag AI_TT_001
4/24/2026 10:14:25 AM,202,Warning,WT8-GUI,83094483,HM,Overscaled Channel detected at Tag AI_TT_019
4/24/2026 10:14:25 AM,202,Warning,WT8-GUI,83094484,HM,Overscaled Channel detected at Tag AI_TT_020
4/24/2026 10:14:25 AM,202,Warning,WT8-GUI,83094485,HM,Overscaled Channel detected at Tag AI_TT_021
4/24/2026 10:14:25 AM,202,Warning,WT8-GUI,83094486,HM,Overscaled Channel detected at Tag AI_TT_022
4/24/2026 10:14:25 AM,202,Warning,WT8-GUI,83094487,HM,Overscaled Channel detected at Tag AI_TT_023
4/24/2026 10:14:25 AM,202,Warning,WT8-GUI,83094488,HM,Overscaled Channel detected at Tag AI_TT_024
4/24/2026 10:14:25 AM,202,Warning,WT8-GUI,83094489,HM,Overscaled Channel detected at Tag AI_TT_025
4/24/2026 10:14:25 AM,202,Warning,WT8-GUI,83094490,HM,Overscaled Channel detected at Tag AI_TT_026
4/24/2026 10:14:25 AM,202,Warning,WT8-GUI,83094491,HM,Overscaled Channel detected at Tag AI_TT_027
4/24/2026 10:14:25 AM,202,Warning,WT8-GUI,83094492,HM,Overscaled Channel detected at Tag AI_TT_028
4/24/2026 10:14:25 AM,202,Warning,WT8-GUI,83094493,HM,Overscaled Channel detected at Tag AI_TT_002
4/24/2026 10:14:25 AM,202,Warning,WT8-GUI,83094494,HM,Overscaled Channel detected at Tag AI_TT_029
4/24/2026 10:14:25 AM,202,Warning,WT8-GUI,83094495,HM,Overscaled Channel detected at Tag AI_TT_030
4/24/2026 10:14:25 AM,202,Warning,WT8-GUI,83094496,HM,Overscaled Channel detected at Tag AI_TT_003
4/24/2026 10:14:25 AM,202,Warning,WT8-GUI,83094497,HM,Overscaled Channel detected at Tag AI_TT_004
4/24/2026 10:14:25 AM,202,Warning,WT8-GUI,83094498,HM,Overscaled Channel detected at Tag AI_TT_005
4/24/2026 10:14:25 AM,202,Warning,WT8-GUI,83094499,HM,Overscaled Channel detected at Tag AI_TT_006
4/24/2026 10:14:25 AM,202,Warning,WT8-GUI,83094500,HM,Overscaled Channel detected at Tag AI_TT_007
4/24/2026 10:14:25 AM,202,Warning,WT8-GUI,83094501,HM,Overscaled Channel detected at Tag AI_TT_008
4/24/2026 10:15:10 AM,301005,Warning,WT8-GUI,83094502,OPC,OPC Server Graybox.Simulator.1 on host localhost has not updated data in 52 minute(s).
4/24/2026 10:15:25 AM,202,Warning,WT8-GUI,83094503,HM,Overscaled Channel detected at Tag AI_Volts_Shunt_001
4/24/2026 10:15:25 AM,202,Warning,WT8-GUI,83094504,HM,Overscaled Channel detected at Tag AI_Volts_Shunt_003
4/24/2026 10:15:25 AM,202,Warning,WT8-GUI,83094505,HM,Overscaled Channel detected at Tag AI_Volts_Shunt_004
4/24/2026 10:15:25 AM,202,Warning,WT8-GUI,83094506,HM,Overscaled Channel detected at Tag AI_TK_000
4/24/2026 10:15:25 AM,202,Warning,WT8-GUI,83094507,HM,Overscaled Channel detected at Tag AI_TK_009
4/24/2026 10:15:25 AM,202,Warning,WT8-GUI,83094508,HM,Overscaled Channel detected at Tag AI_TK_010
4/24/2026 10:15:25 AM,202,Warning,WT8-GUI,83094509,HM,Overscaled Channel detected at Tag AI_TK_011
4/24/2026 10:15:25 AM,202,Warning,WT8-GUI,83094510,HM,Overscaled Channel detected at Tag AI_TK_012
4/24/2026 10:15:25 AM,202,Warning,WT8-GUI,83094511,HM,Overscaled Channel detected at Tag AI_TK_013
4/24/2026 10:15:25 AM,202,Warning,WT8-GUI,83094512,HM,Overscaled Channel detected at Tag AI_TK_014
4/24/2026 10:15:25 AM,202,Warning,WT8-GUI,83094513,HM,Overscaled Channel detected at Tag AI_TK_015
4/24/2026 10:15:25 AM,202,Warning,WT8-GUI,83094514,HM,Overscaled Channel detected at Tag AI_TK_016
4/24/2026 10:15:25 AM,202,Warning,WT8-GUI,83094515,HM,Overscaled Channel detected at Tag AI_TK_017
4/24/2026 10:15:25 AM,202,Warning,WT8-GUI,83094516,HM,Overscaled Channel detected at Tag AI_TK_018
4/24/2026 10:15:25 AM,202,Warning,WT8-GUI,83094517,HM,Overscaled Channel detected at Tag AI_TK_001
4/24/2026 10:15:25 AM,202,Warning,WT8-GUI,83094518,HM,Overscaled Channel detected at Tag AI_TK_019
4/24/2026 10:15:25 AM,202,Warning,WT8-GUI,83094519,HM,Overscaled Channel detected at Tag AI_TK_020
4/24/2026 10:15:25 AM,202,Warning,WT8-GUI,83094520,HM,Overscaled Channel detected at Tag AI_TK_021
4/24/2026 10:15:25 AM,202,Warning,WT8-GUI,83094521,HM,Overscaled Channel detected at Tag AI_TK_022
4/24/2026 10:15:25 AM,202,Warning,WT8-GUI,83094522,HM,Overscaled Channel detected at Tag AI_TK_023
4/24/2026 10:15:25 AM,202,Warning,WT8-GUI,83094523,HM,Overscaled Channel detected at Tag AI_TK_024
4/24/2026 10:15:25 AM,202,Warning,WT8-GUI,83094524,HM,Overscaled Channel detected at Tag AI_TK_025
4/24/2026 10:15:25 AM,202,Warning,WT8-GUI,83094525,HM,Overscaled Channel detected at Tag AI_TK_026
4/24/2026 10:15:25 AM,202,Warning,WT8-GUI,83094526,HM,Overscaled Channel detected at Tag AI_TK_027
4/24/2026 10:15:25 AM,202,Warning,WT8-GUI,83094527,HM,Overscaled Channel detected at Tag AI_TK_028
4/24/2026 10:15:25 AM,202,Warning,WT8-GUI,83094528,HM,Overscaled Channel detected at Tag AI_TK_002
4/24/2026 10:15:25 AM,202,Warning,WT8-GUI,83094529,HM,Overscaled Channel detected at Tag AI_TK_029
4/24/2026 10:15:25 AM,202,Warning,WT8-GUI,83094530,HM,Overscaled Channel detected at Tag AI_TK_030
4/24/2026 10:15:25 AM,202,Warning,WT8-GUI,83094531,HM,Overscaled Channel detected at Tag AI_TK_003
4/24/2026 10:15:25 AM,202,Warning,WT8-GUI,83094532,HM,Overscaled Channel detected at Tag AI_TK_004
4/24/2026 10:15:25 AM,202,Warning,WT8-GUI,83094533,HM,Overscaled Channel detected at Tag AI_TK_005
4/24/2026 10:15:25 AM,202,Warning,WT8-GUI,83094534,HM,Overscaled Channel detected at Tag AI_TK_006
4/24/2026 10:15:25 AM,202,Warning,WT8-GUI,83094535,HM,Overscaled Channel detected at Tag AI_TK_007
4/24/2026 10:15:25 AM,202,Warning,WT8-GUI,83094536,HM,Overscaled Channel detected at Tag AI_TK_008
4/24/2026 10:15:25 AM,202,Warning,WT8-GUI,83094537,HM,Overscaled Channel detected at Tag AI_Volts_Shunt_000
4/24/2026 10:15:25 AM,202,Warning,WT8-GUI,83094538,HM,Overscaled Channel detected at Tag AI_Volts_Shunt_006
4/24/2026 10:15:25 AM,202,Warning,WT8-GUI,83094539,HM,Overscaled Channel detected at Tag AI_Volts_Shunt_007
4/24/2026 10:15:25 AM,202,Warning,WT8-GUI,83094540,HM,Overscaled Channel detected at Tag AI_Volts_Shunt_008
4/24/2026 10:15:25 AM,202,Warning,WT8-GUI,83094541,HM,Overscaled Channel detected at Tag AI_Volts_Shunt_009
4/24/2026 10:15:25 AM,202,Warning,WT8-GUI,83094542,HM,Overscaled Channel detected at Tag AI_Volts_Shunt_010
4/24/2026 10:15:25 AM,202,Warning,WT8-GUI,83094543,HM,Overscaled Channel detected at Tag AI_Volts_Shunt_011
4/24/2026 10:15:25 AM,202,Warning,WT8-GUI,83094544,HM,Overscaled Channel detected at Tag AI_Volts_Shunt_012
4/24/2026 10:15:25 AM,202,Warning,WT8-GUI,83094545,HM,Overscaled Channel detected at Tag AI_Volts_Shunt_013
4/24/2026 10:15:25 AM,202,Warning,WT8-GUI,83094546,HM,Overscaled Channel detected at Tag AI_Volts_Shunt_014
4/24/2026 10:15:25 AM,202,Warning,WT8-GUI,83094547,HM,Overscaled Channel detected at Tag AI_Volts_Shunt_015
4/24/2026 10:15:25 AM,202,Warning,WT8-GUI,83094548,HM,Overscaled Channel detected at Tag AI_Strain_000
4/24/2026 10:15:25 AM,202,Warning,WT8-GUI,83094549,HM,Overscaled Channel detected at Tag AI_Strain_001
4/24/2026 10:15:25 AM,202,Warning,WT8-GUI,83094550,HM,Overscaled Channel detected at Tag AI_Strain_002
4/24/2026 10:15:25 AM,202,Warning,WT8-GUI,83094551,HM,Overscaled Channel detected at Tag AI_Strain_003
4/24/2026 10:15:25 AM,202,Warning,WT8-GUI,83094552,HM,Overscaled Channel detected at Tag AI_Strain_004
4/24/2026 10:15:25 AM,202,Warning,WT8-GUI,83094553,HM,Overscaled Channel detected at Tag AI_Strain_005
4/24/2026 10:15:25 AM,202,Warning,WT8-GUI,83094554,HM,Overscaled Channel detected at Tag AI_Strain_006
4/24/2026 10:15:25 AM,202,Warning,WT8-GUI,83094555,HM,Overscaled Channel detected at Tag AI_Strain_007
4/24/2026 10:15:25 AM,202,Warning,WT8-GUI,83094556,HM,Overscaled Channel detected at Tag AI_TT_000
4/24/2026 10:15:25 AM,202,Warning,WT8-GUI,83094557,HM,Overscaled Channel detected at Tag AI_TT_009
4/24/2026 10:15:25 AM,202,Warning,WT8-GUI,83094558,HM,Overscaled Channel detected at Tag AI_TT_010
4/24/2026 10:15:25 AM,202,Warning,WT8-GUI,83094559,HM,Overscaled Channel detected at Tag AI_TT_011
4/24/2026 10:15:25 AM,202,Warning,WT8-GUI,83094560,HM,Overscaled Channel detected at Tag AI_TT_012
4/24/2026 10:15:25 AM,202,Warning,WT8-GUI,83094561,HM,Overscaled Channel detected at Tag AI_TT_013
4/24/2026 10:15:25 AM,202,Warning,WT8-GUI,83094562,HM,Overscaled Channel detected at Tag AI_TT_014
4/24/2026 10:15:25 AM,202,Warning,WT8-GUI,83094563,HM,Overscaled Channel detected at Tag AI_TT_015
4/24/2026 10:15:25 AM,202,Warning,WT8-GUI,83094564,HM,Overscaled Channel detected at Tag AI_TT_016
4/24/2026 10:15:25 AM,202,Warning,WT8-GUI,83094565,HM,Overscaled Channel detected at Tag AI_TT_017
4/24/2026 10:15:25 AM,202,Warning,WT8-GUI,83094566,HM,Overscaled Channel detected at Tag AI_TT_018
4/24/2026 10:15:25 AM,202,Warning,WT8-GUI,83094567,HM,Overscaled Channel detected at Tag AI_TT_001
4/24/2026 10:15:25 AM,202,Warning,WT8-GUI,83094568,HM,Overscaled Channel detected at Tag AI_TT_019
4/24/2026 10:15:25 AM,202,Warning,WT8-GUI,83094569,HM,Overscaled Channel detected at Tag AI_TT_020
4/24/2026 10:15:25 AM,202,Warning,WT8-GUI,83094570,HM,Overscaled Channel detected at Tag AI_TT_021
4/24/2026 10:15:25 AM,202,Warning,WT8-GUI,83094571,HM,Overscaled Channel detected at Tag AI_TT_022
4/24/2026 10:15:25 AM,202,Warning,WT8-GUI,83094572,HM,Overscaled Channel detected at Tag AI_TT_023
4/24/2026 10:15:25 AM,202,Warning,WT8-GUI,83094573,HM,Overscaled Channel detected at Tag AI_TT_024
4/24/2026 10:15:25 AM,202,Warning,WT8-GUI,83094574,HM,Overscaled Channel detected at Tag AI_TT_025
4/24/2026 10:15:25 AM,202,Warning,WT8-GUI,83094575,HM,Overscaled Channel detected at Tag AI_TT_026
4/24/2026 10:15:25 AM,202,Warning,WT8-GUI,83094576,HM,Overscaled Channel detected at Tag AI_TT_027
4/24/2026 10:15:25 AM,202,Warning,WT8-GUI,83094577,HM,Overscaled Channel detected at Tag AI_TT_028
4/24/2026 10:15:25 AM,202,Warning,WT8-GUI,83094578,HM,Overscaled Channel detected at Tag AI_TT_002
4/24/2026 10:15:25 AM,202,Warning,WT8-GUI,83094579,HM,Overscaled Channel detected at Tag AI_TT_029
4/24/2026 10:15:25 AM,202,Warning,WT8-GUI,83094580,HM,Overscaled Channel detected at Tag AI_TT_030
4/24/2026 10:15:25 AM,202,Warning,WT8-GUI,83094581,HM,Overscaled Channel detected at Tag AI_TT_003
4/24/2026 10:15:25 AM,202,Warning,WT8-GUI,83094582,HM,Overscaled Channel detected at Tag AI_TT_004
4/24/2026 10:15:25 AM,202,Warning,WT8-GUI,83094583,HM,Overscaled Channel detected at Tag AI_TT_005
4/24/2026 10:15:25 AM,202,Warning,WT8-GUI,83094584,HM,Overscaled Channel detected at Tag AI_TT_006
4/24/2026 10:15:25 AM,202,Warning,WT8-GUI,83094585,HM,Overscaled Channel detected at Tag AI_TT_007
4/24/2026 10:15:25 AM,202,Warning,WT8-GUI,83094586,HM,Overscaled Channel detected at Tag AI_TT_008
4/24/2026 10:16:10 AM,301005,Warning,WT8-GUI,83094587,OPC,OPC Server Graybox.Simulator.1 on host localhost has not updated data in 53 minute(s).
4/24/2026 10:16:25 AM,202,Warning,WT8-GUI,83094588,HM,Overscaled Channel detected at Tag AI_Volts_Shunt_001
4/24/2026 10:16:25 AM,202,Warning,WT8-GUI,83094589,HM,Overscaled Channel detected at Tag AI_Volts_Shunt_003
4/24/2026 10:16:25 AM,202,Warning,WT8-GUI,83094590,HM,Overscaled Channel detected at Tag AI_Volts_Shunt_004
4/24/2026 10:16:25 AM,202,Warning,WT8-GUI,83094591,HM,Overscaled Channel detected at Tag AI_TK_000
4/24/2026 10:16:25 AM,202,Warning,WT8-GUI,83094592,HM,Overscaled Channel detected at Tag AI_TK_009
4/24/2026 10:16:25 AM,202,Warning,WT8-GUI,83094593,HM,Overscaled Channel detected at Tag AI_TK_010
4/24/2026 10:16:25 AM,202,Warning,WT8-GUI,83094594,HM,Overscaled Channel detected at Tag AI_TK_011
4/24/2026 10:16:25 AM,202,Warning,WT8-GUI,83094595,HM,Overscaled Channel detected at Tag AI_TK_012
4/24/2026 10:16:25 AM,202,Warning,WT8-GUI,83094596,HM,Overscaled Channel detected at Tag AI_TK_013
4/24/2026 10:16:25 AM,202,Warning,WT8-GUI,83094597,HM,Overscaled Channel detected at Tag AI_TK_014
4/24/2026 10:16:25 AM,202,Warning,WT8-GUI,83094598,HM,Overscaled Channel detected at Tag AI_TK_015
4/24/2026 10:16:25 AM,202,Warning,WT8-GUI,83094599,HM,Overscaled Channel detected at Tag AI_TK_016
4/24/2026 10:16:25 AM,202,Warning,WT8-GUI,83094600,HM,Overscaled Channel detected at Tag AI_TK_017
4/24/2026 10:16:25 AM,202,Warning,WT8-GUI,83094601,HM,Overscaled Channel detected at Tag AI_TK_018
4/24/2026 10:16:25 AM,202,Warning,WT8-GUI,83094602,HM,Overscaled Channel detected at Tag AI_TK_001
4/24/2026 10:16:25 AM,202,Warning,WT8-GUI,83094603,HM,Overscaled Channel detected at Tag AI_TK_019
4/24/2026 10:16:25 AM,202,Warning,WT8-GUI,83094604,HM,Overscaled Channel detected at Tag AI_TK_020
4/24/2026 10:16:25 AM,202,Warning,WT8-GUI,83094605,HM,Overscaled Channel detected at Tag AI_TK_021
4/24/2026 10:16:25 AM,202,Warning,WT8-GUI,83094606,HM,Overscaled Channel detected at Tag AI_TK_022
4/24/2026 10:16:25 AM,202,Warning,WT8-GUI,83094607,HM,Overscaled Channel detected at Tag AI_TK_023
4/24/2026 10:16:25 AM,202,Warning,WT8-GUI,83094608,HM,Overscaled Channel detected at Tag AI_TK_024
4/24/2026 10:16:25 AM,202,Warning,WT8-GUI,83094609,HM,Overscaled Channel detected at Tag AI_TK_025
4/24/2026 10:16:25 AM,202,Warning,WT8-GUI,83094610,HM,Overscaled Channel detected at Tag AI_TK_026
4/24/2026 10:16:25 AM,202,Warning,WT8-GUI,83094611,HM,Overscaled Channel detected at Tag AI_TK_027
4/24/2026 10:16:25 AM,202,Warning,WT8-GUI,83094612,HM,Overscaled Channel detected at Tag AI_TK_028
4/24/2026 10:16:25 AM,202,Warning,WT8-GUI,83094613,HM,Overscaled Channel detected at Tag AI_TK_002
4/24/2026 10:16:25 AM,202,Warning,WT8-GUI,83094614,HM,Overscaled Channel detected at Tag AI_TK_029
4/24/2026 10:16:25 AM,202,Warning,WT8-GUI,83094615,HM,Overscaled Channel detected at Tag AI_TK_030
4/24/2026 10:16:25 AM,202,Warning,WT8-GUI,83094616,HM,Overscaled Channel detected at Tag AI_TK_003
4/24/2026 10:16:25 AM,202,Warning,WT8-GUI,83094617,HM,Overscaled Channel detected at Tag AI_TK_004
4/24/2026 10:16:25 AM,202,Warning,WT8-GUI,83094618,HM,Overscaled Channel detected at Tag AI_TK_005
4/24/2026 10:16:25 AM,202,Warning,WT8-GUI,83094619,HM,Overscaled Channel detected at Tag AI_TK_006
4/24/2026 10:16:25 AM,202,Warning,WT8-GUI,83094620,HM,Overscaled Channel detected at Tag AI_TK_007
4/24/2026 10:16:25 AM,202,Warning,WT8-GUI,83094621,HM,Overscaled Channel detected at Tag AI_TK_008
4/24/2026 10:16:25 AM,202,Warning,WT8-GUI,83094622,HM,Overscaled Channel detected at Tag AI_Volts_Shunt_000
4/24/2026 10:16:25 AM,202,Warning,WT8-GUI,83094623,HM,Overscaled Channel detected at Tag AI_Volts_Shunt_006
4/24/2026 10:16:25 AM,202,Warning,WT8-GUI,83094624,HM,Overscaled Channel detected at Tag AI_Volts_Shunt_007
4/24/2026 10:16:25 AM,202,Warning,WT8-GUI,83094625,HM,Overscaled Channel detected at Tag AI_Volts_Shunt_008
4/24/2026 10:16:25 AM,202,Warning,WT8-GUI,83094626,HM,Overscaled Channel detected at Tag AI_Volts_Shunt_009
4/24/2026 10:16:25 AM,202,Warning,WT8-GUI,83094627,HM,Overscaled Channel detected at Tag AI_Volts_Shunt_010
4/24/2026 10:16:25 AM,202,Warning,WT8-GUI,83094628,HM,Overscaled Channel detected at Tag AI_Volts_Shunt_011
4/24/2026 10:16:25 AM,202,Warning,WT8-GUI,83094629,HM,Overscaled Channel detected at Tag AI_Volts_Shunt_012
4/24/2026 10:16:25 AM,202,Warning,WT8-GUI,83094630,HM,Overscaled Channel detected at Tag AI_Volts_Shunt_013
4/24/2026 10:16:25 AM,202,Warning,WT8-GUI,83094631,HM,Overscaled Channel detected at Tag AI_Volts_Shunt_014
4/24/2026 10:16:25 AM,202,Warning,WT8-GUI,83094632,HM,Overscaled Channel detected at Tag AI_Volts_Shunt_015
4/24/2026 10:16:25 AM,202,Warning,WT8-GUI,83094633,HM,Overscaled Channel detected at Tag AI_Strain_000
4/24/2026 10:16:25 AM,202,Warning,WT8-GUI,83094634,HM,Overscaled Channel detected at Tag AI_Strain_001
4/24/2026 10:16:25 AM,202,Warning,WT8-GUI,83094635,HM,Overscaled Channel detected at Tag AI_Strain_002
4/24/2026 10:16:25 AM,202,Warning,WT8-GUI,83094636,HM,Overscaled Channel detected at Tag AI_Strain_003
4/24/2026 10:16:25 AM,202,Warning,WT8-GUI,83094637,HM,Overscaled Channel detected at Tag AI_Strain_004
4/24/2026 10:16:25 AM,202,Warning,WT8-GUI,83094638,HM,Overscaled Channel detected at Tag AI_Strain_005
4/24/2026 10:16:25 AM,202,Warning,WT8-GUI,83094639,HM,Overscaled Channel detected at Tag AI_Strain_006
4/24/2026 10:16:25 AM,202,Warning,WT8-GUI,83094640,HM,Overscaled Channel detected at Tag AI_Strain_007
4/24/2026 10:16:25 AM,202,Warning,WT8-GUI,83094641,HM,Overscaled Channel detected at Tag AI_TT_000
4/24/2026 10:16:25 AM,202,Warning,WT8-GUI,83094642,HM,Overscaled Channel detected at Tag AI_TT_009
4/24/2026 10:16:25 AM,202,Warning,WT8-GUI,83094643,HM,Overscaled Channel detected at Tag AI_TT_010
4/24/2026 10:16:25 AM,202,Warning,WT8-GUI,83094644,HM,Overscaled Channel detected at Tag AI_TT_011
4/24/2026 10:16:25 AM,202,Warning,WT8-GUI,83094645,HM,Overscaled Channel detected at Tag AI_TT_012
4/24/2026 10:16:25 AM,202,Warning,WT8-GUI,83094646,HM,Overscaled Channel detected at Tag AI_TT_013
4/24/2026 10:16:25 AM,202,Warning,WT8-GUI,83094647,HM,Overscaled Channel detected at Tag AI_TT_014
4/24/2026 10:16:25 AM,202,Warning,WT8-GUI,83094648,HM,Overscaled Channel detected at Tag AI_TT_015
4/24/2026 10:16:25 AM,202,Warning,WT8-GUI,83094649,HM,Overscaled Channel detected at Tag AI_TT_016
4/24/2026 10:16:25 AM,202,Warning,WT8-GUI,83094650,HM,Overscaled Channel detected at Tag AI_TT_017
4/24/2026 10:16:25 AM,202,Warning,WT8-GUI,83094651,HM,Overscaled Channel detected at Tag AI_TT_018
4/24/2026 10:16:25 AM,202,Warning,WT8-GUI,83094652,HM,Overscaled Channel detected at Tag AI_TT_001
4/24/2026 10:16:25 AM,202,Warning,WT8-GUI,83094653,HM,Overscaled Channel detected at Tag AI_TT_019
4/24/2026 10:16:25 AM,202,Warning,WT8-GUI,83094654,HM,Overscaled Channel detected at Tag AI_TT_020
4/24/2026 10:16:25 AM,202,Warning,WT8-GUI,83094655,HM,Overscaled Channel detected at Tag AI_TT_021
4/24/2026 10:16:25 AM,202,Warning,WT8-GUI,83094656,HM,Overscaled Channel detected at Tag AI_TT_022
4/24/2026 10:16:25 AM,202,Warning,WT8-GUI,83094657,HM,Overscaled Channel detected at Tag AI_TT_023
4/24/2026 10:16:25 AM,202,Warning,WT8-GUI,83094658,HM,Overscaled Channel detected at Tag AI_TT_024
4/24/2026 10:16:25 AM,202,Warning,WT8-GUI,83094659,HM,Overscaled Channel detected at Tag AI_TT_025
4/24/2026 10:16:25 AM,202,Warning,WT8-GUI,83094660,HM,Overscaled Channel detected at Tag AI_TT_026
4/24/2026 10:16:25 AM,202,Warning,WT8-GUI,83094661,HM,Overscaled Channel detected at Tag AI_TT_027
4/24/2026 10:16:25 AM,202,Warning,WT8-GUI,83094662,HM,Overscaled Channel detected at Tag AI_TT_028
4/24/2026 10:16:25 AM,202,Warning,WT8-GUI,83094663,HM,Overscaled Channel detected at Tag AI_TT_002
4/24/2026 10:16:25 AM,202,Warning,WT8-GUI,83094664,HM,Overscaled Channel detected at Tag AI_TT_029
4/24/2026 10:16:25 AM,202,Warning,WT8-GUI,83094665,HM,Overscaled Channel detected at Tag AI_TT_030
4/24/2026 10:16:25 AM,202,Warning,WT8-GUI,83094666,HM,Overscaled Channel detected at Tag AI_TT_003
4/24/2026 10:16:25 AM,202,Warning,WT8-GUI,83094667,HM,Overscaled Channel detected at Tag AI_TT_004
4/24/2026 10:16:25 AM,202,Warning,WT8-GUI,83094668,HM,Overscaled Channel detected at Tag AI_TT_005
4/24/2026 10:16:25 AM,202,Warning,WT8-GUI,83094669,HM,Overscaled Channel detected at Tag AI_TT_006
4/24/2026 10:16:25 AM,202,Warning,WT8-GUI,83094670,HM,Overscaled Channel detected at Tag AI_TT_007
4/24/2026 10:16:25 AM,202,Warning,WT8-GUI,83094671,HM,Overscaled Channel detected at Tag AI_TT_008
4/24/2026 10:17:10 AM,301005,Warning,WT8-GUI,83094672,OPC,OPC Server Graybox.Simulator.1 on host localhost has not updated data in 54 minute(s).
4/24/2026 10:17:25 AM,202,Warning,WT8-GUI,83094673,HM,Overscaled Channel detected at Tag AI_Volts_Shunt_001
4/24/2026 10:17:25 AM,202,Warning,WT8-GUI,83094674,HM,Overscaled Channel detected at Tag AI_Volts_Shunt_003
4/24/2026 10:17:25 AM,202,Warning,WT8-GUI,83094675,HM,Overscaled Channel detected at Tag AI_Volts_Shunt_004
4/24/2026 10:17:25 AM,202,Warning,WT8-GUI,83094676,HM,Overscaled Channel detected at Tag AI_TK_000
4/24/2026 10:17:25 AM,202,Warning,WT8-GUI,83094677,HM,Overscaled Channel detected at Tag AI_TK_009
4/24/2026 10:17:25 AM,202,Warning,WT8-GUI,83094678,HM,Overscaled Channel detected at Tag AI_TK_010
4/24/2026 10:17:25 AM,202,Warning,WT8-GUI,83094679,HM,Overscaled Channel detected at Tag AI_TK_011
4/24/2026 10:17:25 AM,202,Warning,WT8-GUI,83094680,HM,Overscaled Channel detected at Tag AI_TK_012
4/24/2026 10:17:25 AM,202,Warning,WT8-GUI,83094681,HM,Overscaled Channel detected at Tag AI_TK_013
4/24/2026 10:17:25 AM,202,Warning,WT8-GUI,83094682,HM,Overscaled Channel detected at Tag AI_TK_014
4/24/2026 10:17:25 AM,202,Warning,WT8-GUI,83094683,HM,Overscaled Channel detected at Tag AI_TK_015
4/24/2026 10:17:25 AM,202,Warning,WT8-GUI,83094684,HM,Overscaled Channel detected at Tag AI_TK_016
4/24/2026 10:17:25 AM,202,Warning,WT8-GUI,83094685,HM,Overscaled Channel detected at Tag AI_TK_017
4/24/2026 10:17:25 AM,202,Warning,WT8-GUI,83094686,HM,Overscaled Channel detected at Tag AI_TK_018
4/24/2026 10:17:25 AM,202,Warning,WT8-GUI,83094687,HM,Overscaled Channel detected at Tag AI_TK_001
4/24/2026 10:17:25 AM,202,Warning,WT8-GUI,83094688,HM,Overscaled Channel detected at Tag AI_TK_019
4/24/2026 10:17:25 AM,202,Warning,WT8-GUI,83094689,HM,Overscaled Channel detected at Tag AI_TK_020
4/24/2026 10:17:25 AM,202,Warning,WT8-GUI,83094690,HM,Overscaled Channel detected at Tag AI_TK_021
4/24/2026 10:17:25 AM,202,Warning,WT8-GUI,83094691,HM,Overscaled Channel detected at Tag AI_TK_022
4/24/2026 10:17:25 AM,202,Warning,WT8-GUI,83094692,HM,Overscaled Channel detected at Tag AI_TK_023
4/24/2026 10:17:25 AM,202,Warning,WT8-GUI,83094693,HM,Overscaled Channel detected at Tag AI_TK_024
4/24/2026 10:17:25 AM,202,Warning,WT8-GUI,83094694,HM,Overscaled Channel detected at Tag AI_TK_025
4/24/2026 10:17:25 AM,202,Warning,WT8-GUI,83094695,HM,Overscaled Channel detected at Tag AI_TK_026
4/24/2026 10:17:25 AM,202,Warning,WT8-GUI,83094696,HM,Overscaled Channel detected at Tag AI_TK_027
4/24/2026 10:17:25 AM,202,Warning,WT8-GUI,83094697,HM,Overscaled Channel detected at Tag AI_TK_028
4/24/2026 10:17:25 AM,202,Warning,WT8-GUI,83094698,HM,Overscaled Channel detected at Tag AI_TK_002
4/24/2026 10:17:25 AM,202,Warning,WT8-GUI,83094699,HM,Overscaled Channel detected at Tag AI_TK_029
4/24/2026 10:17:25 AM,202,Warning,WT8-GUI,83094700,HM,Overscaled Channel detected at Tag AI_TK_030
4/24/2026 10:17:25 AM,202,Warning,WT8-GUI,83094701,HM,Overscaled Channel detected at Tag AI_TK_003
4/24/2026 10:17:25 AM,202,Warning,WT8-GUI,83094702,HM,Overscaled Channel detected at Tag AI_TK_004
4/24/2026 10:17:25 AM,202,Warning,WT8-GUI,83094703,HM,Overscaled Channel detected at Tag AI_TK_005
4/24/2026 10:17:25 AM,202,Warning,WT8-GUI,83094704,HM,Overscaled Channel detected at Tag AI_TK_006
4/24/2026 10:17:25 AM,202,Warning,WT8-GUI,83094705,HM,Overscaled Channel detected at Tag AI_TK_007
4/24/2026 10:17:25 AM,202,Warning,WT8-GUI,83094706,HM,Overscaled Channel detected at Tag AI_TK_008
4/24/2026 10:17:25 AM,202,Warning,WT8-GUI,83094707,HM,Overscaled Channel detected at Tag AI_Volts_Shunt_000
4/24/2026 10:17:25 AM,202,Warning,WT8-GUI,83094708,HM,Overscaled Channel detected at Tag AI_Volts_Shunt_006
4/24/2026 10:17:25 AM,202,Warning,WT8-GUI,83094709,HM,Overscaled Channel detected at Tag AI_Volts_Shunt_007
4/24/2026 10:17:25 AM,202,Warning,WT8-GUI,83094710,HM,Overscaled Channel detected at Tag AI_Volts_Shunt_008
4/24/2026 10:17:25 AM,202,Warning,WT8-GUI,83094711,HM,Overscaled Channel detected at Tag AI_Volts_Shunt_009
4/24/2026 10:17:25 AM,202,Warning,WT8-GUI,83094712,HM,Overscaled Channel detected at Tag AI_Volts_Shunt_010
4/24/2026 10:17:25 AM,202,Warning,WT8-GUI,83094713,HM,Overscaled Channel detected at Tag AI_Volts_Shunt_011
4/24/2026 10:17:25 AM,202,Warning,WT8-GUI,83094714,HM,Overscaled Channel detected at Tag AI_Volts_Shunt_012
4/24/2026 10:17:25 AM,202,Warning,WT8-GUI,83094715,HM,Overscaled Channel detected at Tag AI_Volts_Shunt_013
4/24/2026 10:17:25 AM,202,Warning,WT8-GUI,83094716,HM,Overscaled Channel detected at Tag AI_Volts_Shunt_014
4/24/2026 10:17:25 AM,202,Warning,WT8-GUI,83094717,HM,Overscaled Channel detected at Tag AI_Volts_Shunt_015
4/24/2026 10:17:25 AM,202,Warning,WT8-GUI,83094718,HM,Overscaled Channel detected at Tag AI_Strain_000
4/24/2026 10:17:25 AM,202,Warning,WT8-GUI,83094719,HM,Overscaled Channel detected at Tag AI_Strain_001
4/24/2026 10:17:25 AM,202,Warning,WT8-GUI,83094720,HM,Overscaled Channel detected at Tag AI_Strain_002
4/24/2026 10:17:25 AM,202,Warning,WT8-GUI,83094721,HM,Overscaled Channel detected at Tag AI_Strain_003
4/24/2026 10:17:25 AM,202,Warning,WT8-GUI,83094722,HM,Overscaled Channel detected at Tag AI_Strain_004
4/24/2026 10:17:25 AM,202,Warning,WT8-GUI,83094723,HM,Overscaled Channel detected at Tag AI_Strain_005
4/24/2026 10:17:25 AM,202,Warning,WT8-GUI,83094724,HM,Overscaled Channel detected at Tag AI_Strain_006
4/24/2026 10:17:25 AM,202,Warning,WT8-GUI,83094725,HM,Overscaled Channel detected at Tag AI_Strain_007
4/24/2026 10:17:25 AM,202,Warning,WT8-GUI,83094726,HM,Overscaled Channel detected at Tag AI_TT_000
4/24/2026 10:17:25 AM,202,Warning,WT8-GUI,83094727,HM,Overscaled Channel detected at Tag AI_TT_009
4/24/2026 10:17:25 AM,202,Warning,WT8-GUI,83094728,HM,Overscaled Channel detected at Tag AI_TT_010
4/24/2026 10:17:25 AM,202,Warning,WT8-GUI,83094729,HM,Overscaled Channel detected at Tag AI_TT_011
4/24/2026 10:17:25 AM,202,Warning,WT8-GUI,83094730,HM,Overscaled Channel detected at Tag AI_TT_012
4/24/2026 10:17:25 AM,202,Warning,WT8-GUI,83094731,HM,Overscaled Channel detected at Tag AI_TT_013
4/24/2026 10:17:25 AM,202,Warning,WT8-GUI,83094732,HM,Overscaled Channel detected at Tag AI_TT_014
4/24/2026 10:17:25 AM,202,Warning,WT8-GUI,83094733,HM,Overscaled Channel detected at Tag AI_TT_015
4/24/2026 10:17:25 AM,202,Warning,WT8-GUI,83094734,HM,Overscaled Channel detected at Tag AI_TT_016
4/24/2026 10:17:25 AM,202,Warning,WT8-GUI,83094735,HM,Overscaled Channel detected at Tag AI_TT_017
4/24/2026 10:17:25 AM,202,Warning,WT8-GUI,83094736,HM,Overscaled Channel detected at Tag AI_TT_018
4/24/2026 10:17:25 AM,202,Warning,WT8-GUI,83094737,HM,Overscaled Channel detected at Tag AI_TT_001
4/24/2026 10:17:25 AM,202,Warning,WT8-GUI,83094738,HM,Overscaled Channel detected at Tag AI_TT_019
4/24/2026 10:17:25 AM,202,Warning,WT8-GUI,83094739,HM,Overscaled Channel detected at Tag AI_TT_020
4/24/2026 10:17:25 AM,202,Warning,WT8-GUI,83094740,HM,Overscaled Channel detected at Tag AI_TT_021
4/24/2026 10:17:25 AM,202,Warning,WT8-GUI,83094741,HM,Overscaled Channel detected at Tag AI_TT_022
4/24/2026 10:17:25 AM,202,Warning,WT8-GUI,83094742,HM,Overscaled Channel detected at Tag AI_TT_023
4/24/2026 10:17:25 AM,202,Warning,WT8-GUI,83094743,HM,Overscaled Channel detected at Tag AI_TT_024
4/24/2026 10:17:25 AM,202,Warning,WT8-GUI,83094744,HM,Overscaled Channel detected at Tag AI_TT_025
4/24/2026 10:17:25 AM,202,Warning,WT8-GUI,83094745,HM,Overscaled Channel detected at Tag AI_TT_026
4/24/2026 10:17:25 AM,202,Warning,WT8-GUI,83094746,HM,Overscaled Channel detected at Tag AI_TT_027
4/24/2026 10:17:25 AM,202,Warning,WT8-GUI,83094747,HM,Overscaled Channel detected at Tag AI_TT_028
4/24/2026 10:17:25 AM,202,Warning,WT8-GUI,83094748,HM,Overscaled Channel detected at Tag AI_TT_002
4/24/2026 10:17:25 AM,202,Warning,WT8-GUI,83094749,HM,Overscaled Channel detected at Tag AI_TT_029
4/24/2026 10:17:25 AM,202,Warning,WT8-GUI,83094750,HM,Overscaled Channel detected at Tag AI_TT_030
4/24/2026 10:17:25 AM,202,Warning,WT8-GUI,83094751,HM,Overscaled Channel detected at Tag AI_TT_003
4/24/2026 10:17:25 AM,202,Warning,WT8-GUI,83094752,HM,Overscaled Channel detected at Tag AI_TT_004
4/24/2026 10:17:25 AM,202,Warning,WT8-GUI,83094753,HM,Overscaled Channel detected at Tag AI_TT_005
4/24/2026 10:17:25 AM,202,Warning,WT8-GUI,83094754,HM,Overscaled Channel detected at Tag AI_TT_006
4/24/2026 10:17:25 AM,202,Warning,WT8-GUI,83094755,HM,Overscaled Channel detected at Tag AI_TT_007
4/24/2026 10:17:25 AM,202,Warning,WT8-GUI,83094756,HM,Overscaled Channel detected at Tag AI_TT_008
4/24/2026 10:18:10 AM,301005,Warning,WT8-GUI,83094757,OPC,OPC Server Graybox.Simulator.1 on host localhost has not updated data in 55 minute(s).
4/24/2026 10:18:25 AM,202,Warning,WT8-GUI,83094758,HM,Overscaled Channel detected at Tag AI_Volts_Shunt_001
4/24/2026 10:18:25 AM,202,Warning,WT8-GUI,83094759,HM,Overscaled Channel detected at Tag AI_Volts_Shunt_003
4/24/2026 10:18:25 AM,202,Warning,WT8-GUI,83094760,HM,Overscaled Channel detected at Tag AI_Volts_Shunt_004
4/24/2026 10:18:25 AM,202,Warning,WT8-GUI,83094761,HM,Overscaled Channel detected at Tag AI_TK_000
4/24/2026 10:18:25 AM,202,Warning,WT8-GUI,83094762,HM,Overscaled Channel detected at Tag AI_TK_009
4/24/2026 10:18:25 AM,202,Warning,WT8-GUI,83094763,HM,Overscaled Channel detected at Tag AI_TK_010
4/24/2026 10:18:25 AM,202,Warning,WT8-GUI,83094764,HM,Overscaled Channel detected at Tag AI_TK_011
4/24/2026 10:18:25 AM,202,Warning,WT8-GUI,83094765,HM,Overscaled Channel detected at Tag AI_TK_012
4/24/2026 10:18:25 AM,202,Warning,WT8-GUI,83094766,HM,Overscaled Channel detected at Tag AI_TK_013
4/24/2026 10:18:25 AM,202,Warning,WT8-GUI,83094767,HM,Overscaled Channel detected at Tag AI_TK_014
4/24/2026 10:18:25 AM,202,Warning,WT8-GUI,83094768,HM,Overscaled Channel detected at Tag AI_TK_015
4/24/2026 10:18:25 AM,202,Warning,WT8-GUI,83094769,HM,Overscaled Channel detected at Tag AI_TK_016
4/24/2026 10:18:25 AM,202,Warning,WT8-GUI,83094770,HM,Overscaled Channel detected at Tag AI_TK_017
4/24/2026 10:18:25 AM,202,Warning,WT8-GUI,83094771,HM,Overscaled Channel detected at Tag AI_TK_018
4/24/2026 10:18:25 AM,202,Warning,WT8-GUI,83094772,HM,Overscaled Channel detected at Tag AI_TK_001
4/24/2026 10:18:25 AM,202,Warning,WT8-GUI,83094773,HM,Overscaled Channel detected at Tag AI_TK_019
4/24/2026 10:18:25 AM,202,Warning,WT8-GUI,83094774,HM,Overscaled Channel detected at Tag AI_TK_020
4/24/2026 10:18:25 AM,202,Warning,WT8-GUI,83094775,HM,Overscaled Channel detected at Tag AI_TK_021
4/24/2026 10:18:25 AM,202,Warning,WT8-GUI,83094776,HM,Overscaled Channel detected at Tag AI_TK_022
4/24/2026 10:18:25 AM,202,Warning,WT8-GUI,83094777,HM,Overscaled Channel detected at Tag AI_TK_023
4/24/2026 10:18:25 AM,202,Warning,WT8-GUI,83094778,HM,Overscaled Channel detected at Tag AI_TK_024
4/24/2026 10:18:25 AM,202,Warning,WT8-GUI,83094779,HM,Overscaled Channel detected at Tag AI_TK_025
4/24/2026 10:18:25 AM,202,Warning,WT8-GUI,83094780,HM,Overscaled Channel detected at Tag AI_TK_026
4/24/2026 10:18:25 AM,202,Warning,WT8-GUI,83094781,HM,Overscaled Channel detected at Tag AI_TK_027
4/24/2026 10:18:25 AM,202,Warning,WT8-GUI,83094782,HM,Overscaled Channel detected at Tag AI_TK_028
4/24/2026 10:18:25 AM,202,Warning,WT8-GUI,83094783,HM,Overscaled Channel detected at Tag AI_TK_002
4/24/2026 10:18:25 AM,202,Warning,WT8-GUI,83094784,HM,Overscaled Channel detected at Tag AI_TK_029
4/24/2026 10:18:25 AM,202,Warning,WT8-GUI,83094785,HM,Overscaled Channel detected at Tag AI_TK_030
4/24/2026 10:18:25 AM,202,Warning,WT8-GUI,83094786,HM,Overscaled Channel detected at Tag AI_TK_003
4/24/2026 10:18:25 AM,202,Warning,WT8-GUI,83094787,HM,Overscaled Channel detected at Tag AI_TK_004
4/24/2026 10:18:25 AM,202,Warning,WT8-GUI,83094788,HM,Overscaled Channel detected at Tag AI_TK_005
4/24/2026 10:18:25 AM,202,Warning,WT8-GUI,83094789,HM,Overscaled Channel detected at Tag AI_TK_006
4/24/2026 10:18:25 AM,202,Warning,WT8-GUI,83094790,HM,Overscaled Channel detected at Tag AI_TK_007
4/24/2026 10:18:25 AM,202,Warning,WT8-GUI,83094791,HM,Overscaled Channel detected at Tag AI_TK_008
4/24/2026 10:18:25 AM,202,Warning,WT8-GUI,83094792,HM,Overscaled Channel detected at Tag AI_Volts_Shunt_000
4/24/2026 10:18:25 AM,202,Warning,WT8-GUI,83094793,HM,Overscaled Channel detected at Tag AI_Volts_Shunt_006
4/24/2026 10:18:25 AM,202,Warning,WT8-GUI,83094794,HM,Overscaled Channel detected at Tag AI_Volts_Shunt_007
4/24/2026 10:18:25 AM,202,Warning,WT8-GUI,83094795,HM,Overscaled Channel detected at Tag AI_Volts_Shunt_008
4/24/2026 10:18:25 AM,202,Warning,WT8-GUI,83094796,HM,Overscaled Channel detected at Tag AI_Volts_Shunt_009
4/24/2026 10:18:25 AM,202,Warning,WT8-GUI,83094797,HM,Overscaled Channel detected at Tag AI_Volts_Shunt_010
4/24/2026 10:18:25 AM,202,Warning,WT8-GUI,83094798,HM,Overscaled Channel detected at Tag AI_Volts_Shunt_011
4/24/2026 10:18:25 AM,202,Warning,WT8-GUI,83094799,HM,Overscaled Channel detected at Tag AI_Volts_Shunt_012
4/24/2026 10:18:25 AM,202,Warning,WT8-GUI,83094800,HM,Overscaled Channel detected at Tag AI_Volts_Shunt_013
4/24/2026 10:18:25 AM,202,Warning,WT8-GUI,83094801,HM,Overscaled Channel detected at Tag AI_Volts_Shunt_014
4/24/2026 10:18:25 AM,202,Warning,WT8-GUI,83094802,HM,Overscaled Channel detected at Tag AI_Volts_Shunt_015
4/24/2026 10:18:25 AM,202,Warning,WT8-GUI,83094803,HM,Overscaled Channel detected at Tag AI_Strain_000
4/24/2026 10:18:25 AM,202,Warning,WT8-GUI,83094804,HM,Overscaled Channel detected at Tag AI_Strain_001
4/24/2026 10:18:25 AM,202,Warning,WT8-GUI,83094805,HM,Overscaled Channel detected at Tag AI_Strain_002
4/24/2026 10:18:25 AM,202,Warning,WT8-GUI,83094806,HM,Overscaled Channel detected at Tag AI_Strain_003
4/24/2026 10:18:25 AM,202,Warning,WT8-GUI,83094807,HM,Overscaled Channel detected at Tag AI_Strain_004
4/24/2026 10:18:25 AM,202,Warning,WT8-GUI,83094808,HM,Overscaled Channel detected at Tag AI_Strain_005
4/24/2026 10:18:25 AM,202,Warning,WT8-GUI,83094809,HM,Overscaled Channel detected at Tag AI_Strain_006
4/24/2026 10:18:25 AM,202,Warning,WT8-GUI,83094810,HM,Overscaled Channel detected at Tag AI_Strain_007
4/24/2026 10:18:25 AM,202,Warning,WT8-GUI,83094811,HM,Overscaled Channel detected at Tag AI_TT_000
4/24/2026 10:18:25 AM,202,Warning,WT8-GUI,83094812,HM,Overscaled Channel detected at Tag AI_TT_009
4/24/2026 10:18:25 AM,202,Warning,WT8-GUI,83094813,HM,Overscaled Channel detected at Tag AI_TT_010
4/24/2026 10:18:25 AM,202,Warning,WT8-GUI,83094814,HM,Overscaled Channel detected at Tag AI_TT_011
4/24/2026 10:18:25 AM,202,Warning,WT8-GUI,83094815,HM,Overscaled Channel detected at Tag AI_TT_012
4/24/2026 10:18:25 AM,202,Warning,WT8-GUI,83094816,HM,Overscaled Channel detected at Tag AI_TT_013
4/24/2026 10:18:25 AM,202,Warning,WT8-GUI,83094817,HM,Overscaled Channel detected at Tag AI_TT_014
4/24/2026 10:18:25 AM,202,Warning,WT8-GUI,83094818,HM,Overscaled Channel detected at Tag AI_TT_015
4/24/2026 10:18:25 AM,202,Warning,WT8-GUI,83094819,HM,Overscaled Channel detected at Tag AI_TT_016
4/24/2026 10:18:25 AM,202,Warning,WT8-GUI,83094820,HM,Overscaled Channel detected at Tag AI_TT_017
4/24/2026 10:18:25 AM,202,Warning,WT8-GUI,83094821,HM,Overscaled Channel detected at Tag AI_TT_018
4/24/2026 10:18:25 AM,202,Warning,WT8-GUI,83094822,HM,Overscaled Channel detected at Tag AI_TT_001
4/24/2026 10:18:25 AM,202,Warning,WT8-GUI,83094823,HM,Overscaled Channel detected at Tag AI_TT_019
4/24/2026 10:18:25 AM,202,Warning,WT8-GUI,83094824,HM,Overscaled Channel detected at Tag AI_TT_020
4/24/2026 10:18:25 AM,202,Warning,WT8-GUI,83094825,HM,Overscaled Channel detected at Tag AI_TT_021
4/24/2026 10:18:25 AM,202,Warning,WT8-GUI,83094826,HM,Overscaled Channel detected at Tag AI_TT_022
4/24/2026 10:18:25 AM,202,Warning,WT8-GUI,83094827,HM,Overscaled Channel detected at Tag AI_TT_023
4/24/2026 10:18:25 AM,202,Warning,WT8-GUI,83094828,HM,Overscaled Channel detected at Tag AI_TT_024
4/24/2026 10:18:25 AM,202,Warning,WT8-GUI,83094829,HM,Overscaled Channel detected at Tag AI_TT_025
4/24/2026 10:18:25 AM,202,Warning,WT8-GUI,83094830,HM,Overscaled Channel detected at Tag AI_TT_026
4/24/2026 10:18:25 AM,202,Warning,WT8-GUI,83094831,HM,Overscaled Channel detected at Tag AI_TT_027
4/24/2026 10:18:25 AM,202,Warning,WT8-GUI,83094832,HM,Overscaled Channel detected at Tag AI_TT_028
4/24/2026 10:18:25 AM,202,Warning,WT8-GUI,83094833,HM,Overscaled Channel detected at Tag AI_TT_002
4/24/2026 10:18:25 AM,202,Warning,WT8-GUI,83094834,HM,Overscaled Channel detected at Tag AI_TT_029
4/24/2026 10:18:25 AM,202,Warning,WT8-GUI,83094835,HM,Overscaled Channel detected at Tag AI_TT_030
4/24/2026 10:18:25 AM,202,Warning,WT8-GUI,83094836,HM,Overscaled Channel detected at Tag AI_TT_003
4/24/2026 10:18:25 AM,202,Warning,WT8-GUI,83094837,HM,Overscaled Channel detected at Tag AI_TT_004
4/24/2026 10:18:25 AM,202,Warning,WT8-GUI,83094838,HM,Overscaled Channel detected at Tag AI_TT_005
4/24/2026 10:18:25 AM,202,Warning,WT8-GUI,83094839,HM,Overscaled Channel detected at Tag AI_TT_006
4/24/2026 10:18:25 AM,202,Warning,WT8-GUI,83094840,HM,Overscaled Channel detected at Tag AI_TT_007
4/24/2026 10:18:25 AM,202,Warning,WT8-GUI,83094841,HM,Overscaled Channel detected at Tag AI_TT_008
4/24/2026 10:19:10 AM,301005,Warning,WT8-GUI,83094842,OPC,OPC Server Graybox.Simulator.1 on host localhost has not updated data in 56 minute(s).
4/24/2026 10:19:25 AM,202,Warning,WT8-GUI,83094843,HM,Overscaled Channel detected at Tag AI_Volts_Shunt_001
4/24/2026 10:19:25 AM,202,Warning,WT8-GUI,83094844,HM,Overscaled Channel detected at Tag AI_Volts_Shunt_003
4/24/2026 10:19:25 AM,202,Warning,WT8-GUI,83094845,HM,Overscaled Channel detected at Tag AI_Volts_Shunt_004
4/24/2026 10:19:25 AM,202,Warning,WT8-GUI,83094846,HM,Overscaled Channel detected at Tag AI_TK_000
4/24/2026 10:19:25 AM,202,Warning,WT8-GUI,83094847,HM,Overscaled Channel detected at Tag AI_TK_009
4/24/2026 10:19:25 AM,202,Warning,WT8-GUI,83094848,HM,Overscaled Channel detected at Tag AI_TK_010
4/24/2026 10:19:25 AM,202,Warning,WT8-GUI,83094849,HM,Overscaled Channel detected at Tag AI_TK_011
4/24/2026 10:19:25 AM,202,Warning,WT8-GUI,83094850,HM,Overscaled Channel detected at Tag AI_TK_012
4/24/2026 10:19:25 AM,202,Warning,WT8-GUI,83094851,HM,Overscaled Channel detected at Tag AI_TK_013
4/24/2026 10:19:25 AM,202,Warning,WT8-GUI,83094852,HM,Overscaled Channel detected at Tag AI_TK_014
4/24/2026 10:19:25 AM,202,Warning,WT8-GUI,83094853,HM,Overscaled Channel detected at Tag AI_TK_015
4/24/2026 10:19:25 AM,202,Warning,WT8-GUI,83094854,HM,Overscaled Channel detected at Tag AI_TK_016
4/24/2026 10:19:25 AM,202,Warning,WT8-GUI,83094855,HM,Overscaled Channel detected at Tag AI_TK_017
4/24/2026 10:19:25 AM,202,Warning,WT8-GUI,83094856,HM,Overscaled Channel detected at Tag AI_TK_018
4/24/2026 10:19:25 AM,202,Warning,WT8-GUI,83094857,HM,Overscaled Channel detected at Tag AI_TK_001
4/24/2026 10:19:25 AM,202,Warning,WT8-GUI,83094858,HM,Overscaled Channel detected at Tag AI_TK_019
4/24/2026 10:19:25 AM,202,Warning,WT8-GUI,83094859,HM,Overscaled Channel detected at Tag AI_TK_020
4/24/2026 10:19:25 AM,202,Warning,WT8-GUI,83094860,HM,Overscaled Channel detected at Tag AI_TK_021
4/24/2026 10:19:25 AM,202,Warning,WT8-GUI,83094861,HM,Overscaled Channel detected at Tag AI_TK_022
4/24/2026 10:19:25 AM,202,Warning,WT8-GUI,83094862,HM,Overscaled Channel detected at Tag AI_TK_023
4/24/2026 10:19:25 AM,202,Warning,WT8-GUI,83094863,HM,Overscaled Channel detected at Tag AI_TK_024
4/24/2026 10:19:25 AM,202,Warning,WT8-GUI,83094864,HM,Overscaled Channel detected at Tag AI_TK_025
4/24/2026 10:19:25 AM,202,Warning,WT8-GUI,83094865,HM,Overscaled Channel detected at Tag AI_TK_026
4/24/2026 10:19:25 AM,202,Warning,WT8-GUI,83094866,HM,Overscaled Channel detected at Tag AI_TK_027
4/24/2026 10:19:25 AM,202,Warning,WT8-GUI,83094867,HM,Overscaled Channel detected at Tag AI_TK_028
4/24/2026 10:19:25 AM,202,Warning,WT8-GUI,83094868,HM,Overscaled Channel detected at Tag AI_TK_002
4/24/2026 10:19:25 AM,202,Warning,WT8-GUI,83094869,HM,Overscaled Channel detected at Tag AI_TK_029
4/24/2026 10:19:25 AM,202,Warning,WT8-GUI,83094870,HM,Overscaled Channel detected at Tag AI_TK_030
4/24/2026 10:19:25 AM,202,Warning,WT8-GUI,83094871,HM,Overscaled Channel detected at Tag AI_TK_003
4/24/2026 10:19:25 AM,202,Warning,WT8-GUI,83094872,HM,Overscaled Channel detected at Tag AI_TK_004
4/24/2026 10:19:25 AM,202,Warning,WT8-GUI,83094873,HM,Overscaled Channel detected at Tag AI_TK_005
4/24/2026 10:19:25 AM,202,Warning,WT8-GUI,83094874,HM,Overscaled Channel detected at Tag AI_TK_006
4/24/2026 10:19:25 AM,202,Warning,WT8-GUI,83094875,HM,Overscaled Channel detected at Tag AI_TK_007
4/24/2026 10:19:25 AM,202,Warning,WT8-GUI,83094876,HM,Overscaled Channel detected at Tag AI_TK_008
4/24/2026 10:19:25 AM,202,Warning,WT8-GUI,83094877,HM,Overscaled Channel detected at Tag AI_Volts_Shunt_000
4/24/2026 10:19:25 AM,202,Warning,WT8-GUI,83094878,HM,Overscaled Channel detected at Tag AI_Volts_Shunt_006
4/24/2026 10:19:25 AM,202,Warning,WT8-GUI,83094879,HM,Overscaled Channel detected at Tag AI_Volts_Shunt_007
4/24/2026 10:19:25 AM,202,Warning,WT8-GUI,83094880,HM,Overscaled Channel detected at Tag AI_Volts_Shunt_008
4/24/2026 10:19:25 AM,202,Warning,WT8-GUI,83094881,HM,Overscaled Channel detected at Tag AI_Volts_Shunt_009
4/24/2026 10:19:25 AM,202,Warning,WT8-GUI,83094882,HM,Overscaled Channel detected at Tag AI_Volts_Shunt_010
4/24/2026 10:19:25 AM,202,Warning,WT8-GUI,83094883,HM,Overscaled Channel detected at Tag AI_Volts_Shunt_011
4/24/2026 10:19:25 AM,202,Warning,WT8-GUI,83094884,HM,Overscaled Channel detected at Tag AI_Volts_Shunt_012
4/24/2026 10:19:25 AM,202,Warning,WT8-GUI,83094885,HM,Overscaled Channel detected at Tag AI_Volts_Shunt_013
4/24/2026 10:19:25 AM,202,Warning,WT8-GUI,83094886,HM,Overscaled Channel detected at Tag AI_Volts_Shunt_014
4/24/2026 10:19:25 AM,202,Warning,WT8-GUI,83094887,HM,Overscaled Channel detected at Tag AI_Volts_Shunt_015
4/24/2026 10:19:25 AM,202,Warning,WT8-GUI,83094888,HM,Overscaled Channel detected at Tag AI_Strain_000
4/24/2026 10:19:25 AM,202,Warning,WT8-GUI,83094889,HM,Overscaled Channel detected at Tag AI_Strain_001
4/24/2026 10:19:25 AM,202,Warning,WT8-GUI,83094890,HM,Overscaled Channel detected at Tag AI_Strain_002
4/24/2026 10:19:25 AM,202,Warning,WT8-GUI,83094891,HM,Overscaled Channel detected at Tag AI_Strain_003
4/24/2026 10:19:25 AM,202,Warning,WT8-GUI,83094892,HM,Overscaled Channel detected at Tag AI_Strain_004
4/24/2026 10:19:25 AM,202,Warning,WT8-GUI,83094893,HM,Overscaled Channel detected at Tag AI_Strain_005
4/24/2026 10:19:25 AM,202,Warning,WT8-GUI,83094894,HM,Overscaled Channel detected at Tag AI_Strain_006
4/24/2026 10:19:25 AM,202,Warning,WT8-GUI,83094895,HM,Overscaled Channel detected at Tag AI_Strain_007
4/24/2026 10:19:25 AM,202,Warning,WT8-GUI,83094896,HM,Overscaled Channel detected at Tag AI_TT_000
4/24/2026 10:19:25 AM,202,Warning,WT8-GUI,83094897,HM,Overscaled Channel detected at Tag AI_TT_009
4/24/2026 10:19:25 AM,202,Warning,WT8-GUI,83094898,HM,Overscaled Channel detected at Tag AI_TT_010
4/24/2026 10:19:25 AM,202,Warning,WT8-GUI,83094899,HM,Overscaled Channel detected at Tag AI_TT_011
4/24/2026 10:19:25 AM,202,Warning,WT8-GUI,83094900,HM,Overscaled Channel detected at Tag AI_TT_012
4/24/2026 10:19:25 AM,202,Warning,WT8-GUI,83094901,HM,Overscaled Channel detected at Tag AI_TT_013
4/24/2026 10:19:25 AM,202,Warning,WT8-GUI,83094902,HM,Overscaled Channel detected at Tag AI_TT_014
4/24/2026 10:19:25 AM,202,Warning,WT8-GUI,83094903,HM,Overscaled Channel detected at Tag AI_TT_015
4/24/2026 10:19:25 AM,202,Warning,WT8-GUI,83094904,HM,Overscaled Channel detected at Tag AI_TT_016
4/24/2026 10:19:25 AM,202,Warning,WT8-GUI,83094905,HM,Overscaled Channel detected at Tag AI_TT_017
4/24/2026 10:19:25 AM,202,Warning,WT8-GUI,83094906,HM,Overscaled Channel detected at Tag AI_TT_018
4/24/2026 10:19:25 AM,202,Warning,WT8-GUI,83094907,HM,Overscaled Channel detected at Tag AI_TT_001
4/24/2026 10:19:25 AM,202,Warning,WT8-GUI,83094908,HM,Overscaled Channel detected at Tag AI_TT_019
4/24/2026 10:19:25 AM,202,Warning,WT8-GUI,83094909,HM,Overscaled Channel detected at Tag AI_TT_020
4/24/2026 10:19:25 AM,202,Warning,WT8-GUI,83094910,HM,Overscaled Channel detected at Tag AI_TT_021
4/24/2026 10:19:25 AM,202,Warning,WT8-GUI,83094911,HM,Overscaled Channel detected at Tag AI_TT_022
4/24/2026 10:19:25 AM,202,Warning,WT8-GUI,83094912,HM,Overscaled Channel detected at Tag AI_TT_023
4/24/2026 10:19:25 AM,202,Warning,WT8-GUI,83094913,HM,Overscaled Channel detected at Tag AI_TT_024
4/24/2026 10:19:25 AM,202,Warning,WT8-GUI,83094914,HM,Overscaled Channel detected at Tag AI_TT_025
4/24/2026 10:19:25 AM,202,Warning,WT8-GUI,83094915,HM,Overscaled Channel detected at Tag AI_TT_026
4/24/2026 10:19:25 AM,202,Warning,WT8-GUI,83094916,HM,Overscaled Channel detected at Tag AI_TT_027
4/24/2026 10:19:25 AM,202,Warning,WT8-GUI,83094917,HM,Overscaled Channel detected at Tag AI_TT_028
4/24/2026 10:19:25 AM,202,Warning,WT8-GUI,83094918,HM,Overscaled Channel detected at Tag AI_TT_002
4/24/2026 10:19:25 AM,202,Warning,WT8-GUI,83094919,HM,Overscaled Channel detected at Tag AI_TT_029
4/24/2026 10:19:25 AM,202,Warning,WT8-GUI,83094920,HM,Overscaled Channel detected at Tag AI_TT_030
4/24/2026 10:19:25 AM,202,Warning,WT8-GUI,83094921,HM,Overscaled Channel detected at Tag AI_TT_003
4/24/2026 10:19:25 AM,202,Warning,WT8-GUI,83094922,HM,Overscaled Channel detected at Tag AI_TT_004
4/24/2026 10:19:25 AM,202,Warning,WT8-GUI,83094923,HM,Overscaled Channel detected at Tag AI_TT_005
4/24/2026 10:19:25 AM,202,Warning,WT8-GUI,83094924,HM,Overscaled Channel detected at Tag AI_TT_006
4/24/2026 10:19:25 AM,202,Warning,WT8-GUI,83094925,HM,Overscaled Channel detected at Tag AI_TT_007
4/24/2026 10:19:25 AM,202,Warning,WT8-GUI,83094926,HM,Overscaled Channel detected at Tag AI_TT_008
4/24/2026 10:20:10 AM,301005,Warning,WT8-GUI,83094927,OPC,OPC Server Graybox.Simulator.1 on host localhost has not updated data in 57 minute(s).
4/24/2026 10:20:25 AM,202,Warning,WT8-GUI,83094928,HM,Overscaled Channel detected at Tag AI_Volts_Shunt_001
4/24/2026 10:20:25 AM,202,Warning,WT8-GUI,83094929,HM,Overscaled Channel detected at Tag AI_Volts_Shunt_003
4/24/2026 10:20:25 AM,202,Warning,WT8-GUI,83094930,HM,Overscaled Channel detected at Tag AI_Volts_Shunt_004
4/24/2026 10:20:25 AM,202,Warning,WT8-GUI,83094931,HM,Overscaled Channel detected at Tag AI_TK_000
4/24/2026 10:20:25 AM,202,Warning,WT8-GUI,83094932,HM,Overscaled Channel detected at Tag AI_TK_009
4/24/2026 10:20:25 AM,202,Warning,WT8-GUI,83094933,HM,Overscaled Channel detected at Tag AI_TK_010
4/24/2026 10:20:25 AM,202,Warning,WT8-GUI,83094934,HM,Overscaled Channel detected at Tag AI_TK_011
4/24/2026 10:20:25 AM,202,Warning,WT8-GUI,83094935,HM,Overscaled Channel detected at Tag AI_TK_012
4/24/2026 10:20:25 AM,202,Warning,WT8-GUI,83094936,HM,Overscaled Channel detected at Tag AI_TK_013
4/24/2026 10:20:25 AM,202,Warning,WT8-GUI,83094937,HM,Overscaled Channel detected at Tag AI_TK_014
4/24/2026 10:20:25 AM,202,Warning,WT8-GUI,83094938,HM,Overscaled Channel detected at Tag AI_TK_015
4/24/2026 10:20:25 AM,202,Warning,WT8-GUI,83094939,HM,Overscaled Channel detected at Tag AI_TK_016
4/24/2026 10:20:25 AM,202,Warning,WT8-GUI,83094940,HM,Overscaled Channel detected at Tag AI_TK_017
4/24/2026 10:20:25 AM,202,Warning,WT8-GUI,83094941,HM,Overscaled Channel detected at Tag AI_TK_018
4/24/2026 10:20:25 AM,202,Warning,WT8-GUI,83094942,HM,Overscaled Channel detected at Tag AI_TK_001
4/24/2026 10:20:25 AM,202,Warning,WT8-GUI,83094943,HM,Overscaled Channel detected at Tag AI_TK_019
4/24/2026 10:20:25 AM,202,Warning,WT8-GUI,83094944,HM,Overscaled Channel detected at Tag AI_TK_020
4/24/2026 10:20:25 AM,202,Warning,WT8-GUI,83094945,HM,Overscaled Channel detected at Tag AI_TK_021
4/24/2026 10:20:25 AM,202,Warning,WT8-GUI,83094946,HM,Overscaled Channel detected at Tag AI_TK_022
4/24/2026 10:20:25 AM,202,Warning,WT8-GUI,83094947,HM,Overscaled Channel detected at Tag AI_TK_023
4/24/2026 10:20:25 AM,202,Warning,WT8-GUI,83094948,HM,Overscaled Channel detected at Tag AI_TK_024
4/24/2026 10:20:25 AM,202,Warning,WT8-GUI,83094949,HM,Overscaled Channel detected at Tag AI_TK_025
4/24/2026 10:20:25 AM,202,Warning,WT8-GUI,83094950,HM,Overscaled Channel detected at Tag AI_TK_026
4/24/2026 10:20:25 AM,202,Warning,WT8-GUI,83094951,HM,Overscaled Channel detected at Tag AI_TK_027
4/24/2026 10:20:25 AM,202,Warning,WT8-GUI,83094952,HM,Overscaled Channel detected at Tag AI_TK_028
4/24/2026 10:20:25 AM,202,Warning,WT8-GUI,83094953,HM,Overscaled Channel detected at Tag AI_TK_002
4/24/2026 10:20:25 AM,202,Warning,WT8-GUI,83094954,HM,Overscaled Channel detected at Tag AI_TK_029
4/24/2026 10:20:25 AM,202,Warning,WT8-GUI,83094955,HM,Overscaled Channel detected at Tag AI_TK_030
4/24/2026 10:20:25 AM,202,Warning,WT8-GUI,83094956,HM,Overscaled Channel detected at Tag AI_TK_003
4/24/2026 10:20:25 AM,202,Warning,WT8-GUI,83094957,HM,Overscaled Channel detected at Tag AI_TK_004
4/24/2026 10:20:25 AM,202,Warning,WT8-GUI,83094958,HM,Overscaled Channel detected at Tag AI_TK_005
4/24/2026 10:20:25 AM,202,Warning,WT8-GUI,83094959,HM,Overscaled Channel detected at Tag AI_TK_006
4/24/2026 10:20:25 AM,202,Warning,WT8-GUI,83094960,HM,Overscaled Channel detected at Tag AI_TK_007
4/24/2026 10:20:25 AM,202,Warning,WT8-GUI,83094961,HM,Overscaled Channel detected at Tag AI_TK_008
4/24/2026 10:20:25 AM,202,Warning,WT8-GUI,83094962,HM,Overscaled Channel detected at Tag AI_Volts_Shunt_000
4/24/2026 10:20:25 AM,202,Warning,WT8-GUI,83094963,HM,Overscaled Channel detected at Tag AI_Volts_Shunt_006
4/24/2026 10:20:25 AM,202,Warning,WT8-GUI,83094964,HM,Overscaled Channel detected at Tag AI_Volts_Shunt_007
4/24/2026 10:20:25 AM,202,Warning,WT8-GUI,83094965,HM,Overscaled Channel detected at Tag AI_Volts_Shunt_008
4/24/2026 10:20:25 AM,202,Warning,WT8-GUI,83094966,HM,Overscaled Channel detected at Tag AI_Volts_Shunt_009
4/24/2026 10:20:25 AM,202,Warning,WT8-GUI,83094967,HM,Overscaled Channel detected at Tag AI_Volts_Shunt_010
4/24/2026 10:20:25 AM,202,Warning,WT8-GUI,83094968,HM,Overscaled Channel detected at Tag AI_Volts_Shunt_011
4/24/2026 10:20:25 AM,202,Warning,WT8-GUI,83094969,HM,Overscaled Channel detected at Tag AI_Volts_Shunt_012
4/24/2026 10:20:25 AM,202,Warning,WT8-GUI,83094970,HM,Overscaled Channel detected at Tag AI_Volts_Shunt_013
4/24/2026 10:20:25 AM,202,Warning,WT8-GUI,83094971,HM,Overscaled Channel detected at Tag AI_Volts_Shunt_014
4/24/2026 10:20:25 AM,202,Warning,WT8-GUI,83094972,HM,Overscaled Channel detected at Tag AI_Volts_Shunt_015
4/24/2026 10:20:25 AM,202,Warning,WT8-GUI,83094973,HM,Overscaled Channel detected at Tag AI_Strain_000
4/24/2026 10:20:25 AM,202,Warning,WT8-GUI,83094974,HM,Overscaled Channel detected at Tag AI_Strain_001
4/24/2026 10:20:25 AM,202,Warning,WT8-GUI,83094975,HM,Overscaled Channel detected at Tag AI_Strain_002
4/24/2026 10:20:25 AM,202,Warning,WT8-GUI,83094976,HM,Overscaled Channel detected at Tag AI_Strain_003
4/24/2026 10:20:25 AM,202,Warning,WT8-GUI,83094977,HM,Overscaled Channel detected at Tag AI_Strain_004
4/24/2026 10:20:25 AM,202,Warning,WT8-GUI,83094978,HM,Overscaled Channel detected at Tag AI_Strain_005
4/24/2026 10:20:25 AM,202,Warning,WT8-GUI,83094979,HM,Overscaled Channel detected at Tag AI_Strain_006
4/24/2026 10:20:25 AM,202,Warning,WT8-GUI,83094980,HM,Overscaled Channel detected at Tag AI_Strain_007
4/24/2026 10:20:25 AM,202,Warning,WT8-GUI,83094981,HM,Overscaled Channel detected at Tag AI_TT_000
4/24/2026 10:20:25 AM,202,Warning,WT8-GUI,83094982,HM,Overscaled Channel detected at Tag AI_TT_009
4/24/2026 10:20:25 AM,202,Warning,WT8-GUI,83094983,HM,Overscaled Channel detected at Tag AI_TT_010
4/24/2026 10:20:25 AM,202,Warning,WT8-GUI,83094984,HM,Overscaled Channel detected at Tag AI_TT_011
4/24/2026 10:20:25 AM,202,Warning,WT8-GUI,83094985,HM,Overscaled Channel detected at Tag AI_TT_012
4/24/2026 10:20:25 AM,202,Warning,WT8-GUI,83094986,HM,Overscaled Channel detected at Tag AI_TT_013
4/24/2026 10:20:25 AM,202,Warning,WT8-GUI,83094987,HM,Overscaled Channel detected at Tag AI_TT_014
4/24/2026 10:20:25 AM,202,Warning,WT8-GUI,83094988,HM,Overscaled Channel detected at Tag AI_TT_015
4/24/2026 10:20:25 AM,202,Warning,WT8-GUI,83094989,HM,Overscaled Channel detected at Tag AI_TT_016
4/24/2026 10:20:25 AM,202,Warning,WT8-GUI,83094990,HM,Overscaled Channel detected at Tag AI_TT_017
4/24/2026 10:20:25 AM,202,Warning,WT8-GUI,83094991,HM,Overscaled Channel detected at Tag AI_TT_018
4/24/2026 10:20:25 AM,202,Warning,WT8-GUI,83094992,HM,Overscaled Channel detected at Tag AI_TT_001
4/24/2026 10:20:25 AM,202,Warning,WT8-GUI,83094993,HM,Overscaled Channel detected at Tag AI_TT_019
4/24/2026 10:20:25 AM,202,Warning,WT8-GUI,83094994,HM,Overscaled Channel detected at Tag AI_TT_020
4/24/2026 10:20:25 AM,202,Warning,WT8-GUI,83094995,HM,Overscaled Channel detected at Tag AI_TT_021
4/24/2026 10:20:25 AM,202,Warning,WT8-GUI,83094996,HM,Overscaled Channel detected at Tag AI_TT_022
4/24/2026 10:20:25 AM,202,Warning,WT8-GUI,83094997,HM,Overscaled Channel detected at Tag AI_TT_023
4/24/2026 10:20:25 AM,202,Warning,WT8-GUI,83094998,HM,Overscaled Channel detected at Tag AI_TT_024
4/24/2026 10:20:25 AM,202,Warning,WT8-GUI,83094999,HM,Overscaled Channel detected at Tag AI_TT_025
4/24/2026 10:20:25 AM,202,Warning,WT8-GUI,83095000,HM,Overscaled Channel detected at Tag AI_TT_026
4/24/2026 10:20:25 AM,202,Warning,WT8-GUI,83095001,HM,Overscaled Channel detected at Tag AI_TT_027
4/24/2026 10:20:25 AM,202,Warning,WT8-GUI,83095002,HM,Overscaled Channel detected at Tag AI_TT_028
4/24/2026 10:20:25 AM,202,Warning,WT8-GUI,83095003,HM,Overscaled Channel detected at Tag AI_TT_002
4/24/2026 10:20:25 AM,202,Warning,WT8-GUI,83095004,HM,Overscaled Channel detected at Tag AI_TT_029
4/24/2026 10:20:25 AM,202,Warning,WT8-GUI,83095005,HM,Overscaled Channel detected at Tag AI_TT_030
4/24/2026 10:20:25 AM,202,Warning,WT8-GUI,83095006,HM,Overscaled Channel detected at Tag AI_TT_003
4/24/2026 10:20:25 AM,202,Warning,WT8-GUI,83095007,HM,Overscaled Channel detected at Tag AI_TT_004
4/24/2026 10:20:25 AM,202,Warning,WT8-GUI,83095008,HM,Overscaled Channel detected at Tag AI_TT_005
4/24/2026 10:20:25 AM,202,Warning,WT8-GUI,83095009,HM,Overscaled Channel detected at Tag AI_TT_006
4/24/2026 10:20:25 AM,202,Warning,WT8-GUI,83095010,HM,Overscaled Channel detected at Tag AI_TT_007
4/24/2026 10:20:25 AM,202,Warning,WT8-GUI,83095011,HM,Overscaled Channel detected at Tag AI_TT_008
4/24/2026 10:21:10 AM,301005,Warning,WT8-GUI,83095012,OPC,OPC Server Graybox.Simulator.1 on host localhost has not updated data in 58 minute(s).
4/24/2026 10:21:25 AM,202,Warning,WT8-GUI,83095013,HM,Overscaled Channel detected at Tag AI_Volts_Shunt_001
4/24/2026 10:21:25 AM,202,Warning,WT8-GUI,83095014,HM,Overscaled Channel detected at Tag AI_Volts_Shunt_003
4/24/2026 10:21:25 AM,202,Warning,WT8-GUI,83095015,HM,Overscaled Channel detected at Tag AI_Volts_Shunt_004
4/24/2026 10:21:25 AM,202,Warning,WT8-GUI,83095016,HM,Overscaled Channel detected at Tag AI_TK_000
4/24/2026 10:21:25 AM,202,Warning,WT8-GUI,83095017,HM,Overscaled Channel detected at Tag AI_TK_009
4/24/2026 10:21:25 AM,202,Warning,WT8-GUI,83095018,HM,Overscaled Channel detected at Tag AI_TK_010
4/24/2026 10:21:25 AM,202,Warning,WT8-GUI,83095019,HM,Overscaled Channel detected at Tag AI_TK_011
4/24/2026 10:21:25 AM,202,Warning,WT8-GUI,83095020,HM,Overscaled Channel detected at Tag AI_TK_012
4/24/2026 10:21:25 AM,202,Warning,WT8-GUI,83095021,HM,Overscaled Channel detected at Tag AI_TK_013
4/24/2026 10:21:25 AM,202,Warning,WT8-GUI,83095022,HM,Overscaled Channel detected at Tag AI_TK_014
4/24/2026 10:21:25 AM,202,Warning,WT8-GUI,83095023,HM,Overscaled Channel detected at Tag AI_TK_015
4/24/2026 10:21:25 AM,202,Warning,WT8-GUI,83095024,HM,Overscaled Channel detected at Tag AI_TK_016
4/24/2026 10:21:25 AM,202,Warning,WT8-GUI,83095025,HM,Overscaled Channel detected at Tag AI_TK_017
4/24/2026 10:21:25 AM,202,Warning,WT8-GUI,83095026,HM,Overscaled Channel detected at Tag AI_TK_018
4/24/2026 10:21:25 AM,202,Warning,WT8-GUI,83095027,HM,Overscaled Channel detected at Tag AI_TK_001
4/24/2026 10:21:25 AM,202,Warning,WT8-GUI,83095028,HM,Overscaled Channel detected at Tag AI_TK_019
4/24/2026 10:21:25 AM,202,Warning,WT8-GUI,83095029,HM,Overscaled Channel detected at Tag AI_TK_020
4/24/2026 10:21:25 AM,202,Warning,WT8-GUI,83095030,HM,Overscaled Channel detected at Tag AI_TK_021
4/24/2026 10:21:25 AM,202,Warning,WT8-GUI,83095031,HM,Overscaled Channel detected at Tag AI_TK_022
4/24/2026 10:21:25 AM,202,Warning,WT8-GUI,83095032,HM,Overscaled Channel detected at Tag AI_TK_023
4/24/2026 10:21:25 AM,202,Warning,WT8-GUI,83095033,HM,Overscaled Channel detected at Tag AI_TK_024
4/24/2026 10:21:25 AM,202,Warning,WT8-GUI,83095034,HM,Overscaled Channel detected at Tag AI_TK_025
4/24/2026 10:21:25 AM,202,Warning,WT8-GUI,83095035,HM,Overscaled Channel detected at Tag AI_TK_026
4/24/2026 10:21:25 AM,202,Warning,WT8-GUI,83095036,HM,Overscaled Channel detected at Tag AI_TK_027
4/24/2026 10:21:25 AM,202,Warning,WT8-GUI,83095037,HM,Overscaled Channel detected at Tag AI_TK_028
4/24/2026 10:21:25 AM,202,Warning,WT8-GUI,83095038,HM,Overscaled Channel detected at Tag AI_TK_002
4/24/2026 10:21:25 AM,202,Warning,WT8-GUI,83095039,HM,Overscaled Channel detected at Tag AI_TK_029
4/24/2026 10:21:25 AM,202,Warning,WT8-GUI,83095040,HM,Overscaled Channel detected at Tag AI_TK_030
4/24/2026 10:21:25 AM,202,Warning,WT8-GUI,83095041,HM,Overscaled Channel detected at Tag AI_TK_003
4/24/2026 10:21:25 AM,202,Warning,WT8-GUI,83095042,HM,Overscaled Channel detected at Tag AI_TK_004
4/24/2026 10:21:25 AM,202,Warning,WT8-GUI,83095043,HM,Overscaled Channel detected at Tag AI_TK_005
4/24/2026 10:21:25 AM,202,Warning,WT8-GUI,83095044,HM,Overscaled Channel detected at Tag AI_TK_006
4/24/2026 10:21:25 AM,202,Warning,WT8-GUI,83095045,HM,Overscaled Channel detected at Tag AI_TK_007
4/24/2026 10:21:25 AM,202,Warning,WT8-GUI,83095046,HM,Overscaled Channel detected at Tag AI_TK_008
4/24/2026 10:21:25 AM,202,Warning,WT8-GUI,83095047,HM,Overscaled Channel detected at Tag AI_Volts_Shunt_000
4/24/2026 10:21:25 AM,202,Warning,WT8-GUI,83095048,HM,Overscaled Channel detected at Tag AI_Volts_Shunt_006
4/24/2026 10:21:25 AM,202,Warning,WT8-GUI,83095049,HM,Overscaled Channel detected at Tag AI_Volts_Shunt_007
4/24/2026 10:21:25 AM,202,Warning,WT8-GUI,83095050,HM,Overscaled Channel detected at Tag AI_Volts_Shunt_008
4/24/2026 10:21:25 AM,202,Warning,WT8-GUI,83095051,HM,Overscaled Channel detected at Tag AI_Volts_Shunt_009
4/24/2026 10:21:25 AM,202,Warning,WT8-GUI,83095052,HM,Overscaled Channel detected at Tag AI_Volts_Shunt_010
4/24/2026 10:21:25 AM,202,Warning,WT8-GUI,83095053,HM,Overscaled Channel detected at Tag AI_Volts_Shunt_011
4/24/2026 10:21:25 AM,202,Warning,WT8-GUI,83095054,HM,Overscaled Channel detected at Tag AI_Volts_Shunt_012
4/24/2026 10:21:25 AM,202,Warning,WT8-GUI,83095055,HM,Overscaled Channel detected at Tag AI_Volts_Shunt_013
4/24/2026 10:21:25 AM,202,Warning,WT8-GUI,83095056,HM,Overscaled Channel detected at Tag AI_Volts_Shunt_014
4/24/2026 10:21:25 AM,202,Warning,WT8-GUI,83095057,HM,Overscaled Channel detected at Tag AI_Volts_Shunt_015
4/24/2026 10:21:25 AM,202,Warning,WT8-GUI,83095058,HM,Overscaled Channel detected at Tag AI_Strain_000
4/24/2026 10:21:25 AM,202,Warning,WT8-GUI,83095059,HM,Overscaled Channel detected at Tag AI_Strain_001
4/24/2026 10:21:25 AM,202,Warning,WT8-GUI,83095060,HM,Overscaled Channel detected at Tag AI_Strain_002
4/24/2026 10:21:25 AM,202,Warning,WT8-GUI,83095061,HM,Overscaled Channel detected at Tag AI_Strain_003
4/24/2026 10:21:25 AM,202,Warning,WT8-GUI,83095062,HM,Overscaled Channel detected at Tag AI_Strain_004
4/24/2026 10:21:25 AM,202,Warning,WT8-GUI,83095063,HM,Overscaled Channel detected at Tag AI_Strain_005
4/24/2026 10:21:25 AM,202,Warning,WT8-GUI,83095064,HM,Overscaled Channel detected at Tag AI_Strain_006
4/24/2026 10:21:25 AM,202,Warning,WT8-GUI,83095065,HM,Overscaled Channel detected at Tag AI_Strain_007
4/24/2026 10:21:25 AM,202,Warning,WT8-GUI,83095066,HM,Overscaled Channel detected at Tag AI_TT_000
4/24/2026 10:21:25 AM,202,Warning,WT8-GUI,83095067,HM,Overscaled Channel detected at Tag AI_TT_009
4/24/2026 10:21:25 AM,202,Warning,WT8-GUI,83095068,HM,Overscaled Channel detected at Tag AI_TT_010
4/24/2026 10:21:25 AM,202,Warning,WT8-GUI,83095069,HM,Overscaled Channel detected at Tag AI_TT_011
4/24/2026 10:21:25 AM,202,Warning,WT8-GUI,83095070,HM,Overscaled Channel detected at Tag AI_TT_012
4/24/2026 10:21:25 AM,202,Warning,WT8-GUI,83095071,HM,Overscaled Channel detected at Tag AI_TT_013
4/24/2026 10:21:25 AM,202,Warning,WT8-GUI,83095072,HM,Overscaled Channel detected at Tag AI_TT_014
4/24/2026 10:21:25 AM,202,Warning,WT8-GUI,83095073,HM,Overscaled Channel detected at Tag AI_TT_015
4/24/2026 10:21:25 AM,202,Warning,WT8-GUI,83095074,HM,Overscaled Channel detected at Tag AI_TT_016
4/24/2026 10:21:25 AM,202,Warning,WT8-GUI,83095075,HM,Overscaled Channel detected at Tag AI_TT_017
4/24/2026 10:21:25 AM,202,Warning,WT8-GUI,83095076,HM,Overscaled Channel detected at Tag AI_TT_018
4/24/2026 10:21:25 AM,202,Warning,WT8-GUI,83095077,HM,Overscaled Channel detected at Tag AI_TT_001
4/24/2026 10:21:25 AM,202,Warning,WT8-GUI,83095078,HM,Overscaled Channel detected at Tag AI_TT_019
4/24/2026 10:21:25 AM,202,Warning,WT8-GUI,83095079,HM,Overscaled Channel detected at Tag AI_TT_020
4/24/2026 10:21:25 AM,202,Warning,WT8-GUI,83095080,HM,Overscaled Channel detected at Tag AI_TT_021
4/24/2026 10:21:25 AM,202,Warning,WT8-GUI,83095081,HM,Overscaled Channel detected at Tag AI_TT_022
4/24/2026 10:21:25 AM,202,Warning,WT8-GUI,83095082,HM,Overscaled Channel detected at Tag AI_TT_023
4/24/2026 10:21:25 AM,202,Warning,WT8-GUI,83095083,HM,Overscaled Channel detected at Tag AI_TT_024
4/24/2026 10:21:25 AM,202,Warning,WT8-GUI,83095084,HM,Overscaled Channel detected at Tag AI_TT_025
4/24/2026 10:21:25 AM,202,Warning,WT8-GUI,83095085,HM,Overscaled Channel detected at Tag AI_TT_026
4/24/2026 10:21:25 AM,202,Warning,WT8-GUI,83095086,HM,Overscaled Channel detected at Tag AI_TT_027
4/24/2026 10:21:25 AM,202,Warning,WT8-GUI,83095087,HM,Overscaled Channel detected at Tag AI_TT_028
4/24/2026 10:21:25 AM,202,Warning,WT8-GUI,83095088,HM,Overscaled Channel detected at Tag AI_TT_002
4/24/2026 10:21:25 AM,202,Warning,WT8-GUI,83095089,HM,Overscaled Channel detected at Tag AI_TT_029
4/24/2026 10:21:25 AM,202,Warning,WT8-GUI,83095090,HM,Overscaled Channel detected at Tag AI_TT_030
4/24/2026 10:21:25 AM,202,Warning,WT8-GUI,83095091,HM,Overscaled Channel detected at Tag AI_TT_003
4/24/2026 10:21:25 AM,202,Warning,WT8-GUI,83095092,HM,Overscaled Channel detected at Tag AI_TT_004
4/24/2026 10:21:25 AM,202,Warning,WT8-GUI,83095093,HM,Overscaled Channel detected at Tag AI_TT_005
4/24/2026 10:21:25 AM,202,Warning,WT8-GUI,83095094,HM,Overscaled Channel detected at Tag AI_TT_006
4/24/2026 10:21:25 AM,202,Warning,WT8-GUI,83095095,HM,Overscaled Channel detected at Tag AI_TT_007
4/24/2026 10:21:25 AM,202,Warning,WT8-GUI,83095096,HM,Overscaled Channel detected at Tag AI_TT_008
4/24/2026 10:22:10 AM,301005,Warning,WT8-GUI,83095097,OPC,OPC Server Graybox.Simulator.1 on host localhost has not updated data in 59 minute(s).
4/24/2026 10:22:25 AM,202,Warning,WT8-GUI,83095098,HM,Overscaled Channel detected at Tag AI_Volts_Shunt_001
4/24/2026 10:22:25 AM,202,Warning,WT8-GUI,83095099,HM,Overscaled Channel detected at Tag AI_Volts_Shunt_003
4/24/2026 10:22:25 AM,202,Warning,WT8-GUI,83095100,HM,Overscaled Channel detected at Tag AI_Volts_Shunt_004
4/24/2026 10:22:25 AM,202,Warning,WT8-GUI,83095101,HM,Overscaled Channel detected at Tag AI_Volts_Shunt_000
4/24/2026 10:22:25 AM,202,Warning,WT8-GUI,83095102,HM,Overscaled Channel detected at Tag AI_TK_000
4/24/2026 10:22:25 AM,202,Warning,WT8-GUI,83095103,HM,Overscaled Channel detected at Tag AI_TK_009
4/24/2026 10:22:25 AM,202,Warning,WT8-GUI,83095104,HM,Overscaled Channel detected at Tag AI_TK_010
4/24/2026 10:22:25 AM,202,Warning,WT8-GUI,83095105,HM,Overscaled Channel detected at Tag AI_TK_011
4/24/2026 10:22:25 AM,202,Warning,WT8-GUI,83095106,HM,Overscaled Channel detected at Tag AI_TK_012
4/24/2026 10:22:25 AM,202,Warning,WT8-GUI,83095107,HM,Overscaled Channel detected at Tag AI_TK_013
4/24/2026 10:22:25 AM,202,Warning,WT8-GUI,83095108,HM,Overscaled Channel detected at Tag AI_TK_014
4/24/2026 10:22:25 AM,202,Warning,WT8-GUI,83095109,HM,Overscaled Channel detected at Tag AI_TK_015
4/24/2026 10:22:25 AM,202,Warning,WT8-GUI,83095110,HM,Overscaled Channel detected at Tag AI_TK_016
4/24/2026 10:22:25 AM,202,Warning,WT8-GUI,83095111,HM,Overscaled Channel detected at Tag AI_TK_017
4/24/2026 10:22:25 AM,202,Warning,WT8-GUI,83095112,HM,Overscaled Channel detected at Tag AI_TK_018
4/24/2026 10:22:25 AM,202,Warning,WT8-GUI,83095113,HM,Overscaled Channel detected at Tag AI_TK_001
4/24/2026 10:22:25 AM,202,Warning,WT8-GUI,83095114,HM,Overscaled Channel detected at Tag AI_TK_019
4/24/2026 10:22:25 AM,202,Warning,WT8-GUI,83095115,HM,Overscaled Channel detected at Tag AI_TK_020
4/24/2026 10:22:25 AM,202,Warning,WT8-GUI,83095116,HM,Overscaled Channel detected at Tag AI_TK_021
4/24/2026 10:22:25 AM,202,Warning,WT8-GUI,83095117,HM,Overscaled Channel detected at Tag AI_TK_022
4/24/2026 10:22:25 AM,202,Warning,WT8-GUI,83095118,HM,Overscaled Channel detected at Tag AI_TK_023
4/24/2026 10:22:25 AM,202,Warning,WT8-GUI,83095119,HM,Overscaled Channel detected at Tag AI_TK_024
4/24/2026 10:22:25 AM,202,Warning,WT8-GUI,83095120,HM,Overscaled Channel detected at Tag AI_TK_025
4/24/2026 10:22:25 AM,202,Warning,WT8-GUI,83095121,HM,Overscaled Channel detected at Tag AI_TK_026
4/24/2026 10:22:25 AM,202,Warning,WT8-GUI,83095122,HM,Overscaled Channel detected at Tag AI_TK_027
4/24/2026 10:22:25 AM,202,Warning,WT8-GUI,83095123,HM,Overscaled Channel detected at Tag AI_TK_028
4/24/2026 10:22:25 AM,202,Warning,WT8-GUI,83095124,HM,Overscaled Channel detected at Tag AI_TK_002
4/24/2026 10:22:25 AM,202,Warning,WT8-GUI,83095125,HM,Overscaled Channel detected at Tag AI_TK_029
4/24/2026 10:22:25 AM,202,Warning,WT8-GUI,83095126,HM,Overscaled Channel detected at Tag AI_TK_030
4/24/2026 10:22:25 AM,202,Warning,WT8-GUI,83095127,HM,Overscaled Channel detected at Tag AI_TK_003
4/24/2026 10:22:25 AM,202,Warning,WT8-GUI,83095128,HM,Overscaled Channel detected at Tag AI_TK_004
4/24/2026 10:22:25 AM,202,Warning,WT8-GUI,83095129,HM,Overscaled Channel detected at Tag AI_TK_005
4/24/2026 10:22:25 AM,202,Warning,WT8-GUI,83095130,HM,Overscaled Channel detected at Tag AI_TK_006
4/24/2026 10:22:25 AM,202,Warning,WT8-GUI,83095131,HM,Overscaled Channel detected at Tag AI_TK_007
4/24/2026 10:22:25 AM,202,Warning,WT8-GUI,83095132,HM,Overscaled Channel detected at Tag AI_TK_008
4/24/2026 10:22:25 AM,202,Warning,WT8-GUI,83095133,HM,Overscaled Channel detected at Tag AI_Volts_Shunt_006
4/24/2026 10:22:25 AM,202,Warning,WT8-GUI,83095134,HM,Overscaled Channel detected at Tag AI_Volts_Shunt_007
4/24/2026 10:22:25 AM,202,Warning,WT8-GUI,83095135,HM,Overscaled Channel detected at Tag AI_Volts_Shunt_008
4/24/2026 10:22:25 AM,202,Warning,WT8-GUI,83095136,HM,Overscaled Channel detected at Tag AI_Volts_Shunt_009
4/24/2026 10:22:25 AM,202,Warning,WT8-GUI,83095137,HM,Overscaled Channel detected at Tag AI_Volts_Shunt_010
4/24/2026 10:22:25 AM,202,Warning,WT8-GUI,83095138,HM,Overscaled Channel detected at Tag AI_Volts_Shunt_011
4/24/2026 10:22:25 AM,202,Warning,WT8-GUI,83095139,HM,Overscaled Channel detected at Tag AI_Volts_Shunt_012
4/24/2026 10:22:25 AM,202,Warning,WT8-GUI,83095140,HM,Overscaled Channel detected at Tag AI_Volts_Shunt_013
4/24/2026 10:22:25 AM,202,Warning,WT8-GUI,83095141,HM,Overscaled Channel detected at Tag AI_Volts_Shunt_014
4/24/2026 10:22:25 AM,202,Warning,WT8-GUI,83095142,HM,Overscaled Channel detected at Tag AI_Volts_Shunt_015
4/24/2026 10:22:25 AM,202,Warning,WT8-GUI,83095143,HM,Overscaled Channel detected at Tag AI_Strain_000
4/24/2026 10:22:25 AM,202,Warning,WT8-GUI,83095144,HM,Overscaled Channel detected at Tag AI_Strain_001
4/24/2026 10:22:25 AM,202,Warning,WT8-GUI,83095145,HM,Overscaled Channel detected at Tag AI_Strain_002
4/24/2026 10:22:25 AM,202,Warning,WT8-GUI,83095146,HM,Overscaled Channel detected at Tag AI_Strain_003
4/24/2026 10:22:25 AM,202,Warning,WT8-GUI,83095147,HM,Overscaled Channel detected at Tag AI_Strain_004
4/24/2026 10:22:25 AM,202,Warning,WT8-GUI,83095148,HM,Overscaled Channel detected at Tag AI_Strain_005
4/24/2026 10:22:25 AM,202,Warning,WT8-GUI,83095149,HM,Overscaled Channel detected at Tag AI_Strain_006
4/24/2026 10:22:25 AM,202,Warning,WT8-GUI,83095150,HM,Overscaled Channel detected at Tag AI_Strain_007
4/24/2026 10:22:25 AM,202,Warning,WT8-GUI,83095151,HM,Overscaled Channel detected at Tag AI_TT_000
4/24/2026 10:22:25 AM,202,Warning,WT8-GUI,83095152,HM,Overscaled Channel detected at Tag AI_TT_009
4/24/2026 10:22:25 AM,202,Warning,WT8-GUI,83095153,HM,Overscaled Channel detected at Tag AI_TT_010
4/24/2026 10:22:25 AM,202,Warning,WT8-GUI,83095154,HM,Overscaled Channel detected at Tag AI_TT_011
4/24/2026 10:22:25 AM,202,Warning,WT8-GUI,83095155,HM,Overscaled Channel detected at Tag AI_TT_012
4/24/2026 10:22:25 AM,202,Warning,WT8-GUI,83095156,HM,Overscaled Channel detected at Tag AI_TT_013
4/24/2026 10:22:25 AM,202,Warning,WT8-GUI,83095157,HM,Overscaled Channel detected at Tag AI_TT_014
4/24/2026 10:22:25 AM,202,Warning,WT8-GUI,83095158,HM,Overscaled Channel detected at Tag AI_TT_015
4/24/2026 10:22:25 AM,202,Warning,WT8-GUI,83095159,HM,Overscaled Channel detected at Tag AI_TT_016
4/24/2026 10:22:25 AM,202,Warning,WT8-GUI,83095160,HM,Overscaled Channel detected at Tag AI_TT_017
4/24/2026 10:22:25 AM,202,Warning,WT8-GUI,83095161,HM,Overscaled Channel detected at Tag AI_TT_018
4/24/2026 10:22:25 AM,202,Warning,WT8-GUI,83095162,HM,Overscaled Channel detected at Tag AI_TT_001
4/24/2026 10:22:25 AM,202,Warning,WT8-GUI,83095163,HM,Overscaled Channel detected at Tag AI_TT_019
4/24/2026 10:22:25 AM,202,Warning,WT8-GUI,83095164,HM,Overscaled Channel detected at Tag AI_TT_020
4/24/2026 10:22:25 AM,202,Warning,WT8-GUI,83095165,HM,Overscaled Channel detected at Tag AI_TT_021
4/24/2026 10:22:25 AM,202,Warning,WT8-GUI,83095166,HM,Overscaled Channel detected at Tag AI_TT_022
4/24/2026 10:22:25 AM,202,Warning,WT8-GUI,83095167,HM,Overscaled Channel detected at Tag AI_TT_023
4/24/2026 10:22:25 AM,202,Warning,WT8-GUI,83095168,HM,Overscaled Channel detected at Tag AI_TT_024
4/24/2026 10:22:25 AM,202,Warning,WT8-GUI,83095169,HM,Overscaled Channel detected at Tag AI_TT_025
4/24/2026 10:22:25 AM,202,Warning,WT8-GUI,83095170,HM,Overscaled Channel detected at Tag AI_TT_026
4/24/2026 10:22:25 AM,202,Warning,WT8-GUI,83095171,HM,Overscaled Channel detected at Tag AI_TT_027
4/24/2026 10:22:25 AM,202,Warning,WT8-GUI,83095172,HM,Overscaled Channel detected at Tag AI_TT_028
4/24/2026 10:22:25 AM,202,Warning,WT8-GUI,83095173,HM,Overscaled Channel detected at Tag AI_TT_002
4/24/2026 10:22:25 AM,202,Warning,WT8-GUI,83095174,HM,Overscaled Channel detected at Tag AI_TT_029
4/24/2026 10:22:25 AM,202,Warning,WT8-GUI,83095175,HM,Overscaled Channel detected at Tag AI_TT_030
4/24/2026 10:22:25 AM,202,Warning,WT8-GUI,83095176,HM,Overscaled Channel detected at Tag AI_TT_003
4/24/2026 10:22:25 AM,202,Warning,WT8-GUI,83095177,HM,Overscaled Channel detected at Tag AI_TT_004
4/24/2026 10:22:25 AM,202,Warning,WT8-GUI,83095178,HM,Overscaled Channel detected at Tag AI_TT_005
4/24/2026 10:22:25 AM,202,Warning,WT8-GUI,83095179,HM,Overscaled Channel detected at Tag AI_TT_006
4/24/2026 10:22:25 AM,202,Warning,WT8-GUI,83095180,HM,Overscaled Channel detected at Tag AI_TT_007
4/24/2026 10:22:25 AM,202,Warning,WT8-GUI,83095181,HM,Overscaled Channel detected at Tag AI_TT_008
4/24/2026 10:23:10 AM,301005,Warning,WT8-GUI,83095182,OPC,OPC Server Graybox.Simulator.1 on host localhost has not updated data in 60 minute(s).
4/24/2026 10:23:25 AM,202,Warning,WT8-GUI,83095183,HM,Overscaled Channel detected at Tag AI_Volts_Shunt_001
4/24/2026 10:23:25 AM,202,Warning,WT8-GUI,83095184,HM,Overscaled Channel detected at Tag AI_Volts_Shunt_003
4/24/2026 10:23:25 AM,202,Warning,WT8-GUI,83095185,HM,Overscaled Channel detected at Tag AI_Volts_Shunt_004
4/24/2026 10:23:25 AM,202,Warning,WT8-GUI,83095186,HM,Overscaled Channel detected at Tag AI_Volts_Shunt_000
4/24/2026 10:23:25 AM,202,Warning,WT8-GUI,83095187,HM,Overscaled Channel detected at Tag AI_TK_000
4/24/2026 10:23:25 AM,202,Warning,WT8-GUI,83095188,HM,Overscaled Channel detected at Tag AI_TK_009
4/24/2026 10:23:25 AM,202,Warning,WT8-GUI,83095189,HM,Overscaled Channel detected at Tag AI_TK_010
4/24/2026 10:23:25 AM,202,Warning,WT8-GUI,83095190,HM,Overscaled Channel detected at Tag AI_TK_011
4/24/2026 10:23:25 AM,202,Warning,WT8-GUI,83095191,HM,Overscaled Channel detected at Tag AI_TK_012
4/24/2026 10:23:25 AM,202,Warning,WT8-GUI,83095192,HM,Overscaled Channel detected at Tag AI_TK_013
4/24/2026 10:23:25 AM,202,Warning,WT8-GUI,83095193,HM,Overscaled Channel detected at Tag AI_TK_014
4/24/2026 10:23:25 AM,202,Warning,WT8-GUI,83095194,HM,Overscaled Channel detected at Tag AI_TK_015
4/24/2026 10:23:25 AM,202,Warning,WT8-GUI,83095195,HM,Overscaled Channel detected at Tag AI_TK_016
4/24/2026 10:23:25 AM,202,Warning,WT8-GUI,83095196,HM,Overscaled Channel detected at Tag AI_TK_017
4/24/2026 10:23:25 AM,202,Warning,WT8-GUI,83095197,HM,Overscaled Channel detected at Tag AI_TK_018
4/24/2026 10:23:25 AM,202,Warning,WT8-GUI,83095198,HM,Overscaled Channel detected at Tag AI_TK_001
4/24/2026 10:23:25 AM,202,Warning,WT8-GUI,83095199,HM,Overscaled Channel detected at Tag AI_TK_019
4/24/2026 10:23:25 AM,202,Warning,WT8-GUI,83095200,HM,Overscaled Channel detected at Tag AI_TK_020
4/24/2026 10:23:25 AM,202,Warning,WT8-GUI,83095201,HM,Overscaled Channel detected at Tag AI_TK_021
4/24/2026 10:23:25 AM,202,Warning,WT8-GUI,83095202,HM,Overscaled Channel detected at Tag AI_TK_022
4/24/2026 10:23:25 AM,202,Warning,WT8-GUI,83095203,HM,Overscaled Channel detected at Tag AI_TK_023
4/24/2026 10:23:25 AM,202,Warning,WT8-GUI,83095204,HM,Overscaled Channel detected at Tag AI_TK_024
4/24/2026 10:23:25 AM,202,Warning,WT8-GUI,83095205,HM,Overscaled Channel detected at Tag AI_TK_025
4/24/2026 10:23:25 AM,202,Warning,WT8-GUI,83095206,HM,Overscaled Channel detected at Tag AI_TK_026
4/24/2026 10:23:25 AM,202,Warning,WT8-GUI,83095207,HM,Overscaled Channel detected at Tag AI_TK_027
4/24/2026 10:23:25 AM,202,Warning,WT8-GUI,83095208,HM,Overscaled Channel detected at Tag AI_TK_028
4/24/2026 10:23:25 AM,202,Warning,WT8-GUI,83095209,HM,Overscaled Channel detected at Tag AI_TK_002
4/24/2026 10:23:25 AM,202,Warning,WT8-GUI,83095210,HM,Overscaled Channel detected at Tag AI_TK_029
4/24/2026 10:23:25 AM,202,Warning,WT8-GUI,83095211,HM,Overscaled Channel detected at Tag AI_TK_030
4/24/2026 10:23:25 AM,202,Warning,WT8-GUI,83095212,HM,Overscaled Channel detected at Tag AI_TK_003
4/24/2026 10:23:25 AM,202,Warning,WT8-GUI,83095213,HM,Overscaled Channel detected at Tag AI_TK_004
4/24/2026 10:23:25 AM,202,Warning,WT8-GUI,83095214,HM,Overscaled Channel detected at Tag AI_TK_005
4/24/2026 10:23:25 AM,202,Warning,WT8-GUI,83095215,HM,Overscaled Channel detected at Tag AI_TK_006
4/24/2026 10:23:25 AM,202,Warning,WT8-GUI,83095216,HM,Overscaled Channel detected at Tag AI_TK_007
4/24/2026 10:23:25 AM,202,Warning,WT8-GUI,83095217,HM,Overscaled Channel detected at Tag AI_TK_008
4/24/2026 10:23:25 AM,202,Warning,WT8-GUI,83095218,HM,Overscaled Channel detected at Tag AI_Volts_Shunt_006
4/24/2026 10:23:25 AM,202,Warning,WT8-GUI,83095219,HM,Overscaled Channel detected at Tag AI_Volts_Shunt_007
4/24/2026 10:23:25 AM,202,Warning,WT8-GUI,83095220,HM,Overscaled Channel detected at Tag AI_Volts_Shunt_008
4/24/2026 10:23:25 AM,202,Warning,WT8-GUI,83095221,HM,Overscaled Channel detected at Tag AI_Volts_Shunt_009
4/24/2026 10:23:25 AM,202,Warning,WT8-GUI,83095222,HM,Overscaled Channel detected at Tag AI_Volts_Shunt_010
4/24/2026 10:23:25 AM,202,Warning,WT8-GUI,83095223,HM,Overscaled Channel detected at Tag AI_Volts_Shunt_011
4/24/2026 10:23:25 AM,202,Warning,WT8-GUI,83095224,HM,Overscaled Channel detected at Tag AI_Volts_Shunt_012
4/24/2026 10:23:25 AM,202,Warning,WT8-GUI,83095225,HM,Overscaled Channel detected at Tag AI_Volts_Shunt_013
4/24/2026 10:23:25 AM,202,Warning,WT8-GUI,83095226,HM,Overscaled Channel detected at Tag AI_Volts_Shunt_014
4/24/2026 10:23:25 AM,202,Warning,WT8-GUI,83095227,HM,Overscaled Channel detected at Tag AI_Volts_Shunt_015
4/24/2026 10:23:25 AM,202,Warning,WT8-GUI,83095228,HM,Overscaled Channel detected at Tag AI_Strain_000
4/24/2026 10:23:25 AM,202,Warning,WT8-GUI,83095229,HM,Overscaled Channel detected at Tag AI_Strain_001
4/24/2026 10:23:25 AM,202,Warning,WT8-GUI,83095230,HM,Overscaled Channel detected at Tag AI_Strain_002
4/24/2026 10:23:25 AM,202,Warning,WT8-GUI,83095231,HM,Overscaled Channel detected at Tag AI_Strain_003
4/24/2026 10:23:25 AM,202,Warning,WT8-GUI,83095232,HM,Overscaled Channel detected at Tag AI_Strain_004
4/24/2026 10:23:25 AM,202,Warning,WT8-GUI,83095233,HM,Overscaled Channel detected at Tag AI_Strain_005
4/24/2026 10:23:25 AM,202,Warning,WT8-GUI,83095234,HM,Overscaled Channel detected at Tag AI_Strain_006
4/24/2026 10:23:25 AM,202,Warning,WT8-GUI,83095235,HM,Overscaled Channel detected at Tag AI_Strain_007
4/24/2026 10:23:25 AM,202,Warning,WT8-GUI,83095236,HM,Overscaled Channel detected at Tag AI_TT_000
4/24/2026 10:23:25 AM,202,Warning,WT8-GUI,83095237,HM,Overscaled Channel detected at Tag AI_TT_009
4/24/2026 10:23:25 AM,202,Warning,WT8-GUI,83095238,HM,Overscaled Channel detected at Tag AI_TT_010
4/24/2026 10:23:25 AM,202,Warning,WT8-GUI,83095239,HM,Overscaled Channel detected at Tag AI_TT_011
4/24/2026 10:23:25 AM,202,Warning,WT8-GUI,83095240,HM,Overscaled Channel detected at Tag AI_TT_012
4/24/2026 10:23:25 AM,202,Warning,WT8-GUI,83095241,HM,Overscaled Channel detected at Tag AI_TT_013
4/24/2026 10:23:25 AM,202,Warning,WT8-GUI,83095242,HM,Overscaled Channel detected at Tag AI_TT_014
4/24/2026 10:23:25 AM,202,Warning,WT8-GUI,83095243,HM,Overscaled Channel detected at Tag AI_TT_015
4/24/2026 10:23:25 AM,202,Warning,WT8-GUI,83095244,HM,Overscaled Channel detected at Tag AI_TT_016
4/24/2026 10:23:25 AM,202,Warning,WT8-GUI,83095245,HM,Overscaled Channel detected at Tag AI_TT_017
4/24/2026 10:23:25 AM,202,Warning,WT8-GUI,83095246,HM,Overscaled Channel detected at Tag AI_TT_018
4/24/2026 10:23:25 AM,202,Warning,WT8-GUI,83095247,HM,Overscaled Channel detected at Tag AI_TT_001
4/24/2026 10:23:25 AM,202,Warning,WT8-GUI,83095248,HM,Overscaled Channel detected at Tag AI_TT_019
4/24/2026 10:23:25 AM,202,Warning,WT8-GUI,83095249,HM,Overscaled Channel detected at Tag AI_TT_020
4/24/2026 10:23:25 AM,202,Warning,WT8-GUI,83095250,HM,Overscaled Channel detected at Tag AI_TT_021
4/24/2026 10:23:25 AM,202,Warning,WT8-GUI,83095251,HM,Overscaled Channel detected at Tag AI_TT_022
4/24/2026 10:23:25 AM,202,Warning,WT8-GUI,83095252,HM,Overscaled Channel detected at Tag AI_TT_023
4/24/2026 10:23:25 AM,202,Warning,WT8-GUI,83095253,HM,Overscaled Channel detected at Tag AI_TT_024
4/24/2026 10:23:25 AM,202,Warning,WT8-GUI,83095254,HM,Overscaled Channel detected at Tag AI_TT_025
4/24/2026 10:23:25 AM,202,Warning,WT8-GUI,83095255,HM,Overscaled Channel detected at Tag AI_TT_026
4/24/2026 10:23:25 AM,202,Warning,WT8-GUI,83095256,HM,Overscaled Channel detected at Tag AI_TT_027
4/24/2026 10:23:25 AM,202,Warning,WT8-GUI,83095257,HM,Overscaled Channel detected at Tag AI_TT_028
4/24/2026 10:23:25 AM,202,Warning,WT8-GUI,83095258,HM,Overscaled Channel detected at Tag AI_TT_002
4/24/2026 10:23:25 AM,202,Warning,WT8-GUI,83095259,HM,Overscaled Channel detected at Tag AI_TT_029
4/24/2026 10:23:25 AM,202,Warning,WT8-GUI,83095260,HM,Overscaled Channel detected at Tag AI_TT_030
4/24/2026 10:23:25 AM,202,Warning,WT8-GUI,83095261,HM,Overscaled Channel detected at Tag AI_TT_003
4/24/2026 10:23:25 AM,202,Warning,WT8-GUI,83095262,HM,Overscaled Channel detected at Tag AI_TT_004
4/24/2026 10:23:25 AM,202,Warning,WT8-GUI,83095263,HM,Overscaled Channel detected at Tag AI_TT_005
4/24/2026 10:23:25 AM,202,Warning,WT8-GUI,83095264,HM,Overscaled Channel detected at Tag AI_TT_006
4/24/2026 10:23:25 AM,202,Warning,WT8-GUI,83095265,HM,Overscaled Channel detected at Tag AI_TT_007
4/24/2026 10:23:25 AM,202,Warning,WT8-GUI,83095266,HM,Overscaled Channel detected at Tag AI_TT_008
4/24/2026 10:24:10 AM,301005,Warning,WT8-GUI,83095267,OPC,OPC Server Graybox.Simulator.1 on host localhost has not updated data in 61 minute(s).
4/24/2026 10:24:25 AM,202,Warning,WT8-GUI,83095268,HM,Overscaled Channel detected at Tag AI_Volts_Shunt_001
4/24/2026 10:24:25 AM,202,Warning,WT8-GUI,83095269,HM,Overscaled Channel detected at Tag AI_Volts_Shunt_003
4/24/2026 10:24:25 AM,202,Warning,WT8-GUI,83095270,HM,Overscaled Channel detected at Tag AI_Volts_Shunt_004
4/24/2026 10:24:25 AM,202,Warning,WT8-GUI,83095271,HM,Overscaled Channel detected at Tag AI_Volts_Shunt_000
4/24/2026 10:24:25 AM,202,Warning,WT8-GUI,83095272,HM,Overscaled Channel detected at Tag AI_TK_000
4/24/2026 10:24:25 AM,202,Warning,WT8-GUI,83095273,HM,Overscaled Channel detected at Tag AI_TK_009
4/24/2026 10:24:25 AM,202,Warning,WT8-GUI,83095274,HM,Overscaled Channel detected at Tag AI_TK_010
4/24/2026 10:24:25 AM,202,Warning,WT8-GUI,83095275,HM,Overscaled Channel detected at Tag AI_TK_011
4/24/2026 10:24:25 AM,202,Warning,WT8-GUI,83095276,HM,Overscaled Channel detected at Tag AI_TK_012
4/24/2026 10:24:25 AM,202,Warning,WT8-GUI,83095277,HM,Overscaled Channel detected at Tag AI_TK_013
4/24/2026 10:24:25 AM,202,Warning,WT8-GUI,83095278,HM,Overscaled Channel detected at Tag AI_TK_014
4/24/2026 10:24:25 AM,202,Warning,WT8-GUI,83095279,HM,Overscaled Channel detected at Tag AI_TK_015
4/24/2026 10:24:25 AM,202,Warning,WT8-GUI,83095280,HM,Overscaled Channel detected at Tag AI_TK_016
4/24/2026 10:24:25 AM,202,Warning,WT8-GUI,83095281,HM,Overscaled Channel detected at Tag AI_TK_017
4/24/2026 10:24:25 AM,202,Warning,WT8-GUI,83095282,HM,Overscaled Channel detected at Tag AI_TK_018
4/24/2026 10:24:25 AM,202,Warning,WT8-GUI,83095283,HM,Overscaled Channel detected at Tag AI_TK_001
4/24/2026 10:24:25 AM,202,Warning,WT8-GUI,83095284,HM,Overscaled Channel detected at Tag AI_TK_019
4/24/2026 10:24:25 AM,202,Warning,WT8-GUI,83095285,HM,Overscaled Channel detected at Tag AI_TK_020
4/24/2026 10:24:25 AM,202,Warning,WT8-GUI,83095286,HM,Overscaled Channel detected at Tag AI_TK_021
4/24/2026 10:24:25 AM,202,Warning,WT8-GUI,83095287,HM,Overscaled Channel detected at Tag AI_TK_022
4/24/2026 10:24:25 AM,202,Warning,WT8-GUI,83095288,HM,Overscaled Channel detected at Tag AI_TK_023
4/24/2026 10:24:25 AM,202,Warning,WT8-GUI,83095289,HM,Overscaled Channel detected at Tag AI_TK_024
4/24/2026 10:24:25 AM,202,Warning,WT8-GUI,83095290,HM,Overscaled Channel detected at Tag AI_TK_025
4/24/2026 10:24:25 AM,202,Warning,WT8-GUI,83095291,HM,Overscaled Channel detected at Tag AI_TK_026
4/24/2026 10:24:25 AM,202,Warning,WT8-GUI,83095292,HM,Overscaled Channel detected at Tag AI_TK_027
4/24/2026 10:24:25 AM,202,Warning,WT8-GUI,83095293,HM,Overscaled Channel detected at Tag AI_TK_028
4/24/2026 10:24:25 AM,202,Warning,WT8-GUI,83095294,HM,Overscaled Channel detected at Tag AI_TK_002
4/24/2026 10:24:25 AM,202,Warning,WT8-GUI,83095295,HM,Overscaled Channel detected at Tag AI_TK_029
4/24/2026 10:24:25 AM,202,Warning,WT8-GUI,83095296,HM,Overscaled Channel detected at Tag AI_TK_030
4/24/2026 10:24:25 AM,202,Warning,WT8-GUI,83095297,HM,Overscaled Channel detected at Tag AI_TK_003
4/24/2026 10:24:25 AM,202,Warning,WT8-GUI,83095298,HM,Overscaled Channel detected at Tag AI_TK_004
4/24/2026 10:24:25 AM,202,Warning,WT8-GUI,83095299,HM,Overscaled Channel detected at Tag AI_TK_005
4/24/2026 10:24:25 AM,202,Warning,WT8-GUI,83095300,HM,Overscaled Channel detected at Tag AI_TK_006
4/24/2026 10:24:25 AM,202,Warning,WT8-GUI,83095301,HM,Overscaled Channel detected at Tag AI_TK_007
4/24/2026 10:24:25 AM,202,Warning,WT8-GUI,83095302,HM,Overscaled Channel detected at Tag AI_TK_008
4/24/2026 10:24:25 AM,202,Warning,WT8-GUI,83095303,HM,Overscaled Channel detected at Tag AI_Volts_Shunt_006
4/24/2026 10:24:25 AM,202,Warning,WT8-GUI,83095304,HM,Overscaled Channel detected at Tag AI_Volts_Shunt_007
4/24/2026 10:24:25 AM,202,Warning,WT8-GUI,83095305,HM,Overscaled Channel detected at Tag AI_Volts_Shunt_008
4/24/2026 10:24:25 AM,202,Warning,WT8-GUI,83095306,HM,Overscaled Channel detected at Tag AI_Volts_Shunt_009
4/24/2026 10:24:25 AM,202,Warning,WT8-GUI,83095307,HM,Overscaled Channel detected at Tag AI_Volts_Shunt_010
4/24/2026 10:24:25 AM,202,Warning,WT8-GUI,83095308,HM,Overscaled Channel detected at Tag AI_Volts_Shunt_011
4/24/2026 10:24:25 AM,202,Warning,WT8-GUI,83095309,HM,Overscaled Channel detected at Tag AI_Volts_Shunt_012
4/24/2026 10:24:25 AM,202,Warning,WT8-GUI,83095310,HM,Overscaled Channel detected at Tag AI_Volts_Shunt_013
4/24/2026 10:24:25 AM,202,Warning,WT8-GUI,83095311,HM,Overscaled Channel detected at Tag AI_Volts_Shunt_014
4/24/2026 10:24:25 AM,202,Warning,WT8-GUI,83095312,HM,Overscaled Channel detected at Tag AI_Volts_Shunt_015
4/24/2026 10:24:25 AM,202,Warning,WT8-GUI,83095313,HM,Overscaled Channel detected at Tag AI_Strain_000
4/24/2026 10:24:25 AM,202,Warning,WT8-GUI,83095314,HM,Overscaled Channel detected at Tag AI_Strain_001
4/24/2026 10:24:25 AM,202,Warning,WT8-GUI,83095315,HM,Overscaled Channel detected at Tag AI_Strain_002
4/24/2026 10:24:25 AM,202,Warning,WT8-GUI,83095316,HM,Overscaled Channel detected at Tag AI_Strain_003
4/24/2026 10:24:25 AM,202,Warning,WT8-GUI,83095317,HM,Overscaled Channel detected at Tag AI_Strain_004
4/24/2026 10:24:25 AM,202,Warning,WT8-GUI,83095318,HM,Overscaled Channel detected at Tag AI_Strain_005
4/24/2026 10:24:25 AM,202,Warning,WT8-GUI,83095319,HM,Overscaled Channel detected at Tag AI_Strain_006
4/24/2026 10:24:25 AM,202,Warning,WT8-GUI,83095320,HM,Overscaled Channel detected at Tag AI_Strain_007
4/24/2026 10:24:25 AM,202,Warning,WT8-GUI,83095321,HM,Overscaled Channel detected at Tag AI_TT_000
4/24/2026 10:24:25 AM,202,Warning,WT8-GUI,83095322,HM,Overscaled Channel detected at Tag AI_TT_009
4/24/2026 10:24:25 AM,202,Warning,WT8-GUI,83095323,HM,Overscaled Channel detected at Tag AI_TT_010
4/24/2026 10:24:25 AM,202,Warning,WT8-GUI,83095324,HM,Overscaled Channel detected at Tag AI_TT_011
4/24/2026 10:24:25 AM,202,Warning,WT8-GUI,83095325,HM,Overscaled Channel detected at Tag AI_TT_012
4/24/2026 10:24:25 AM,202,Warning,WT8-GUI,83095326,HM,Overscaled Channel detected at Tag AI_TT_013
4/24/2026 10:24:25 AM,202,Warning,WT8-GUI,83095327,HM,Overscaled Channel detected at Tag AI_TT_014
4/24/2026 10:24:25 AM,202,Warning,WT8-GUI,83095328,HM,Overscaled Channel detected at Tag AI_TT_015
4/24/2026 10:24:25 AM,202,Warning,WT8-GUI,83095329,HM,Overscaled Channel detected at Tag AI_TT_016
4/24/2026 10:24:25 AM,202,Warning,WT8-GUI,83095330,HM,Overscaled Channel detected at Tag AI_TT_017
4/24/2026 10:24:25 AM,202,Warning,WT8-GUI,83095331,HM,Overscaled Channel detected at Tag AI_TT_018
4/24/2026 10:24:25 AM,202,Warning,WT8-GUI,83095332,HM,Overscaled Channel detected at Tag AI_TT_001
4/24/2026 10:24:25 AM,202,Warning,WT8-GUI,83095333,HM,Overscaled Channel detected at Tag AI_TT_019
4/24/2026 10:24:25 AM,202,Warning,WT8-GUI,83095334,HM,Overscaled Channel detected at Tag AI_TT_020
4/24/2026 10:24:25 AM,202,Warning,WT8-GUI,83095335,HM,Overscaled Channel detected at Tag AI_TT_021
4/24/2026 10:24:25 AM,202,Warning,WT8-GUI,83095336,HM,Overscaled Channel detected at Tag AI_TT_022
4/24/2026 10:24:25 AM,202,Warning,WT8-GUI,83095337,HM,Overscaled Channel detected at Tag AI_TT_023
4/24/2026 10:24:25 AM,202,Warning,WT8-GUI,83095338,HM,Overscaled Channel detected at Tag AI_TT_024
4/24/2026 10:24:25 AM,202,Warning,WT8-GUI,83095339,HM,Overscaled Channel detected at Tag AI_TT_025
4/24/2026 10:24:25 AM,202,Warning,WT8-GUI,83095340,HM,Overscaled Channel detected at Tag AI_TT_026
4/24/2026 10:24:25 AM,202,Warning,WT8-GUI,83095341,HM,Overscaled Channel detected at Tag AI_TT_027
4/24/2026 10:24:25 AM,202,Warning,WT8-GUI,83095342,HM,Overscaled Channel detected at Tag AI_TT_028
4/24/2026 10:24:25 AM,202,Warning,WT8-GUI,83095343,HM,Overscaled Channel detected at Tag AI_TT_002
4/24/2026 10:24:25 AM,202,Warning,WT8-GUI,83095344,HM,Overscaled Channel detected at Tag AI_TT_029
4/24/2026 10:24:25 AM,202,Warning,WT8-GUI,83095345,HM,Overscaled Channel detected at Tag AI_TT_030
4/24/2026 10:24:25 AM,202,Warning,WT8-GUI,83095346,HM,Overscaled Channel detected at Tag AI_TT_003
4/24/2026 10:24:25 AM,202,Warning,WT8-GUI,83095347,HM,Overscaled Channel detected at Tag AI_TT_004
4/24/2026 10:24:25 AM,202,Warning,WT8-GUI,83095348,HM,Overscaled Channel detected at Tag AI_TT_005
4/24/2026 10:24:25 AM,202,Warning,WT8-GUI,83095349,HM,Overscaled Channel detected at Tag AI_TT_006
4/24/2026 10:24:25 AM,202,Warning,WT8-GUI,83095350,HM,Overscaled Channel detected at Tag AI_TT_007
4/24/2026 10:24:25 AM,202,Warning,WT8-GUI,83095351,HM,Overscaled Channel detected at Tag AI_TT_008
4/24/2026 10:25:10 AM,301005,Warning,WT8-GUI,83095352,OPC,OPC Server Graybox.Simulator.1 on host localhost has not updated data in 62 minute(s).
4/24/2026 10:25:25 AM,202,Warning,WT8-GUI,83095353,HM,Overscaled Channel detected at Tag AI_Volts_Shunt_001
4/24/2026 10:25:25 AM,202,Warning,WT8-GUI,83095354,HM,Overscaled Channel detected at Tag AI_Volts_Shunt_003
4/24/2026 10:25:25 AM,202,Warning,WT8-GUI,83095355,HM,Overscaled Channel detected at Tag AI_Volts_Shunt_004
4/24/2026 10:25:25 AM,202,Warning,WT8-GUI,83095356,HM,Overscaled Channel detected at Tag AI_Volts_Shunt_000
4/24/2026 10:25:25 AM,202,Warning,WT8-GUI,83095357,HM,Overscaled Channel detected at Tag AI_TK_020
4/24/2026 10:25:25 AM,202,Warning,WT8-GUI,83095358,HM,Overscaled Channel detected at Tag AI_TK_021
4/24/2026 10:25:25 AM,202,Warning,WT8-GUI,83095359,HM,Overscaled Channel detected at Tag AI_TK_022
4/24/2026 10:25:25 AM,202,Warning,WT8-GUI,83095360,HM,Overscaled Channel detected at Tag AI_TK_023
4/24/2026 10:25:25 AM,202,Warning,WT8-GUI,83095361,HM,Overscaled Channel detected at Tag AI_TK_024
4/24/2026 10:25:25 AM,202,Warning,WT8-GUI,83095362,HM,Overscaled Channel detected at Tag AI_TK_025
4/24/2026 10:25:25 AM,202,Warning,WT8-GUI,83095363,HM,Overscaled Channel detected at Tag AI_TK_026
4/24/2026 10:25:25 AM,202,Warning,WT8-GUI,83095364,HM,Overscaled Channel detected at Tag AI_TK_027
4/24/2026 10:25:25 AM,202,Warning,WT8-GUI,83095365,HM,Overscaled Channel detected at Tag AI_TK_028
4/24/2026 10:25:25 AM,202,Warning,WT8-GUI,83095366,HM,Overscaled Channel detected at Tag AI_TK_002
4/24/2026 10:25:25 AM,202,Warning,WT8-GUI,83095367,HM,Overscaled Channel detected at Tag AI_TK_029
4/24/2026 10:25:25 AM,202,Warning,WT8-GUI,83095368,HM,Overscaled Channel detected at Tag AI_TK_030
4/24/2026 10:25:25 AM,202,Warning,WT8-GUI,83095369,HM,Overscaled Channel detected at Tag AI_TK_003
4/24/2026 10:25:25 AM,202,Warning,WT8-GUI,83095370,HM,Overscaled Channel detected at Tag AI_TK_004
4/24/2026 10:25:25 AM,202,Warning,WT8-GUI,83095371,HM,Overscaled Channel detected at Tag AI_TK_005
4/24/2026 10:25:25 AM,202,Warning,WT8-GUI,83095372,HM,Overscaled Channel detected at Tag AI_TK_006
4/24/2026 10:25:25 AM,202,Warning,WT8-GUI,83095373,HM,Overscaled Channel detected at Tag AI_TK_007
4/24/2026 10:25:25 AM,202,Warning,WT8-GUI,83095374,HM,Overscaled Channel detected at Tag AI_TK_008
4/24/2026 10:25:25 AM,202,Warning,WT8-GUI,83095375,HM,Overscaled Channel detected at Tag AI_Volts_Shunt_006
4/24/2026 10:25:25 AM,202,Warning,WT8-GUI,83095376,HM,Overscaled Channel detected at Tag AI_Volts_Shunt_007
4/24/2026 10:25:25 AM,202,Warning,WT8-GUI,83095377,HM,Overscaled Channel detected at Tag AI_Volts_Shunt_008
4/24/2026 10:25:25 AM,202,Warning,WT8-GUI,83095378,HM,Overscaled Channel detected at Tag AI_Volts_Shunt_009
4/24/2026 10:25:25 AM,202,Warning,WT8-GUI,83095379,HM,Overscaled Channel detected at Tag AI_Volts_Shunt_010
4/24/2026 10:25:25 AM,202,Warning,WT8-GUI,83095380,HM,Overscaled Channel detected at Tag AI_Volts_Shunt_011
4/24/2026 10:25:25 AM,202,Warning,WT8-GUI,83095381,HM,Overscaled Channel detected at Tag AI_Volts_Shunt_012
4/24/2026 10:25:25 AM,202,Warning,WT8-GUI,83095382,HM,Overscaled Channel detected at Tag AI_TT_015
4/24/2026 10:25:25 AM,202,Warning,WT8-GUI,83095383,HM,Overscaled Channel detected at Tag AI_TT_016
4/24/2026 10:25:25 AM,202,Warning,WT8-GUI,83095384,HM,Overscaled Channel detected at Tag AI_TT_017
4/24/2026 10:25:25 AM,202,Warning,WT8-GUI,83095385,HM,Overscaled Channel detected at Tag AI_TT_018
4/24/2026 10:25:25 AM,202,Warning,WT8-GUI,83095386,HM,Overscaled Channel detected at Tag AI_TT_001
4/24/2026 10:25:25 AM,202,Warning,WT8-GUI,83095387,HM,Overscaled Channel detected at Tag AI_TT_019
4/24/2026 10:25:25 AM,202,Warning,WT8-GUI,83095388,HM,Overscaled Channel detected at Tag AI_TT_020
4/24/2026 10:25:25 AM,202,Warning,WT8-GUI,83095389,HM,Overscaled Channel detected at Tag AI_TT_021
4/24/2026 10:25:25 AM,202,Warning,WT8-GUI,83095390,HM,Overscaled Channel detected at Tag AI_TT_022
4/24/2026 10:25:25 AM,202,Warning,WT8-GUI,83095391,HM,Overscaled Channel detected at Tag AI_TT_023
4/24/2026 10:25:25 AM,202,Warning,WT8-GUI,83095392,HM,Overscaled Channel detected at Tag AI_TT_024
4/24/2026 10:25:25 AM,202,Warning,WT8-GUI,83095393,HM,Overscaled Channel detected at Tag AI_TT_025
4/24/2026 10:25:25 AM,202,Warning,WT8-GUI,83095394,HM,Overscaled Channel detected at Tag AI_TT_026
4/24/2026 10:25:25 AM,202,Warning,WT8-GUI,83095395,HM,Overscaled Channel detected at Tag AI_TT_027
4/24/2026 10:25:25 AM,202,Warning,WT8-GUI,83095396,HM,Overscaled Channel detected at Tag AI_TT_028
4/24/2026 10:25:25 AM,202,Warning,WT8-GUI,83095397,HM,Overscaled Channel detected at Tag AI_TT_002
4/24/2026 10:25:25 AM,202,Warning,WT8-GUI,83095398,HM,Overscaled Channel detected at Tag AI_TT_029
4/24/2026 10:25:25 AM,202,Warning,WT8-GUI,83095399,HM,Overscaled Channel detected at Tag AI_TT_030
4/24/2026 10:25:25 AM,202,Warning,WT8-GUI,83095400,HM,Overscaled Channel detected at Tag AI_TT_003
4/24/2026 10:25:25 AM,202,Warning,WT8-GUI,83095401,HM,Overscaled Channel detected at Tag AI_TT_004
4/24/2026 10:25:25 AM,202,Warning,WT8-GUI,83095402,HM,Overscaled Channel detected at Tag AI_TT_005
4/24/2026 10:25:25 AM,202,Warning,WT8-GUI,83095403,HM,Overscaled Channel detected at Tag AI_TT_006
4/24/2026 10:25:25 AM,202,Warning,WT8-GUI,83095404,HM,Overscaled Channel detected at Tag AI_TT_007
4/24/2026 10:25:25 AM,202,Warning,WT8-GUI,83095405,HM,Overscaled Channel detected at Tag AI_TT_008
4/24/2026 10:25:25 AM,202,Warning,WT8-GUI,83095406,HM,Overscaled Channel detected at Tag AI_TK_000
4/24/2026 10:25:25 AM,202,Warning,WT8-GUI,83095407,HM,Overscaled Channel detected at Tag AI_TK_009
4/24/2026 10:25:25 AM,202,Warning,WT8-GUI,83095408,HM,Overscaled Channel detected at Tag AI_TK_010
4/24/2026 10:25:25 AM,202,Warning,WT8-GUI,83095409,HM,Overscaled Channel detected at Tag AI_TK_011
4/24/2026 10:25:25 AM,202,Warning,WT8-GUI,83095410,HM,Overscaled Channel detected at Tag AI_TK_012
4/24/2026 10:25:25 AM,202,Warning,WT8-GUI,83095411,HM,Overscaled Channel detected at Tag AI_TK_013
4/24/2026 10:25:25 AM,202,Warning,WT8-GUI,83095412,HM,Overscaled Channel detected at Tag AI_TK_014
4/24/2026 10:25:25 AM,202,Warning,WT8-GUI,83095413,HM,Overscaled Channel detected at Tag AI_TK_015
4/24/2026 10:25:25 AM,202,Warning,WT8-GUI,83095414,HM,Overscaled Channel detected at Tag AI_TK_016
4/24/2026 10:25:25 AM,202,Warning,WT8-GUI,83095415,HM,Overscaled Channel detected at Tag AI_TK_017
4/24/2026 10:25:25 AM,202,Warning,WT8-GUI,83095416,HM,Overscaled Channel detected at Tag AI_TK_018
4/24/2026 10:25:25 AM,202,Warning,WT8-GUI,83095417,HM,Overscaled Channel detected at Tag AI_TK_001
4/24/2026 10:25:25 AM,202,Warning,WT8-GUI,83095418,HM,Overscaled Channel detected at Tag AI_TK_019
4/24/2026 10:25:25 AM,202,Warning,WT8-GUI,83095419,HM,Overscaled Channel detected at Tag AI_Volts_Shunt_013
4/24/2026 10:25:25 AM,202,Warning,WT8-GUI,83095420,HM,Overscaled Channel detected at Tag AI_Volts_Shunt_014
4/24/2026 10:25:25 AM,202,Warning,WT8-GUI,83095421,HM,Overscaled Channel detected at Tag AI_Volts_Shunt_015
4/24/2026 10:25:25 AM,202,Warning,WT8-GUI,83095422,HM,Overscaled Channel detected at Tag AI_Strain_000
4/24/2026 10:25:25 AM,202,Warning,WT8-GUI,83095423,HM,Overscaled Channel detected at Tag AI_Strain_001
4/24/2026 10:25:25 AM,202,Warning,WT8-GUI,83095424,HM,Overscaled Channel detected at Tag AI_Strain_002
4/24/2026 10:25:25 AM,202,Warning,WT8-GUI,83095425,HM,Overscaled Channel detected at Tag AI_Strain_003
4/24/2026 10:25:25 AM,202,Warning,WT8-GUI,83095426,HM,Overscaled Channel detected at Tag AI_Strain_004
4/24/2026 10:25:25 AM,202,Warning,WT8-GUI,83095427,HM,Overscaled Channel detected at Tag AI_Strain_005
4/24/2026 10:25:25 AM,202,Warning,WT8-GUI,83095428,HM,Overscaled Channel detected at Tag AI_Strain_006
4/24/2026 10:25:25 AM,202,Warning,WT8-GUI,83095429,HM,Overscaled Channel detected at Tag AI_Strain_007
4/24/2026 10:25:25 AM,202,Warning,WT8-GUI,83095430,HM,Overscaled Channel detected at Tag AI_TT_000
4/24/2026 10:25:25 AM,202,Warning,WT8-GUI,83095431,HM,Overscaled Channel detected at Tag AI_TT_009
4/24/2026 10:25:25 AM,202,Warning,WT8-GUI,83095432,HM,Overscaled Channel detected at Tag AI_TT_010
4/24/2026 10:25:25 AM,202,Warning,WT8-GUI,83095433,HM,Overscaled Channel detected at Tag AI_TT_011
4/24/2026 10:25:25 AM,202,Warning,WT8-GUI,83095434,HM,Overscaled Channel detected at Tag AI_TT_012
4/24/2026 10:25:25 AM,202,Warning,WT8-GUI,83095435,HM,Overscaled Channel detected at Tag AI_TT_013
4/24/2026 10:25:25 AM,202,Warning,WT8-GUI,83095436,HM,Overscaled Channel detected at Tag AI_TT_014
4/24/2026 10:26:10 AM,301005,Warning,WT8-GUI,83095437,OPC,OPC Server Graybox.Simulator.1 on host localhost has not updated data in 63 minute(s).
4/24/2026 10:26:25 AM,202,Warning,WT8-GUI,83095438,HM,Overscaled Channel detected at Tag AI_Volts_Shunt_001
4/24/2026 10:26:25 AM,202,Warning,WT8-GUI,83095439,HM,Overscaled Channel detected at Tag AI_Volts_Shunt_003
4/24/2026 10:26:25 AM,202,Warning,WT8-GUI,83095440,HM,Overscaled Channel detected at Tag AI_Volts_Shunt_004
4/24/2026 10:26:25 AM,202,Warning,WT8-GUI,83095441,HM,Overscaled Channel detected at Tag AI_Volts_Shunt_000
4/24/2026 10:26:25 AM,202,Warning,WT8-GUI,83095442,HM,Overscaled Channel detected at Tag AI_TK_006
4/24/2026 10:26:25 AM,202,Warning,WT8-GUI,83095443,HM,Overscaled Channel detected at Tag AI_TK_007
4/24/2026 10:26:25 AM,202,Warning,WT8-GUI,83095444,HM,Overscaled Channel detected at Tag AI_TK_008
4/24/2026 10:26:25 AM,202,Warning,WT8-GUI,83095445,HM,Overscaled Channel detected at Tag AI_Volts_Shunt_006
4/24/2026 10:26:25 AM,202,Warning,WT8-GUI,83095446,HM,Overscaled Channel detected at Tag AI_Volts_Shunt_007
4/24/2026 10:26:25 AM,202,Warning,WT8-GUI,83095447,HM,Overscaled Channel detected at Tag AI_Volts_Shunt_008
4/24/2026 10:26:25 AM,202,Warning,WT8-GUI,83095448,HM,Overscaled Channel detected at Tag AI_Volts_Shunt_009
4/24/2026 10:26:25 AM,202,Warning,WT8-GUI,83095449,HM,Overscaled Channel detected at Tag AI_Volts_Shunt_010
4/24/2026 10:26:25 AM,202,Warning,WT8-GUI,83095450,HM,Overscaled Channel detected at Tag AI_Volts_Shunt_011
4/24/2026 10:26:25 AM,202,Warning,WT8-GUI,83095451,HM,Overscaled Channel detected at Tag AI_Volts_Shunt_012
4/24/2026 10:26:25 AM,202,Warning,WT8-GUI,83095452,HM,Overscaled Channel detected at Tag AI_TK_020
4/24/2026 10:26:25 AM,202,Warning,WT8-GUI,83095453,HM,Overscaled Channel detected at Tag AI_TK_021
4/24/2026 10:26:25 AM,202,Warning,WT8-GUI,83095454,HM,Overscaled Channel detected at Tag AI_TK_022
4/24/2026 10:26:25 AM,202,Warning,WT8-GUI,83095455,HM,Overscaled Channel detected at Tag AI_TK_023
4/24/2026 10:26:25 AM,202,Warning,WT8-GUI,83095456,HM,Overscaled Channel detected at Tag AI_TK_024
4/24/2026 10:26:25 AM,202,Warning,WT8-GUI,83095457,HM,Overscaled Channel detected at Tag AI_TK_025
4/24/2026 10:26:25 AM,202,Warning,WT8-GUI,83095458,HM,Overscaled Channel detected at Tag AI_TK_026
4/24/2026 10:26:25 AM,202,Warning,WT8-GUI,83095459,HM,Overscaled Channel detected at Tag AI_TK_027
4/24/2026 10:26:25 AM,202,Warning,WT8-GUI,83095460,HM,Overscaled Channel detected at Tag AI_TK_028
4/24/2026 10:26:25 AM,202,Warning,WT8-GUI,83095461,HM,Overscaled Channel detected at Tag AI_TK_002
4/24/2026 10:26:25 AM,202,Warning,WT8-GUI,83095462,HM,Overscaled Channel detected at Tag AI_TK_029
4/24/2026 10:26:25 AM,202,Warning,WT8-GUI,83095463,HM,Overscaled Channel detected at Tag AI_TK_030
4/24/2026 10:26:25 AM,202,Warning,WT8-GUI,83095464,HM,Overscaled Channel detected at Tag AI_TK_003
4/24/2026 10:26:25 AM,202,Warning,WT8-GUI,83095465,HM,Overscaled Channel detected at Tag AI_TK_004
4/24/2026 10:26:25 AM,202,Warning,WT8-GUI,83095466,HM,Overscaled Channel detected at Tag AI_TK_005
4/24/2026 10:26:25 AM,202,Warning,WT8-GUI,83095467,HM,Overscaled Channel detected at Tag AI_TT_015
4/24/2026 10:26:25 AM,202,Warning,WT8-GUI,83095468,HM,Overscaled Channel detected at Tag AI_TT_016
4/24/2026 10:26:25 AM,202,Warning,WT8-GUI,83095469,HM,Overscaled Channel detected at Tag AI_TT_017
4/24/2026 10:26:25 AM,202,Warning,WT8-GUI,83095470,HM,Overscaled Channel detected at Tag AI_TT_018
4/24/2026 10:26:25 AM,202,Warning,WT8-GUI,83095471,HM,Overscaled Channel detected at Tag AI_TT_001
4/24/2026 10:26:25 AM,202,Warning,WT8-GUI,83095472,HM,Overscaled Channel detected at Tag AI_TT_019
4/24/2026 10:26:25 AM,202,Warning,WT8-GUI,83095473,HM,Overscaled Channel detected at Tag AI_TT_020
4/24/2026 10:26:25 AM,202,Warning,WT8-GUI,83095474,HM,Overscaled Channel detected at Tag AI_TT_021
4/24/2026 10:26:25 AM,202,Warning,WT8-GUI,83095475,HM,Overscaled Channel detected at Tag AI_TT_022
4/24/2026 10:26:25 AM,202,Warning,WT8-GUI,83095476,HM,Overscaled Channel detected at Tag AI_TT_023
4/24/2026 10:26:25 AM,202,Warning,WT8-GUI,83095477,HM,Overscaled Channel detected at Tag AI_TT_024
4/24/2026 10:26:25 AM,202,Warning,WT8-GUI,83095478,HM,Overscaled Channel detected at Tag AI_TT_025
4/24/2026 10:26:25 AM,202,Warning,WT8-GUI,83095479,HM,Overscaled Channel detected at Tag AI_TT_026
4/24/2026 10:26:25 AM,202,Warning,WT8-GUI,83095480,HM,Overscaled Channel detected at Tag AI_TT_027
4/24/2026 10:26:25 AM,202,Warning,WT8-GUI,83095481,HM,Overscaled Channel detected at Tag AI_TT_028
4/24/2026 10:26:25 AM,202,Warning,WT8-GUI,83095482,HM,Overscaled Channel detected at Tag AI_TT_002
4/24/2026 10:26:25 AM,202,Warning,WT8-GUI,83095483,HM,Overscaled Channel detected at Tag AI_TT_029
4/24/2026 10:26:25 AM,202,Warning,WT8-GUI,83095484,HM,Overscaled Channel detected at Tag AI_TT_030
4/24/2026 10:26:25 AM,202,Warning,WT8-GUI,83095485,HM,Overscaled Channel detected at Tag AI_TT_003
4/24/2026 10:26:25 AM,202,Warning,WT8-GUI,83095486,HM,Overscaled Channel detected at Tag AI_TT_004
4/24/2026 10:26:25 AM,202,Warning,WT8-GUI,83095487,HM,Overscaled Channel detected at Tag AI_TT_005
4/24/2026 10:26:25 AM,202,Warning,WT8-GUI,83095488,HM,Overscaled Channel detected at Tag AI_TT_006
4/24/2026 10:26:25 AM,202,Warning,WT8-GUI,83095489,HM,Overscaled Channel detected at Tag AI_TT_007
4/24/2026 10:26:25 AM,202,Warning,WT8-GUI,83095490,HM,Overscaled Channel detected at Tag AI_TT_008
4/24/2026 10:26:25 AM,202,Warning,WT8-GUI,83095491,HM,Overscaled Channel detected at Tag AI_TK_000
4/24/2026 10:26:25 AM,202,Warning,WT8-GUI,83095492,HM,Overscaled Channel detected at Tag AI_TK_009
4/24/2026 10:26:25 AM,202,Warning,WT8-GUI,83095493,HM,Overscaled Channel detected at Tag AI_TK_010
4/24/2026 10:26:25 AM,202,Warning,WT8-GUI,83095494,HM,Overscaled Channel detected at Tag AI_TK_011
4/24/2026 10:26:25 AM,202,Warning,WT8-GUI,83095495,HM,Overscaled Channel detected at Tag AI_TK_012
4/24/2026 10:26:25 AM,202,Warning,WT8-GUI,83095496,HM,Overscaled Channel detected at Tag AI_TK_013
4/24/2026 10:26:25 AM,202,Warning,WT8-GUI,83095497,HM,Overscaled Channel detected at Tag AI_TK_014
4/24/2026 10:26:25 AM,202,Warning,WT8-GUI,83095498,HM,Overscaled Channel detected at Tag AI_TK_015
4/24/2026 10:26:25 AM,202,Warning,WT8-GUI,83095499,HM,Overscaled Channel detected at Tag AI_TK_016
4/24/2026 10:26:25 AM,202,Warning,WT8-GUI,83095500,HM,Overscaled Channel detected at Tag AI_TK_017
4/24/2026 10:26:25 AM,202,Warning,WT8-GUI,83095501,HM,Overscaled Channel detected at Tag AI_TK_018
4/24/2026 10:26:25 AM,202,Warning,WT8-GUI,83095502,HM,Overscaled Channel detected at Tag AI_TK_001
4/24/2026 10:26:25 AM,202,Warning,WT8-GUI,83095503,HM,Overscaled Channel detected at Tag AI_TK_019
4/24/2026 10:26:25 AM,202,Warning,WT8-GUI,83095504,HM,Overscaled Channel detected at Tag AI_Volts_Shunt_013
4/24/2026 10:26:25 AM,202,Warning,WT8-GUI,83095505,HM,Overscaled Channel detected at Tag AI_Volts_Shunt_014
4/24/2026 10:26:25 AM,202,Warning,WT8-GUI,83095506,HM,Overscaled Channel detected at Tag AI_Volts_Shunt_015
4/24/2026 10:26:25 AM,202,Warning,WT8-GUI,83095507,HM,Overscaled Channel detected at Tag AI_Strain_000
4/24/2026 10:26:25 AM,202,Warning,WT8-GUI,83095508,HM,Overscaled Channel detected at Tag AI_Strain_001
4/24/2026 10:26:25 AM,202,Warning,WT8-GUI,83095509,HM,Overscaled Channel detected at Tag AI_Strain_002
4/24/2026 10:26:25 AM,202,Warning,WT8-GUI,83095510,HM,Overscaled Channel detected at Tag AI_Strain_003
4/24/2026 10:26:25 AM,202,Warning,WT8-GUI,83095511,HM,Overscaled Channel detected at Tag AI_Strain_004
4/24/2026 10:26:25 AM,202,Warning,WT8-GUI,83095512,HM,Overscaled Channel detected at Tag AI_Strain_005
4/24/2026 10:26:25 AM,202,Warning,WT8-GUI,83095513,HM,Overscaled Channel detected at Tag AI_Strain_006
4/24/2026 10:26:25 AM,202,Warning,WT8-GUI,83095514,HM,Overscaled Channel detected at Tag AI_Strain_007
4/24/2026 10:26:25 AM,202,Warning,WT8-GUI,83095515,HM,Overscaled Channel detected at Tag AI_TT_000
4/24/2026 10:26:25 AM,202,Warning,WT8-GUI,83095516,HM,Overscaled Channel detected at Tag AI_TT_009
4/24/2026 10:26:25 AM,202,Warning,WT8-GUI,83095517,HM,Overscaled Channel detected at Tag AI_TT_010
4/24/2026 10:26:25 AM,202,Warning,WT8-GUI,83095518,HM,Overscaled Channel detected at Tag AI_TT_011
4/24/2026 10:26:25 AM,202,Warning,WT8-GUI,83095519,HM,Overscaled Channel detected at Tag AI_TT_012
4/24/2026 10:26:25 AM,202,Warning,WT8-GUI,83095520,HM,Overscaled Channel detected at Tag AI_TT_013
4/24/2026 10:26:25 AM,202,Warning,WT8-GUI,83095521,HM,Overscaled Channel detected at Tag AI_TT_014
4/24/2026 10:27:10 AM,301005,Warning,WT8-GUI,83095522,OPC,OPC Server Graybox.Simulator.1 on host localhost has not updated data in 64 minute(s).
4/24/2026 10:27:25 AM,202,Warning,WT8-GUI,83095523,HM,Overscaled Channel detected at Tag AI_Volts_Shunt_001
4/24/2026 10:27:25 AM,202,Warning,WT8-GUI,83095524,HM,Overscaled Channel detected at Tag AI_Volts_Shunt_003
4/24/2026 10:27:25 AM,202,Warning,WT8-GUI,83095525,HM,Overscaled Channel detected at Tag AI_Volts_Shunt_004
4/24/2026 10:27:25 AM,202,Warning,WT8-GUI,83095526,HM,Overscaled Channel detected at Tag AI_Volts_Shunt_000
4/24/2026 10:27:25 AM,202,Warning,WT8-GUI,83095527,HM,Overscaled Channel detected at Tag AI_TK_020
4/24/2026 10:27:25 AM,202,Warning,WT8-GUI,83095528,HM,Overscaled Channel detected at Tag AI_TK_021
4/24/2026 10:27:25 AM,202,Warning,WT8-GUI,83095529,HM,Overscaled Channel detected at Tag AI_TK_022
4/24/2026 10:27:25 AM,202,Warning,WT8-GUI,83095530,HM,Overscaled Channel detected at Tag AI_TK_023
4/24/2026 10:27:25 AM,202,Warning,WT8-GUI,83095531,HM,Overscaled Channel detected at Tag AI_TK_024
4/24/2026 10:27:25 AM,202,Warning,WT8-GUI,83095532,HM,Overscaled Channel detected at Tag AI_TK_025
4/24/2026 10:27:25 AM,202,Warning,WT8-GUI,83095533,HM,Overscaled Channel detected at Tag AI_TK_026
4/24/2026 10:27:25 AM,202,Warning,WT8-GUI,83095534,HM,Overscaled Channel detected at Tag AI_TK_027
4/24/2026 10:27:25 AM,202,Warning,WT8-GUI,83095535,HM,Overscaled Channel detected at Tag AI_TK_028
4/24/2026 10:27:25 AM,202,Warning,WT8-GUI,83095536,HM,Overscaled Channel detected at Tag AI_TK_002
4/24/2026 10:27:25 AM,202,Warning,WT8-GUI,83095537,HM,Overscaled Channel detected at Tag AI_TK_029
4/24/2026 10:27:25 AM,202,Warning,WT8-GUI,83095538,HM,Overscaled Channel detected at Tag AI_TK_030
4/24/2026 10:27:25 AM,202,Warning,WT8-GUI,83095539,HM,Overscaled Channel detected at Tag AI_TK_003
4/24/2026 10:27:25 AM,202,Warning,WT8-GUI,83095540,HM,Overscaled Channel detected at Tag AI_TK_004
4/24/2026 10:27:25 AM,202,Warning,WT8-GUI,83095541,HM,Overscaled Channel detected at Tag AI_TK_005
4/24/2026 10:27:25 AM,202,Warning,WT8-GUI,83095542,HM,Overscaled Channel detected at Tag AI_TK_006
4/24/2026 10:27:25 AM,202,Warning,WT8-GUI,83095543,HM,Overscaled Channel detected at Tag AI_TK_007
4/24/2026 10:27:25 AM,202,Warning,WT8-GUI,83095544,HM,Overscaled Channel detected at Tag AI_TK_008
4/24/2026 10:27:25 AM,202,Warning,WT8-GUI,83095545,HM,Overscaled Channel detected at Tag AI_Volts_Shunt_006
4/24/2026 10:27:25 AM,202,Warning,WT8-GUI,83095546,HM,Overscaled Channel detected at Tag AI_Volts_Shunt_007
4/24/2026 10:27:25 AM,202,Warning,WT8-GUI,83095547,HM,Overscaled Channel detected at Tag AI_Volts_Shunt_008
4/24/2026 10:27:25 AM,202,Warning,WT8-GUI,83095548,HM,Overscaled Channel detected at Tag AI_Volts_Shunt_009
4/24/2026 10:27:25 AM,202,Warning,WT8-GUI,83095549,HM,Overscaled Channel detected at Tag AI_Volts_Shunt_010
4/24/2026 10:27:25 AM,202,Warning,WT8-GUI,83095550,HM,Overscaled Channel detected at Tag AI_Volts_Shunt_011
4/24/2026 10:27:25 AM,202,Warning,WT8-GUI,83095551,HM,Overscaled Channel detected at Tag AI_Volts_Shunt_012
4/24/2026 10:27:25 AM,202,Warning,WT8-GUI,83095552,HM,Overscaled Channel detected at Tag AI_TT_015
4/24/2026 10:27:25 AM,202,Warning,WT8-GUI,83095553,HM,Overscaled Channel detected at Tag AI_TT_016
4/24/2026 10:27:25 AM,202,Warning,WT8-GUI,83095554,HM,Overscaled Channel detected at Tag AI_TT_017
4/24/2026 10:27:25 AM,202,Warning,WT8-GUI,83095555,HM,Overscaled Channel detected at Tag AI_TT_018
4/24/2026 10:27:25 AM,202,Warning,WT8-GUI,83095556,HM,Overscaled Channel detected at Tag AI_TT_001
4/24/2026 10:27:25 AM,202,Warning,WT8-GUI,83095557,HM,Overscaled Channel detected at Tag AI_TT_019
4/24/2026 10:27:25 AM,202,Warning,WT8-GUI,83095558,HM,Overscaled Channel detected at Tag AI_TT_020
4/24/2026 10:27:25 AM,202,Warning,WT8-GUI,83095559,HM,Overscaled Channel detected at Tag AI_TT_021
4/24/2026 10:27:25 AM,202,Warning,WT8-GUI,83095560,HM,Overscaled Channel detected at Tag AI_TT_022
4/24/2026 10:27:25 AM,202,Warning,WT8-GUI,83095561,HM,Overscaled Channel detected at Tag AI_TT_023
4/24/2026 10:27:25 AM,202,Warning,WT8-GUI,83095562,HM,Overscaled Channel detected at Tag AI_TT_024
4/24/2026 10:27:25 AM,202,Warning,WT8-GUI,83095563,HM,Overscaled Channel detected at Tag AI_TT_025
4/24/2026 10:27:25 AM,202,Warning,WT8-GUI,83095564,HM,Overscaled Channel detected at Tag AI_TT_026
4/24/2026 10:27:25 AM,202,Warning,WT8-GUI,83095565,HM,Overscaled Channel detected at Tag AI_TT_027
4/24/2026 10:27:25 AM,202,Warning,WT8-GUI,83095566,HM,Overscaled Channel detected at Tag AI_TT_028
4/24/2026 10:27:25 AM,202,Warning,WT8-GUI,83095567,HM,Overscaled Channel detected at Tag AI_TT_002
4/24/2026 10:27:25 AM,202,Warning,WT8-GUI,83095568,HM,Overscaled Channel detected at Tag AI_TT_029
4/24/2026 10:27:25 AM,202,Warning,WT8-GUI,83095569,HM,Overscaled Channel detected at Tag AI_TT_030
4/24/2026 10:27:25 AM,202,Warning,WT8-GUI,83095570,HM,Overscaled Channel detected at Tag AI_TT_003
4/24/2026 10:27:25 AM,202,Warning,WT8-GUI,83095571,HM,Overscaled Channel detected at Tag AI_TT_004
4/24/2026 10:27:25 AM,202,Warning,WT8-GUI,83095572,HM,Overscaled Channel detected at Tag AI_TT_005
4/24/2026 10:27:25 AM,202,Warning,WT8-GUI,83095573,HM,Overscaled Channel detected at Tag AI_TT_006
4/24/2026 10:27:25 AM,202,Warning,WT8-GUI,83095574,HM,Overscaled Channel detected at Tag AI_TT_007
4/24/2026 10:27:25 AM,202,Warning,WT8-GUI,83095575,HM,Overscaled Channel detected at Tag AI_TT_008
4/24/2026 10:27:25 AM,202,Warning,WT8-GUI,83095576,HM,Overscaled Channel detected at Tag AI_TK_000
4/24/2026 10:27:25 AM,202,Warning,WT8-GUI,83095577,HM,Overscaled Channel detected at Tag AI_TK_009
4/24/2026 10:27:25 AM,202,Warning,WT8-GUI,83095578,HM,Overscaled Channel detected at Tag AI_TK_010
4/24/2026 10:27:25 AM,202,Warning,WT8-GUI,83095579,HM,Overscaled Channel detected at Tag AI_TK_011
4/24/2026 10:27:25 AM,202,Warning,WT8-GUI,83095580,HM,Overscaled Channel detected at Tag AI_TK_012
4/24/2026 10:27:25 AM,202,Warning,WT8-GUI,83095581,HM,Overscaled Channel detected at Tag AI_TK_013
4/24/2026 10:27:25 AM,202,Warning,WT8-GUI,83095582,HM,Overscaled Channel detected at Tag AI_TK_014
4/24/2026 10:27:25 AM,202,Warning,WT8-GUI,83095583,HM,Overscaled Channel detected at Tag AI_TK_015
4/24/2026 10:27:25 AM,202,Warning,WT8-GUI,83095584,HM,Overscaled Channel detected at Tag AI_TK_016
4/24/2026 10:27:25 AM,202,Warning,WT8-GUI,83095585,HM,Overscaled Channel detected at Tag AI_TK_017
4/24/2026 10:27:25 AM,202,Warning,WT8-GUI,83095586,HM,Overscaled Channel detected at Tag AI_TK_018
4/24/2026 10:27:25 AM,202,Warning,WT8-GUI,83095587,HM,Overscaled Channel detected at Tag AI_TK_001
4/24/2026 10:27:25 AM,202,Warning,WT8-GUI,83095588,HM,Overscaled Channel detected at Tag AI_TK_019
4/24/2026 10:27:25 AM,202,Warning,WT8-GUI,83095589,HM,Overscaled Channel detected at Tag AI_Volts_Shunt_013
4/24/2026 10:27:25 AM,202,Warning,WT8-GUI,83095590,HM,Overscaled Channel detected at Tag AI_Volts_Shunt_014
4/24/2026 10:27:25 AM,202,Warning,WT8-GUI,83095591,HM,Overscaled Channel detected at Tag AI_Volts_Shunt_015
4/24/2026 10:27:25 AM,202,Warning,WT8-GUI,83095592,HM,Overscaled Channel detected at Tag AI_Strain_000
4/24/2026 10:27:25 AM,202,Warning,WT8-GUI,83095593,HM,Overscaled Channel detected at Tag AI_Strain_001
4/24/2026 10:27:25 AM,202,Warning,WT8-GUI,83095594,HM,Overscaled Channel detected at Tag AI_Strain_002
4/24/2026 10:27:25 AM,202,Warning,WT8-GUI,83095595,HM,Overscaled Channel detected at Tag AI_Strain_003
4/24/2026 10:27:25 AM,202,Warning,WT8-GUI,83095596,HM,Overscaled Channel detected at Tag AI_Strain_004
4/24/2026 10:27:25 AM,202,Warning,WT8-GUI,83095597,HM,Overscaled Channel detected at Tag AI_Strain_005
4/24/2026 10:27:25 AM,202,Warning,WT8-GUI,83095598,HM,Overscaled Channel detected at Tag AI_Strain_006
4/24/2026 10:27:25 AM,202,Warning,WT8-GUI,83095599,HM,Overscaled Channel detected at Tag AI_Strain_007
4/24/2026 10:27:25 AM,202,Warning,WT8-GUI,83095600,HM,Overscaled Channel detected at Tag AI_TT_000
4/24/2026 10:27:25 AM,202,Warning,WT8-GUI,83095601,HM,Overscaled Channel detected at Tag AI_TT_009
4/24/2026 10:27:25 AM,202,Warning,WT8-GUI,83095602,HM,Overscaled Channel detected at Tag AI_TT_010
4/24/2026 10:27:25 AM,202,Warning,WT8-GUI,83095603,HM,Overscaled Channel detected at Tag AI_TT_011
4/24/2026 10:27:25 AM,202,Warning,WT8-GUI,83095604,HM,Overscaled Channel detected at Tag AI_TT_012
4/24/2026 10:27:25 AM,202,Warning,WT8-GUI,83095605,HM,Overscaled Channel detected at Tag AI_TT_013
4/24/2026 10:27:25 AM,202,Warning,WT8-GUI,83095606,HM,Overscaled Channel detected at Tag AI_TT_014
4/24/2026 10:28:10 AM,301005,Warning,WT8-GUI,83095607,OPC,OPC Server Graybox.Simulator.1 on host localhost has not updated data in 65 minute(s).
4/24/2026 10:28:25 AM,202,Warning,WT8-GUI,83095608,HM,Overscaled Channel detected at Tag AI_Volts_Shunt_001
4/24/2026 10:28:25 AM,202,Warning,WT8-GUI,83095609,HM,Overscaled Channel detected at Tag AI_Volts_Shunt_003
4/24/2026 10:28:25 AM,202,Warning,WT8-GUI,83095610,HM,Overscaled Channel detected at Tag AI_Volts_Shunt_004
4/24/2026 10:28:25 AM,202,Warning,WT8-GUI,83095611,HM,Overscaled Channel detected at Tag AI_Volts_Shunt_000
4/24/2026 10:28:25 AM,202,Warning,WT8-GUI,83095612,HM,Overscaled Channel detected at Tag AI_TK_020
4/24/2026 10:28:25 AM,202,Warning,WT8-GUI,83095613,HM,Overscaled Channel detected at Tag AI_TK_021
4/24/2026 10:28:25 AM,202,Warning,WT8-GUI,83095614,HM,Overscaled Channel detected at Tag AI_TK_022
4/24/2026 10:28:25 AM,202,Warning,WT8-GUI,83095615,HM,Overscaled Channel detected at Tag AI_TK_023
4/24/2026 10:28:25 AM,202,Warning,WT8-GUI,83095616,HM,Overscaled Channel detected at Tag AI_TK_024
4/24/2026 10:28:25 AM,202,Warning,WT8-GUI,83095617,HM,Overscaled Channel detected at Tag AI_TK_025
4/24/2026 10:28:25 AM,202,Warning,WT8-GUI,83095618,HM,Overscaled Channel detected at Tag AI_TK_026
4/24/2026 10:28:25 AM,202,Warning,WT8-GUI,83095619,HM,Overscaled Channel detected at Tag AI_TK_027
4/24/2026 10:28:25 AM,202,Warning,WT8-GUI,83095620,HM,Overscaled Channel detected at Tag AI_TK_028
4/24/2026 10:28:25 AM,202,Warning,WT8-GUI,83095621,HM,Overscaled Channel detected at Tag AI_TK_002
4/24/2026 10:28:25 AM,202,Warning,WT8-GUI,83095622,HM,Overscaled Channel detected at Tag AI_TK_029
4/24/2026 10:28:25 AM,202,Warning,WT8-GUI,83095623,HM,Overscaled Channel detected at Tag AI_TK_030
4/24/2026 10:28:25 AM,202,Warning,WT8-GUI,83095624,HM,Overscaled Channel detected at Tag AI_TK_003
4/24/2026 10:28:25 AM,202,Warning,WT8-GUI,83095625,HM,Overscaled Channel detected at Tag AI_TK_004
4/24/2026 10:28:25 AM,202,Warning,WT8-GUI,83095626,HM,Overscaled Channel detected at Tag AI_TK_005
4/24/2026 10:28:25 AM,202,Warning,WT8-GUI,83095627,HM,Overscaled Channel detected at Tag AI_TK_006
4/24/2026 10:28:25 AM,202,Warning,WT8-GUI,83095628,HM,Overscaled Channel detected at Tag AI_TK_007
4/24/2026 10:28:25 AM,202,Warning,WT8-GUI,83095629,HM,Overscaled Channel detected at Tag AI_TK_008
4/24/2026 10:28:25 AM,202,Warning,WT8-GUI,83095630,HM,Overscaled Channel detected at Tag AI_Volts_Shunt_006
4/24/2026 10:28:25 AM,202,Warning,WT8-GUI,83095631,HM,Overscaled Channel detected at Tag AI_Volts_Shunt_007
4/24/2026 10:28:25 AM,202,Warning,WT8-GUI,83095632,HM,Overscaled Channel detected at Tag AI_Volts_Shunt_008
4/24/2026 10:28:25 AM,202,Warning,WT8-GUI,83095633,HM,Overscaled Channel detected at Tag AI_Volts_Shunt_009
4/24/2026 10:28:25 AM,202,Warning,WT8-GUI,83095634,HM,Overscaled Channel detected at Tag AI_Volts_Shunt_010
4/24/2026 10:28:25 AM,202,Warning,WT8-GUI,83095635,HM,Overscaled Channel detected at Tag AI_Volts_Shunt_011
4/24/2026 10:28:25 AM,202,Warning,WT8-GUI,83095636,HM,Overscaled Channel detected at Tag AI_Volts_Shunt_012
4/24/2026 10:28:25 AM,202,Warning,WT8-GUI,83095637,HM,Overscaled Channel detected at Tag AI_TT_015
4/24/2026 10:28:25 AM,202,Warning,WT8-GUI,83095638,HM,Overscaled Channel detected at Tag AI_TT_016
4/24/2026 10:28:25 AM,202,Warning,WT8-GUI,83095639,HM,Overscaled Channel detected at Tag AI_TT_017
4/24/2026 10:28:25 AM,202,Warning,WT8-GUI,83095640,HM,Overscaled Channel detected at Tag AI_TT_018
4/24/2026 10:28:25 AM,202,Warning,WT8-GUI,83095641,HM,Overscaled Channel detected at Tag AI_TT_001
4/24/2026 10:28:25 AM,202,Warning,WT8-GUI,83095642,HM,Overscaled Channel detected at Tag AI_TT_019
4/24/2026 10:28:25 AM,202,Warning,WT8-GUI,83095643,HM,Overscaled Channel detected at Tag AI_TT_020
4/24/2026 10:28:25 AM,202,Warning,WT8-GUI,83095644,HM,Overscaled Channel detected at Tag AI_TT_021
4/24/2026 10:28:25 AM,202,Warning,WT8-GUI,83095645,HM,Overscaled Channel detected at Tag AI_TT_022
4/24/2026 10:28:25 AM,202,Warning,WT8-GUI,83095646,HM,Overscaled Channel detected at Tag AI_TT_023
4/24/2026 10:28:25 AM,202,Warning,WT8-GUI,83095647,HM,Overscaled Channel detected at Tag AI_TT_024
4/24/2026 10:28:25 AM,202,Warning,WT8-GUI,83095648,HM,Overscaled Channel detected at Tag AI_TT_025
4/24/2026 10:28:25 AM,202,Warning,WT8-GUI,83095649,HM,Overscaled Channel detected at Tag AI_TT_026
4/24/2026 10:28:25 AM,202,Warning,WT8-GUI,83095650,HM,Overscaled Channel detected at Tag AI_TT_027
4/24/2026 10:28:25 AM,202,Warning,WT8-GUI,83095651,HM,Overscaled Channel detected at Tag AI_TT_028
4/24/2026 10:28:25 AM,202,Warning,WT8-GUI,83095652,HM,Overscaled Channel detected at Tag AI_TT_002
4/24/2026 10:28:25 AM,202,Warning,WT8-GUI,83095653,HM,Overscaled Channel detected at Tag AI_TT_029
4/24/2026 10:28:25 AM,202,Warning,WT8-GUI,83095654,HM,Overscaled Channel detected at Tag AI_TT_030
4/24/2026 10:28:25 AM,202,Warning,WT8-GUI,83095655,HM,Overscaled Channel detected at Tag AI_TT_003
4/24/2026 10:28:25 AM,202,Warning,WT8-GUI,83095656,HM,Overscaled Channel detected at Tag AI_TT_004
4/24/2026 10:28:25 AM,202,Warning,WT8-GUI,83095657,HM,Overscaled Channel detected at Tag AI_TT_005
4/24/2026 10:28:25 AM,202,Warning,WT8-GUI,83095658,HM,Overscaled Channel detected at Tag AI_TT_006
4/24/2026 10:28:25 AM,202,Warning,WT8-GUI,83095659,HM,Overscaled Channel detected at Tag AI_TT_007
4/24/2026 10:28:25 AM,202,Warning,WT8-GUI,83095660,HM,Overscaled Channel detected at Tag AI_TT_008
4/24/2026 10:28:25 AM,202,Warning,WT8-GUI,83095661,HM,Overscaled Channel detected at Tag AI_TK_000
4/24/2026 10:28:25 AM,202,Warning,WT8-GUI,83095662,HM,Overscaled Channel detected at Tag AI_TK_009
4/24/2026 10:28:25 AM,202,Warning,WT8-GUI,83095663,HM,Overscaled Channel detected at Tag AI_TK_010
4/24/2026 10:28:25 AM,202,Warning,WT8-GUI,83095664,HM,Overscaled Channel detected at Tag AI_TK_011
4/24/2026 10:28:25 AM,202,Warning,WT8-GUI,83095665,HM,Overscaled Channel detected at Tag AI_TK_012
4/24/2026 10:28:25 AM,202,Warning,WT8-GUI,83095666,HM,Overscaled Channel detected at Tag AI_TK_013
4/24/2026 10:28:25 AM,202,Warning,WT8-GUI,83095667,HM,Overscaled Channel detected at Tag AI_TK_014
4/24/2026 10:28:25 AM,202,Warning,WT8-GUI,83095668,HM,Overscaled Channel detected at Tag AI_TK_015
4/24/2026 10:28:25 AM,202,Warning,WT8-GUI,83095669,HM,Overscaled Channel detected at Tag AI_TK_016
4/24/2026 10:28:25 AM,202,Warning,WT8-GUI,83095670,HM,Overscaled Channel detected at Tag AI_TK_017
4/24/2026 10:28:25 AM,202,Warning,WT8-GUI,83095671,HM,Overscaled Channel detected at Tag AI_TK_018
4/24/2026 10:28:25 AM,202,Warning,WT8-GUI,83095672,HM,Overscaled Channel detected at Tag AI_TK_001
4/24/2026 10:28:25 AM,202,Warning,WT8-GUI,83095673,HM,Overscaled Channel detected at Tag AI_TK_019
4/24/2026 10:28:25 AM,202,Warning,WT8-GUI,83095674,HM,Overscaled Channel detected at Tag AI_Volts_Shunt_013
4/24/2026 10:28:25 AM,202,Warning,WT8-GUI,83095675,HM,Overscaled Channel detected at Tag AI_Volts_Shunt_014
4/24/2026 10:28:25 AM,202,Warning,WT8-GUI,83095676,HM,Overscaled Channel detected at Tag AI_Volts_Shunt_015
4/24/2026 10:28:25 AM,202,Warning,WT8-GUI,83095677,HM,Overscaled Channel detected at Tag AI_Strain_000
4/24/2026 10:28:25 AM,202,Warning,WT8-GUI,83095678,HM,Overscaled Channel detected at Tag AI_Strain_001
4/24/2026 10:28:25 AM,202,Warning,WT8-GUI,83095679,HM,Overscaled Channel detected at Tag AI_Strain_002
4/24/2026 10:28:25 AM,202,Warning,WT8-GUI,83095680,HM,Overscaled Channel detected at Tag AI_Strain_003
4/24/2026 10:28:25 AM,202,Warning,WT8-GUI,83095681,HM,Overscaled Channel detected at Tag AI_Strain_004
4/24/2026 10:28:25 AM,202,Warning,WT8-GUI,83095682,HM,Overscaled Channel detected at Tag AI_Strain_005
4/24/2026 10:28:25 AM,202,Warning,WT8-GUI,83095683,HM,Overscaled Channel detected at Tag AI_Strain_006
4/24/2026 10:28:25 AM,202,Warning,WT8-GUI,83095684,HM,Overscaled Channel detected at Tag AI_Strain_007
4/24/2026 10:28:25 AM,202,Warning,WT8-GUI,83095685,HM,Overscaled Channel detected at Tag AI_TT_000
4/24/2026 10:28:25 AM,202,Warning,WT8-GUI,83095686,HM,Overscaled Channel detected at Tag AI_TT_009
4/24/2026 10:28:25 AM,202,Warning,WT8-GUI,83095687,HM,Overscaled Channel detected at Tag AI_TT_010
4/24/2026 10:28:25 AM,202,Warning,WT8-GUI,83095688,HM,Overscaled Channel detected at Tag AI_TT_011
4/24/2026 10:28:25 AM,202,Warning,WT8-GUI,83095689,HM,Overscaled Channel detected at Tag AI_TT_012
4/24/2026 10:28:25 AM,202,Warning,WT8-GUI,83095690,HM,Overscaled Channel detected at Tag AI_TT_013
4/24/2026 10:28:25 AM,202,Warning,WT8-GUI,83095691,HM,Overscaled Channel detected at Tag AI_TT_014
4/24/2026 10:29:10 AM,301005,Warning,WT8-GUI,83095692,OPC,OPC Server Graybox.Simulator.1 on host localhost has not updated data in 66 minute(s).
4/24/2026 10:29:25 AM,202,Warning,WT8-GUI,83095693,HM,Overscaled Channel detected at Tag AI_Volts_Shunt_001
4/24/2026 10:29:25 AM,202,Warning,WT8-GUI,83095694,HM,Overscaled Channel detected at Tag AI_Volts_Shunt_003
4/24/2026 10:29:25 AM,202,Warning,WT8-GUI,83095695,HM,Overscaled Channel detected at Tag AI_Volts_Shunt_004
4/24/2026 10:29:25 AM,202,Warning,WT8-GUI,83095696,HM,Overscaled Channel detected at Tag AI_TK_020
4/24/2026 10:29:25 AM,202,Warning,WT8-GUI,83095697,HM,Overscaled Channel detected at Tag AI_TK_021
4/24/2026 10:29:25 AM,202,Warning,WT8-GUI,83095698,HM,Overscaled Channel detected at Tag AI_TK_022
4/24/2026 10:29:25 AM,202,Warning,WT8-GUI,83095699,HM,Overscaled Channel detected at Tag AI_TK_023
4/24/2026 10:29:25 AM,202,Warning,WT8-GUI,83095700,HM,Overscaled Channel detected at Tag AI_TK_024
4/24/2026 10:29:25 AM,202,Warning,WT8-GUI,83095701,HM,Overscaled Channel detected at Tag AI_TK_025
4/24/2026 10:29:25 AM,202,Warning,WT8-GUI,83095702,HM,Overscaled Channel detected at Tag AI_TK_026
4/24/2026 10:29:25 AM,202,Warning,WT8-GUI,83095703,HM,Overscaled Channel detected at Tag AI_TK_027
4/24/2026 10:29:25 AM,202,Warning,WT8-GUI,83095704,HM,Overscaled Channel detected at Tag AI_TK_028
4/24/2026 10:29:25 AM,202,Warning,WT8-GUI,83095705,HM,Overscaled Channel detected at Tag AI_TK_002
4/24/2026 10:29:25 AM,202,Warning,WT8-GUI,83095706,HM,Overscaled Channel detected at Tag AI_TK_029
4/24/2026 10:29:25 AM,202,Warning,WT8-GUI,83095707,HM,Overscaled Channel detected at Tag AI_TK_030
4/24/2026 10:29:25 AM,202,Warning,WT8-GUI,83095708,HM,Overscaled Channel detected at Tag AI_TK_003
4/24/2026 10:29:25 AM,202,Warning,WT8-GUI,83095709,HM,Overscaled Channel detected at Tag AI_TK_004
4/24/2026 10:29:25 AM,202,Warning,WT8-GUI,83095710,HM,Overscaled Channel detected at Tag AI_TK_005
4/24/2026 10:29:25 AM,202,Warning,WT8-GUI,83095711,HM,Overscaled Channel detected at Tag AI_TK_006
4/24/2026 10:29:25 AM,202,Warning,WT8-GUI,83095712,HM,Overscaled Channel detected at Tag AI_TK_007
4/24/2026 10:29:25 AM,202,Warning,WT8-GUI,83095713,HM,Overscaled Channel detected at Tag AI_TK_008
4/24/2026 10:29:25 AM,202,Warning,WT8-GUI,83095714,HM,Overscaled Channel detected at Tag AI_Volts_Shunt_000
4/24/2026 10:29:25 AM,202,Warning,WT8-GUI,83095715,HM,Overscaled Channel detected at Tag AI_Volts_Shunt_006
4/24/2026 10:29:25 AM,202,Warning,WT8-GUI,83095716,HM,Overscaled Channel detected at Tag AI_Volts_Shunt_007
4/24/2026 10:29:25 AM,202,Warning,WT8-GUI,83095717,HM,Overscaled Channel detected at Tag AI_Volts_Shunt_008
4/24/2026 10:29:25 AM,202,Warning,WT8-GUI,83095718,HM,Overscaled Channel detected at Tag AI_Volts_Shunt_009
4/24/2026 10:29:25 AM,202,Warning,WT8-GUI,83095719,HM,Overscaled Channel detected at Tag AI_Volts_Shunt_010
4/24/2026 10:29:25 AM,202,Warning,WT8-GUI,83095720,HM,Overscaled Channel detected at Tag AI_Volts_Shunt_011
4/24/2026 10:29:25 AM,202,Warning,WT8-GUI,83095721,HM,Overscaled Channel detected at Tag AI_Volts_Shunt_012
4/24/2026 10:29:25 AM,202,Warning,WT8-GUI,83095722,HM,Overscaled Channel detected at Tag AI_TT_015
4/24/2026 10:29:25 AM,202,Warning,WT8-GUI,83095723,HM,Overscaled Channel detected at Tag AI_TT_016
4/24/2026 10:29:25 AM,202,Warning,WT8-GUI,83095724,HM,Overscaled Channel detected at Tag AI_TT_017
4/24/2026 10:29:25 AM,202,Warning,WT8-GUI,83095725,HM,Overscaled Channel detected at Tag AI_TT_018
4/24/2026 10:29:25 AM,202,Warning,WT8-GUI,83095726,HM,Overscaled Channel detected at Tag AI_TT_001
4/24/2026 10:29:25 AM,202,Warning,WT8-GUI,83095727,HM,Overscaled Channel detected at Tag AI_TT_019
4/24/2026 10:29:25 AM,202,Warning,WT8-GUI,83095728,HM,Overscaled Channel detected at Tag AI_TT_020
4/24/2026 10:29:25 AM,202,Warning,WT8-GUI,83095729,HM,Overscaled Channel detected at Tag AI_TT_021
4/24/2026 10:29:25 AM,202,Warning,WT8-GUI,83095730,HM,Overscaled Channel detected at Tag AI_TT_022
4/24/2026 10:29:25 AM,202,Warning,WT8-GUI,83095731,HM,Overscaled Channel detected at Tag AI_TT_023
4/24/2026 10:29:25 AM,202,Warning,WT8-GUI,83095732,HM,Overscaled Channel detected at Tag AI_TT_024
4/24/2026 10:29:25 AM,202,Warning,WT8-GUI,83095733,HM,Overscaled Channel detected at Tag AI_TT_025
4/24/2026 10:29:25 AM,202,Warning,WT8-GUI,83095734,HM,Overscaled Channel detected at Tag AI_TT_026
4/24/2026 10:29:25 AM,202,Warning,WT8-GUI,83095735,HM,Overscaled Channel detected at Tag AI_TT_027
4/24/2026 10:29:25 AM,202,Warning,WT8-GUI,83095736,HM,Overscaled Channel detected at Tag AI_TT_028
4/24/2026 10:29:25 AM,202,Warning,WT8-GUI,83095737,HM,Overscaled Channel detected at Tag AI_TT_002
4/24/2026 10:29:25 AM,202,Warning,WT8-GUI,83095738,HM,Overscaled Channel detected at Tag AI_TT_029
4/24/2026 10:29:25 AM,202,Warning,WT8-GUI,83095739,HM,Overscaled Channel detected at Tag AI_TT_030
4/24/2026 10:29:25 AM,202,Warning,WT8-GUI,83095740,HM,Overscaled Channel detected at Tag AI_TT_003
4/24/2026 10:29:25 AM,202,Warning,WT8-GUI,83095741,HM,Overscaled Channel detected at Tag AI_TT_004
4/24/2026 10:29:25 AM,202,Warning,WT8-GUI,83095742,HM,Overscaled Channel detected at Tag AI_TT_005
4/24/2026 10:29:25 AM,202,Warning,WT8-GUI,83095743,HM,Overscaled Channel detected at Tag AI_TT_006
4/24/2026 10:29:25 AM,202,Warning,WT8-GUI,83095744,HM,Overscaled Channel detected at Tag AI_TT_007
4/24/2026 10:29:25 AM,202,Warning,WT8-GUI,83095745,HM,Overscaled Channel detected at Tag AI_TT_008
4/24/2026 10:29:25 AM,202,Warning,WT8-GUI,83095746,HM,Overscaled Channel detected at Tag AI_TK_000
4/24/2026 10:29:25 AM,202,Warning,WT8-GUI,83095747,HM,Overscaled Channel detected at Tag AI_TK_009
4/24/2026 10:29:25 AM,202,Warning,WT8-GUI,83095748,HM,Overscaled Channel detected at Tag AI_TK_010
4/24/2026 10:29:25 AM,202,Warning,WT8-GUI,83095749,HM,Overscaled Channel detected at Tag AI_TK_011
4/24/2026 10:29:25 AM,202,Warning,WT8-GUI,83095750,HM,Overscaled Channel detected at Tag AI_TK_012
4/24/2026 10:29:25 AM,202,Warning,WT8-GUI,83095751,HM,Overscaled Channel detected at Tag AI_TK_013
4/24/2026 10:29:25 AM,202,Warning,WT8-GUI,83095752,HM,Overscaled Channel detected at Tag AI_TK_014
4/24/2026 10:29:25 AM,202,Warning,WT8-GUI,83095753,HM,Overscaled Channel detected at Tag AI_TK_015
4/24/2026 10:29:25 AM,202,Warning,WT8-GUI,83095754,HM,Overscaled Channel detected at Tag AI_TK_016
4/24/2026 10:29:25 AM,202,Warning,WT8-GUI,83095755,HM,Overscaled Channel detected at Tag AI_TK_017
4/24/2026 10:29:25 AM,202,Warning,WT8-GUI,83095756,HM,Overscaled Channel detected at Tag AI_TK_018
4/24/2026 10:29:25 AM,202,Warning,WT8-GUI,83095757,HM,Overscaled Channel detected at Tag AI_TK_001
4/24/2026 10:29:25 AM,202,Warning,WT8-GUI,83095758,HM,Overscaled Channel detected at Tag AI_TK_019
4/24/2026 10:29:25 AM,202,Warning,WT8-GUI,83095759,HM,Overscaled Channel detected at Tag AI_Volts_Shunt_013
4/24/2026 10:29:25 AM,202,Warning,WT8-GUI,83095760,HM,Overscaled Channel detected at Tag AI_Volts_Shunt_014
4/24/2026 10:29:25 AM,202,Warning,WT8-GUI,83095761,HM,Overscaled Channel detected at Tag AI_Volts_Shunt_015
4/24/2026 10:29:25 AM,202,Warning,WT8-GUI,83095762,HM,Overscaled Channel detected at Tag AI_Strain_000
4/24/2026 10:29:25 AM,202,Warning,WT8-GUI,83095763,HM,Overscaled Channel detected at Tag AI_Strain_001
4/24/2026 10:29:25 AM,202,Warning,WT8-GUI,83095764,HM,Overscaled Channel detected at Tag AI_Strain_002
4/24/2026 10:29:25 AM,202,Warning,WT8-GUI,83095765,HM,Overscaled Channel detected at Tag AI_Strain_003
4/24/2026 10:29:25 AM,202,Warning,WT8-GUI,83095766,HM,Overscaled Channel detected at Tag AI_Strain_004
4/24/2026 10:29:25 AM,202,Warning,WT8-GUI,83095767,HM,Overscaled Channel detected at Tag AI_Strain_005
4/24/2026 10:29:25 AM,202,Warning,WT8-GUI,83095768,HM,Overscaled Channel detected at Tag AI_Strain_006
4/24/2026 10:29:25 AM,202,Warning,WT8-GUI,83095769,HM,Overscaled Channel detected at Tag AI_Strain_007
4/24/2026 10:29:25 AM,202,Warning,WT8-GUI,83095770,HM,Overscaled Channel detected at Tag AI_TT_000
4/24/2026 10:29:25 AM,202,Warning,WT8-GUI,83095771,HM,Overscaled Channel detected at Tag AI_TT_009
4/24/2026 10:29:25 AM,202,Warning,WT8-GUI,83095772,HM,Overscaled Channel detected at Tag AI_TT_010
4/24/2026 10:29:25 AM,202,Warning,WT8-GUI,83095773,HM,Overscaled Channel detected at Tag AI_TT_011
4/24/2026 10:29:25 AM,202,Warning,WT8-GUI,83095774,HM,Overscaled Channel detected at Tag AI_TT_012
4/24/2026 10:29:25 AM,202,Warning,WT8-GUI,83095775,HM,Overscaled Channel detected at Tag AI_TT_013
4/24/2026 10:29:25 AM,202,Warning,WT8-GUI,83095776,HM,Overscaled Channel detected at Tag AI_TT_014
4/24/2026 10:30:10 AM,301005,Warning,WT8-GUI,83095777,OPC,OPC Server Graybox.Simulator.1 on host localhost has not updated data in 67 minute(s).
4/24/2026 10:30:25 AM,202,Warning,WT8-GUI,83095778,HM,Overscaled Channel detected at Tag AI_Volts_Shunt_001
4/24/2026 10:30:25 AM,202,Warning,WT8-GUI,83095779,HM,Overscaled Channel detected at Tag AI_Volts_Shunt_003
4/24/2026 10:30:25 AM,202,Warning,WT8-GUI,83095780,HM,Overscaled Channel detected at Tag AI_Volts_Shunt_004
4/24/2026 10:30:25 AM,202,Warning,WT8-GUI,83095781,HM,Overscaled Channel detected at Tag AI_TK_020
4/24/2026 10:30:25 AM,202,Warning,WT8-GUI,83095782,HM,Overscaled Channel detected at Tag AI_TK_021
4/24/2026 10:30:25 AM,202,Warning,WT8-GUI,83095783,HM,Overscaled Channel detected at Tag AI_TK_022
4/24/2026 10:30:25 AM,202,Warning,WT8-GUI,83095784,HM,Overscaled Channel detected at Tag AI_TK_023
4/24/2026 10:30:25 AM,202,Warning,WT8-GUI,83095785,HM,Overscaled Channel detected at Tag AI_TK_024
4/24/2026 10:30:25 AM,202,Warning,WT8-GUI,83095786,HM,Overscaled Channel detected at Tag AI_TK_025
4/24/2026 10:30:25 AM,202,Warning,WT8-GUI,83095787,HM,Overscaled Channel detected at Tag AI_TK_026
4/24/2026 10:30:25 AM,202,Warning,WT8-GUI,83095788,HM,Overscaled Channel detected at Tag AI_TK_027
4/24/2026 10:30:25 AM,202,Warning,WT8-GUI,83095789,HM,Overscaled Channel detected at Tag AI_TK_028
4/24/2026 10:30:25 AM,202,Warning,WT8-GUI,83095790,HM,Overscaled Channel detected at Tag AI_TK_002
4/24/2026 10:30:25 AM,202,Warning,WT8-GUI,83095791,HM,Overscaled Channel detected at Tag AI_TK_029
4/24/2026 10:30:25 AM,202,Warning,WT8-GUI,83095792,HM,Overscaled Channel detected at Tag AI_TK_030
4/24/2026 10:30:25 AM,202,Warning,WT8-GUI,83095793,HM,Overscaled Channel detected at Tag AI_TK_003
4/24/2026 10:30:25 AM,202,Warning,WT8-GUI,83095794,HM,Overscaled Channel detected at Tag AI_TK_004
4/24/2026 10:30:25 AM,202,Warning,WT8-GUI,83095795,HM,Overscaled Channel detected at Tag AI_TK_005
4/24/2026 10:30:25 AM,202,Warning,WT8-GUI,83095796,HM,Overscaled Channel detected at Tag AI_TK_006
4/24/2026 10:30:25 AM,202,Warning,WT8-GUI,83095797,HM,Overscaled Channel detected at Tag AI_TK_007
4/24/2026 10:30:25 AM,202,Warning,WT8-GUI,83095798,HM,Overscaled Channel detected at Tag AI_TK_008
4/24/2026 10:30:25 AM,202,Warning,WT8-GUI,83095799,HM,Overscaled Channel detected at Tag AI_Volts_Shunt_000
4/24/2026 10:30:25 AM,202,Warning,WT8-GUI,83095800,HM,Overscaled Channel detected at Tag AI_Volts_Shunt_006
4/24/2026 10:30:25 AM,202,Warning,WT8-GUI,83095801,HM,Overscaled Channel detected at Tag AI_Volts_Shunt_007
4/24/2026 10:30:25 AM,202,Warning,WT8-GUI,83095802,HM,Overscaled Channel detected at Tag AI_Volts_Shunt_008
4/24/2026 10:30:25 AM,202,Warning,WT8-GUI,83095803,HM,Overscaled Channel detected at Tag AI_Volts_Shunt_009
4/24/2026 10:30:25 AM,202,Warning,WT8-GUI,83095804,HM,Overscaled Channel detected at Tag AI_Volts_Shunt_010
4/24/2026 10:30:25 AM,202,Warning,WT8-GUI,83095805,HM,Overscaled Channel detected at Tag AI_Volts_Shunt_011
4/24/2026 10:30:25 AM,202,Warning,WT8-GUI,83095806,HM,Overscaled Channel detected at Tag AI_Volts_Shunt_012
4/24/2026 10:30:25 AM,202,Warning,WT8-GUI,83095807,HM,Overscaled Channel detected at Tag AI_TT_015
4/24/2026 10:30:25 AM,202,Warning,WT8-GUI,83095808,HM,Overscaled Channel detected at Tag AI_TT_016
4/24/2026 10:30:25 AM,202,Warning,WT8-GUI,83095809,HM,Overscaled Channel detected at Tag AI_TT_017
4/24/2026 10:30:25 AM,202,Warning,WT8-GUI,83095810,HM,Overscaled Channel detected at Tag AI_TT_018
4/24/2026 10:30:25 AM,202,Warning,WT8-GUI,83095811,HM,Overscaled Channel detected at Tag AI_TT_001
4/24/2026 10:30:25 AM,202,Warning,WT8-GUI,83095812,HM,Overscaled Channel detected at Tag AI_TT_019
4/24/2026 10:30:25 AM,202,Warning,WT8-GUI,83095813,HM,Overscaled Channel detected at Tag AI_TT_020
4/24/2026 10:30:25 AM,202,Warning,WT8-GUI,83095814,HM,Overscaled Channel detected at Tag AI_TT_021
4/24/2026 10:30:25 AM,202,Warning,WT8-GUI,83095815,HM,Overscaled Channel detected at Tag AI_TT_022
4/24/2026 10:30:25 AM,202,Warning,WT8-GUI,83095816,HM,Overscaled Channel detected at Tag AI_TT_023
4/24/2026 10:30:25 AM,202,Warning,WT8-GUI,83095817,HM,Overscaled Channel detected at Tag AI_TT_024
4/24/2026 10:30:25 AM,202,Warning,WT8-GUI,83095818,HM,Overscaled Channel detected at Tag AI_TT_025
4/24/2026 10:30:25 AM,202,Warning,WT8-GUI,83095819,HM,Overscaled Channel detected at Tag AI_TT_026
4/24/2026 10:30:25 AM,202,Warning,WT8-GUI,83095820,HM,Overscaled Channel detected at Tag AI_TT_027
4/24/2026 10:30:25 AM,202,Warning,WT8-GUI,83095821,HM,Overscaled Channel detected at Tag AI_TT_028
4/24/2026 10:30:25 AM,202,Warning,WT8-GUI,83095822,HM,Overscaled Channel detected at Tag AI_TT_002
4/24/2026 10:30:25 AM,202,Warning,WT8-GUI,83095823,HM,Overscaled Channel detected at Tag AI_TT_029
4/24/2026 10:30:25 AM,202,Warning,WT8-GUI,83095824,HM,Overscaled Channel detected at Tag AI_TT_030
4/24/2026 10:30:25 AM,202,Warning,WT8-GUI,83095825,HM,Overscaled Channel detected at Tag AI_TT_003
4/24/2026 10:30:25 AM,202,Warning,WT8-GUI,83095826,HM,Overscaled Channel detected at Tag AI_TT_004
4/24/2026 10:30:25 AM,202,Warning,WT8-GUI,83095827,HM,Overscaled Channel detected at Tag AI_TT_005
4/24/2026 10:30:25 AM,202,Warning,WT8-GUI,83095828,HM,Overscaled Channel detected at Tag AI_TT_006
4/24/2026 10:30:25 AM,202,Warning,WT8-GUI,83095829,HM,Overscaled Channel detected at Tag AI_TT_007
4/24/2026 10:30:25 AM,202,Warning,WT8-GUI,83095830,HM,Overscaled Channel detected at Tag AI_TT_008
4/24/2026 10:30:25 AM,202,Warning,WT8-GUI,83095831,HM,Overscaled Channel detected at Tag AI_TK_000
4/24/2026 10:30:25 AM,202,Warning,WT8-GUI,83095832,HM,Overscaled Channel detected at Tag AI_TK_009
4/24/2026 10:30:25 AM,202,Warning,WT8-GUI,83095833,HM,Overscaled Channel detected at Tag AI_TK_010
4/24/2026 10:30:25 AM,202,Warning,WT8-GUI,83095834,HM,Overscaled Channel detected at Tag AI_TK_011
4/24/2026 10:30:25 AM,202,Warning,WT8-GUI,83095835,HM,Overscaled Channel detected at Tag AI_TK_012
4/24/2026 10:30:25 AM,202,Warning,WT8-GUI,83095836,HM,Overscaled Channel detected at Tag AI_TK_013
4/24/2026 10:30:25 AM,202,Warning,WT8-GUI,83095837,HM,Overscaled Channel detected at Tag AI_TK_014
4/24/2026 10:30:25 AM,202,Warning,WT8-GUI,83095838,HM,Overscaled Channel detected at Tag AI_TK_015
4/24/2026 10:30:25 AM,202,Warning,WT8-GUI,83095839,HM,Overscaled Channel detected at Tag AI_TK_016
4/24/2026 10:30:25 AM,202,Warning,WT8-GUI,83095840,HM,Overscaled Channel detected at Tag AI_TK_017
4/24/2026 10:30:25 AM,202,Warning,WT8-GUI,83095841,HM,Overscaled Channel detected at Tag AI_TK_018
4/24/2026 10:30:25 AM,202,Warning,WT8-GUI,83095842,HM,Overscaled Channel detected at Tag AI_TK_001
4/24/2026 10:30:25 AM,202,Warning,WT8-GUI,83095843,HM,Overscaled Channel detected at Tag AI_TK_019
4/24/2026 10:30:25 AM,202,Warning,WT8-GUI,83095844,HM,Overscaled Channel detected at Tag AI_Volts_Shunt_013
4/24/2026 10:30:25 AM,202,Warning,WT8-GUI,83095845,HM,Overscaled Channel detected at Tag AI_Volts_Shunt_014
4/24/2026 10:30:25 AM,202,Warning,WT8-GUI,83095846,HM,Overscaled Channel detected at Tag AI_Volts_Shunt_015
4/24/2026 10:30:25 AM,202,Warning,WT8-GUI,83095847,HM,Overscaled Channel detected at Tag AI_Strain_000
4/24/2026 10:30:25 AM,202,Warning,WT8-GUI,83095848,HM,Overscaled Channel detected at Tag AI_Strain_001
4/24/2026 10:30:25 AM,202,Warning,WT8-GUI,83095849,HM,Overscaled Channel detected at Tag AI_Strain_002
4/24/2026 10:30:25 AM,202,Warning,WT8-GUI,83095850,HM,Overscaled Channel detected at Tag AI_Strain_003
4/24/2026 10:30:25 AM,202,Warning,WT8-GUI,83095851,HM,Overscaled Channel detected at Tag AI_Strain_004
4/24/2026 10:30:25 AM,202,Warning,WT8-GUI,83095852,HM,Overscaled Channel detected at Tag AI_Strain_005
4/24/2026 10:30:25 AM,202,Warning,WT8-GUI,83095853,HM,Overscaled Channel detected at Tag AI_Strain_006
4/24/2026 10:30:25 AM,202,Warning,WT8-GUI,83095854,HM,Overscaled Channel detected at Tag AI_Strain_007
4/24/2026 10:30:25 AM,202,Warning,WT8-GUI,83095855,HM,Overscaled Channel detected at Tag AI_TT_000
4/24/2026 10:30:25 AM,202,Warning,WT8-GUI,83095856,HM,Overscaled Channel detected at Tag AI_TT_009
4/24/2026 10:30:25 AM,202,Warning,WT8-GUI,83095857,HM,Overscaled Channel detected at Tag AI_TT_010
4/24/2026 10:30:25 AM,202,Warning,WT8-GUI,83095858,HM,Overscaled Channel detected at Tag AI_TT_011
4/24/2026 10:30:25 AM,202,Warning,WT8-GUI,83095859,HM,Overscaled Channel detected at Tag AI_TT_012
4/24/2026 10:30:25 AM,202,Warning,WT8-GUI,83095860,HM,Overscaled Channel detected at Tag AI_TT_013
4/24/2026 10:30:25 AM,202,Warning,WT8-GUI,83095861,HM,Overscaled Channel detected at Tag AI_TT_014
4/24/2026 10:31:10 AM,301005,Warning,WT8-GUI,83095862,OPC,OPC Server Graybox.Simulator.1 on host localhost has not updated data in 68 minute(s).
4/24/2026 10:31:25 AM,202,Warning,WT8-GUI,83095863,HM,Overscaled Channel detected at Tag AI_Volts_Shunt_001
4/24/2026 10:31:25 AM,202,Warning,WT8-GUI,83095864,HM,Overscaled Channel detected at Tag AI_Volts_Shunt_003
4/24/2026 10:31:25 AM,202,Warning,WT8-GUI,83095865,HM,Overscaled Channel detected at Tag AI_Volts_Shunt_004
4/24/2026 10:31:25 AM,202,Warning,WT8-GUI,83095866,HM,Overscaled Channel detected at Tag AI_TK_020
4/24/2026 10:31:25 AM,202,Warning,WT8-GUI,83095867,HM,Overscaled Channel detected at Tag AI_TK_021
4/24/2026 10:31:25 AM,202,Warning,WT8-GUI,83095868,HM,Overscaled Channel detected at Tag AI_TK_022
4/24/2026 10:31:25 AM,202,Warning,WT8-GUI,83095869,HM,Overscaled Channel detected at Tag AI_TK_023
4/24/2026 10:31:25 AM,202,Warning,WT8-GUI,83095870,HM,Overscaled Channel detected at Tag AI_TK_024
4/24/2026 10:31:25 AM,202,Warning,WT8-GUI,83095871,HM,Overscaled Channel detected at Tag AI_TK_025
4/24/2026 10:31:25 AM,202,Warning,WT8-GUI,83095872,HM,Overscaled Channel detected at Tag AI_TK_026
4/24/2026 10:31:25 AM,202,Warning,WT8-GUI,83095873,HM,Overscaled Channel detected at Tag AI_TK_027
4/24/2026 10:31:25 AM,202,Warning,WT8-GUI,83095874,HM,Overscaled Channel detected at Tag AI_TK_028
4/24/2026 10:31:25 AM,202,Warning,WT8-GUI,83095875,HM,Overscaled Channel detected at Tag AI_TK_002
4/24/2026 10:31:25 AM,202,Warning,WT8-GUI,83095876,HM,Overscaled Channel detected at Tag AI_TK_029
4/24/2026 10:31:25 AM,202,Warning,WT8-GUI,83095877,HM,Overscaled Channel detected at Tag AI_TK_030
4/24/2026 10:31:25 AM,202,Warning,WT8-GUI,83095878,HM,Overscaled Channel detected at Tag AI_TK_003
4/24/2026 10:31:25 AM,202,Warning,WT8-GUI,83095879,HM,Overscaled Channel detected at Tag AI_TK_004
4/24/2026 10:31:25 AM,202,Warning,WT8-GUI,83095880,HM,Overscaled Channel detected at Tag AI_TK_005
4/24/2026 10:31:25 AM,202,Warning,WT8-GUI,83095881,HM,Overscaled Channel detected at Tag AI_TK_006
4/24/2026 10:31:25 AM,202,Warning,WT8-GUI,83095882,HM,Overscaled Channel detected at Tag AI_TK_007
4/24/2026 10:31:25 AM,202,Warning,WT8-GUI,83095883,HM,Overscaled Channel detected at Tag AI_TK_008
4/24/2026 10:31:25 AM,202,Warning,WT8-GUI,83095884,HM,Overscaled Channel detected at Tag AI_Volts_Shunt_000
4/24/2026 10:31:25 AM,202,Warning,WT8-GUI,83095885,HM,Overscaled Channel detected at Tag AI_Volts_Shunt_006
4/24/2026 10:31:25 AM,202,Warning,WT8-GUI,83095886,HM,Overscaled Channel detected at Tag AI_Volts_Shunt_007
4/24/2026 10:31:25 AM,202,Warning,WT8-GUI,83095887,HM,Overscaled Channel detected at Tag AI_Volts_Shunt_008
4/24/2026 10:31:25 AM,202,Warning,WT8-GUI,83095888,HM,Overscaled Channel detected at Tag AI_Volts_Shunt_009
4/24/2026 10:31:25 AM,202,Warning,WT8-GUI,83095889,HM,Overscaled Channel detected at Tag AI_Volts_Shunt_010
4/24/2026 10:31:25 AM,202,Warning,WT8-GUI,83095890,HM,Overscaled Channel detected at Tag AI_Volts_Shunt_011
4/24/2026 10:31:25 AM,202,Warning,WT8-GUI,83095891,HM,Overscaled Channel detected at Tag AI_Volts_Shunt_012
4/24/2026 10:31:25 AM,202,Warning,WT8-GUI,83095892,HM,Overscaled Channel detected at Tag AI_TT_015
4/24/2026 10:31:25 AM,202,Warning,WT8-GUI,83095893,HM,Overscaled Channel detected at Tag AI_TT_016
4/24/2026 10:31:25 AM,202,Warning,WT8-GUI,83095894,HM,Overscaled Channel detected at Tag AI_TT_017
4/24/2026 10:31:25 AM,202,Warning,WT8-GUI,83095895,HM,Overscaled Channel detected at Tag AI_TT_018
4/24/2026 10:31:25 AM,202,Warning,WT8-GUI,83095896,HM,Overscaled Channel detected at Tag AI_TT_001
4/24/2026 10:31:25 AM,202,Warning,WT8-GUI,83095897,HM,Overscaled Channel detected at Tag AI_TT_019
4/24/2026 10:31:25 AM,202,Warning,WT8-GUI,83095898,HM,Overscaled Channel detected at Tag AI_TT_020
4/24/2026 10:31:25 AM,202,Warning,WT8-GUI,83095899,HM,Overscaled Channel detected at Tag AI_TT_021
4/24/2026 10:31:25 AM,202,Warning,WT8-GUI,83095900,HM,Overscaled Channel detected at Tag AI_TT_022
4/24/2026 10:31:25 AM,202,Warning,WT8-GUI,83095901,HM,Overscaled Channel detected at Tag AI_TT_023
4/24/2026 10:31:25 AM,202,Warning,WT8-GUI,83095902,HM,Overscaled Channel detected at Tag AI_TT_024
4/24/2026 10:31:25 AM,202,Warning,WT8-GUI,83095903,HM,Overscaled Channel detected at Tag AI_TT_025
4/24/2026 10:31:25 AM,202,Warning,WT8-GUI,83095904,HM,Overscaled Channel detected at Tag AI_TT_026
4/24/2026 10:31:25 AM,202,Warning,WT8-GUI,83095905,HM,Overscaled Channel detected at Tag AI_TT_027
4/24/2026 10:31:25 AM,202,Warning,WT8-GUI,83095906,HM,Overscaled Channel detected at Tag AI_TT_028
4/24/2026 10:31:25 AM,202,Warning,WT8-GUI,83095907,HM,Overscaled Channel detected at Tag AI_TT_002
4/24/2026 10:31:25 AM,202,Warning,WT8-GUI,83095908,HM,Overscaled Channel detected at Tag AI_TT_029
4/24/2026 10:31:25 AM,202,Warning,WT8-GUI,83095909,HM,Overscaled Channel detected at Tag AI_TT_030
4/24/2026 10:31:25 AM,202,Warning,WT8-GUI,83095910,HM,Overscaled Channel detected at Tag AI_TT_003
4/24/2026 10:31:25 AM,202,Warning,WT8-GUI,83095911,HM,Overscaled Channel detected at Tag AI_TT_004
4/24/2026 10:31:25 AM,202,Warning,WT8-GUI,83095912,HM,Overscaled Channel detected at Tag AI_TT_005
4/24/2026 10:31:25 AM,202,Warning,WT8-GUI,83095913,HM,Overscaled Channel detected at Tag AI_TT_006
4/24/2026 10:31:25 AM,202,Warning,WT8-GUI,83095914,HM,Overscaled Channel detected at Tag AI_TT_007
4/24/2026 10:31:25 AM,202,Warning,WT8-GUI,83095915,HM,Overscaled Channel detected at Tag AI_TT_008
4/24/2026 10:31:25 AM,202,Warning,WT8-GUI,83095916,HM,Overscaled Channel detected at Tag AI_TK_000
4/24/2026 10:31:25 AM,202,Warning,WT8-GUI,83095917,HM,Overscaled Channel detected at Tag AI_TK_009
4/24/2026 10:31:25 AM,202,Warning,WT8-GUI,83095918,HM,Overscaled Channel detected at Tag AI_TK_010
4/24/2026 10:31:25 AM,202,Warning,WT8-GUI,83095919,HM,Overscaled Channel detected at Tag AI_TK_011
4/24/2026 10:31:25 AM,202,Warning,WT8-GUI,83095920,HM,Overscaled Channel detected at Tag AI_TK_012
4/24/2026 10:31:25 AM,202,Warning,WT8-GUI,83095921,HM,Overscaled Channel detected at Tag AI_TK_013
4/24/2026 10:31:25 AM,202,Warning,WT8-GUI,83095922,HM,Overscaled Channel detected at Tag AI_TK_014
4/24/2026 10:31:25 AM,202,Warning,WT8-GUI,83095923,HM,Overscaled Channel detected at Tag AI_TK_015
4/24/2026 10:31:25 AM,202,Warning,WT8-GUI,83095924,HM,Overscaled Channel detected at Tag AI_TK_016
4/24/2026 10:31:25 AM,202,Warning,WT8-GUI,83095925,HM,Overscaled Channel detected at Tag AI_TK_017
4/24/2026 10:31:25 AM,202,Warning,WT8-GUI,83095926,HM,Overscaled Channel detected at Tag AI_TK_018
4/24/2026 10:31:25 AM,202,Warning,WT8-GUI,83095927,HM,Overscaled Channel detected at Tag AI_TK_001
4/24/2026 10:31:25 AM,202,Warning,WT8-GUI,83095928,HM,Overscaled Channel detected at Tag AI_TK_019
4/24/2026 10:31:25 AM,202,Warning,WT8-GUI,83095929,HM,Overscaled Channel detected at Tag AI_Volts_Shunt_013
4/24/2026 10:31:25 AM,202,Warning,WT8-GUI,83095930,HM,Overscaled Channel detected at Tag AI_Volts_Shunt_014
4/24/2026 10:31:25 AM,202,Warning,WT8-GUI,83095931,HM,Overscaled Channel detected at Tag AI_Volts_Shunt_015
4/24/2026 10:31:25 AM,202,Warning,WT8-GUI,83095932,HM,Overscaled Channel detected at Tag AI_Strain_000
4/24/2026 10:31:25 AM,202,Warning,WT8-GUI,83095933,HM,Overscaled Channel detected at Tag AI_Strain_001
4/24/2026 10:31:25 AM,202,Warning,WT8-GUI,83095934,HM,Overscaled Channel detected at Tag AI_Strain_002
4/24/2026 10:31:25 AM,202,Warning,WT8-GUI,83095935,HM,Overscaled Channel detected at Tag AI_Strain_003
4/24/2026 10:31:25 AM,202,Warning,WT8-GUI,83095936,HM,Overscaled Channel detected at Tag AI_Strain_004
4/24/2026 10:31:25 AM,202,Warning,WT8-GUI,83095937,HM,Overscaled Channel detected at Tag AI_Strain_005
4/24/2026 10:31:25 AM,202,Warning,WT8-GUI,83095938,HM,Overscaled Channel detected at Tag AI_Strain_006
4/24/2026 10:31:25 AM,202,Warning,WT8-GUI,83095939,HM,Overscaled Channel detected at Tag AI_Strain_007
4/24/2026 10:31:25 AM,202,Warning,WT8-GUI,83095940,HM,Overscaled Channel detected at Tag AI_TT_000
4/24/2026 10:31:25 AM,202,Warning,WT8-GUI,83095941,HM,Overscaled Channel detected at Tag AI_TT_009
4/24/2026 10:31:25 AM,202,Warning,WT8-GUI,83095942,HM,Overscaled Channel detected at Tag AI_TT_010
4/24/2026 10:31:25 AM,202,Warning,WT8-GUI,83095943,HM,Overscaled Channel detected at Tag AI_TT_011
4/24/2026 10:31:25 AM,202,Warning,WT8-GUI,83095944,HM,Overscaled Channel detected at Tag AI_TT_012
4/24/2026 10:31:25 AM,202,Warning,WT8-GUI,83095945,HM,Overscaled Channel detected at Tag AI_TT_013
4/24/2026 10:31:25 AM,202,Warning,WT8-GUI,83095946,HM,Overscaled Channel detected at Tag AI_TT_014
4/24/2026 10:32:10 AM,301005,Warning,WT8-GUI,83095947,OPC,OPC Server Graybox.Simulator.1 on host localhost has not updated data in 69 minute(s).
4/24/2026 10:32:25 AM,202,Warning,WT8-GUI,83095948,HM,Overscaled Channel detected at Tag AI_Volts_Shunt_001
4/24/2026 10:32:25 AM,202,Warning,WT8-GUI,83095949,HM,Overscaled Channel detected at Tag AI_Volts_Shunt_003
4/24/2026 10:32:25 AM,202,Warning,WT8-GUI,83095950,HM,Overscaled Channel detected at Tag AI_Volts_Shunt_004
4/24/2026 10:32:25 AM,202,Warning,WT8-GUI,83095951,HM,Overscaled Channel detected at Tag AI_TK_020
4/24/2026 10:32:25 AM,202,Warning,WT8-GUI,83095952,HM,Overscaled Channel detected at Tag AI_TK_021
4/24/2026 10:32:25 AM,202,Warning,WT8-GUI,83095953,HM,Overscaled Channel detected at Tag AI_TK_022
4/24/2026 10:32:25 AM,202,Warning,WT8-GUI,83095954,HM,Overscaled Channel detected at Tag AI_TK_023
4/24/2026 10:32:25 AM,202,Warning,WT8-GUI,83095955,HM,Overscaled Channel detected at Tag AI_TK_024
4/24/2026 10:32:25 AM,202,Warning,WT8-GUI,83095956,HM,Overscaled Channel detected at Tag AI_TK_025
4/24/2026 10:32:25 AM,202,Warning,WT8-GUI,83095957,HM,Overscaled Channel detected at Tag AI_TK_026
4/24/2026 10:32:25 AM,202,Warning,WT8-GUI,83095958,HM,Overscaled Channel detected at Tag AI_TK_027
4/24/2026 10:32:25 AM,202,Warning,WT8-GUI,83095959,HM,Overscaled Channel detected at Tag AI_TK_028
4/24/2026 10:32:25 AM,202,Warning,WT8-GUI,83095960,HM,Overscaled Channel detected at Tag AI_TK_002
4/24/2026 10:32:25 AM,202,Warning,WT8-GUI,83095961,HM,Overscaled Channel detected at Tag AI_TK_029
4/24/2026 10:32:25 AM,202,Warning,WT8-GUI,83095962,HM,Overscaled Channel detected at Tag AI_TK_030
4/24/2026 10:32:25 AM,202,Warning,WT8-GUI,83095963,HM,Overscaled Channel detected at Tag AI_TK_003
4/24/2026 10:32:25 AM,202,Warning,WT8-GUI,83095964,HM,Overscaled Channel detected at Tag AI_TK_004
4/24/2026 10:32:25 AM,202,Warning,WT8-GUI,83095965,HM,Overscaled Channel detected at Tag AI_TK_005
4/24/2026 10:32:25 AM,202,Warning,WT8-GUI,83095966,HM,Overscaled Channel detected at Tag AI_TK_006
4/24/2026 10:32:25 AM,202,Warning,WT8-GUI,83095967,HM,Overscaled Channel detected at Tag AI_TK_007
4/24/2026 10:32:25 AM,202,Warning,WT8-GUI,83095968,HM,Overscaled Channel detected at Tag AI_TK_008
4/24/2026 10:32:25 AM,202,Warning,WT8-GUI,83095969,HM,Overscaled Channel detected at Tag AI_Volts_Shunt_000
4/24/2026 10:32:25 AM,202,Warning,WT8-GUI,83095970,HM,Overscaled Channel detected at Tag AI_Volts_Shunt_006
4/24/2026 10:32:25 AM,202,Warning,WT8-GUI,83095971,HM,Overscaled Channel detected at Tag AI_Volts_Shunt_007
4/24/2026 10:32:25 AM,202,Warning,WT8-GUI,83095972,HM,Overscaled Channel detected at Tag AI_Volts_Shunt_008
4/24/2026 10:32:25 AM,202,Warning,WT8-GUI,83095973,HM,Overscaled Channel detected at Tag AI_Volts_Shunt_009
4/24/2026 10:32:25 AM,202,Warning,WT8-GUI,83095974,HM,Overscaled Channel detected at Tag AI_Volts_Shunt_010
4/24/2026 10:32:25 AM,202,Warning,WT8-GUI,83095975,HM,Overscaled Channel detected at Tag AI_Volts_Shunt_011
4/24/2026 10:32:25 AM,202,Warning,WT8-GUI,83095976,HM,Overscaled Channel detected at Tag AI_Volts_Shunt_012
4/24/2026 10:32:25 AM,202,Warning,WT8-GUI,83095977,HM,Overscaled Channel detected at Tag AI_TT_015
4/24/2026 10:32:25 AM,202,Warning,WT8-GUI,83095978,HM,Overscaled Channel detected at Tag AI_TT_016
4/24/2026 10:32:25 AM,202,Warning,WT8-GUI,83095979,HM,Overscaled Channel detected at Tag AI_TT_017
4/24/2026 10:32:25 AM,202,Warning,WT8-GUI,83095980,HM,Overscaled Channel detected at Tag AI_TT_018
4/24/2026 10:32:25 AM,202,Warning,WT8-GUI,83095981,HM,Overscaled Channel detected at Tag AI_TT_001
4/24/2026 10:32:25 AM,202,Warning,WT8-GUI,83095982,HM,Overscaled Channel detected at Tag AI_TT_019
4/24/2026 10:32:25 AM,202,Warning,WT8-GUI,83095983,HM,Overscaled Channel detected at Tag AI_TT_020
4/24/2026 10:32:25 AM,202,Warning,WT8-GUI,83095984,HM,Overscaled Channel detected at Tag AI_TT_021
4/24/2026 10:32:25 AM,202,Warning,WT8-GUI,83095985,HM,Overscaled Channel detected at Tag AI_TT_022
4/24/2026 10:32:25 AM,202,Warning,WT8-GUI,83095986,HM,Overscaled Channel detected at Tag AI_TT_023
4/24/2026 10:32:25 AM,202,Warning,WT8-GUI,83095987,HM,Overscaled Channel detected at Tag AI_TT_024
4/24/2026 10:32:25 AM,202,Warning,WT8-GUI,83095988,HM,Overscaled Channel detected at Tag AI_TT_025
4/24/2026 10:32:25 AM,202,Warning,WT8-GUI,83095989,HM,Overscaled Channel detected at Tag AI_TT_026
4/24/2026 10:32:25 AM,202,Warning,WT8-GUI,83095990,HM,Overscaled Channel detected at Tag AI_TT_027
4/24/2026 10:32:25 AM,202,Warning,WT8-GUI,83095991,HM,Overscaled Channel detected at Tag AI_TT_028
4/24/2026 10:32:25 AM,202,Warning,WT8-GUI,83095992,HM,Overscaled Channel detected at Tag AI_TT_002
4/24/2026 10:32:25 AM,202,Warning,WT8-GUI,83095993,HM,Overscaled Channel detected at Tag AI_TT_029
4/24/2026 10:32:25 AM,202,Warning,WT8-GUI,83095994,HM,Overscaled Channel detected at Tag AI_TT_030
4/24/2026 10:32:25 AM,202,Warning,WT8-GUI,83095995,HM,Overscaled Channel detected at Tag AI_TT_003
4/24/2026 10:32:25 AM,202,Warning,WT8-GUI,83095996,HM,Overscaled Channel detected at Tag AI_TT_004
4/24/2026 10:32:25 AM,202,Warning,WT8-GUI,83095997,HM,Overscaled Channel detected at Tag AI_TT_005
4/24/2026 10:32:25 AM,202,Warning,WT8-GUI,83095998,HM,Overscaled Channel detected at Tag AI_TT_006
4/24/2026 10:32:25 AM,202,Warning,WT8-GUI,83095999,HM,Overscaled Channel detected at Tag AI_TT_007
4/24/2026 10:32:25 AM,202,Warning,WT8-GUI,83096000,HM,Overscaled Channel detected at Tag AI_TT_008
4/24/2026 10:32:25 AM,202,Warning,WT8-GUI,83096001,HM,Overscaled Channel detected at Tag AI_TK_000
4/24/2026 10:32:25 AM,202,Warning,WT8-GUI,83096002,HM,Overscaled Channel detected at Tag AI_TK_009
4/24/2026 10:32:25 AM,202,Warning,WT8-GUI,83096003,HM,Overscaled Channel detected at Tag AI_TK_010
4/24/2026 10:32:25 AM,202,Warning,WT8-GUI,83096004,HM,Overscaled Channel detected at Tag AI_TK_011
4/24/2026 10:32:25 AM,202,Warning,WT8-GUI,83096005,HM,Overscaled Channel detected at Tag AI_TK_012
4/24/2026 10:32:25 AM,202,Warning,WT8-GUI,83096006,HM,Overscaled Channel detected at Tag AI_TK_013
4/24/2026 10:32:25 AM,202,Warning,WT8-GUI,83096007,HM,Overscaled Channel detected at Tag AI_TK_014
4/24/2026 10:32:25 AM,202,Warning,WT8-GUI,83096008,HM,Overscaled Channel detected at Tag AI_TK_015
4/24/2026 10:32:25 AM,202,Warning,WT8-GUI,83096009,HM,Overscaled Channel detected at Tag AI_TK_016
4/24/2026 10:32:25 AM,202,Warning,WT8-GUI,83096010,HM,Overscaled Channel detected at Tag AI_TK_017
4/24/2026 10:32:25 AM,202,Warning,WT8-GUI,83096011,HM,Overscaled Channel detected at Tag AI_TK_018
4/24/2026 10:32:25 AM,202,Warning,WT8-GUI,83096012,HM,Overscaled Channel detected at Tag AI_TK_001
4/24/2026 10:32:25 AM,202,Warning,WT8-GUI,83096013,HM,Overscaled Channel detected at Tag AI_TK_019
4/24/2026 10:32:25 AM,202,Warning,WT8-GUI,83096014,HM,Overscaled Channel detected at Tag AI_Volts_Shunt_013
4/24/2026 10:32:25 AM,202,Warning,WT8-GUI,83096015,HM,Overscaled Channel detected at Tag AI_Volts_Shunt_014
4/24/2026 10:32:25 AM,202,Warning,WT8-GUI,83096016,HM,Overscaled Channel detected at Tag AI_Volts_Shunt_015
4/24/2026 10:32:25 AM,202,Warning,WT8-GUI,83096017,HM,Overscaled Channel detected at Tag AI_Strain_000
4/24/2026 10:32:25 AM,202,Warning,WT8-GUI,83096018,HM,Overscaled Channel detected at Tag AI_Strain_001
4/24/2026 10:32:25 AM,202,Warning,WT8-GUI,83096019,HM,Overscaled Channel detected at Tag AI_Strain_002
4/24/2026 10:32:25 AM,202,Warning,WT8-GUI,83096020,HM,Overscaled Channel detected at Tag AI_Strain_003
4/24/2026 10:32:25 AM,202,Warning,WT8-GUI,83096021,HM,Overscaled Channel detected at Tag AI_Strain_004
4/24/2026 10:32:25 AM,202,Warning,WT8-GUI,83096022,HM,Overscaled Channel detected at Tag AI_Strain_005
4/24/2026 10:32:25 AM,202,Warning,WT8-GUI,83096023,HM,Overscaled Channel detected at Tag AI_Strain_006
4/24/2026 10:32:25 AM,202,Warning,WT8-GUI,83096024,HM,Overscaled Channel detected at Tag AI_Strain_007
4/24/2026 10:32:25 AM,202,Warning,WT8-GUI,83096025,HM,Overscaled Channel detected at Tag AI_TT_000
4/24/2026 10:32:25 AM,202,Warning,WT8-GUI,83096026,HM,Overscaled Channel detected at Tag AI_TT_009
4/24/2026 10:32:25 AM,202,Warning,WT8-GUI,83096027,HM,Overscaled Channel detected at Tag AI_TT_010
4/24/2026 10:32:25 AM,202,Warning,WT8-GUI,83096028,HM,Overscaled Channel detected at Tag AI_TT_011
4/24/2026 10:32:25 AM,202,Warning,WT8-GUI,83096029,HM,Overscaled Channel detected at Tag AI_TT_012
4/24/2026 10:32:25 AM,202,Warning,WT8-GUI,83096030,HM,Overscaled Channel detected at Tag AI_TT_013
4/24/2026 10:32:25 AM,202,Warning,WT8-GUI,83096031,HM,Overscaled Channel detected at Tag AI_TT_014
4/24/2026 10:33:10 AM,301005,Warning,WT8-GUI,83096032,OPC,OPC Server Graybox.Simulator.1 on host localhost has not updated data in 70 minute(s).
4/24/2026 10:33:25 AM,202,Warning,WT8-GUI,83096033,HM,Overscaled Channel detected at Tag AI_Volts_Shunt_001
4/24/2026 10:33:25 AM,202,Warning,WT8-GUI,83096034,HM,Overscaled Channel detected at Tag AI_Volts_Shunt_003
4/24/2026 10:33:25 AM,202,Warning,WT8-GUI,83096035,HM,Overscaled Channel detected at Tag AI_Volts_Shunt_004
4/24/2026 10:33:25 AM,202,Warning,WT8-GUI,83096036,HM,Overscaled Channel detected at Tag AI_TK_020
4/24/2026 10:33:25 AM,202,Warning,WT8-GUI,83096037,HM,Overscaled Channel detected at Tag AI_TK_021
4/24/2026 10:33:25 AM,202,Warning,WT8-GUI,83096038,HM,Overscaled Channel detected at Tag AI_TK_022
4/24/2026 10:33:25 AM,202,Warning,WT8-GUI,83096039,HM,Overscaled Channel detected at Tag AI_TK_023
4/24/2026 10:33:25 AM,202,Warning,WT8-GUI,83096040,HM,Overscaled Channel detected at Tag AI_TK_024
4/24/2026 10:33:25 AM,202,Warning,WT8-GUI,83096041,HM,Overscaled Channel detected at Tag AI_TK_025
4/24/2026 10:33:25 AM,202,Warning,WT8-GUI,83096042,HM,Overscaled Channel detected at Tag AI_TK_026
4/24/2026 10:33:25 AM,202,Warning,WT8-GUI,83096043,HM,Overscaled Channel detected at Tag AI_TK_027
4/24/2026 10:33:25 AM,202,Warning,WT8-GUI,83096044,HM,Overscaled Channel detected at Tag AI_TK_028
4/24/2026 10:33:25 AM,202,Warning,WT8-GUI,83096045,HM,Overscaled Channel detected at Tag AI_TK_002
4/24/2026 10:33:25 AM,202,Warning,WT8-GUI,83096046,HM,Overscaled Channel detected at Tag AI_TK_029
4/24/2026 10:33:25 AM,202,Warning,WT8-GUI,83096047,HM,Overscaled Channel detected at Tag AI_TK_030
4/24/2026 10:33:25 AM,202,Warning,WT8-GUI,83096048,HM,Overscaled Channel detected at Tag AI_TK_003
4/24/2026 10:33:25 AM,202,Warning,WT8-GUI,83096049,HM,Overscaled Channel detected at Tag AI_TK_004
4/24/2026 10:33:25 AM,202,Warning,WT8-GUI,83096050,HM,Overscaled Channel detected at Tag AI_TK_005
4/24/2026 10:33:25 AM,202,Warning,WT8-GUI,83096051,HM,Overscaled Channel detected at Tag AI_TK_006
4/24/2026 10:33:25 AM,202,Warning,WT8-GUI,83096052,HM,Overscaled Channel detected at Tag AI_TK_007
4/24/2026 10:33:25 AM,202,Warning,WT8-GUI,83096053,HM,Overscaled Channel detected at Tag AI_TK_008
4/24/2026 10:33:25 AM,202,Warning,WT8-GUI,83096054,HM,Overscaled Channel detected at Tag AI_Volts_Shunt_000
4/24/2026 10:33:25 AM,202,Warning,WT8-GUI,83096055,HM,Overscaled Channel detected at Tag AI_Volts_Shunt_006
4/24/2026 10:33:25 AM,202,Warning,WT8-GUI,83096056,HM,Overscaled Channel detected at Tag AI_Volts_Shunt_007
4/24/2026 10:33:25 AM,202,Warning,WT8-GUI,83096057,HM,Overscaled Channel detected at Tag AI_Volts_Shunt_008
4/24/2026 10:33:25 AM,202,Warning,WT8-GUI,83096058,HM,Overscaled Channel detected at Tag AI_Volts_Shunt_009
4/24/2026 10:33:25 AM,202,Warning,WT8-GUI,83096059,HM,Overscaled Channel detected at Tag AI_Volts_Shunt_010
4/24/2026 10:33:25 AM,202,Warning,WT8-GUI,83096060,HM,Overscaled Channel detected at Tag AI_Volts_Shunt_011
4/24/2026 10:33:25 AM,202,Warning,WT8-GUI,83096061,HM,Overscaled Channel detected at Tag AI_Volts_Shunt_012
4/24/2026 10:33:25 AM,202,Warning,WT8-GUI,83096062,HM,Overscaled Channel detected at Tag AI_TT_015
4/24/2026 10:33:25 AM,202,Warning,WT8-GUI,83096063,HM,Overscaled Channel detected at Tag AI_TT_016
4/24/2026 10:33:25 AM,202,Warning,WT8-GUI,83096064,HM,Overscaled Channel detected at Tag AI_TT_017
4/24/2026 10:33:25 AM,202,Warning,WT8-GUI,83096065,HM,Overscaled Channel detected at Tag AI_TT_018
4/24/2026 10:33:25 AM,202,Warning,WT8-GUI,83096066,HM,Overscaled Channel detected at Tag AI_TT_001
4/24/2026 10:33:25 AM,202,Warning,WT8-GUI,83096067,HM,Overscaled Channel detected at Tag AI_TT_019
4/24/2026 10:33:25 AM,202,Warning,WT8-GUI,83096068,HM,Overscaled Channel detected at Tag AI_TT_020
4/24/2026 10:33:25 AM,202,Warning,WT8-GUI,83096069,HM,Overscaled Channel detected at Tag AI_TT_021
4/24/2026 10:33:25 AM,202,Warning,WT8-GUI,83096070,HM,Overscaled Channel detected at Tag AI_TT_022
4/24/2026 10:33:25 AM,202,Warning,WT8-GUI,83096071,HM,Overscaled Channel detected at Tag AI_TT_023
4/24/2026 10:33:25 AM,202,Warning,WT8-GUI,83096072,HM,Overscaled Channel detected at Tag AI_TT_024
4/24/2026 10:33:25 AM,202,Warning,WT8-GUI,83096073,HM,Overscaled Channel detected at Tag AI_TT_025
4/24/2026 10:33:25 AM,202,Warning,WT8-GUI,83096074,HM,Overscaled Channel detected at Tag AI_TT_026
4/24/2026 10:33:25 AM,202,Warning,WT8-GUI,83096075,HM,Overscaled Channel detected at Tag AI_TT_027
4/24/2026 10:33:25 AM,202,Warning,WT8-GUI,83096076,HM,Overscaled Channel detected at Tag AI_TT_028
4/24/2026 10:33:25 AM,202,Warning,WT8-GUI,83096077,HM,Overscaled Channel detected at Tag AI_TT_002
4/24/2026 10:33:25 AM,202,Warning,WT8-GUI,83096078,HM,Overscaled Channel detected at Tag AI_TT_029
4/24/2026 10:33:25 AM,202,Warning,WT8-GUI,83096079,HM,Overscaled Channel detected at Tag AI_TT_030
4/24/2026 10:33:25 AM,202,Warning,WT8-GUI,83096080,HM,Overscaled Channel detected at Tag AI_TT_003
4/24/2026 10:33:25 AM,202,Warning,WT8-GUI,83096081,HM,Overscaled Channel detected at Tag AI_TT_004
4/24/2026 10:33:25 AM,202,Warning,WT8-GUI,83096082,HM,Overscaled Channel detected at Tag AI_TT_005
4/24/2026 10:33:25 AM,202,Warning,WT8-GUI,83096083,HM,Overscaled Channel detected at Tag AI_TT_006
4/24/2026 10:33:25 AM,202,Warning,WT8-GUI,83096084,HM,Overscaled Channel detected at Tag AI_TT_007
4/24/2026 10:33:25 AM,202,Warning,WT8-GUI,83096085,HM,Overscaled Channel detected at Tag AI_TT_008
4/24/2026 10:33:25 AM,202,Warning,WT8-GUI,83096086,HM,Overscaled Channel detected at Tag AI_TK_000
4/24/2026 10:33:25 AM,202,Warning,WT8-GUI,83096087,HM,Overscaled Channel detected at Tag AI_TK_009
4/24/2026 10:33:25 AM,202,Warning,WT8-GUI,83096088,HM,Overscaled Channel detected at Tag AI_TK_010
4/24/2026 10:33:25 AM,202,Warning,WT8-GUI,83096089,HM,Overscaled Channel detected at Tag AI_TK_011
4/24/2026 10:33:25 AM,202,Warning,WT8-GUI,83096090,HM,Overscaled Channel detected at Tag AI_TK_012
4/24/2026 10:33:25 AM,202,Warning,WT8-GUI,83096091,HM,Overscaled Channel detected at Tag AI_TK_013
4/24/2026 10:33:25 AM,202,Warning,WT8-GUI,83096092,HM,Overscaled Channel detected at Tag AI_TK_014
4/24/2026 10:33:25 AM,202,Warning,WT8-GUI,83096093,HM,Overscaled Channel detected at Tag AI_TK_015
4/24/2026 10:33:25 AM,202,Warning,WT8-GUI,83096094,HM,Overscaled Channel detected at Tag AI_TK_016
4/24/2026 10:33:25 AM,202,Warning,WT8-GUI,83096095,HM,Overscaled Channel detected at Tag AI_TK_017
4/24/2026 10:33:25 AM,202,Warning,WT8-GUI,83096096,HM,Overscaled Channel detected at Tag AI_TK_018
4/24/2026 10:33:25 AM,202,Warning,WT8-GUI,83096097,HM,Overscaled Channel detected at Tag AI_TK_001
4/24/2026 10:33:25 AM,202,Warning,WT8-GUI,83096098,HM,Overscaled Channel detected at Tag AI_TK_019
4/24/2026 10:33:25 AM,202,Warning,WT8-GUI,83096099,HM,Overscaled Channel detected at Tag AI_Volts_Shunt_013
4/24/2026 10:33:25 AM,202,Warning,WT8-GUI,83096100,HM,Overscaled Channel detected at Tag AI_Volts_Shunt_014
4/24/2026 10:33:25 AM,202,Warning,WT8-GUI,83096101,HM,Overscaled Channel detected at Tag AI_Volts_Shunt_015
4/24/2026 10:33:25 AM,202,Warning,WT8-GUI,83096102,HM,Overscaled Channel detected at Tag AI_Strain_000
4/24/2026 10:33:25 AM,202,Warning,WT8-GUI,83096103,HM,Overscaled Channel detected at Tag AI_Strain_001
4/24/2026 10:33:25 AM,202,Warning,WT8-GUI,83096104,HM,Overscaled Channel detected at Tag AI_Strain_002
4/24/2026 10:33:25 AM,202,Warning,WT8-GUI,83096105,HM,Overscaled Channel detected at Tag AI_Strain_003
4/24/2026 10:33:25 AM,202,Warning,WT8-GUI,83096106,HM,Overscaled Channel detected at Tag AI_Strain_004
4/24/2026 10:33:25 AM,202,Warning,WT8-GUI,83096107,HM,Overscaled Channel detected at Tag AI_Strain_005
4/24/2026 10:33:25 AM,202,Warning,WT8-GUI,83096108,HM,Overscaled Channel detected at Tag AI_Strain_006
4/24/2026 10:33:25 AM,202,Warning,WT8-GUI,83096109,HM,Overscaled Channel detected at Tag AI_Strain_007
4/24/2026 10:33:25 AM,202,Warning,WT8-GUI,83096110,HM,Overscaled Channel detected at Tag AI_TT_000
4/24/2026 10:33:25 AM,202,Warning,WT8-GUI,83096111,HM,Overscaled Channel detected at Tag AI_TT_009
4/24/2026 10:33:25 AM,202,Warning,WT8-GUI,83096112,HM,Overscaled Channel detected at Tag AI_TT_010
4/24/2026 10:33:25 AM,202,Warning,WT8-GUI,83096113,HM,Overscaled Channel detected at Tag AI_TT_011
4/24/2026 10:33:25 AM,202,Warning,WT8-GUI,83096114,HM,Overscaled Channel detected at Tag AI_TT_012
4/24/2026 10:33:25 AM,202,Warning,WT8-GUI,83096115,HM,Overscaled Channel detected at Tag AI_TT_013
4/24/2026 10:33:25 AM,202,Warning,WT8-GUI,83096116,HM,Overscaled Channel detected at Tag AI_TT_014
4/24/2026 10:34:10 AM,301005,Warning,WT8-GUI,83096117,OPC,OPC Server Graybox.Simulator.1 on host localhost has not updated data in 71 minute(s).
4/24/2026 10:34:25 AM,202,Warning,WT8-GUI,83096118,HM,Overscaled Channel detected at Tag AI_Volts_Shunt_001
4/24/2026 10:34:25 AM,202,Warning,WT8-GUI,83096119,HM,Overscaled Channel detected at Tag AI_Volts_Shunt_003
4/24/2026 10:34:25 AM,202,Warning,WT8-GUI,83096120,HM,Overscaled Channel detected at Tag AI_Volts_Shunt_004
4/24/2026 10:34:25 AM,202,Warning,WT8-GUI,83096121,HM,Overscaled Channel detected at Tag AI_TK_020
4/24/2026 10:34:25 AM,202,Warning,WT8-GUI,83096122,HM,Overscaled Channel detected at Tag AI_TK_021
4/24/2026 10:34:25 AM,202,Warning,WT8-GUI,83096123,HM,Overscaled Channel detected at Tag AI_TK_022
4/24/2026 10:34:25 AM,202,Warning,WT8-GUI,83096124,HM,Overscaled Channel detected at Tag AI_TK_023
4/24/2026 10:34:25 AM,202,Warning,WT8-GUI,83096125,HM,Overscaled Channel detected at Tag AI_TK_024
4/24/2026 10:34:25 AM,202,Warning,WT8-GUI,83096126,HM,Overscaled Channel detected at Tag AI_TK_025
4/24/2026 10:34:25 AM,202,Warning,WT8-GUI,83096127,HM,Overscaled Channel detected at Tag AI_TK_026
4/24/2026 10:34:25 AM,202,Warning,WT8-GUI,83096128,HM,Overscaled Channel detected at Tag AI_TK_027
4/24/2026 10:34:25 AM,202,Warning,WT8-GUI,83096129,HM,Overscaled Channel detected at Tag AI_TK_028
4/24/2026 10:34:25 AM,202,Warning,WT8-GUI,83096130,HM,Overscaled Channel detected at Tag AI_TK_002
4/24/2026 10:34:25 AM,202,Warning,WT8-GUI,83096131,HM,Overscaled Channel detected at Tag AI_TK_029
4/24/2026 10:34:25 AM,202,Warning,WT8-GUI,83096132,HM,Overscaled Channel detected at Tag AI_TK_030
4/24/2026 10:34:25 AM,202,Warning,WT8-GUI,83096133,HM,Overscaled Channel detected at Tag AI_TK_003
4/24/2026 10:34:25 AM,202,Warning,WT8-GUI,83096134,HM,Overscaled Channel detected at Tag AI_TK_004
4/24/2026 10:34:25 AM,202,Warning,WT8-GUI,83096135,HM,Overscaled Channel detected at Tag AI_TK_005
4/24/2026 10:34:25 AM,202,Warning,WT8-GUI,83096136,HM,Overscaled Channel detected at Tag AI_TK_006
4/24/2026 10:34:25 AM,202,Warning,WT8-GUI,83096137,HM,Overscaled Channel detected at Tag AI_TK_007
4/24/2026 10:34:25 AM,202,Warning,WT8-GUI,83096138,HM,Overscaled Channel detected at Tag AI_TK_008
4/24/2026 10:34:25 AM,202,Warning,WT8-GUI,83096139,HM,Overscaled Channel detected at Tag AI_Volts_Shunt_000
4/24/2026 10:34:25 AM,202,Warning,WT8-GUI,83096140,HM,Overscaled Channel detected at Tag AI_Volts_Shunt_006
4/24/2026 10:34:25 AM,202,Warning,WT8-GUI,83096141,HM,Overscaled Channel detected at Tag AI_Volts_Shunt_007
4/24/2026 10:34:25 AM,202,Warning,WT8-GUI,83096142,HM,Overscaled Channel detected at Tag AI_Volts_Shunt_008
4/24/2026 10:34:25 AM,202,Warning,WT8-GUI,83096143,HM,Overscaled Channel detected at Tag AI_Volts_Shunt_009
4/24/2026 10:34:25 AM,202,Warning,WT8-GUI,83096144,HM,Overscaled Channel detected at Tag AI_Volts_Shunt_010
4/24/2026 10:34:25 AM,202,Warning,WT8-GUI,83096145,HM,Overscaled Channel detected at Tag AI_Volts_Shunt_011
4/24/2026 10:34:25 AM,202,Warning,WT8-GUI,83096146,HM,Overscaled Channel detected at Tag AI_Volts_Shunt_012
4/24/2026 10:34:25 AM,202,Warning,WT8-GUI,83096147,HM,Overscaled Channel detected at Tag AI_TT_015
4/24/2026 10:34:25 AM,202,Warning,WT8-GUI,83096148,HM,Overscaled Channel detected at Tag AI_TT_016
4/24/2026 10:34:25 AM,202,Warning,WT8-GUI,83096149,HM,Overscaled Channel detected at Tag AI_TT_017
4/24/2026 10:34:25 AM,202,Warning,WT8-GUI,83096150,HM,Overscaled Channel detected at Tag AI_TT_018
4/24/2026 10:34:25 AM,202,Warning,WT8-GUI,83096151,HM,Overscaled Channel detected at Tag AI_TT_001
4/24/2026 10:34:25 AM,202,Warning,WT8-GUI,83096152,HM,Overscaled Channel detected at Tag AI_TT_019
4/24/2026 10:34:25 AM,202,Warning,WT8-GUI,83096153,HM,Overscaled Channel detected at Tag AI_TT_020
4/24/2026 10:34:25 AM,202,Warning,WT8-GUI,83096154,HM,Overscaled Channel detected at Tag AI_TT_021
4/24/2026 10:34:25 AM,202,Warning,WT8-GUI,83096155,HM,Overscaled Channel detected at Tag AI_TT_022
4/24/2026 10:34:25 AM,202,Warning,WT8-GUI,83096156,HM,Overscaled Channel detected at Tag AI_TT_023
4/24/2026 10:34:25 AM,202,Warning,WT8-GUI,83096157,HM,Overscaled Channel detected at Tag AI_TT_024
4/24/2026 10:34:25 AM,202,Warning,WT8-GUI,83096158,HM,Overscaled Channel detected at Tag AI_TT_025
4/24/2026 10:34:25 AM,202,Warning,WT8-GUI,83096159,HM,Overscaled Channel detected at Tag AI_TT_026
4/24/2026 10:34:25 AM,202,Warning,WT8-GUI,83096160,HM,Overscaled Channel detected at Tag AI_TT_027
4/24/2026 10:34:25 AM,202,Warning,WT8-GUI,83096161,HM,Overscaled Channel detected at Tag AI_TT_028
4/24/2026 10:34:25 AM,202,Warning,WT8-GUI,83096162,HM,Overscaled Channel detected at Tag AI_TT_002
4/24/2026 10:34:25 AM,202,Warning,WT8-GUI,83096163,HM,Overscaled Channel detected at Tag AI_TT_029
4/24/2026 10:34:25 AM,202,Warning,WT8-GUI,83096164,HM,Overscaled Channel detected at Tag AI_TT_030
4/24/2026 10:34:25 AM,202,Warning,WT8-GUI,83096165,HM,Overscaled Channel detected at Tag AI_TT_003
4/24/2026 10:34:25 AM,202,Warning,WT8-GUI,83096166,HM,Overscaled Channel detected at Tag AI_TT_004
4/24/2026 10:34:25 AM,202,Warning,WT8-GUI,83096167,HM,Overscaled Channel detected at Tag AI_TT_005
4/24/2026 10:34:25 AM,202,Warning,WT8-GUI,83096168,HM,Overscaled Channel detected at Tag AI_TT_006
4/24/2026 10:34:25 AM,202,Warning,WT8-GUI,83096169,HM,Overscaled Channel detected at Tag AI_TT_007
4/24/2026 10:34:25 AM,202,Warning,WT8-GUI,83096170,HM,Overscaled Channel detected at Tag AI_TT_008
4/24/2026 10:34:25 AM,202,Warning,WT8-GUI,83096171,HM,Overscaled Channel detected at Tag AI_TK_000
4/24/2026 10:34:25 AM,202,Warning,WT8-GUI,83096172,HM,Overscaled Channel detected at Tag AI_TK_009
4/24/2026 10:34:25 AM,202,Warning,WT8-GUI,83096173,HM,Overscaled Channel detected at Tag AI_TK_010
4/24/2026 10:34:25 AM,202,Warning,WT8-GUI,83096174,HM,Overscaled Channel detected at Tag AI_TK_011
4/24/2026 10:34:25 AM,202,Warning,WT8-GUI,83096175,HM,Overscaled Channel detected at Tag AI_TK_012
4/24/2026 10:34:25 AM,202,Warning,WT8-GUI,83096176,HM,Overscaled Channel detected at Tag AI_TK_013
4/24/2026 10:34:25 AM,202,Warning,WT8-GUI,83096177,HM,Overscaled Channel detected at Tag AI_TK_014
4/24/2026 10:34:25 AM,202,Warning,WT8-GUI,83096178,HM,Overscaled Channel detected at Tag AI_TK_015
4/24/2026 10:34:25 AM,202,Warning,WT8-GUI,83096179,HM,Overscaled Channel detected at Tag AI_TK_016
4/24/2026 10:34:25 AM,202,Warning,WT8-GUI,83096180,HM,Overscaled Channel detected at Tag AI_TK_017
4/24/2026 10:34:25 AM,202,Warning,WT8-GUI,83096181,HM,Overscaled Channel detected at Tag AI_TK_018
4/24/2026 10:34:25 AM,202,Warning,WT8-GUI,83096182,HM,Overscaled Channel detected at Tag AI_TK_001
4/24/2026 10:34:25 AM,202,Warning,WT8-GUI,83096183,HM,Overscaled Channel detected at Tag AI_TK_019
4/24/2026 10:34:25 AM,202,Warning,WT8-GUI,83096184,HM,Overscaled Channel detected at Tag AI_Volts_Shunt_013
4/24/2026 10:34:25 AM,202,Warning,WT8-GUI,83096185,HM,Overscaled Channel detected at Tag AI_Volts_Shunt_014
4/24/2026 10:34:25 AM,202,Warning,WT8-GUI,83096186,HM,Overscaled Channel detected at Tag AI_Volts_Shunt_015
4/24/2026 10:34:25 AM,202,Warning,WT8-GUI,83096187,HM,Overscaled Channel detected at Tag AI_Strain_000
4/24/2026 10:34:25 AM,202,Warning,WT8-GUI,83096188,HM,Overscaled Channel detected at Tag AI_Strain_001
4/24/2026 10:34:25 AM,202,Warning,WT8-GUI,83096189,HM,Overscaled Channel detected at Tag AI_Strain_002
4/24/2026 10:34:25 AM,202,Warning,WT8-GUI,83096190,HM,Overscaled Channel detected at Tag AI_Strain_003
4/24/2026 10:34:25 AM,202,Warning,WT8-GUI,83096191,HM,Overscaled Channel detected at Tag AI_Strain_004
4/24/2026 10:34:25 AM,202,Warning,WT8-GUI,83096192,HM,Overscaled Channel detected at Tag AI_Strain_005
4/24/2026 10:34:25 AM,202,Warning,WT8-GUI,83096193,HM,Overscaled Channel detected at Tag AI_Strain_006
4/24/2026 10:34:25 AM,202,Warning,WT8-GUI,83096194,HM,Overscaled Channel detected at Tag AI_Strain_007
4/24/2026 10:34:25 AM,202,Warning,WT8-GUI,83096195,HM,Overscaled Channel detected at Tag AI_TT_000
4/24/2026 10:34:25 AM,202,Warning,WT8-GUI,83096196,HM,Overscaled Channel detected at Tag AI_TT_009
4/24/2026 10:34:25 AM,202,Warning,WT8-GUI,83096197,HM,Overscaled Channel detected at Tag AI_TT_010
4/24/2026 10:34:25 AM,202,Warning,WT8-GUI,83096198,HM,Overscaled Channel detected at Tag AI_TT_011
4/24/2026 10:34:25 AM,202,Warning,WT8-GUI,83096199,HM,Overscaled Channel detected at Tag AI_TT_012
4/24/2026 10:34:25 AM,202,Warning,WT8-GUI,83096200,HM,Overscaled Channel detected at Tag AI_TT_013
4/24/2026 10:34:25 AM,202,Warning,WT8-GUI,83096201,HM,Overscaled Channel detected at Tag AI_TT_014
4/24/2026 10:35:10 AM,301005,Warning,WT8-GUI,83096202,OPC,OPC Server Graybox.Simulator.1 on host localhost has not updated data in 72 minute(s).
4/24/2026 10:35:25 AM,202,Warning,WT8-GUI,83096203,HM,Overscaled Channel detected at Tag AI_Volts_Shunt_001
4/24/2026 10:35:25 AM,202,Warning,WT8-GUI,83096204,HM,Overscaled Channel detected at Tag AI_Volts_Shunt_003
4/24/2026 10:35:25 AM,202,Warning,WT8-GUI,83096205,HM,Overscaled Channel detected at Tag AI_Volts_Shunt_004
4/24/2026 10:35:25 AM,202,Warning,WT8-GUI,83096206,HM,Overscaled Channel detected at Tag AI_TK_020
4/24/2026 10:35:25 AM,202,Warning,WT8-GUI,83096207,HM,Overscaled Channel detected at Tag AI_TK_021
4/24/2026 10:35:25 AM,202,Warning,WT8-GUI,83096208,HM,Overscaled Channel detected at Tag AI_TK_022
4/24/2026 10:35:25 AM,202,Warning,WT8-GUI,83096209,HM,Overscaled Channel detected at Tag AI_TK_023
4/24/2026 10:35:25 AM,202,Warning,WT8-GUI,83096210,HM,Overscaled Channel detected at Tag AI_TK_024
4/24/2026 10:35:25 AM,202,Warning,WT8-GUI,83096211,HM,Overscaled Channel detected at Tag AI_TK_025
4/24/2026 10:35:25 AM,202,Warning,WT8-GUI,83096212,HM,Overscaled Channel detected at Tag AI_TK_026
4/24/2026 10:35:25 AM,202,Warning,WT8-GUI,83096213,HM,Overscaled Channel detected at Tag AI_TK_027
4/24/2026 10:35:25 AM,202,Warning,WT8-GUI,83096214,HM,Overscaled Channel detected at Tag AI_TK_028
4/24/2026 10:35:25 AM,202,Warning,WT8-GUI,83096215,HM,Overscaled Channel detected at Tag AI_TK_002
4/24/2026 10:35:25 AM,202,Warning,WT8-GUI,83096216,HM,Overscaled Channel detected at Tag AI_TK_029
4/24/2026 10:35:25 AM,202,Warning,WT8-GUI,83096217,HM,Overscaled Channel detected at Tag AI_TK_030
4/24/2026 10:35:25 AM,202,Warning,WT8-GUI,83096218,HM,Overscaled Channel detected at Tag AI_TK_003
4/24/2026 10:35:25 AM,202,Warning,WT8-GUI,83096219,HM,Overscaled Channel detected at Tag AI_TK_004
4/24/2026 10:35:25 AM,202,Warning,WT8-GUI,83096220,HM,Overscaled Channel detected at Tag AI_TK_005
4/24/2026 10:35:25 AM,202,Warning,WT8-GUI,83096221,HM,Overscaled Channel detected at Tag AI_TK_006
4/24/2026 10:35:25 AM,202,Warning,WT8-GUI,83096222,HM,Overscaled Channel detected at Tag AI_TK_007
4/24/2026 10:35:25 AM,202,Warning,WT8-GUI,83096223,HM,Overscaled Channel detected at Tag AI_TK_008
4/24/2026 10:35:25 AM,202,Warning,WT8-GUI,83096224,HM,Overscaled Channel detected at Tag AI_Volts_Shunt_000
4/24/2026 10:35:25 AM,202,Warning,WT8-GUI,83096225,HM,Overscaled Channel detected at Tag AI_Volts_Shunt_006
4/24/2026 10:35:25 AM,202,Warning,WT8-GUI,83096226,HM,Overscaled Channel detected at Tag AI_Volts_Shunt_007
4/24/2026 10:35:25 AM,202,Warning,WT8-GUI,83096227,HM,Overscaled Channel detected at Tag AI_Volts_Shunt_008
4/24/2026 10:35:25 AM,202,Warning,WT8-GUI,83096228,HM,Overscaled Channel detected at Tag AI_Volts_Shunt_009
4/24/2026 10:35:25 AM,202,Warning,WT8-GUI,83096229,HM,Overscaled Channel detected at Tag AI_Volts_Shunt_010
4/24/2026 10:35:25 AM,202,Warning,WT8-GUI,83096230,HM,Overscaled Channel detected at Tag AI_Volts_Shunt_011
4/24/2026 10:35:25 AM,202,Warning,WT8-GUI,83096231,HM,Overscaled Channel detected at Tag AI_Volts_Shunt_012
4/24/2026 10:35:25 AM,202,Warning,WT8-GUI,83096232,HM,Overscaled Channel detected at Tag AI_TT_015
4/24/2026 10:35:25 AM,202,Warning,WT8-GUI,83096233,HM,Overscaled Channel detected at Tag AI_TT_016
4/24/2026 10:35:25 AM,202,Warning,WT8-GUI,83096234,HM,Overscaled Channel detected at Tag AI_TT_017
4/24/2026 10:35:25 AM,202,Warning,WT8-GUI,83096235,HM,Overscaled Channel detected at Tag AI_TT_018
4/24/2026 10:35:25 AM,202,Warning,WT8-GUI,83096236,HM,Overscaled Channel detected at Tag AI_TT_001
4/24/2026 10:35:25 AM,202,Warning,WT8-GUI,83096237,HM,Overscaled Channel detected at Tag AI_TT_019
4/24/2026 10:35:25 AM,202,Warning,WT8-GUI,83096238,HM,Overscaled Channel detected at Tag AI_TT_020
4/24/2026 10:35:25 AM,202,Warning,WT8-GUI,83096239,HM,Overscaled Channel detected at Tag AI_TT_021
4/24/2026 10:35:25 AM,202,Warning,WT8-GUI,83096240,HM,Overscaled Channel detected at Tag AI_TT_022
4/24/2026 10:35:25 AM,202,Warning,WT8-GUI,83096241,HM,Overscaled Channel detected at Tag AI_TT_023
4/24/2026 10:35:25 AM,202,Warning,WT8-GUI,83096242,HM,Overscaled Channel detected at Tag AI_TT_024
4/24/2026 10:35:25 AM,202,Warning,WT8-GUI,83096243,HM,Overscaled Channel detected at Tag AI_TT_025
4/24/2026 10:35:25 AM,202,Warning,WT8-GUI,83096244,HM,Overscaled Channel detected at Tag AI_TT_026
4/24/2026 10:35:25 AM,202,Warning,WT8-GUI,83096245,HM,Overscaled Channel detected at Tag AI_TT_027
4/24/2026 10:35:25 AM,202,Warning,WT8-GUI,83096246,HM,Overscaled Channel detected at Tag AI_TT_028
4/24/2026 10:35:25 AM,202,Warning,WT8-GUI,83096247,HM,Overscaled Channel detected at Tag AI_TT_002
4/24/2026 10:35:25 AM,202,Warning,WT8-GUI,83096248,HM,Overscaled Channel detected at Tag AI_TT_029
4/24/2026 10:35:25 AM,202,Warning,WT8-GUI,83096249,HM,Overscaled Channel detected at Tag AI_TT_030
4/24/2026 10:35:25 AM,202,Warning,WT8-GUI,83096250,HM,Overscaled Channel detected at Tag AI_TT_003
4/24/2026 10:35:25 AM,202,Warning,WT8-GUI,83096251,HM,Overscaled Channel detected at Tag AI_TT_004
4/24/2026 10:35:25 AM,202,Warning,WT8-GUI,83096252,HM,Overscaled Channel detected at Tag AI_TT_005
4/24/2026 10:35:25 AM,202,Warning,WT8-GUI,83096253,HM,Overscaled Channel detected at Tag AI_TT_006
4/24/2026 10:35:25 AM,202,Warning,WT8-GUI,83096254,HM,Overscaled Channel detected at Tag AI_TT_007
4/24/2026 10:35:25 AM,202,Warning,WT8-GUI,83096255,HM,Overscaled Channel detected at Tag AI_TT_008
4/24/2026 10:35:25 AM,202,Warning,WT8-GUI,83096256,HM,Overscaled Channel detected at Tag AI_TK_000
4/24/2026 10:35:25 AM,202,Warning,WT8-GUI,83096257,HM,Overscaled Channel detected at Tag AI_TK_009
4/24/2026 10:35:25 AM,202,Warning,WT8-GUI,83096258,HM,Overscaled Channel detected at Tag AI_TK_010
4/24/2026 10:35:25 AM,202,Warning,WT8-GUI,83096259,HM,Overscaled Channel detected at Tag AI_TK_011
4/24/2026 10:35:25 AM,202,Warning,WT8-GUI,83096260,HM,Overscaled Channel detected at Tag AI_TK_012
4/24/2026 10:35:25 AM,202,Warning,WT8-GUI,83096261,HM,Overscaled Channel detected at Tag AI_TK_013
4/24/2026 10:35:25 AM,202,Warning,WT8-GUI,83096262,HM,Overscaled Channel detected at Tag AI_TK_014
4/24/2026 10:35:25 AM,202,Warning,WT8-GUI,83096263,HM,Overscaled Channel detected at Tag AI_TK_015
4/24/2026 10:35:25 AM,202,Warning,WT8-GUI,83096264,HM,Overscaled Channel detected at Tag AI_TK_016
4/24/2026 10:35:25 AM,202,Warning,WT8-GUI,83096265,HM,Overscaled Channel detected at Tag AI_TK_017
4/24/2026 10:35:25 AM,202,Warning,WT8-GUI,83096266,HM,Overscaled Channel detected at Tag AI_TK_018
4/24/2026 10:35:25 AM,202,Warning,WT8-GUI,83096267,HM,Overscaled Channel detected at Tag AI_TK_001
4/24/2026 10:35:25 AM,202,Warning,WT8-GUI,83096268,HM,Overscaled Channel detected at Tag AI_TK_019
4/24/2026 10:35:25 AM,202,Warning,WT8-GUI,83096269,HM,Overscaled Channel detected at Tag AI_Volts_Shunt_013
4/24/2026 10:35:25 AM,202,Warning,WT8-GUI,83096270,HM,Overscaled Channel detected at Tag AI_Volts_Shunt_014
4/24/2026 10:35:25 AM,202,Warning,WT8-GUI,83096271,HM,Overscaled Channel detected at Tag AI_Volts_Shunt_015
4/24/2026 10:35:25 AM,202,Warning,WT8-GUI,83096272,HM,Overscaled Channel detected at Tag AI_Strain_000
4/24/2026 10:35:25 AM,202,Warning,WT8-GUI,83096273,HM,Overscaled Channel detected at Tag AI_Strain_001
4/24/2026 10:35:25 AM,202,Warning,WT8-GUI,83096274,HM,Overscaled Channel detected at Tag AI_Strain_002
4/24/2026 10:35:25 AM,202,Warning,WT8-GUI,83096275,HM,Overscaled Channel detected at Tag AI_Strain_003
4/24/2026 10:35:25 AM,202,Warning,WT8-GUI,83096276,HM,Overscaled Channel detected at Tag AI_Strain_004
4/24/2026 10:35:25 AM,202,Warning,WT8-GUI,83096277,HM,Overscaled Channel detected at Tag AI_Strain_005
4/24/2026 10:35:25 AM,202,Warning,WT8-GUI,83096278,HM,Overscaled Channel detected at Tag AI_Strain_006
4/24/2026 10:35:25 AM,202,Warning,WT8-GUI,83096279,HM,Overscaled Channel detected at Tag AI_Strain_007
4/24/2026 10:35:25 AM,202,Warning,WT8-GUI,83096280,HM,Overscaled Channel detected at Tag AI_TT_000
4/24/2026 10:35:25 AM,202,Warning,WT8-GUI,83096281,HM,Overscaled Channel detected at Tag AI_TT_009
4/24/2026 10:35:25 AM,202,Warning,WT8-GUI,83096282,HM,Overscaled Channel detected at Tag AI_TT_010
4/24/2026 10:35:25 AM,202,Warning,WT8-GUI,83096283,HM,Overscaled Channel detected at Tag AI_TT_011
4/24/2026 10:35:25 AM,202,Warning,WT8-GUI,83096284,HM,Overscaled Channel detected at Tag AI_TT_012
4/24/2026 10:35:25 AM,202,Warning,WT8-GUI,83096285,HM,Overscaled Channel detected at Tag AI_TT_013
4/24/2026 10:35:25 AM,202,Warning,WT8-GUI,83096286,HM,Overscaled Channel detected at Tag AI_TT_014
4/24/2026 10:36:10 AM,301005,Warning,WT8-GUI,83096287,OPC,OPC Server Graybox.Simulator.1 on host localhost has not updated data in 73 minute(s).
4/24/2026 10:36:25 AM,202,Warning,WT8-GUI,83096288,HM,Overscaled Channel detected at Tag AI_Volts_Shunt_001
4/24/2026 10:36:25 AM,202,Warning,WT8-GUI,83096289,HM,Overscaled Channel detected at Tag AI_Volts_Shunt_003
4/24/2026 10:36:25 AM,202,Warning,WT8-GUI,83096290,HM,Overscaled Channel detected at Tag AI_Volts_Shunt_004
4/24/2026 10:36:25 AM,202,Warning,WT8-GUI,83096291,HM,Overscaled Channel detected at Tag AI_TK_020
4/24/2026 10:36:25 AM,202,Warning,WT8-GUI,83096292,HM,Overscaled Channel detected at Tag AI_TK_021
4/24/2026 10:36:25 AM,202,Warning,WT8-GUI,83096293,HM,Overscaled Channel detected at Tag AI_TK_022
4/24/2026 10:36:25 AM,202,Warning,WT8-GUI,83096294,HM,Overscaled Channel detected at Tag AI_TK_023
4/24/2026 10:36:25 AM,202,Warning,WT8-GUI,83096295,HM,Overscaled Channel detected at Tag AI_TK_024
4/24/2026 10:36:25 AM,202,Warning,WT8-GUI,83096296,HM,Overscaled Channel detected at Tag AI_TK_025
4/24/2026 10:36:25 AM,202,Warning,WT8-GUI,83096297,HM,Overscaled Channel detected at Tag AI_TK_026
4/24/2026 10:36:25 AM,202,Warning,WT8-GUI,83096298,HM,Overscaled Channel detected at Tag AI_TK_027
4/24/2026 10:36:25 AM,202,Warning,WT8-GUI,83096299,HM,Overscaled Channel detected at Tag AI_TK_028
4/24/2026 10:36:25 AM,202,Warning,WT8-GUI,83096300,HM,Overscaled Channel detected at Tag AI_TK_002
4/24/2026 10:36:25 AM,202,Warning,WT8-GUI,83096301,HM,Overscaled Channel detected at Tag AI_TK_029
4/24/2026 10:36:25 AM,202,Warning,WT8-GUI,83096302,HM,Overscaled Channel detected at Tag AI_TK_030
4/24/2026 10:36:25 AM,202,Warning,WT8-GUI,83096303,HM,Overscaled Channel detected at Tag AI_TK_003
4/24/2026 10:36:25 AM,202,Warning,WT8-GUI,83096304,HM,Overscaled Channel detected at Tag AI_TK_004
4/24/2026 10:36:25 AM,202,Warning,WT8-GUI,83096305,HM,Overscaled Channel detected at Tag AI_TK_005
4/24/2026 10:36:25 AM,202,Warning,WT8-GUI,83096306,HM,Overscaled Channel detected at Tag AI_TK_006
4/24/2026 10:36:25 AM,202,Warning,WT8-GUI,83096307,HM,Overscaled Channel detected at Tag AI_TK_007
4/24/2026 10:36:25 AM,202,Warning,WT8-GUI,83096308,HM,Overscaled Channel detected at Tag AI_TK_008
4/24/2026 10:36:25 AM,202,Warning,WT8-GUI,83096309,HM,Overscaled Channel detected at Tag AI_Volts_Shunt_000
4/24/2026 10:36:25 AM,202,Warning,WT8-GUI,83096310,HM,Overscaled Channel detected at Tag AI_Volts_Shunt_006
4/24/2026 10:36:25 AM,202,Warning,WT8-GUI,83096311,HM,Overscaled Channel detected at Tag AI_Volts_Shunt_007
4/24/2026 10:36:25 AM,202,Warning,WT8-GUI,83096312,HM,Overscaled Channel detected at Tag AI_Volts_Shunt_008
4/24/2026 10:36:25 AM,202,Warning,WT8-GUI,83096313,HM,Overscaled Channel detected at Tag AI_Volts_Shunt_009
4/24/2026 10:36:25 AM,202,Warning,WT8-GUI,83096314,HM,Overscaled Channel detected at Tag AI_Volts_Shunt_010
4/24/2026 10:36:25 AM,202,Warning,WT8-GUI,83096315,HM,Overscaled Channel detected at Tag AI_Volts_Shunt_011
4/24/2026 10:36:25 AM,202,Warning,WT8-GUI,83096316,HM,Overscaled Channel detected at Tag AI_Volts_Shunt_012
4/24/2026 10:36:25 AM,202,Warning,WT8-GUI,83096317,HM,Overscaled Channel detected at Tag AI_TT_015
4/24/2026 10:36:25 AM,202,Warning,WT8-GUI,83096318,HM,Overscaled Channel detected at Tag AI_TT_016
4/24/2026 10:36:25 AM,202,Warning,WT8-GUI,83096319,HM,Overscaled Channel detected at Tag AI_TT_017
4/24/2026 10:36:25 AM,202,Warning,WT8-GUI,83096320,HM,Overscaled Channel detected at Tag AI_TT_018
4/24/2026 10:36:25 AM,202,Warning,WT8-GUI,83096321,HM,Overscaled Channel detected at Tag AI_TT_001
4/24/2026 10:36:25 AM,202,Warning,WT8-GUI,83096322,HM,Overscaled Channel detected at Tag AI_TT_019
4/24/2026 10:36:25 AM,202,Warning,WT8-GUI,83096323,HM,Overscaled Channel detected at Tag AI_TT_020
4/24/2026 10:36:25 AM,202,Warning,WT8-GUI,83096324,HM,Overscaled Channel detected at Tag AI_TT_021
4/24/2026 10:36:25 AM,202,Warning,WT8-GUI,83096325,HM,Overscaled Channel detected at Tag AI_TT_022
4/24/2026 10:36:25 AM,202,Warning,WT8-GUI,83096326,HM,Overscaled Channel detected at Tag AI_TT_023
4/24/2026 10:36:25 AM,202,Warning,WT8-GUI,83096327,HM,Overscaled Channel detected at Tag AI_TT_024
4/24/2026 10:36:25 AM,202,Warning,WT8-GUI,83096328,HM,Overscaled Channel detected at Tag AI_TT_025
4/24/2026 10:36:25 AM,202,Warning,WT8-GUI,83096329,HM,Overscaled Channel detected at Tag AI_TT_026
4/24/2026 10:36:25 AM,202,Warning,WT8-GUI,83096330,HM,Overscaled Channel detected at Tag AI_TT_027
4/24/2026 10:36:25 AM,202,Warning,WT8-GUI,83096331,HM,Overscaled Channel detected at Tag AI_TT_028
4/24/2026 10:36:25 AM,202,Warning,WT8-GUI,83096332,HM,Overscaled Channel detected at Tag AI_TT_002
4/24/2026 10:36:25 AM,202,Warning,WT8-GUI,83096333,HM,Overscaled Channel detected at Tag AI_TT_029
4/24/2026 10:36:25 AM,202,Warning,WT8-GUI,83096334,HM,Overscaled Channel detected at Tag AI_TT_030
4/24/2026 10:36:25 AM,202,Warning,WT8-GUI,83096335,HM,Overscaled Channel detected at Tag AI_TT_003
4/24/2026 10:36:25 AM,202,Warning,WT8-GUI,83096336,HM,Overscaled Channel detected at Tag AI_TT_004
4/24/2026 10:36:25 AM,202,Warning,WT8-GUI,83096337,HM,Overscaled Channel detected at Tag AI_TT_005
4/24/2026 10:36:25 AM,202,Warning,WT8-GUI,83096338,HM,Overscaled Channel detected at Tag AI_TT_006
4/24/2026 10:36:25 AM,202,Warning,WT8-GUI,83096339,HM,Overscaled Channel detected at Tag AI_TT_007
4/24/2026 10:36:25 AM,202,Warning,WT8-GUI,83096340,HM,Overscaled Channel detected at Tag AI_TT_008
4/24/2026 10:36:25 AM,202,Warning,WT8-GUI,83096341,HM,Overscaled Channel detected at Tag AI_TK_000
4/24/2026 10:36:25 AM,202,Warning,WT8-GUI,83096342,HM,Overscaled Channel detected at Tag AI_TK_009
4/24/2026 10:36:25 AM,202,Warning,WT8-GUI,83096343,HM,Overscaled Channel detected at Tag AI_TK_010
4/24/2026 10:36:25 AM,202,Warning,WT8-GUI,83096344,HM,Overscaled Channel detected at Tag AI_TK_011
4/24/2026 10:36:25 AM,202,Warning,WT8-GUI,83096345,HM,Overscaled Channel detected at Tag AI_TK_012
4/24/2026 10:36:25 AM,202,Warning,WT8-GUI,83096346,HM,Overscaled Channel detected at Tag AI_TK_013
4/24/2026 10:36:25 AM,202,Warning,WT8-GUI,83096347,HM,Overscaled Channel detected at Tag AI_TK_014
4/24/2026 10:36:25 AM,202,Warning,WT8-GUI,83096348,HM,Overscaled Channel detected at Tag AI_TK_015
4/24/2026 10:36:25 AM,202,Warning,WT8-GUI,83096349,HM,Overscaled Channel detected at Tag AI_TK_016
4/24/2026 10:36:25 AM,202,Warning,WT8-GUI,83096350,HM,Overscaled Channel detected at Tag AI_TK_017
4/24/2026 10:36:25 AM,202,Warning,WT8-GUI,83096351,HM,Overscaled Channel detected at Tag AI_TK_018
4/24/2026 10:36:25 AM,202,Warning,WT8-GUI,83096352,HM,Overscaled Channel detected at Tag AI_TK_001
4/24/2026 10:36:25 AM,202,Warning,WT8-GUI,83096353,HM,Overscaled Channel detected at Tag AI_TK_019
4/24/2026 10:36:25 AM,202,Warning,WT8-GUI,83096354,HM,Overscaled Channel detected at Tag AI_Volts_Shunt_013
4/24/2026 10:36:25 AM,202,Warning,WT8-GUI,83096355,HM,Overscaled Channel detected at Tag AI_Volts_Shunt_014
4/24/2026 10:36:25 AM,202,Warning,WT8-GUI,83096356,HM,Overscaled Channel detected at Tag AI_Volts_Shunt_015
4/24/2026 10:36:25 AM,202,Warning,WT8-GUI,83096357,HM,Overscaled Channel detected at Tag AI_Strain_000
4/24/2026 10:36:25 AM,202,Warning,WT8-GUI,83096358,HM,Overscaled Channel detected at Tag AI_Strain_001
4/24/2026 10:36:25 AM,202,Warning,WT8-GUI,83096359,HM,Overscaled Channel detected at Tag AI_Strain_002
4/24/2026 10:36:25 AM,202,Warning,WT8-GUI,83096360,HM,Overscaled Channel detected at Tag AI_Strain_003
4/24/2026 10:36:25 AM,202,Warning,WT8-GUI,83096361,HM,Overscaled Channel detected at Tag AI_Strain_004
4/24/2026 10:36:25 AM,202,Warning,WT8-GUI,83096362,HM,Overscaled Channel detected at Tag AI_Strain_005
4/24/2026 10:36:25 AM,202,Warning,WT8-GUI,83096363,HM,Overscaled Channel detected at Tag AI_Strain_006
4/24/2026 10:36:25 AM,202,Warning,WT8-GUI,83096364,HM,Overscaled Channel detected at Tag AI_Strain_007
4/24/2026 10:36:25 AM,202,Warning,WT8-GUI,83096365,HM,Overscaled Channel detected at Tag AI_TT_000
4/24/2026 10:36:25 AM,202,Warning,WT8-GUI,83096366,HM,Overscaled Channel detected at Tag AI_TT_009
4/24/2026 10:36:25 AM,202,Warning,WT8-GUI,83096367,HM,Overscaled Channel detected at Tag AI_TT_010
4/24/2026 10:36:25 AM,202,Warning,WT8-GUI,83096368,HM,Overscaled Channel detected at Tag AI_TT_011
4/24/2026 10:36:25 AM,202,Warning,WT8-GUI,83096369,HM,Overscaled Channel detected at Tag AI_TT_012
4/24/2026 10:36:25 AM,202,Warning,WT8-GUI,83096370,HM,Overscaled Channel detected at Tag AI_TT_013
4/24/2026 10:36:25 AM,202,Warning,WT8-GUI,83096371,HM,Overscaled Channel detected at Tag AI_TT_014
4/24/2026 10:37:10 AM,301005,Warning,WT8-GUI,83096372,OPC,OPC Server Graybox.Simulator.1 on host localhost has not updated data in 74 minute(s).
4/24/2026 10:37:25 AM,202,Warning,WT8-GUI,83096373,HM,Overscaled Channel detected at Tag AI_Volts_Shunt_001
4/24/2026 10:37:25 AM,202,Warning,WT8-GUI,83096374,HM,Overscaled Channel detected at Tag AI_Volts_Shunt_003
4/24/2026 10:37:25 AM,202,Warning,WT8-GUI,83096375,HM,Overscaled Channel detected at Tag AI_Volts_Shunt_004
4/24/2026 10:37:25 AM,202,Warning,WT8-GUI,83096376,HM,Overscaled Channel detected at Tag AI_TK_020
4/24/2026 10:37:25 AM,202,Warning,WT8-GUI,83096377,HM,Overscaled Channel detected at Tag AI_TK_021
4/24/2026 10:37:25 AM,202,Warning,WT8-GUI,83096378,HM,Overscaled Channel detected at Tag AI_TK_022
4/24/2026 10:37:25 AM,202,Warning,WT8-GUI,83096379,HM,Overscaled Channel detected at Tag AI_TK_023
4/24/2026 10:37:25 AM,202,Warning,WT8-GUI,83096380,HM,Overscaled Channel detected at Tag AI_TK_024
4/24/2026 10:37:25 AM,202,Warning,WT8-GUI,83096381,HM,Overscaled Channel detected at Tag AI_TK_025
4/24/2026 10:37:25 AM,202,Warning,WT8-GUI,83096382,HM,Overscaled Channel detected at Tag AI_TK_026
4/24/2026 10:37:25 AM,202,Warning,WT8-GUI,83096383,HM,Overscaled Channel detected at Tag AI_TK_027
4/24/2026 10:37:25 AM,202,Warning,WT8-GUI,83096384,HM,Overscaled Channel detected at Tag AI_TK_028
4/24/2026 10:37:25 AM,202,Warning,WT8-GUI,83096385,HM,Overscaled Channel detected at Tag AI_TK_002
4/24/2026 10:37:25 AM,202,Warning,WT8-GUI,83096386,HM,Overscaled Channel detected at Tag AI_TK_029
4/24/2026 10:37:25 AM,202,Warning,WT8-GUI,83096387,HM,Overscaled Channel detected at Tag AI_TK_030
4/24/2026 10:37:25 AM,202,Warning,WT8-GUI,83096388,HM,Overscaled Channel detected at Tag AI_TK_003
4/24/2026 10:37:25 AM,202,Warning,WT8-GUI,83096389,HM,Overscaled Channel detected at Tag AI_TK_004
4/24/2026 10:37:25 AM,202,Warning,WT8-GUI,83096390,HM,Overscaled Channel detected at Tag AI_TK_005
4/24/2026 10:37:25 AM,202,Warning,WT8-GUI,83096391,HM,Overscaled Channel detected at Tag AI_TK_006
4/24/2026 10:37:25 AM,202,Warning,WT8-GUI,83096392,HM,Overscaled Channel detected at Tag AI_TK_007
4/24/2026 10:37:25 AM,202,Warning,WT8-GUI,83096393,HM,Overscaled Channel detected at Tag AI_TK_008
4/24/2026 10:37:25 AM,202,Warning,WT8-GUI,83096394,HM,Overscaled Channel detected at Tag AI_Volts_Shunt_000
4/24/2026 10:37:25 AM,202,Warning,WT8-GUI,83096395,HM,Overscaled Channel detected at Tag AI_Volts_Shunt_006
4/24/2026 10:37:25 AM,202,Warning,WT8-GUI,83096396,HM,Overscaled Channel detected at Tag AI_Volts_Shunt_007
4/24/2026 10:37:25 AM,202,Warning,WT8-GUI,83096397,HM,Overscaled Channel detected at Tag AI_Volts_Shunt_008
4/24/2026 10:37:25 AM,202,Warning,WT8-GUI,83096398,HM,Overscaled Channel detected at Tag AI_Volts_Shunt_009
4/24/2026 10:37:25 AM,202,Warning,WT8-GUI,83096399,HM,Overscaled Channel detected at Tag AI_Volts_Shunt_010
4/24/2026 10:37:25 AM,202,Warning,WT8-GUI,83096400,HM,Overscaled Channel detected at Tag AI_Volts_Shunt_011
4/24/2026 10:37:25 AM,202,Warning,WT8-GUI,83096401,HM,Overscaled Channel detected at Tag AI_Volts_Shunt_012
4/24/2026 10:37:25 AM,202,Warning,WT8-GUI,83096402,HM,Overscaled Channel detected at Tag AI_TT_015
4/24/2026 10:37:25 AM,202,Warning,WT8-GUI,83096403,HM,Overscaled Channel detected at Tag AI_TT_016
4/24/2026 10:37:25 AM,202,Warning,WT8-GUI,83096404,HM,Overscaled Channel detected at Tag AI_TT_017
4/24/2026 10:37:25 AM,202,Warning,WT8-GUI,83096405,HM,Overscaled Channel detected at Tag AI_TT_018
4/24/2026 10:37:25 AM,202,Warning,WT8-GUI,83096406,HM,Overscaled Channel detected at Tag AI_TT_001
4/24/2026 10:37:25 AM,202,Warning,WT8-GUI,83096407,HM,Overscaled Channel detected at Tag AI_TT_019
4/24/2026 10:37:25 AM,202,Warning,WT8-GUI,83096408,HM,Overscaled Channel detected at Tag AI_TT_020
4/24/2026 10:37:25 AM,202,Warning,WT8-GUI,83096409,HM,Overscaled Channel detected at Tag AI_TT_021
4/24/2026 10:37:25 AM,202,Warning,WT8-GUI,83096410,HM,Overscaled Channel detected at Tag AI_TT_022
4/24/2026 10:37:25 AM,202,Warning,WT8-GUI,83096411,HM,Overscaled Channel detected at Tag AI_TT_023
4/24/2026 10:37:25 AM,202,Warning,WT8-GUI,83096412,HM,Overscaled Channel detected at Tag AI_TT_024
4/24/2026 10:37:25 AM,202,Warning,WT8-GUI,83096413,HM,Overscaled Channel detected at Tag AI_TT_025
4/24/2026 10:37:25 AM,202,Warning,WT8-GUI,83096414,HM,Overscaled Channel detected at Tag AI_TT_026
4/24/2026 10:37:25 AM,202,Warning,WT8-GUI,83096415,HM,Overscaled Channel detected at Tag AI_TT_027
4/24/2026 10:37:25 AM,202,Warning,WT8-GUI,83096416,HM,Overscaled Channel detected at Tag AI_TT_028
4/24/2026 10:37:25 AM,202,Warning,WT8-GUI,83096417,HM,Overscaled Channel detected at Tag AI_TT_002
4/24/2026 10:37:25 AM,202,Warning,WT8-GUI,83096418,HM,Overscaled Channel detected at Tag AI_TT_029
4/24/2026 10:37:25 AM,202,Warning,WT8-GUI,83096419,HM,Overscaled Channel detected at Tag AI_TT_030
4/24/2026 10:37:25 AM,202,Warning,WT8-GUI,83096420,HM,Overscaled Channel detected at Tag AI_TT_003
4/24/2026 10:37:25 AM,202,Warning,WT8-GUI,83096421,HM,Overscaled Channel detected at Tag AI_TT_004
4/24/2026 10:37:25 AM,202,Warning,WT8-GUI,83096422,HM,Overscaled Channel detected at Tag AI_TT_005
4/24/2026 10:37:25 AM,202,Warning,WT8-GUI,83096423,HM,Overscaled Channel detected at Tag AI_TT_006
4/24/2026 10:37:25 AM,202,Warning,WT8-GUI,83096424,HM,Overscaled Channel detected at Tag AI_TT_007
4/24/2026 10:37:25 AM,202,Warning,WT8-GUI,83096425,HM,Overscaled Channel detected at Tag AI_TT_008
4/24/2026 10:37:25 AM,202,Warning,WT8-GUI,83096426,HM,Overscaled Channel detected at Tag AI_TK_000
4/24/2026 10:37:25 AM,202,Warning,WT8-GUI,83096427,HM,Overscaled Channel detected at Tag AI_TK_009
4/24/2026 10:37:25 AM,202,Warning,WT8-GUI,83096428,HM,Overscaled Channel detected at Tag AI_TK_010
4/24/2026 10:37:25 AM,202,Warning,WT8-GUI,83096429,HM,Overscaled Channel detected at Tag AI_TK_011
4/24/2026 10:37:25 AM,202,Warning,WT8-GUI,83096430,HM,Overscaled Channel detected at Tag AI_TK_012
4/24/2026 10:37:25 AM,202,Warning,WT8-GUI,83096431,HM,Overscaled Channel detected at Tag AI_TK_013
4/24/2026 10:37:25 AM,202,Warning,WT8-GUI,83096432,HM,Overscaled Channel detected at Tag AI_TK_014
4/24/2026 10:37:25 AM,202,Warning,WT8-GUI,83096433,HM,Overscaled Channel detected at Tag AI_TK_015
4/24/2026 10:37:25 AM,202,Warning,WT8-GUI,83096434,HM,Overscaled Channel detected at Tag AI_TK_016
4/24/2026 10:37:25 AM,202,Warning,WT8-GUI,83096435,HM,Overscaled Channel detected at Tag AI_TK_017
4/24/2026 10:37:25 AM,202,Warning,WT8-GUI,83096436,HM,Overscaled Channel detected at Tag AI_TK_018
4/24/2026 10:37:25 AM,202,Warning,WT8-GUI,83096437,HM,Overscaled Channel detected at Tag AI_TK_001
4/24/2026 10:37:25 AM,202,Warning,WT8-GUI,83096438,HM,Overscaled Channel detected at Tag AI_TK_019
4/24/2026 10:37:25 AM,202,Warning,WT8-GUI,83096439,HM,Overscaled Channel detected at Tag AI_Volts_Shunt_013
4/24/2026 10:37:25 AM,202,Warning,WT8-GUI,83096440,HM,Overscaled Channel detected at Tag AI_Volts_Shunt_014
4/24/2026 10:37:25 AM,202,Warning,WT8-GUI,83096441,HM,Overscaled Channel detected at Tag AI_Volts_Shunt_015
4/24/2026 10:37:25 AM,202,Warning,WT8-GUI,83096442,HM,Overscaled Channel detected at Tag AI_Strain_000
4/24/2026 10:37:25 AM,202,Warning,WT8-GUI,83096443,HM,Overscaled Channel detected at Tag AI_Strain_001
4/24/2026 10:37:25 AM,202,Warning,WT8-GUI,83096444,HM,Overscaled Channel detected at Tag AI_Strain_002
4/24/2026 10:37:25 AM,202,Warning,WT8-GUI,83096445,HM,Overscaled Channel detected at Tag AI_Strain_003
4/24/2026 10:37:25 AM,202,Warning,WT8-GUI,83096446,HM,Overscaled Channel detected at Tag AI_Strain_004
4/24/2026 10:37:25 AM,202,Warning,WT8-GUI,83096447,HM,Overscaled Channel detected at Tag AI_Strain_005
4/24/2026 10:37:25 AM,202,Warning,WT8-GUI,83096448,HM,Overscaled Channel detected at Tag AI_Strain_006
4/24/2026 10:37:25 AM,202,Warning,WT8-GUI,83096449,HM,Overscaled Channel detected at Tag AI_Strain_007
4/24/2026 10:37:25 AM,202,Warning,WT8-GUI,83096450,HM,Overscaled Channel detected at Tag AI_TT_000
4/24/2026 10:37:25 AM,202,Warning,WT8-GUI,83096451,HM,Overscaled Channel detected at Tag AI_TT_009
4/24/2026 10:37:25 AM,202,Warning,WT8-GUI,83096452,HM,Overscaled Channel detected at Tag AI_TT_010
4/24/2026 10:37:25 AM,202,Warning,WT8-GUI,83096453,HM,Overscaled Channel detected at Tag AI_TT_011
4/24/2026 10:37:25 AM,202,Warning,WT8-GUI,83096454,HM,Overscaled Channel detected at Tag AI_TT_012
4/24/2026 10:37:25 AM,202,Warning,WT8-GUI,83096455,HM,Overscaled Channel detected at Tag AI_TT_013
4/24/2026 10:37:25 AM,202,Warning,WT8-GUI,83096456,HM,Overscaled Channel detected at Tag AI_TT_014
4/24/2026 10:38:10 AM,301005,Warning,WT8-GUI,83096457,OPC,OPC Server Graybox.Simulator.1 on host localhost has not updated data in 75 minute(s).
4/24/2026 10:38:25 AM,202,Warning,WT8-GUI,83096458,HM,Overscaled Channel detected at Tag AI_Volts_Shunt_001
4/24/2026 10:38:25 AM,202,Warning,WT8-GUI,83096459,HM,Overscaled Channel detected at Tag AI_Volts_Shunt_003
4/24/2026 10:38:25 AM,202,Warning,WT8-GUI,83096460,HM,Overscaled Channel detected at Tag AI_Volts_Shunt_004
4/24/2026 10:38:25 AM,202,Warning,WT8-GUI,83096461,HM,Overscaled Channel detected at Tag AI_TK_020
4/24/2026 10:38:25 AM,202,Warning,WT8-GUI,83096462,HM,Overscaled Channel detected at Tag AI_TK_021
4/24/2026 10:38:25 AM,202,Warning,WT8-GUI,83096463,HM,Overscaled Channel detected at Tag AI_TK_022
4/24/2026 10:38:25 AM,202,Warning,WT8-GUI,83096464,HM,Overscaled Channel detected at Tag AI_TK_023
4/24/2026 10:38:25 AM,202,Warning,WT8-GUI,83096465,HM,Overscaled Channel detected at Tag AI_TK_024
4/24/2026 10:38:25 AM,202,Warning,WT8-GUI,83096466,HM,Overscaled Channel detected at Tag AI_TK_025
4/24/2026 10:38:25 AM,202,Warning,WT8-GUI,83096467,HM,Overscaled Channel detected at Tag AI_TK_026
4/24/2026 10:38:25 AM,202,Warning,WT8-GUI,83096468,HM,Overscaled Channel detected at Tag AI_TK_027
4/24/2026 10:38:25 AM,202,Warning,WT8-GUI,83096469,HM,Overscaled Channel detected at Tag AI_TK_028
4/24/2026 10:38:25 AM,202,Warning,WT8-GUI,83096470,HM,Overscaled Channel detected at Tag AI_TK_002
4/24/2026 10:38:25 AM,202,Warning,WT8-GUI,83096471,HM,Overscaled Channel detected at Tag AI_TK_029
4/24/2026 10:38:25 AM,202,Warning,WT8-GUI,83096472,HM,Overscaled Channel detected at Tag AI_TK_030
4/24/2026 10:38:25 AM,202,Warning,WT8-GUI,83096473,HM,Overscaled Channel detected at Tag AI_TK_003
4/24/2026 10:38:25 AM,202,Warning,WT8-GUI,83096474,HM,Overscaled Channel detected at Tag AI_TK_004
4/24/2026 10:38:25 AM,202,Warning,WT8-GUI,83096475,HM,Overscaled Channel detected at Tag AI_TK_005
4/24/2026 10:38:25 AM,202,Warning,WT8-GUI,83096476,HM,Overscaled Channel detected at Tag AI_TK_006
4/24/2026 10:38:25 AM,202,Warning,WT8-GUI,83096477,HM,Overscaled Channel detected at Tag AI_TK_007
4/24/2026 10:38:25 AM,202,Warning,WT8-GUI,83096478,HM,Overscaled Channel detected at Tag AI_TK_008
4/24/2026 10:38:25 AM,202,Warning,WT8-GUI,83096479,HM,Overscaled Channel detected at Tag AI_Volts_Shunt_000
4/24/2026 10:38:25 AM,202,Warning,WT8-GUI,83096480,HM,Overscaled Channel detected at Tag AI_Volts_Shunt_006
4/24/2026 10:38:25 AM,202,Warning,WT8-GUI,83096481,HM,Overscaled Channel detected at Tag AI_Volts_Shunt_007
4/24/2026 10:38:25 AM,202,Warning,WT8-GUI,83096482,HM,Overscaled Channel detected at Tag AI_Volts_Shunt_008
4/24/2026 10:38:25 AM,202,Warning,WT8-GUI,83096483,HM,Overscaled Channel detected at Tag AI_Volts_Shunt_009
4/24/2026 10:38:25 AM,202,Warning,WT8-GUI,83096484,HM,Overscaled Channel detected at Tag AI_Volts_Shunt_010
4/24/2026 10:38:25 AM,202,Warning,WT8-GUI,83096485,HM,Overscaled Channel detected at Tag AI_Volts_Shunt_011
4/24/2026 10:38:25 AM,202,Warning,WT8-GUI,83096486,HM,Overscaled Channel detected at Tag AI_Volts_Shunt_012
4/24/2026 10:38:25 AM,202,Warning,WT8-GUI,83096487,HM,Overscaled Channel detected at Tag AI_TT_015
4/24/2026 10:38:25 AM,202,Warning,WT8-GUI,83096488,HM,Overscaled Channel detected at Tag AI_TT_016
4/24/2026 10:38:25 AM,202,Warning,WT8-GUI,83096489,HM,Overscaled Channel detected at Tag AI_TT_017
4/24/2026 10:38:25 AM,202,Warning,WT8-GUI,83096490,HM,Overscaled Channel detected at Tag AI_TT_018
4/24/2026 10:38:25 AM,202,Warning,WT8-GUI,83096491,HM,Overscaled Channel detected at Tag AI_TT_001
4/24/2026 10:38:25 AM,202,Warning,WT8-GUI,83096492,HM,Overscaled Channel detected at Tag AI_TT_019
4/24/2026 10:38:25 AM,202,Warning,WT8-GUI,83096493,HM,Overscaled Channel detected at Tag AI_TT_020
4/24/2026 10:38:25 AM,202,Warning,WT8-GUI,83096494,HM,Overscaled Channel detected at Tag AI_TT_021
4/24/2026 10:38:25 AM,202,Warning,WT8-GUI,83096495,HM,Overscaled Channel detected at Tag AI_TT_022
4/24/2026 10:38:25 AM,202,Warning,WT8-GUI,83096496,HM,Overscaled Channel detected at Tag AI_TT_023
4/24/2026 10:38:25 AM,202,Warning,WT8-GUI,83096497,HM,Overscaled Channel detected at Tag AI_TT_024
4/24/2026 10:38:25 AM,202,Warning,WT8-GUI,83096498,HM,Overscaled Channel detected at Tag AI_TT_025
4/24/2026 10:38:25 AM,202,Warning,WT8-GUI,83096499,HM,Overscaled Channel detected at Tag AI_TT_026
4/24/2026 10:38:25 AM,202,Warning,WT8-GUI,83096500,HM,Overscaled Channel detected at Tag AI_TT_027
4/24/2026 10:38:25 AM,202,Warning,WT8-GUI,83096501,HM,Overscaled Channel detected at Tag AI_TT_028
4/24/2026 10:38:25 AM,202,Warning,WT8-GUI,83096502,HM,Overscaled Channel detected at Tag AI_TT_002
4/24/2026 10:38:25 AM,202,Warning,WT8-GUI,83096503,HM,Overscaled Channel detected at Tag AI_TT_029
4/24/2026 10:38:25 AM,202,Warning,WT8-GUI,83096504,HM,Overscaled Channel detected at Tag AI_TT_030
4/24/2026 10:38:25 AM,202,Warning,WT8-GUI,83096505,HM,Overscaled Channel detected at Tag AI_TT_003
4/24/2026 10:38:25 AM,202,Warning,WT8-GUI,83096506,HM,Overscaled Channel detected at Tag AI_TT_004
4/24/2026 10:38:25 AM,202,Warning,WT8-GUI,83096507,HM,Overscaled Channel detected at Tag AI_TT_005
4/24/2026 10:38:25 AM,202,Warning,WT8-GUI,83096508,HM,Overscaled Channel detected at Tag AI_TT_006
4/24/2026 10:38:25 AM,202,Warning,WT8-GUI,83096509,HM,Overscaled Channel detected at Tag AI_TT_007
4/24/2026 10:38:25 AM,202,Warning,WT8-GUI,83096510,HM,Overscaled Channel detected at Tag AI_TT_008
4/24/2026 10:38:25 AM,202,Warning,WT8-GUI,83096511,HM,Overscaled Channel detected at Tag AI_TK_000
4/24/2026 10:38:25 AM,202,Warning,WT8-GUI,83096512,HM,Overscaled Channel detected at Tag AI_TK_009
4/24/2026 10:38:25 AM,202,Warning,WT8-GUI,83096513,HM,Overscaled Channel detected at Tag AI_TK_010
4/24/2026 10:38:25 AM,202,Warning,WT8-GUI,83096514,HM,Overscaled Channel detected at Tag AI_TK_011
4/24/2026 10:38:25 AM,202,Warning,WT8-GUI,83096515,HM,Overscaled Channel detected at Tag AI_TK_012
4/24/2026 10:38:25 AM,202,Warning,WT8-GUI,83096516,HM,Overscaled Channel detected at Tag AI_TK_013
4/24/2026 10:38:25 AM,202,Warning,WT8-GUI,83096517,HM,Overscaled Channel detected at Tag AI_TK_014
4/24/2026 10:38:25 AM,202,Warning,WT8-GUI,83096518,HM,Overscaled Channel detected at Tag AI_TK_015
4/24/2026 10:38:25 AM,202,Warning,WT8-GUI,83096519,HM,Overscaled Channel detected at Tag AI_TK_016
4/24/2026 10:38:25 AM,202,Warning,WT8-GUI,83096520,HM,Overscaled Channel detected at Tag AI_TK_017
4/24/2026 10:38:25 AM,202,Warning,WT8-GUI,83096521,HM,Overscaled Channel detected at Tag AI_TK_018
4/24/2026 10:38:25 AM,202,Warning,WT8-GUI,83096522,HM,Overscaled Channel detected at Tag AI_TK_001
4/24/2026 10:38:25 AM,202,Warning,WT8-GUI,83096523,HM,Overscaled Channel detected at Tag AI_TK_019
4/24/2026 10:38:25 AM,202,Warning,WT8-GUI,83096524,HM,Overscaled Channel detected at Tag AI_Volts_Shunt_013
4/24/2026 10:38:25 AM,202,Warning,WT8-GUI,83096525,HM,Overscaled Channel detected at Tag AI_Volts_Shunt_014
4/24/2026 10:38:25 AM,202,Warning,WT8-GUI,83096526,HM,Overscaled Channel detected at Tag AI_Volts_Shunt_015
4/24/2026 10:38:25 AM,202,Warning,WT8-GUI,83096527,HM,Overscaled Channel detected at Tag AI_Strain_000
4/24/2026 10:38:25 AM,202,Warning,WT8-GUI,83096528,HM,Overscaled Channel detected at Tag AI_Strain_001
4/24/2026 10:38:25 AM,202,Warning,WT8-GUI,83096529,HM,Overscaled Channel detected at Tag AI_Strain_002
4/24/2026 10:38:25 AM,202,Warning,WT8-GUI,83096530,HM,Overscaled Channel detected at Tag AI_Strain_003
4/24/2026 10:38:25 AM,202,Warning,WT8-GUI,83096531,HM,Overscaled Channel detected at Tag AI_Strain_004
4/24/2026 10:38:25 AM,202,Warning,WT8-GUI,83096532,HM,Overscaled Channel detected at Tag AI_Strain_005
4/24/2026 10:38:25 AM,202,Warning,WT8-GUI,83096533,HM,Overscaled Channel detected at Tag AI_Strain_006
4/24/2026 10:38:25 AM,202,Warning,WT8-GUI,83096534,HM,Overscaled Channel detected at Tag AI_Strain_007
4/24/2026 10:38:25 AM,202,Warning,WT8-GUI,83096535,HM,Overscaled Channel detected at Tag AI_TT_000
4/24/2026 10:38:25 AM,202,Warning,WT8-GUI,83096536,HM,Overscaled Channel detected at Tag AI_TT_009
4/24/2026 10:38:25 AM,202,Warning,WT8-GUI,83096537,HM,Overscaled Channel detected at Tag AI_TT_010
4/24/2026 10:38:25 AM,202,Warning,WT8-GUI,83096538,HM,Overscaled Channel detected at Tag AI_TT_011
4/24/2026 10:38:25 AM,202,Warning,WT8-GUI,83096539,HM,Overscaled Channel detected at Tag AI_TT_012
4/24/2026 10:38:25 AM,202,Warning,WT8-GUI,83096540,HM,Overscaled Channel detected at Tag AI_TT_013
4/24/2026 10:38:25 AM,202,Warning,WT8-GUI,83096541,HM,Overscaled Channel detected at Tag AI_TT_014
4/24/2026 10:39:10 AM,301005,Warning,WT8-GUI,83096542,OPC,OPC Server Graybox.Simulator.1 on host localhost has not updated data in 76 minute(s).
4/24/2026 10:39:25 AM,202,Warning,WT8-GUI,83096543,HM,Overscaled Channel detected at Tag AI_Volts_Shunt_001
4/24/2026 10:39:25 AM,202,Warning,WT8-GUI,83096544,HM,Overscaled Channel detected at Tag AI_Volts_Shunt_003
4/24/2026 10:39:25 AM,202,Warning,WT8-GUI,83096545,HM,Overscaled Channel detected at Tag AI_Volts_Shunt_004
4/24/2026 10:39:25 AM,202,Warning,WT8-GUI,83096546,HM,Overscaled Channel detected at Tag AI_TK_020
4/24/2026 10:39:25 AM,202,Warning,WT8-GUI,83096547,HM,Overscaled Channel detected at Tag AI_TK_021
4/24/2026 10:39:25 AM,202,Warning,WT8-GUI,83096548,HM,Overscaled Channel detected at Tag AI_TK_022
4/24/2026 10:39:25 AM,202,Warning,WT8-GUI,83096549,HM,Overscaled Channel detected at Tag AI_TK_023
4/24/2026 10:39:25 AM,202,Warning,WT8-GUI,83096550,HM,Overscaled Channel detected at Tag AI_TK_024
4/24/2026 10:39:25 AM,202,Warning,WT8-GUI,83096551,HM,Overscaled Channel detected at Tag AI_TK_025
4/24/2026 10:39:25 AM,202,Warning,WT8-GUI,83096552,HM,Overscaled Channel detected at Tag AI_TK_026
4/24/2026 10:39:25 AM,202,Warning,WT8-GUI,83096553,HM,Overscaled Channel detected at Tag AI_TK_027
4/24/2026 10:39:25 AM,202,Warning,WT8-GUI,83096554,HM,Overscaled Channel detected at Tag AI_TK_028
4/24/2026 10:39:25 AM,202,Warning,WT8-GUI,83096555,HM,Overscaled Channel detected at Tag AI_TK_002
4/24/2026 10:39:25 AM,202,Warning,WT8-GUI,83096556,HM,Overscaled Channel detected at Tag AI_TK_029
4/24/2026 10:39:25 AM,202,Warning,WT8-GUI,83096557,HM,Overscaled Channel detected at Tag AI_TK_030
4/24/2026 10:39:25 AM,202,Warning,WT8-GUI,83096558,HM,Overscaled Channel detected at Tag AI_TK_003
4/24/2026 10:39:25 AM,202,Warning,WT8-GUI,83096559,HM,Overscaled Channel detected at Tag AI_TK_004
4/24/2026 10:39:25 AM,202,Warning,WT8-GUI,83096560,HM,Overscaled Channel detected at Tag AI_TK_005
4/24/2026 10:39:25 AM,202,Warning,WT8-GUI,83096561,HM,Overscaled Channel detected at Tag AI_TK_006
4/24/2026 10:39:25 AM,202,Warning,WT8-GUI,83096562,HM,Overscaled Channel detected at Tag AI_TK_007
4/24/2026 10:39:25 AM,202,Warning,WT8-GUI,83096563,HM,Overscaled Channel detected at Tag AI_TK_008
4/24/2026 10:39:25 AM,202,Warning,WT8-GUI,83096564,HM,Overscaled Channel detected at Tag AI_Volts_Shunt_000
4/24/2026 10:39:25 AM,202,Warning,WT8-GUI,83096565,HM,Overscaled Channel detected at Tag AI_Volts_Shunt_006
4/24/2026 10:39:25 AM,202,Warning,WT8-GUI,83096566,HM,Overscaled Channel detected at Tag AI_Volts_Shunt_007
4/24/2026 10:39:25 AM,202,Warning,WT8-GUI,83096567,HM,Overscaled Channel detected at Tag AI_Volts_Shunt_008
4/24/2026 10:39:25 AM,202,Warning,WT8-GUI,83096568,HM,Overscaled Channel detected at Tag AI_Volts_Shunt_009
4/24/2026 10:39:25 AM,202,Warning,WT8-GUI,83096569,HM,Overscaled Channel detected at Tag AI_Volts_Shunt_010
4/24/2026 10:39:25 AM,202,Warning,WT8-GUI,83096570,HM,Overscaled Channel detected at Tag AI_Volts_Shunt_011
4/24/2026 10:39:25 AM,202,Warning,WT8-GUI,83096571,HM,Overscaled Channel detected at Tag AI_Volts_Shunt_012
4/24/2026 10:39:25 AM,202,Warning,WT8-GUI,83096572,HM,Overscaled Channel detected at Tag AI_TT_015
4/24/2026 10:39:25 AM,202,Warning,WT8-GUI,83096573,HM,Overscaled Channel detected at Tag AI_TT_016
4/24/2026 10:39:25 AM,202,Warning,WT8-GUI,83096574,HM,Overscaled Channel detected at Tag AI_TT_017
4/24/2026 10:39:25 AM,202,Warning,WT8-GUI,83096575,HM,Overscaled Channel detected at Tag AI_TT_018
4/24/2026 10:39:25 AM,202,Warning,WT8-GUI,83096576,HM,Overscaled Channel detected at Tag AI_TT_001
4/24/2026 10:39:25 AM,202,Warning,WT8-GUI,83096577,HM,Overscaled Channel detected at Tag AI_TT_019
4/24/2026 10:39:25 AM,202,Warning,WT8-GUI,83096578,HM,Overscaled Channel detected at Tag AI_TT_020
4/24/2026 10:39:25 AM,202,Warning,WT8-GUI,83096579,HM,Overscaled Channel detected at Tag AI_TT_021
4/24/2026 10:39:25 AM,202,Warning,WT8-GUI,83096580,HM,Overscaled Channel detected at Tag AI_TT_022
4/24/2026 10:39:25 AM,202,Warning,WT8-GUI,83096581,HM,Overscaled Channel detected at Tag AI_TT_023
4/24/2026 10:39:25 AM,202,Warning,WT8-GUI,83096582,HM,Overscaled Channel detected at Tag AI_TT_024
4/24/2026 10:39:25 AM,202,Warning,WT8-GUI,83096583,HM,Overscaled Channel detected at Tag AI_TT_025
4/24/2026 10:39:25 AM,202,Warning,WT8-GUI,83096584,HM,Overscaled Channel detected at Tag AI_TT_026
4/24/2026 10:39:25 AM,202,Warning,WT8-GUI,83096585,HM,Overscaled Channel detected at Tag AI_TT_027
4/24/2026 10:39:25 AM,202,Warning,WT8-GUI,83096586,HM,Overscaled Channel detected at Tag AI_TT_028
4/24/2026 10:39:25 AM,202,Warning,WT8-GUI,83096587,HM,Overscaled Channel detected at Tag AI_TT_002
4/24/2026 10:39:25 AM,202,Warning,WT8-GUI,83096588,HM,Overscaled Channel detected at Tag AI_TT_029
4/24/2026 10:39:25 AM,202,Warning,WT8-GUI,83096589,HM,Overscaled Channel detected at Tag AI_TT_030
4/24/2026 10:39:25 AM,202,Warning,WT8-GUI,83096590,HM,Overscaled Channel detected at Tag AI_TT_003
4/24/2026 10:39:25 AM,202,Warning,WT8-GUI,83096591,HM,Overscaled Channel detected at Tag AI_TT_004
4/24/2026 10:39:25 AM,202,Warning,WT8-GUI,83096592,HM,Overscaled Channel detected at Tag AI_TT_005
4/24/2026 10:39:25 AM,202,Warning,WT8-GUI,83096593,HM,Overscaled Channel detected at Tag AI_TT_006
4/24/2026 10:39:25 AM,202,Warning,WT8-GUI,83096594,HM,Overscaled Channel detected at Tag AI_TT_007
4/24/2026 10:39:25 AM,202,Warning,WT8-GUI,83096595,HM,Overscaled Channel detected at Tag AI_TT_008
4/24/2026 10:39:25 AM,202,Warning,WT8-GUI,83096596,HM,Overscaled Channel detected at Tag AI_TK_000
4/24/2026 10:39:25 AM,202,Warning,WT8-GUI,83096597,HM,Overscaled Channel detected at Tag AI_TK_009
4/24/2026 10:39:25 AM,202,Warning,WT8-GUI,83096598,HM,Overscaled Channel detected at Tag AI_TK_010
4/24/2026 10:39:25 AM,202,Warning,WT8-GUI,83096599,HM,Overscaled Channel detected at Tag AI_TK_011
4/24/2026 10:39:25 AM,202,Warning,WT8-GUI,83096600,HM,Overscaled Channel detected at Tag AI_TK_012
4/24/2026 10:39:25 AM,202,Warning,WT8-GUI,83096601,HM,Overscaled Channel detected at Tag AI_TK_013
4/24/2026 10:39:25 AM,202,Warning,WT8-GUI,83096602,HM,Overscaled Channel detected at Tag AI_TK_014
4/24/2026 10:39:25 AM,202,Warning,WT8-GUI,83096603,HM,Overscaled Channel detected at Tag AI_TK_015
4/24/2026 10:39:25 AM,202,Warning,WT8-GUI,83096604,HM,Overscaled Channel detected at Tag AI_TK_016
4/24/2026 10:39:25 AM,202,Warning,WT8-GUI,83096605,HM,Overscaled Channel detected at Tag AI_TK_017
4/24/2026 10:39:25 AM,202,Warning,WT8-GUI,83096606,HM,Overscaled Channel detected at Tag AI_TK_018
4/24/2026 10:39:25 AM,202,Warning,WT8-GUI,83096607,HM,Overscaled Channel detected at Tag AI_TK_001
4/24/2026 10:39:25 AM,202,Warning,WT8-GUI,83096608,HM,Overscaled Channel detected at Tag AI_TK_019
4/24/2026 10:39:25 AM,202,Warning,WT8-GUI,83096609,HM,Overscaled Channel detected at Tag AI_Volts_Shunt_013
4/24/2026 10:39:25 AM,202,Warning,WT8-GUI,83096610,HM,Overscaled Channel detected at Tag AI_Volts_Shunt_014
4/24/2026 10:39:25 AM,202,Warning,WT8-GUI,83096611,HM,Overscaled Channel detected at Tag AI_Volts_Shunt_015
4/24/2026 10:39:25 AM,202,Warning,WT8-GUI,83096612,HM,Overscaled Channel detected at Tag AI_Strain_000
4/24/2026 10:39:25 AM,202,Warning,WT8-GUI,83096613,HM,Overscaled Channel detected at Tag AI_Strain_001
4/24/2026 10:39:25 AM,202,Warning,WT8-GUI,83096614,HM,Overscaled Channel detected at Tag AI_Strain_002
4/24/2026 10:39:25 AM,202,Warning,WT8-GUI,83096615,HM,Overscaled Channel detected at Tag AI_Strain_003
4/24/2026 10:39:25 AM,202,Warning,WT8-GUI,83096616,HM,Overscaled Channel detected at Tag AI_Strain_004
4/24/2026 10:39:25 AM,202,Warning,WT8-GUI,83096617,HM,Overscaled Channel detected at Tag AI_Strain_005
4/24/2026 10:39:25 AM,202,Warning,WT8-GUI,83096618,HM,Overscaled Channel detected at Tag AI_Strain_006
4/24/2026 10:39:25 AM,202,Warning,WT8-GUI,83096619,HM,Overscaled Channel detected at Tag AI_Strain_007
4/24/2026 10:39:25 AM,202,Warning,WT8-GUI,83096620,HM,Overscaled Channel detected at Tag AI_TT_000
4/24/2026 10:39:25 AM,202,Warning,WT8-GUI,83096621,HM,Overscaled Channel detected at Tag AI_TT_009
4/24/2026 10:39:25 AM,202,Warning,WT8-GUI,83096622,HM,Overscaled Channel detected at Tag AI_TT_010
4/24/2026 10:39:25 AM,202,Warning,WT8-GUI,83096623,HM,Overscaled Channel detected at Tag AI_TT_011
4/24/2026 10:39:25 AM,202,Warning,WT8-GUI,83096624,HM,Overscaled Channel detected at Tag AI_TT_012
4/24/2026 10:39:25 AM,202,Warning,WT8-GUI,83096625,HM,Overscaled Channel detected at Tag AI_TT_013
4/24/2026 10:39:25 AM,202,Warning,WT8-GUI,83096626,HM,Overscaled Channel detected at Tag AI_TT_014
4/24/2026 10:40:10 AM,301005,Warning,WT8-GUI,83096627,OPC,OPC Server Graybox.Simulator.1 on host localhost has not updated data in 77 minute(s).
4/24/2026 10:40:25 AM,202,Warning,WT8-GUI,83096628,HM,Overscaled Channel detected at Tag AI_Volts_Shunt_001
4/24/2026 10:40:25 AM,202,Warning,WT8-GUI,83096629,HM,Overscaled Channel detected at Tag AI_Volts_Shunt_003
4/24/2026 10:40:25 AM,202,Warning,WT8-GUI,83096630,HM,Overscaled Channel detected at Tag AI_Volts_Shunt_004
4/24/2026 10:40:25 AM,202,Warning,WT8-GUI,83096631,HM,Overscaled Channel detected at Tag AI_TK_020
4/24/2026 10:40:25 AM,202,Warning,WT8-GUI,83096632,HM,Overscaled Channel detected at Tag AI_TK_021
4/24/2026 10:40:25 AM,202,Warning,WT8-GUI,83096633,HM,Overscaled Channel detected at Tag AI_TK_022
4/24/2026 10:40:25 AM,202,Warning,WT8-GUI,83096634,HM,Overscaled Channel detected at Tag AI_TK_023
4/24/2026 10:40:25 AM,202,Warning,WT8-GUI,83096635,HM,Overscaled Channel detected at Tag AI_TK_024
4/24/2026 10:40:25 AM,202,Warning,WT8-GUI,83096636,HM,Overscaled Channel detected at Tag AI_TK_025
4/24/2026 10:40:25 AM,202,Warning,WT8-GUI,83096637,HM,Overscaled Channel detected at Tag AI_TK_026
4/24/2026 10:40:25 AM,202,Warning,WT8-GUI,83096638,HM,Overscaled Channel detected at Tag AI_TK_027
4/24/2026 10:40:25 AM,202,Warning,WT8-GUI,83096639,HM,Overscaled Channel detected at Tag AI_TK_028
4/24/2026 10:40:25 AM,202,Warning,WT8-GUI,83096640,HM,Overscaled Channel detected at Tag AI_TK_002
4/24/2026 10:40:25 AM,202,Warning,WT8-GUI,83096641,HM,Overscaled Channel detected at Tag AI_TK_029
4/24/2026 10:40:25 AM,202,Warning,WT8-GUI,83096642,HM,Overscaled Channel detected at Tag AI_TK_030
4/24/2026 10:40:25 AM,202,Warning,WT8-GUI,83096643,HM,Overscaled Channel detected at Tag AI_TK_003
4/24/2026 10:40:25 AM,202,Warning,WT8-GUI,83096644,HM,Overscaled Channel detected at Tag AI_TK_004
4/24/2026 10:40:25 AM,202,Warning,WT8-GUI,83096645,HM,Overscaled Channel detected at Tag AI_TK_005
4/24/2026 10:40:25 AM,202,Warning,WT8-GUI,83096646,HM,Overscaled Channel detected at Tag AI_TK_006
4/24/2026 10:40:25 AM,202,Warning,WT8-GUI,83096647,HM,Overscaled Channel detected at Tag AI_TK_007
4/24/2026 10:40:25 AM,202,Warning,WT8-GUI,83096648,HM,Overscaled Channel detected at Tag AI_TK_008
4/24/2026 10:40:25 AM,202,Warning,WT8-GUI,83096649,HM,Overscaled Channel detected at Tag AI_Volts_Shunt_000
4/24/2026 10:40:25 AM,202,Warning,WT8-GUI,83096650,HM,Overscaled Channel detected at Tag AI_Volts_Shunt_006
4/24/2026 10:40:25 AM,202,Warning,WT8-GUI,83096651,HM,Overscaled Channel detected at Tag AI_Volts_Shunt_007
4/24/2026 10:40:25 AM,202,Warning,WT8-GUI,83096652,HM,Overscaled Channel detected at Tag AI_Volts_Shunt_008
4/24/2026 10:40:25 AM,202,Warning,WT8-GUI,83096653,HM,Overscaled Channel detected at Tag AI_Volts_Shunt_009
4/24/2026 10:40:25 AM,202,Warning,WT8-GUI,83096654,HM,Overscaled Channel detected at Tag AI_Volts_Shunt_010
4/24/2026 10:40:25 AM,202,Warning,WT8-GUI,83096655,HM,Overscaled Channel detected at Tag AI_Volts_Shunt_011
4/24/2026 10:40:25 AM,202,Warning,WT8-GUI,83096656,HM,Overscaled Channel detected at Tag AI_Volts_Shunt_012
4/24/2026 10:40:25 AM,202,Warning,WT8-GUI,83096657,HM,Overscaled Channel detected at Tag AI_TT_015
4/24/2026 10:40:25 AM,202,Warning,WT8-GUI,83096658,HM,Overscaled Channel detected at Tag AI_TT_016
4/24/2026 10:40:25 AM,202,Warning,WT8-GUI,83096659,HM,Overscaled Channel detected at Tag AI_TT_017
4/24/2026 10:40:25 AM,202,Warning,WT8-GUI,83096660,HM,Overscaled Channel detected at Tag AI_TT_018
4/24/2026 10:40:25 AM,202,Warning,WT8-GUI,83096661,HM,Overscaled Channel detected at Tag AI_TT_001
4/24/2026 10:40:25 AM,202,Warning,WT8-GUI,83096662,HM,Overscaled Channel detected at Tag AI_TT_019
4/24/2026 10:40:25 AM,202,Warning,WT8-GUI,83096663,HM,Overscaled Channel detected at Tag AI_TT_020
4/24/2026 10:40:25 AM,202,Warning,WT8-GUI,83096664,HM,Overscaled Channel detected at Tag AI_TT_021
4/24/2026 10:40:25 AM,202,Warning,WT8-GUI,83096665,HM,Overscaled Channel detected at Tag AI_TT_022
4/24/2026 10:40:25 AM,202,Warning,WT8-GUI,83096666,HM,Overscaled Channel detected at Tag AI_TT_023
4/24/2026 10:40:25 AM,202,Warning,WT8-GUI,83096667,HM,Overscaled Channel detected at Tag AI_TT_024
4/24/2026 10:40:25 AM,202,Warning,WT8-GUI,83096668,HM,Overscaled Channel detected at Tag AI_TT_025
4/24/2026 10:40:25 AM,202,Warning,WT8-GUI,83096669,HM,Overscaled Channel detected at Tag AI_TT_026
4/24/2026 10:40:25 AM,202,Warning,WT8-GUI,83096670,HM,Overscaled Channel detected at Tag AI_TT_027
4/24/2026 10:40:25 AM,202,Warning,WT8-GUI,83096671,HM,Overscaled Channel detected at Tag AI_TT_028
4/24/2026 10:40:25 AM,202,Warning,WT8-GUI,83096672,HM,Overscaled Channel detected at Tag AI_TT_002
4/24/2026 10:40:25 AM,202,Warning,WT8-GUI,83096673,HM,Overscaled Channel detected at Tag AI_TT_029
4/24/2026 10:40:25 AM,202,Warning,WT8-GUI,83096674,HM,Overscaled Channel detected at Tag AI_TT_030
4/24/2026 10:40:25 AM,202,Warning,WT8-GUI,83096675,HM,Overscaled Channel detected at Tag AI_TT_003
4/24/2026 10:40:25 AM,202,Warning,WT8-GUI,83096676,HM,Overscaled Channel detected at Tag AI_TT_004
4/24/2026 10:40:25 AM,202,Warning,WT8-GUI,83096677,HM,Overscaled Channel detected at Tag AI_TT_005
4/24/2026 10:40:25 AM,202,Warning,WT8-GUI,83096678,HM,Overscaled Channel detected at Tag AI_TT_006
4/24/2026 10:40:25 AM,202,Warning,WT8-GUI,83096679,HM,Overscaled Channel detected at Tag AI_TT_007
4/24/2026 10:40:25 AM,202,Warning,WT8-GUI,83096680,HM,Overscaled Channel detected at Tag AI_TT_008
4/24/2026 10:40:25 AM,202,Warning,WT8-GUI,83096681,HM,Overscaled Channel detected at Tag AI_TK_000
4/24/2026 10:40:25 AM,202,Warning,WT8-GUI,83096682,HM,Overscaled Channel detected at Tag AI_TK_009
4/24/2026 10:40:25 AM,202,Warning,WT8-GUI,83096683,HM,Overscaled Channel detected at Tag AI_TK_010
4/24/2026 10:40:25 AM,202,Warning,WT8-GUI,83096684,HM,Overscaled Channel detected at Tag AI_TK_011
4/24/2026 10:40:25 AM,202,Warning,WT8-GUI,83096685,HM,Overscaled Channel detected at Tag AI_TK_012
4/24/2026 10:40:25 AM,202,Warning,WT8-GUI,83096686,HM,Overscaled Channel detected at Tag AI_TK_013
4/24/2026 10:40:25 AM,202,Warning,WT8-GUI,83096687,HM,Overscaled Channel detected at Tag AI_TK_014
4/24/2026 10:40:25 AM,202,Warning,WT8-GUI,83096688,HM,Overscaled Channel detected at Tag AI_Strain_005
4/24/2026 10:40:25 AM,202,Warning,WT8-GUI,83096689,HM,Overscaled Channel detected at Tag AI_Strain_006
4/24/2026 10:40:25 AM,202,Warning,WT8-GUI,83096690,HM,Overscaled Channel detected at Tag AI_Strain_007
4/24/2026 10:40:25 AM,202,Warning,WT8-GUI,83096691,HM,Overscaled Channel detected at Tag AI_TT_000
4/24/2026 10:40:25 AM,202,Warning,WT8-GUI,83096692,HM,Overscaled Channel detected at Tag AI_TT_009
4/24/2026 10:40:25 AM,202,Warning,WT8-GUI,83096693,HM,Overscaled Channel detected at Tag AI_TT_010
4/24/2026 10:40:25 AM,202,Warning,WT8-GUI,83096694,HM,Overscaled Channel detected at Tag AI_TT_011
4/24/2026 10:40:25 AM,202,Warning,WT8-GUI,83096695,HM,Overscaled Channel detected at Tag AI_TT_012
4/24/2026 10:40:25 AM,202,Warning,WT8-GUI,83096696,HM,Overscaled Channel detected at Tag AI_TT_013
4/24/2026 10:40:25 AM,202,Warning,WT8-GUI,83096697,HM,Overscaled Channel detected at Tag AI_TT_014
4/24/2026 10:40:25 AM,202,Warning,WT8-GUI,83096698,HM,Overscaled Channel detected at Tag AI_TK_015
4/24/2026 10:40:25 AM,202,Warning,WT8-GUI,83096699,HM,Overscaled Channel detected at Tag AI_TK_016
4/24/2026 10:40:25 AM,202,Warning,WT8-GUI,83096700,HM,Overscaled Channel detected at Tag AI_TK_017
4/24/2026 10:40:25 AM,202,Warning,WT8-GUI,83096701,HM,Overscaled Channel detected at Tag AI_TK_018
4/24/2026 10:40:25 AM,202,Warning,WT8-GUI,83096702,HM,Overscaled Channel detected at Tag AI_TK_001
4/24/2026 10:40:25 AM,202,Warning,WT8-GUI,83096703,HM,Overscaled Channel detected at Tag AI_TK_019
4/24/2026 10:40:25 AM,202,Warning,WT8-GUI,83096704,HM,Overscaled Channel detected at Tag AI_Volts_Shunt_013
4/24/2026 10:40:25 AM,202,Warning,WT8-GUI,83096705,HM,Overscaled Channel detected at Tag AI_Volts_Shunt_014
4/24/2026 10:40:25 AM,202,Warning,WT8-GUI,83096706,HM,Overscaled Channel detected at Tag AI_Volts_Shunt_015
4/24/2026 10:40:25 AM,202,Warning,WT8-GUI,83096707,HM,Overscaled Channel detected at Tag AI_Strain_000
4/24/2026 10:40:25 AM,202,Warning,WT8-GUI,83096708,HM,Overscaled Channel detected at Tag AI_Strain_001
4/24/2026 10:40:25 AM,202,Warning,WT8-GUI,83096709,HM,Overscaled Channel detected at Tag AI_Strain_002
4/24/2026 10:40:25 AM,202,Warning,WT8-GUI,83096710,HM,Overscaled Channel detected at Tag AI_Strain_003
4/24/2026 10:40:25 AM,202,Warning,WT8-GUI,83096711,HM,Overscaled Channel detected at Tag AI_Strain_004
4/24/2026 10:41:10 AM,301005,Warning,WT8-GUI,83096712,OPC,OPC Server Graybox.Simulator.1 on host localhost has not updated data in 78 minute(s).
4/24/2026 10:41:25 AM,202,Warning,WT8-GUI,83096713,HM,Overscaled Channel detected at Tag AI_Volts_Shunt_001
4/24/2026 10:41:25 AM,202,Warning,WT8-GUI,83096714,HM,Overscaled Channel detected at Tag AI_Volts_Shunt_003
4/24/2026 10:41:25 AM,202,Warning,WT8-GUI,83096715,HM,Overscaled Channel detected at Tag AI_Volts_Shunt_004
4/24/2026 10:41:25 AM,202,Warning,WT8-GUI,83096716,HM,Overscaled Channel detected at Tag AI_TK_020
4/24/2026 10:41:25 AM,202,Warning,WT8-GUI,83096717,HM,Overscaled Channel detected at Tag AI_TK_021
4/24/2026 10:41:25 AM,202,Warning,WT8-GUI,83096718,HM,Overscaled Channel detected at Tag AI_TK_022
4/24/2026 10:41:25 AM,202,Warning,WT8-GUI,83096719,HM,Overscaled Channel detected at Tag AI_TK_023
4/24/2026 10:41:25 AM,202,Warning,WT8-GUI,83096720,HM,Overscaled Channel detected at Tag AI_TK_024
4/24/2026 10:41:25 AM,202,Warning,WT8-GUI,83096721,HM,Overscaled Channel detected at Tag AI_TK_025
4/24/2026 10:41:25 AM,202,Warning,WT8-GUI,83096722,HM,Overscaled Channel detected at Tag AI_TK_026
4/24/2026 10:41:25 AM,202,Warning,WT8-GUI,83096723,HM,Overscaled Channel detected at Tag AI_TK_027
4/24/2026 10:41:25 AM,202,Warning,WT8-GUI,83096724,HM,Overscaled Channel detected at Tag AI_TK_028
4/24/2026 10:41:25 AM,202,Warning,WT8-GUI,83096725,HM,Overscaled Channel detected at Tag AI_TK_002
4/24/2026 10:41:25 AM,202,Warning,WT8-GUI,83096726,HM,Overscaled Channel detected at Tag AI_TK_029
4/24/2026 10:41:25 AM,202,Warning,WT8-GUI,83096727,HM,Overscaled Channel detected at Tag AI_TK_030
4/24/2026 10:41:25 AM,202,Warning,WT8-GUI,83096728,HM,Overscaled Channel detected at Tag AI_TK_003
4/24/2026 10:41:25 AM,202,Warning,WT8-GUI,83096729,HM,Overscaled Channel detected at Tag AI_TK_004
4/24/2026 10:41:25 AM,202,Warning,WT8-GUI,83096730,HM,Overscaled Channel detected at Tag AI_TK_005
4/24/2026 10:41:25 AM,202,Warning,WT8-GUI,83096731,HM,Overscaled Channel detected at Tag AI_TK_006
4/24/2026 10:41:25 AM,202,Warning,WT8-GUI,83096732,HM,Overscaled Channel detected at Tag AI_TK_007
4/24/2026 10:41:25 AM,202,Warning,WT8-GUI,83096733,HM,Overscaled Channel detected at Tag AI_TK_008
4/24/2026 10:41:25 AM,202,Warning,WT8-GUI,83096734,HM,Overscaled Channel detected at Tag AI_Volts_Shunt_000
4/24/2026 10:41:25 AM,202,Warning,WT8-GUI,83096735,HM,Overscaled Channel detected at Tag AI_Volts_Shunt_006
4/24/2026 10:41:25 AM,202,Warning,WT8-GUI,83096736,HM,Overscaled Channel detected at Tag AI_Volts_Shunt_007
4/24/2026 10:41:25 AM,202,Warning,WT8-GUI,83096737,HM,Overscaled Channel detected at Tag AI_Volts_Shunt_008
4/24/2026 10:41:25 AM,202,Warning,WT8-GUI,83096738,HM,Overscaled Channel detected at Tag AI_Volts_Shunt_009
4/24/2026 10:41:25 AM,202,Warning,WT8-GUI,83096739,HM,Overscaled Channel detected at Tag AI_Volts_Shunt_010
4/24/2026 10:41:25 AM,202,Warning,WT8-GUI,83096740,HM,Overscaled Channel detected at Tag AI_Volts_Shunt_011
4/24/2026 10:41:25 AM,202,Warning,WT8-GUI,83096741,HM,Overscaled Channel detected at Tag AI_Volts_Shunt_012
4/24/2026 10:41:25 AM,202,Warning,WT8-GUI,83096742,HM,Overscaled Channel detected at Tag AI_TT_015
4/24/2026 10:41:25 AM,202,Warning,WT8-GUI,83096743,HM,Overscaled Channel detected at Tag AI_TT_016
4/24/2026 10:41:25 AM,202,Warning,WT8-GUI,83096744,HM,Overscaled Channel detected at Tag AI_TT_017
4/24/2026 10:41:25 AM,202,Warning,WT8-GUI,83096745,HM,Overscaled Channel detected at Tag AI_TT_018
4/24/2026 10:41:25 AM,202,Warning,WT8-GUI,83096746,HM,Overscaled Channel detected at Tag AI_TT_001
4/24/2026 10:41:25 AM,202,Warning,WT8-GUI,83096747,HM,Overscaled Channel detected at Tag AI_TT_019
4/24/2026 10:41:25 AM,202,Warning,WT8-GUI,83096748,HM,Overscaled Channel detected at Tag AI_TT_020
4/24/2026 10:41:25 AM,202,Warning,WT8-GUI,83096749,HM,Overscaled Channel detected at Tag AI_TT_021
4/24/2026 10:41:25 AM,202,Warning,WT8-GUI,83096750,HM,Overscaled Channel detected at Tag AI_TT_022
4/24/2026 10:41:25 AM,202,Warning,WT8-GUI,83096751,HM,Overscaled Channel detected at Tag AI_TT_023
4/24/2026 10:41:25 AM,202,Warning,WT8-GUI,83096752,HM,Overscaled Channel detected at Tag AI_TT_024
4/24/2026 10:41:25 AM,202,Warning,WT8-GUI,83096753,HM,Overscaled Channel detected at Tag AI_TT_025
4/24/2026 10:41:25 AM,202,Warning,WT8-GUI,83096754,HM,Overscaled Channel detected at Tag AI_TT_026
4/24/2026 10:41:25 AM,202,Warning,WT8-GUI,83096755,HM,Overscaled Channel detected at Tag AI_TT_027
4/24/2026 10:41:25 AM,202,Warning,WT8-GUI,83096756,HM,Overscaled Channel detected at Tag AI_TT_028
4/24/2026 10:41:25 AM,202,Warning,WT8-GUI,83096757,HM,Overscaled Channel detected at Tag AI_TT_002
4/24/2026 10:41:25 AM,202,Warning,WT8-GUI,83096758,HM,Overscaled Channel detected at Tag AI_TT_029
4/24/2026 10:41:25 AM,202,Warning,WT8-GUI,83096759,HM,Overscaled Channel detected at Tag AI_TT_030
4/24/2026 10:41:25 AM,202,Warning,WT8-GUI,83096760,HM,Overscaled Channel detected at Tag AI_TT_003
4/24/2026 10:41:25 AM,202,Warning,WT8-GUI,83096761,HM,Overscaled Channel detected at Tag AI_TT_004
4/24/2026 10:41:25 AM,202,Warning,WT8-GUI,83096762,HM,Overscaled Channel detected at Tag AI_TT_005
4/24/2026 10:41:25 AM,202,Warning,WT8-GUI,83096763,HM,Overscaled Channel detected at Tag AI_TT_006
4/24/2026 10:41:25 AM,202,Warning,WT8-GUI,83096764,HM,Overscaled Channel detected at Tag AI_TT_007
4/24/2026 10:41:25 AM,202,Warning,WT8-GUI,83096765,HM,Overscaled Channel detected at Tag AI_TT_008
4/24/2026 10:41:25 AM,202,Warning,WT8-GUI,83096766,HM,Overscaled Channel detected at Tag AI_TK_000
4/24/2026 10:41:25 AM,202,Warning,WT8-GUI,83096767,HM,Overscaled Channel detected at Tag AI_TK_009
4/24/2026 10:41:25 AM,202,Warning,WT8-GUI,83096768,HM,Overscaled Channel detected at Tag AI_TK_010
4/24/2026 10:41:25 AM,202,Warning,WT8-GUI,83096769,HM,Overscaled Channel detected at Tag AI_TK_011
4/24/2026 10:41:25 AM,202,Warning,WT8-GUI,83096770,HM,Overscaled Channel detected at Tag AI_TK_012
4/24/2026 10:41:25 AM,202,Warning,WT8-GUI,83096771,HM,Overscaled Channel detected at Tag AI_TK_013
4/24/2026 10:41:25 AM,202,Warning,WT8-GUI,83096772,HM,Overscaled Channel detected at Tag AI_TK_014
4/24/2026 10:41:25 AM,202,Warning,WT8-GUI,83096773,HM,Overscaled Channel detected at Tag AI_TK_015
4/24/2026 10:41:25 AM,202,Warning,WT8-GUI,83096774,HM,Overscaled Channel detected at Tag AI_TK_016
4/24/2026 10:41:25 AM,202,Warning,WT8-GUI,83096775,HM,Overscaled Channel detected at Tag AI_TK_017
4/24/2026 10:41:25 AM,202,Warning,WT8-GUI,83096776,HM,Overscaled Channel detected at Tag AI_TK_018
4/24/2026 10:41:25 AM,202,Warning,WT8-GUI,83096777,HM,Overscaled Channel detected at Tag AI_TK_001
4/24/2026 10:41:25 AM,202,Warning,WT8-GUI,83096778,HM,Overscaled Channel detected at Tag AI_TK_019
4/24/2026 10:41:25 AM,202,Warning,WT8-GUI,83096779,HM,Overscaled Channel detected at Tag AI_Volts_Shunt_013
4/24/2026 10:41:25 AM,202,Warning,WT8-GUI,83096780,HM,Overscaled Channel detected at Tag AI_Volts_Shunt_014
4/24/2026 10:41:25 AM,202,Warning,WT8-GUI,83096781,HM,Overscaled Channel detected at Tag AI_Volts_Shunt_015
4/24/2026 10:41:25 AM,202,Warning,WT8-GUI,83096782,HM,Overscaled Channel detected at Tag AI_Strain_000
4/24/2026 10:41:25 AM,202,Warning,WT8-GUI,83096783,HM,Overscaled Channel detected at Tag AI_Strain_001
4/24/2026 10:41:25 AM,202,Warning,WT8-GUI,83096784,HM,Overscaled Channel detected at Tag AI_Strain_002
4/24/2026 10:41:25 AM,202,Warning,WT8-GUI,83096785,HM,Overscaled Channel detected at Tag AI_Strain_003
4/24/2026 10:41:25 AM,202,Warning,WT8-GUI,83096786,HM,Overscaled Channel detected at Tag AI_Strain_004
4/24/2026 10:41:25 AM,202,Warning,WT8-GUI,83096787,HM,Overscaled Channel detected at Tag AI_Strain_005
4/24/2026 10:41:25 AM,202,Warning,WT8-GUI,83096788,HM,Overscaled Channel detected at Tag AI_Strain_006
4/24/2026 10:41:25 AM,202,Warning,WT8-GUI,83096789,HM,Overscaled Channel detected at Tag AI_Strain_007
4/24/2026 10:41:25 AM,202,Warning,WT8-GUI,83096790,HM,Overscaled Channel detected at Tag AI_TT_000
4/24/2026 10:41:25 AM,202,Warning,WT8-GUI,83096791,HM,Overscaled Channel detected at Tag AI_TT_009
4/24/2026 10:41:25 AM,202,Warning,WT8-GUI,83096792,HM,Overscaled Channel detected at Tag AI_TT_010
4/24/2026 10:41:25 AM,202,Warning,WT8-GUI,83096793,HM,Overscaled Channel detected at Tag AI_TT_011
4/24/2026 10:41:25 AM,202,Warning,WT8-GUI,83096794,HM,Overscaled Channel detected at Tag AI_TT_012
4/24/2026 10:41:25 AM,202,Warning,WT8-GUI,83096795,HM,Overscaled Channel detected at Tag AI_TT_013
4/24/2026 10:41:25 AM,202,Warning,WT8-GUI,83096796,HM,Overscaled Channel detected at Tag AI_TT_014
4/24/2026 10:42:10 AM,301005,Warning,WT8-GUI,83096797,OPC,OPC Server Graybox.Simulator.1 on host localhost has not updated data in 79 minute(s).
4/24/2026 10:42:25 AM,202,Warning,WT8-GUI,83096798,HM,Overscaled Channel detected at Tag AI_Volts_Shunt_001
4/24/2026 10:42:25 AM,202,Warning,WT8-GUI,83096799,HM,Overscaled Channel detected at Tag AI_Volts_Shunt_003
4/24/2026 10:42:25 AM,202,Warning,WT8-GUI,83096800,HM,Overscaled Channel detected at Tag AI_Volts_Shunt_004
4/24/2026 10:42:25 AM,202,Warning,WT8-GUI,83096801,HM,Overscaled Channel detected at Tag AI_TK_020
4/24/2026 10:42:25 AM,202,Warning,WT8-GUI,83096802,HM,Overscaled Channel detected at Tag AI_TK_021
4/24/2026 10:42:25 AM,202,Warning,WT8-GUI,83096803,HM,Overscaled Channel detected at Tag AI_TK_022
4/24/2026 10:42:25 AM,202,Warning,WT8-GUI,83096804,HM,Overscaled Channel detected at Tag AI_TK_023
4/24/2026 10:42:25 AM,202,Warning,WT8-GUI,83096805,HM,Overscaled Channel detected at Tag AI_TK_024
4/24/2026 10:42:25 AM,202,Warning,WT8-GUI,83096806,HM,Overscaled Channel detected at Tag AI_TK_025
4/24/2026 10:42:25 AM,202,Warning,WT8-GUI,83096807,HM,Overscaled Channel detected at Tag AI_TK_026
4/24/2026 10:42:25 AM,202,Warning,WT8-GUI,83096808,HM,Overscaled Channel detected at Tag AI_TK_027
4/24/2026 10:42:25 AM,202,Warning,WT8-GUI,83096809,HM,Overscaled Channel detected at Tag AI_TK_028
4/24/2026 10:42:25 AM,202,Warning,WT8-GUI,83096810,HM,Overscaled Channel detected at Tag AI_TK_002
4/24/2026 10:42:25 AM,202,Warning,WT8-GUI,83096811,HM,Overscaled Channel detected at Tag AI_TK_029
4/24/2026 10:42:25 AM,202,Warning,WT8-GUI,83096812,HM,Overscaled Channel detected at Tag AI_TK_030
4/24/2026 10:42:25 AM,202,Warning,WT8-GUI,83096813,HM,Overscaled Channel detected at Tag AI_TK_003
4/24/2026 10:42:25 AM,202,Warning,WT8-GUI,83096814,HM,Overscaled Channel detected at Tag AI_TK_004
4/24/2026 10:42:25 AM,202,Warning,WT8-GUI,83096815,HM,Overscaled Channel detected at Tag AI_TK_005
4/24/2026 10:42:25 AM,202,Warning,WT8-GUI,83096816,HM,Overscaled Channel detected at Tag AI_TK_006
4/24/2026 10:42:25 AM,202,Warning,WT8-GUI,83096817,HM,Overscaled Channel detected at Tag AI_TK_007
4/24/2026 10:42:25 AM,202,Warning,WT8-GUI,83096818,HM,Overscaled Channel detected at Tag AI_TK_008
4/24/2026 10:42:25 AM,202,Warning,WT8-GUI,83096819,HM,Overscaled Channel detected at Tag AI_Volts_Shunt_000
4/24/2026 10:42:25 AM,202,Warning,WT8-GUI,83096820,HM,Overscaled Channel detected at Tag AI_Volts_Shunt_006
4/24/2026 10:42:25 AM,202,Warning,WT8-GUI,83096821,HM,Overscaled Channel detected at Tag AI_Volts_Shunt_007
4/24/2026 10:42:25 AM,202,Warning,WT8-GUI,83096822,HM,Overscaled Channel detected at Tag AI_Volts_Shunt_008
4/24/2026 10:42:25 AM,202,Warning,WT8-GUI,83096823,HM,Overscaled Channel detected at Tag AI_Volts_Shunt_009
4/24/2026 10:42:25 AM,202,Warning,WT8-GUI,83096824,HM,Overscaled Channel detected at Tag AI_Volts_Shunt_010
4/24/2026 10:42:25 AM,202,Warning,WT8-GUI,83096825,HM,Overscaled Channel detected at Tag AI_Volts_Shunt_011
4/24/2026 10:42:25 AM,202,Warning,WT8-GUI,83096826,HM,Overscaled Channel detected at Tag AI_Volts_Shunt_012
4/24/2026 10:42:25 AM,202,Warning,WT8-GUI,83096827,HM,Overscaled Channel detected at Tag AI_TT_015
4/24/2026 10:42:25 AM,202,Warning,WT8-GUI,83096828,HM,Overscaled Channel detected at Tag AI_TT_016
4/24/2026 10:42:25 AM,202,Warning,WT8-GUI,83096829,HM,Overscaled Channel detected at Tag AI_TT_017
4/24/2026 10:42:25 AM,202,Warning,WT8-GUI,83096830,HM,Overscaled Channel detected at Tag AI_TT_018
4/24/2026 10:42:25 AM,202,Warning,WT8-GUI,83096831,HM,Overscaled Channel detected at Tag AI_TT_001
4/24/2026 10:42:25 AM,202,Warning,WT8-GUI,83096832,HM,Overscaled Channel detected at Tag AI_TT_019
4/24/2026 10:42:25 AM,202,Warning,WT8-GUI,83096833,HM,Overscaled Channel detected at Tag AI_TT_020
4/24/2026 10:42:25 AM,202,Warning,WT8-GUI,83096834,HM,Overscaled Channel detected at Tag AI_TT_021
4/24/2026 10:42:25 AM,202,Warning,WT8-GUI,83096835,HM,Overscaled Channel detected at Tag AI_TT_022
4/24/2026 10:42:25 AM,202,Warning,WT8-GUI,83096836,HM,Overscaled Channel detected at Tag AI_TT_023
4/24/2026 10:42:25 AM,202,Warning,WT8-GUI,83096837,HM,Overscaled Channel detected at Tag AI_TT_024
4/24/2026 10:42:25 AM,202,Warning,WT8-GUI,83096838,HM,Overscaled Channel detected at Tag AI_TT_025
4/24/2026 10:42:25 AM,202,Warning,WT8-GUI,83096839,HM,Overscaled Channel detected at Tag AI_TT_026
4/24/2026 10:42:25 AM,202,Warning,WT8-GUI,83096840,HM,Overscaled Channel detected at Tag AI_TT_027
4/24/2026 10:42:25 AM,202,Warning,WT8-GUI,83096841,HM,Overscaled Channel detected at Tag AI_TT_028
4/24/2026 10:42:25 AM,202,Warning,WT8-GUI,83096842,HM,Overscaled Channel detected at Tag AI_TT_002
4/24/2026 10:42:25 AM,202,Warning,WT8-GUI,83096843,HM,Overscaled Channel detected at Tag AI_TT_029
4/24/2026 10:42:25 AM,202,Warning,WT8-GUI,83096844,HM,Overscaled Channel detected at Tag AI_TT_030
4/24/2026 10:42:25 AM,202,Warning,WT8-GUI,83096845,HM,Overscaled Channel detected at Tag AI_TT_003
4/24/2026 10:42:25 AM,202,Warning,WT8-GUI,83096846,HM,Overscaled Channel detected at Tag AI_TT_004
4/24/2026 10:42:25 AM,202,Warning,WT8-GUI,83096847,HM,Overscaled Channel detected at Tag AI_TT_005
4/24/2026 10:42:25 AM,202,Warning,WT8-GUI,83096848,HM,Overscaled Channel detected at Tag AI_TT_006
4/24/2026 10:42:25 AM,202,Warning,WT8-GUI,83096849,HM,Overscaled Channel detected at Tag AI_TT_007
4/24/2026 10:42:25 AM,202,Warning,WT8-GUI,83096850,HM,Overscaled Channel detected at Tag AI_TT_008
4/24/2026 10:42:25 AM,202,Warning,WT8-GUI,83096851,HM,Overscaled Channel detected at Tag AI_TK_000
4/24/2026 10:42:25 AM,202,Warning,WT8-GUI,83096852,HM,Overscaled Channel detected at Tag AI_TK_009
4/24/2026 10:42:25 AM,202,Warning,WT8-GUI,83096853,HM,Overscaled Channel detected at Tag AI_TK_010
4/24/2026 10:42:25 AM,202,Warning,WT8-GUI,83096854,HM,Overscaled Channel detected at Tag AI_TK_011
4/24/2026 10:42:25 AM,202,Warning,WT8-GUI,83096855,HM,Overscaled Channel detected at Tag AI_TK_012
4/24/2026 10:42:25 AM,202,Warning,WT8-GUI,83096856,HM,Overscaled Channel detected at Tag AI_TK_013
4/24/2026 10:42:25 AM,202,Warning,WT8-GUI,83096857,HM,Overscaled Channel detected at Tag AI_TK_014
4/24/2026 10:42:25 AM,202,Warning,WT8-GUI,83096858,HM,Overscaled Channel detected at Tag AI_TK_015
4/24/2026 10:42:25 AM,202,Warning,WT8-GUI,83096859,HM,Overscaled Channel detected at Tag AI_TK_016
4/24/2026 10:42:25 AM,202,Warning,WT8-GUI,83096860,HM,Overscaled Channel detected at Tag AI_TK_017
4/24/2026 10:42:25 AM,202,Warning,WT8-GUI,83096861,HM,Overscaled Channel detected at Tag AI_TK_018
4/24/2026 10:42:25 AM,202,Warning,WT8-GUI,83096862,HM,Overscaled Channel detected at Tag AI_TK_001
4/24/2026 10:42:25 AM,202,Warning,WT8-GUI,83096863,HM,Overscaled Channel detected at Tag AI_TK_019
4/24/2026 10:42:25 AM,202,Warning,WT8-GUI,83096864,HM,Overscaled Channel detected at Tag AI_Volts_Shunt_013
4/24/2026 10:42:25 AM,202,Warning,WT8-GUI,83096865,HM,Overscaled Channel detected at Tag AI_Volts_Shunt_014
4/24/2026 10:42:25 AM,202,Warning,WT8-GUI,83096866,HM,Overscaled Channel detected at Tag AI_Volts_Shunt_015
4/24/2026 10:42:25 AM,202,Warning,WT8-GUI,83096867,HM,Overscaled Channel detected at Tag AI_Strain_000
4/24/2026 10:42:25 AM,202,Warning,WT8-GUI,83096868,HM,Overscaled Channel detected at Tag AI_Strain_001
4/24/2026 10:42:25 AM,202,Warning,WT8-GUI,83096869,HM,Overscaled Channel detected at Tag AI_Strain_002
4/24/2026 10:42:25 AM,202,Warning,WT8-GUI,83096870,HM,Overscaled Channel detected at Tag AI_Strain_003
4/24/2026 10:42:25 AM,202,Warning,WT8-GUI,83096871,HM,Overscaled Channel detected at Tag AI_Strain_004
4/24/2026 10:42:25 AM,202,Warning,WT8-GUI,83096872,HM,Overscaled Channel detected at Tag AI_Strain_005
4/24/2026 10:42:25 AM,202,Warning,WT8-GUI,83096873,HM,Overscaled Channel detected at Tag AI_Strain_006
4/24/2026 10:42:25 AM,202,Warning,WT8-GUI,83096874,HM,Overscaled Channel detected at Tag AI_Strain_007
4/24/2026 10:42:25 AM,202,Warning,WT8-GUI,83096875,HM,Overscaled Channel detected at Tag AI_TT_000
4/24/2026 10:42:25 AM,202,Warning,WT8-GUI,83096876,HM,Overscaled Channel detected at Tag AI_TT_009
4/24/2026 10:42:25 AM,202,Warning,WT8-GUI,83096877,HM,Overscaled Channel detected at Tag AI_TT_010
4/24/2026 10:42:25 AM,202,Warning,WT8-GUI,83096878,HM,Overscaled Channel detected at Tag AI_TT_011
4/24/2026 10:42:25 AM,202,Warning,WT8-GUI,83096879,HM,Overscaled Channel detected at Tag AI_TT_012
4/24/2026 10:42:25 AM,202,Warning,WT8-GUI,83096880,HM,Overscaled Channel detected at Tag AI_TT_013
4/24/2026 10:42:25 AM,202,Warning,WT8-GUI,83096881,HM,Overscaled Channel detected at Tag AI_TT_014
4/24/2026 10:43:10 AM,301005,Warning,WT8-GUI,83096882,OPC,OPC Server Graybox.Simulator.1 on host localhost has not updated data in 80 minute(s).
4/24/2026 10:43:25 AM,202,Warning,WT8-GUI,83096883,HM,Overscaled Channel detected at Tag AI_Volts_Shunt_001
4/24/2026 10:43:25 AM,202,Warning,WT8-GUI,83096884,HM,Overscaled Channel detected at Tag AI_Volts_Shunt_003
4/24/2026 10:43:25 AM,202,Warning,WT8-GUI,83096885,HM,Overscaled Channel detected at Tag AI_Volts_Shunt_004
4/24/2026 10:43:25 AM,202,Warning,WT8-GUI,83096886,HM,Overscaled Channel detected at Tag AI_TK_020
4/24/2026 10:43:25 AM,202,Warning,WT8-GUI,83096887,HM,Overscaled Channel detected at Tag AI_TK_021
4/24/2026 10:43:25 AM,202,Warning,WT8-GUI,83096888,HM,Overscaled Channel detected at Tag AI_TK_022
4/24/2026 10:43:25 AM,202,Warning,WT8-GUI,83096889,HM,Overscaled Channel detected at Tag AI_TK_023
4/24/2026 10:43:25 AM,202,Warning,WT8-GUI,83096890,HM,Overscaled Channel detected at Tag AI_TK_024
4/24/2026 10:43:25 AM,202,Warning,WT8-GUI,83096891,HM,Overscaled Channel detected at Tag AI_TK_025
4/24/2026 10:43:25 AM,202,Warning,WT8-GUI,83096892,HM,Overscaled Channel detected at Tag AI_TK_026
4/24/2026 10:43:25 AM,202,Warning,WT8-GUI,83096893,HM,Overscaled Channel detected at Tag AI_TK_027
4/24/2026 10:43:25 AM,202,Warning,WT8-GUI,83096894,HM,Overscaled Channel detected at Tag AI_TK_028
4/24/2026 10:43:25 AM,202,Warning,WT8-GUI,83096895,HM,Overscaled Channel detected at Tag AI_TK_002
4/24/2026 10:43:25 AM,202,Warning,WT8-GUI,83096896,HM,Overscaled Channel detected at Tag AI_TK_029
4/24/2026 10:43:25 AM,202,Warning,WT8-GUI,83096897,HM,Overscaled Channel detected at Tag AI_TK_030
4/24/2026 10:43:25 AM,202,Warning,WT8-GUI,83096898,HM,Overscaled Channel detected at Tag AI_TK_003
4/24/2026 10:43:25 AM,202,Warning,WT8-GUI,83096899,HM,Overscaled Channel detected at Tag AI_TK_004
4/24/2026 10:43:25 AM,202,Warning,WT8-GUI,83096900,HM,Overscaled Channel detected at Tag AI_TK_005
4/24/2026 10:43:25 AM,202,Warning,WT8-GUI,83096901,HM,Overscaled Channel detected at Tag AI_TK_006
4/24/2026 10:43:25 AM,202,Warning,WT8-GUI,83096902,HM,Overscaled Channel detected at Tag AI_TK_007
4/24/2026 10:43:25 AM,202,Warning,WT8-GUI,83096903,HM,Overscaled Channel detected at Tag AI_TK_008
4/24/2026 10:43:25 AM,202,Warning,WT8-GUI,83096904,HM,Overscaled Channel detected at Tag AI_Volts_Shunt_000
4/24/2026 10:43:25 AM,202,Warning,WT8-GUI,83096905,HM,Overscaled Channel detected at Tag AI_Volts_Shunt_006
4/24/2026 10:43:25 AM,202,Warning,WT8-GUI,83096906,HM,Overscaled Channel detected at Tag AI_Volts_Shunt_007
4/24/2026 10:43:25 AM,202,Warning,WT8-GUI,83096907,HM,Overscaled Channel detected at Tag AI_Volts_Shunt_008
4/24/2026 10:43:25 AM,202,Warning,WT8-GUI,83096908,HM,Overscaled Channel detected at Tag AI_Volts_Shunt_009
4/24/2026 10:43:25 AM,202,Warning,WT8-GUI,83096909,HM,Overscaled Channel detected at Tag AI_Volts_Shunt_010
4/24/2026 10:43:25 AM,202,Warning,WT8-GUI,83096910,HM,Overscaled Channel detected at Tag AI_Volts_Shunt_011
4/24/2026 10:43:25 AM,202,Warning,WT8-GUI,83096911,HM,Overscaled Channel detected at Tag AI_Volts_Shunt_012
4/24/2026 10:43:25 AM,202,Warning,WT8-GUI,83096912,HM,Overscaled Channel detected at Tag AI_TT_015
4/24/2026 10:43:25 AM,202,Warning,WT8-GUI,83096913,HM,Overscaled Channel detected at Tag AI_TT_016
4/24/2026 10:43:25 AM,202,Warning,WT8-GUI,83096914,HM,Overscaled Channel detected at Tag AI_TT_017
4/24/2026 10:43:25 AM,202,Warning,WT8-GUI,83096915,HM,Overscaled Channel detected at Tag AI_TT_018
4/24/2026 10:43:25 AM,202,Warning,WT8-GUI,83096916,HM,Overscaled Channel detected at Tag AI_TT_001
4/24/2026 10:43:25 AM,202,Warning,WT8-GUI,83096917,HM,Overscaled Channel detected at Tag AI_TT_019
4/24/2026 10:43:25 AM,202,Warning,WT8-GUI,83096918,HM,Overscaled Channel detected at Tag AI_TT_020
4/24/2026 10:43:25 AM,202,Warning,WT8-GUI,83096919,HM,Overscaled Channel detected at Tag AI_TT_021
4/24/2026 10:43:25 AM,202,Warning,WT8-GUI,83096920,HM,Overscaled Channel detected at Tag AI_TT_022
4/24/2026 10:43:25 AM,202,Warning,WT8-GUI,83096921,HM,Overscaled Channel detected at Tag AI_TT_023
4/24/2026 10:43:25 AM,202,Warning,WT8-GUI,83096922,HM,Overscaled Channel detected at Tag AI_TT_024
4/24/2026 10:43:25 AM,202,Warning,WT8-GUI,83096923,HM,Overscaled Channel detected at Tag AI_TT_025
4/24/2026 10:43:25 AM,202,Warning,WT8-GUI,83096924,HM,Overscaled Channel detected at Tag AI_TT_026
4/24/2026 10:43:25 AM,202,Warning,WT8-GUI,83096925,HM,Overscaled Channel detected at Tag AI_TT_027
4/24/2026 10:43:25 AM,202,Warning,WT8-GUI,83096926,HM,Overscaled Channel detected at Tag AI_TT_028
4/24/2026 10:43:25 AM,202,Warning,WT8-GUI,83096927,HM,Overscaled Channel detected at Tag AI_TT_002
4/24/2026 10:43:25 AM,202,Warning,WT8-GUI,83096928,HM,Overscaled Channel detected at Tag AI_TT_029
4/24/2026 10:43:25 AM,202,Warning,WT8-GUI,83096929,HM,Overscaled Channel detected at Tag AI_TT_030
4/24/2026 10:43:25 AM,202,Warning,WT8-GUI,83096930,HM,Overscaled Channel detected at Tag AI_TT_003
4/24/2026 10:43:25 AM,202,Warning,WT8-GUI,83096931,HM,Overscaled Channel detected at Tag AI_TT_004
4/24/2026 10:43:25 AM,202,Warning,WT8-GUI,83096932,HM,Overscaled Channel detected at Tag AI_TT_005
4/24/2026 10:43:25 AM,202,Warning,WT8-GUI,83096933,HM,Overscaled Channel detected at Tag AI_TT_006
4/24/2026 10:43:25 AM,202,Warning,WT8-GUI,83096934,HM,Overscaled Channel detected at Tag AI_TT_007
4/24/2026 10:43:25 AM,202,Warning,WT8-GUI,83096935,HM,Overscaled Channel detected at Tag AI_TT_008
4/24/2026 10:43:25 AM,202,Warning,WT8-GUI,83096936,HM,Overscaled Channel detected at Tag AI_TK_000
4/24/2026 10:43:25 AM,202,Warning,WT8-GUI,83096937,HM,Overscaled Channel detected at Tag AI_TK_009
4/24/2026 10:43:25 AM,202,Warning,WT8-GUI,83096938,HM,Overscaled Channel detected at Tag AI_TK_010
4/24/2026 10:43:25 AM,202,Warning,WT8-GUI,83096939,HM,Overscaled Channel detected at Tag AI_TK_011
4/24/2026 10:43:25 AM,202,Warning,WT8-GUI,83096940,HM,Overscaled Channel detected at Tag AI_TK_012
4/24/2026 10:43:25 AM,202,Warning,WT8-GUI,83096941,HM,Overscaled Channel detected at Tag AI_TK_013
4/24/2026 10:43:25 AM,202,Warning,WT8-GUI,83096942,HM,Overscaled Channel detected at Tag AI_TK_014
4/24/2026 10:43:25 AM,202,Warning,WT8-GUI,83096943,HM,Overscaled Channel detected at Tag AI_TK_015
4/24/2026 10:43:25 AM,202,Warning,WT8-GUI,83096944,HM,Overscaled Channel detected at Tag AI_TK_016
4/24/2026 10:43:25 AM,202,Warning,WT8-GUI,83096945,HM,Overscaled Channel detected at Tag AI_TK_017
4/24/2026 10:43:25 AM,202,Warning,WT8-GUI,83096946,HM,Overscaled Channel detected at Tag AI_TK_018
4/24/2026 10:43:25 AM,202,Warning,WT8-GUI,83096947,HM,Overscaled Channel detected at Tag AI_TK_001
4/24/2026 10:43:25 AM,202,Warning,WT8-GUI,83096948,HM,Overscaled Channel detected at Tag AI_TK_019
4/24/2026 10:43:25 AM,202,Warning,WT8-GUI,83096949,HM,Overscaled Channel detected at Tag AI_Volts_Shunt_013
4/24/2026 10:43:25 AM,202,Warning,WT8-GUI,83096950,HM,Overscaled Channel detected at Tag AI_Volts_Shunt_014
4/24/2026 10:43:25 AM,202,Warning,WT8-GUI,83096951,HM,Overscaled Channel detected at Tag AI_Volts_Shunt_015
4/24/2026 10:43:25 AM,202,Warning,WT8-GUI,83096952,HM,Overscaled Channel detected at Tag AI_Strain_000
4/24/2026 10:43:25 AM,202,Warning,WT8-GUI,83096953,HM,Overscaled Channel detected at Tag AI_Strain_001
4/24/2026 10:43:25 AM,202,Warning,WT8-GUI,83096954,HM,Overscaled Channel detected at Tag AI_Strain_002
4/24/2026 10:43:25 AM,202,Warning,WT8-GUI,83096955,HM,Overscaled Channel detected at Tag AI_Strain_003
4/24/2026 10:43:25 AM,202,Warning,WT8-GUI,83096956,HM,Overscaled Channel detected at Tag AI_Strain_004
4/24/2026 10:43:25 AM,202,Warning,WT8-GUI,83096957,HM,Overscaled Channel detected at Tag AI_Strain_005
4/24/2026 10:43:25 AM,202,Warning,WT8-GUI,83096958,HM,Overscaled Channel detected at Tag AI_Strain_006
4/24/2026 10:43:25 AM,202,Warning,WT8-GUI,83096959,HM,Overscaled Channel detected at Tag AI_Strain_007
4/24/2026 10:43:25 AM,202,Warning,WT8-GUI,83096960,HM,Overscaled Channel detected at Tag AI_TT_000
4/24/2026 10:43:25 AM,202,Warning,WT8-GUI,83096961,HM,Overscaled Channel detected at Tag AI_TT_009
4/24/2026 10:43:25 AM,202,Warning,WT8-GUI,83096962,HM,Overscaled Channel detected at Tag AI_TT_010
4/24/2026 10:43:25 AM,202,Warning,WT8-GUI,83096963,HM,Overscaled Channel detected at Tag AI_TT_011
4/24/2026 10:43:25 AM,202,Warning,WT8-GUI,83096964,HM,Overscaled Channel detected at Tag AI_TT_012
4/24/2026 10:43:25 AM,202,Warning,WT8-GUI,83096965,HM,Overscaled Channel detected at Tag AI_TT_013
4/24/2026 10:43:25 AM,202,Warning,WT8-GUI,83096966,HM,Overscaled Channel detected at Tag AI_TT_014
4/24/2026 10:44:10 AM,301005,Warning,WT8-GUI,83096967,OPC,OPC Server Graybox.Simulator.1 on host localhost has not updated data in 81 minute(s).
4/24/2026 10:44:25 AM,202,Warning,WT8-GUI,83096968,HM,Overscaled Channel detected at Tag AI_Volts_Shunt_001
4/24/2026 10:44:25 AM,202,Warning,WT8-GUI,83096969,HM,Overscaled Channel detected at Tag AI_Volts_Shunt_003
4/24/2026 10:44:25 AM,202,Warning,WT8-GUI,83096970,HM,Overscaled Channel detected at Tag AI_Volts_Shunt_004
4/24/2026 10:44:25 AM,202,Warning,WT8-GUI,83096971,HM,Overscaled Channel detected at Tag AI_TK_020
4/24/2026 10:44:25 AM,202,Warning,WT8-GUI,83096972,HM,Overscaled Channel detected at Tag AI_TK_021
4/24/2026 10:44:25 AM,202,Warning,WT8-GUI,83096973,HM,Overscaled Channel detected at Tag AI_TK_022
4/24/2026 10:44:25 AM,202,Warning,WT8-GUI,83096974,HM,Overscaled Channel detected at Tag AI_TK_023
4/24/2026 10:44:25 AM,202,Warning,WT8-GUI,83096975,HM,Overscaled Channel detected at Tag AI_TK_024
4/24/2026 10:44:25 AM,202,Warning,WT8-GUI,83096976,HM,Overscaled Channel detected at Tag AI_TK_025
4/24/2026 10:44:25 AM,202,Warning,WT8-GUI,83096977,HM,Overscaled Channel detected at Tag AI_TK_026
4/24/2026 10:44:25 AM,202,Warning,WT8-GUI,83096978,HM,Overscaled Channel detected at Tag AI_TK_027
4/24/2026 10:44:25 AM,202,Warning,WT8-GUI,83096979,HM,Overscaled Channel detected at Tag AI_TK_028
4/24/2026 10:44:25 AM,202,Warning,WT8-GUI,83096980,HM,Overscaled Channel detected at Tag AI_TK_002
4/24/2026 10:44:25 AM,202,Warning,WT8-GUI,83096981,HM,Overscaled Channel detected at Tag AI_TK_029
4/24/2026 10:44:25 AM,202,Warning,WT8-GUI,83096982,HM,Overscaled Channel detected at Tag AI_TK_030
4/24/2026 10:44:25 AM,202,Warning,WT8-GUI,83096983,HM,Overscaled Channel detected at Tag AI_TK_003
4/24/2026 10:44:25 AM,202,Warning,WT8-GUI,83096984,HM,Overscaled Channel detected at Tag AI_TK_004
4/24/2026 10:44:25 AM,202,Warning,WT8-GUI,83096985,HM,Overscaled Channel detected at Tag AI_TK_005
4/24/2026 10:44:25 AM,202,Warning,WT8-GUI,83096986,HM,Overscaled Channel detected at Tag AI_TK_006
4/24/2026 10:44:25 AM,202,Warning,WT8-GUI,83096987,HM,Overscaled Channel detected at Tag AI_TK_007
4/24/2026 10:44:25 AM,202,Warning,WT8-GUI,83096988,HM,Overscaled Channel detected at Tag AI_TK_008
4/24/2026 10:44:25 AM,202,Warning,WT8-GUI,83096989,HM,Overscaled Channel detected at Tag AI_Volts_Shunt_000
4/24/2026 10:44:25 AM,202,Warning,WT8-GUI,83096990,HM,Overscaled Channel detected at Tag AI_TT_015
4/24/2026 10:44:25 AM,202,Warning,WT8-GUI,83096991,HM,Overscaled Channel detected at Tag AI_TT_016
4/24/2026 10:44:25 AM,202,Warning,WT8-GUI,83096992,HM,Overscaled Channel detected at Tag AI_TT_017
4/24/2026 10:44:25 AM,202,Warning,WT8-GUI,83096993,HM,Overscaled Channel detected at Tag AI_TT_018
4/24/2026 10:44:25 AM,202,Warning,WT8-GUI,83096994,HM,Overscaled Channel detected at Tag AI_TT_001
4/24/2026 10:44:25 AM,202,Warning,WT8-GUI,83096995,HM,Overscaled Channel detected at Tag AI_TT_019
4/24/2026 10:44:25 AM,202,Warning,WT8-GUI,83096996,HM,Overscaled Channel detected at Tag AI_TT_020
4/24/2026 10:44:25 AM,202,Warning,WT8-GUI,83096997,HM,Overscaled Channel detected at Tag AI_TT_021
4/24/2026 10:44:25 AM,202,Warning,WT8-GUI,83096998,HM,Overscaled Channel detected at Tag AI_TT_022
4/24/2026 10:44:25 AM,202,Warning,WT8-GUI,83096999,HM,Overscaled Channel detected at Tag AI_TT_023
4/24/2026 10:44:25 AM,202,Warning,WT8-GUI,83097000,HM,Overscaled Channel detected at Tag AI_TT_024
4/24/2026 10:44:25 AM,202,Warning,WT8-GUI,83097001,HM,Overscaled Channel detected at Tag AI_TT_025
4/24/2026 10:44:25 AM,202,Warning,WT8-GUI,83097002,HM,Overscaled Channel detected at Tag AI_TT_026
4/24/2026 10:44:25 AM,202,Warning,WT8-GUI,83097003,HM,Overscaled Channel detected at Tag AI_TT_027
4/24/2026 10:44:25 AM,202,Warning,WT8-GUI,83097004,HM,Overscaled Channel detected at Tag AI_TT_028
4/24/2026 10:44:25 AM,202,Warning,WT8-GUI,83097005,HM,Overscaled Channel detected at Tag AI_TT_002
4/24/2026 10:44:25 AM,202,Warning,WT8-GUI,83097006,HM,Overscaled Channel detected at Tag AI_TT_029
4/24/2026 10:44:25 AM,202,Warning,WT8-GUI,83097007,HM,Overscaled Channel detected at Tag AI_TT_030
4/24/2026 10:44:25 AM,202,Warning,WT8-GUI,83097008,HM,Overscaled Channel detected at Tag AI_TT_003
4/24/2026 10:44:25 AM,202,Warning,WT8-GUI,83097009,HM,Overscaled Channel detected at Tag AI_TT_004
4/24/2026 10:44:25 AM,202,Warning,WT8-GUI,83097010,HM,Overscaled Channel detected at Tag AI_TT_005
4/24/2026 10:44:25 AM,202,Warning,WT8-GUI,83097011,HM,Overscaled Channel detected at Tag AI_Volts_Shunt_006
4/24/2026 10:44:25 AM,202,Warning,WT8-GUI,83097012,HM,Overscaled Channel detected at Tag AI_Volts_Shunt_007
4/24/2026 10:44:25 AM,202,Warning,WT8-GUI,83097013,HM,Overscaled Channel detected at Tag AI_Volts_Shunt_008
4/24/2026 10:44:25 AM,202,Warning,WT8-GUI,83097014,HM,Overscaled Channel detected at Tag AI_Volts_Shunt_009
4/24/2026 10:44:25 AM,202,Warning,WT8-GUI,83097015,HM,Overscaled Channel detected at Tag AI_Volts_Shunt_010
4/24/2026 10:44:25 AM,202,Warning,WT8-GUI,83097016,HM,Overscaled Channel detected at Tag AI_Volts_Shunt_011
4/24/2026 10:44:25 AM,202,Warning,WT8-GUI,83097017,HM,Overscaled Channel detected at Tag AI_Volts_Shunt_012
4/24/2026 10:44:25 AM,202,Warning,WT8-GUI,83097018,HM,Overscaled Channel detected at Tag AI_TT_006
4/24/2026 10:44:25 AM,202,Warning,WT8-GUI,83097019,HM,Overscaled Channel detected at Tag AI_TT_007
4/24/2026 10:44:25 AM,202,Warning,WT8-GUI,83097020,HM,Overscaled Channel detected at Tag AI_TT_008
4/24/2026 10:44:25 AM,202,Warning,WT8-GUI,83097021,HM,Overscaled Channel detected at Tag AI_TK_000
4/24/2026 10:44:25 AM,202,Warning,WT8-GUI,83097022,HM,Overscaled Channel detected at Tag AI_TK_009
4/24/2026 10:44:25 AM,202,Warning,WT8-GUI,83097023,HM,Overscaled Channel detected at Tag AI_TK_010
4/24/2026 10:44:25 AM,202,Warning,WT8-GUI,83097024,HM,Overscaled Channel detected at Tag AI_TK_011
4/24/2026 10:44:25 AM,202,Warning,WT8-GUI,83097025,HM,Overscaled Channel detected at Tag AI_TK_012
4/24/2026 10:44:25 AM,202,Warning,WT8-GUI,83097026,HM,Overscaled Channel detected at Tag AI_TK_013
4/24/2026 10:44:25 AM,202,Warning,WT8-GUI,83097027,HM,Overscaled Channel detected at Tag AI_TK_014
4/24/2026 10:44:25 AM,202,Warning,WT8-GUI,83097028,HM,Overscaled Channel detected at Tag AI_TK_015
4/24/2026 10:44:25 AM,202,Warning,WT8-GUI,83097029,HM,Overscaled Channel detected at Tag AI_TK_016
4/24/2026 10:44:25 AM,202,Warning,WT8-GUI,83097030,HM,Overscaled Channel detected at Tag AI_TK_017
4/24/2026 10:44:25 AM,202,Warning,WT8-GUI,83097031,HM,Overscaled Channel detected at Tag AI_TK_018
4/24/2026 10:44:25 AM,202,Warning,WT8-GUI,83097032,HM,Overscaled Channel detected at Tag AI_TK_001
4/24/2026 10:44:25 AM,202,Warning,WT8-GUI,83097033,HM,Overscaled Channel detected at Tag AI_TK_019
4/24/2026 10:44:25 AM,202,Warning,WT8-GUI,83097034,HM,Overscaled Channel detected at Tag AI_Volts_Shunt_013
4/24/2026 10:44:25 AM,202,Warning,WT8-GUI,83097035,HM,Overscaled Channel detected at Tag AI_Volts_Shunt_014
4/24/2026 10:44:25 AM,202,Warning,WT8-GUI,83097036,HM,Overscaled Channel detected at Tag AI_Volts_Shunt_015
4/24/2026 10:44:25 AM,202,Warning,WT8-GUI,83097037,HM,Overscaled Channel detected at Tag AI_Strain_000
4/24/2026 10:44:25 AM,202,Warning,WT8-GUI,83097038,HM,Overscaled Channel detected at Tag AI_Strain_001
4/24/2026 10:44:25 AM,202,Warning,WT8-GUI,83097039,HM,Overscaled Channel detected at Tag AI_Strain_002
4/24/2026 10:44:25 AM,202,Warning,WT8-GUI,83097040,HM,Overscaled Channel detected at Tag AI_Strain_003
4/24/2026 10:44:25 AM,202,Warning,WT8-GUI,83097041,HM,Overscaled Channel detected at Tag AI_Strain_004
4/24/2026 10:44:25 AM,202,Warning,WT8-GUI,83097042,HM,Overscaled Channel detected at Tag AI_Strain_005
4/24/2026 10:44:25 AM,202,Warning,WT8-GUI,83097043,HM,Overscaled Channel detected at Tag AI_Strain_006
4/24/2026 10:44:25 AM,202,Warning,WT8-GUI,83097044,HM,Overscaled Channel detected at Tag AI_Strain_007
4/24/2026 10:44:25 AM,202,Warning,WT8-GUI,83097045,HM,Overscaled Channel detected at Tag AI_TT_000
4/24/2026 10:44:25 AM,202,Warning,WT8-GUI,83097046,HM,Overscaled Channel detected at Tag AI_TT_009
4/24/2026 10:44:25 AM,202,Warning,WT8-GUI,83097047,HM,Overscaled Channel detected at Tag AI_TT_010
4/24/2026 10:44:25 AM,202,Warning,WT8-GUI,83097048,HM,Overscaled Channel detected at Tag AI_TT_011
4/24/2026 10:44:25 AM,202,Warning,WT8-GUI,83097049,HM,Overscaled Channel detected at Tag AI_TT_012
4/24/2026 10:44:25 AM,202,Warning,WT8-GUI,83097050,HM,Overscaled Channel detected at Tag AI_TT_013
4/24/2026 10:44:25 AM,202,Warning,WT8-GUI,83097051,HM,Overscaled Channel detected at Tag AI_TT_014
4/24/2026 10:45:10 AM,301005,Warning,WT8-GUI,83097052,OPC,OPC Server Graybox.Simulator.1 on host localhost has not updated data in 82 minute(s).
4/24/2026 10:45:25 AM,202,Warning,WT8-GUI,83097053,HM,Overscaled Channel detected at Tag AI_Volts_Shunt_001
4/24/2026 10:45:25 AM,202,Warning,WT8-GUI,83097054,HM,Overscaled Channel detected at Tag AI_Volts_Shunt_003
4/24/2026 10:45:25 AM,202,Warning,WT8-GUI,83097055,HM,Overscaled Channel detected at Tag AI_Volts_Shunt_004
4/24/2026 10:45:25 AM,202,Warning,WT8-GUI,83097056,HM,Overscaled Channel detected at Tag AI_TK_020
4/24/2026 10:45:25 AM,202,Warning,WT8-GUI,83097057,HM,Overscaled Channel detected at Tag AI_TK_021
4/24/2026 10:45:25 AM,202,Warning,WT8-GUI,83097058,HM,Overscaled Channel detected at Tag AI_TK_022
4/24/2026 10:45:25 AM,202,Warning,WT8-GUI,83097059,HM,Overscaled Channel detected at Tag AI_TK_023
4/24/2026 10:45:25 AM,202,Warning,WT8-GUI,83097060,HM,Overscaled Channel detected at Tag AI_TK_024
4/24/2026 10:45:25 AM,202,Warning,WT8-GUI,83097061,HM,Overscaled Channel detected at Tag AI_TK_025
4/24/2026 10:45:25 AM,202,Warning,WT8-GUI,83097062,HM,Overscaled Channel detected at Tag AI_TK_026
4/24/2026 10:45:25 AM,202,Warning,WT8-GUI,83097063,HM,Overscaled Channel detected at Tag AI_TK_027
4/24/2026 10:45:25 AM,202,Warning,WT8-GUI,83097064,HM,Overscaled Channel detected at Tag AI_TK_028
4/24/2026 10:45:25 AM,202,Warning,WT8-GUI,83097065,HM,Overscaled Channel detected at Tag AI_TK_002
4/24/2026 10:45:25 AM,202,Warning,WT8-GUI,83097066,HM,Overscaled Channel detected at Tag AI_TK_029
4/24/2026 10:45:25 AM,202,Warning,WT8-GUI,83097067,HM,Overscaled Channel detected at Tag AI_TK_030
4/24/2026 10:45:25 AM,202,Warning,WT8-GUI,83097068,HM,Overscaled Channel detected at Tag AI_TK_003
4/24/2026 10:45:25 AM,202,Warning,WT8-GUI,83097069,HM,Overscaled Channel detected at Tag AI_TK_004
4/24/2026 10:45:25 AM,202,Warning,WT8-GUI,83097070,HM,Overscaled Channel detected at Tag AI_TK_005
4/24/2026 10:45:25 AM,202,Warning,WT8-GUI,83097071,HM,Overscaled Channel detected at Tag AI_TK_006
4/24/2026 10:45:25 AM,202,Warning,WT8-GUI,83097072,HM,Overscaled Channel detected at Tag AI_TK_007
4/24/2026 10:45:25 AM,202,Warning,WT8-GUI,83097073,HM,Overscaled Channel detected at Tag AI_TK_008
4/24/2026 10:45:25 AM,202,Warning,WT8-GUI,83097074,HM,Overscaled Channel detected at Tag AI_Volts_Shunt_000
4/24/2026 10:45:25 AM,202,Warning,WT8-GUI,83097075,HM,Overscaled Channel detected at Tag AI_TT_015
4/24/2026 10:45:25 AM,202,Warning,WT8-GUI,83097076,HM,Overscaled Channel detected at Tag AI_TT_016
4/24/2026 10:45:25 AM,202,Warning,WT8-GUI,83097077,HM,Overscaled Channel detected at Tag AI_TT_017
4/24/2026 10:45:25 AM,202,Warning,WT8-GUI,83097078,HM,Overscaled Channel detected at Tag AI_TT_018
4/24/2026 10:45:25 AM,202,Warning,WT8-GUI,83097079,HM,Overscaled Channel detected at Tag AI_TT_001
4/24/2026 10:45:25 AM,202,Warning,WT8-GUI,83097080,HM,Overscaled Channel detected at Tag AI_TT_019
4/24/2026 10:45:25 AM,202,Warning,WT8-GUI,83097081,HM,Overscaled Channel detected at Tag AI_TT_020
4/24/2026 10:45:25 AM,202,Warning,WT8-GUI,83097082,HM,Overscaled Channel detected at Tag AI_TT_021
4/24/2026 10:45:25 AM,202,Warning,WT8-GUI,83097083,HM,Overscaled Channel detected at Tag AI_TT_022
4/24/2026 10:45:25 AM,202,Warning,WT8-GUI,83097084,HM,Overscaled Channel detected at Tag AI_TT_023
4/24/2026 10:45:25 AM,202,Warning,WT8-GUI,83097085,HM,Overscaled Channel detected at Tag AI_TT_024
4/24/2026 10:45:25 AM,202,Warning,WT8-GUI,83097086,HM,Overscaled Channel detected at Tag AI_TT_025
4/24/2026 10:45:25 AM,202,Warning,WT8-GUI,83097087,HM,Overscaled Channel detected at Tag AI_TT_026
4/24/2026 10:45:25 AM,202,Warning,WT8-GUI,83097088,HM,Overscaled Channel detected at Tag AI_TT_027
4/24/2026 10:45:25 AM,202,Warning,WT8-GUI,83097089,HM,Overscaled Channel detected at Tag AI_TT_028
4/24/2026 10:45:25 AM,202,Warning,WT8-GUI,83097090,HM,Overscaled Channel detected at Tag AI_TT_002
4/24/2026 10:45:25 AM,202,Warning,WT8-GUI,83097091,HM,Overscaled Channel detected at Tag AI_TT_029
4/24/2026 10:45:25 AM,202,Warning,WT8-GUI,83097092,HM,Overscaled Channel detected at Tag AI_TT_030
4/24/2026 10:45:25 AM,202,Warning,WT8-GUI,83097093,HM,Overscaled Channel detected at Tag AI_TT_003
4/24/2026 10:45:25 AM,202,Warning,WT8-GUI,83097094,HM,Overscaled Channel detected at Tag AI_TT_004
4/24/2026 10:45:25 AM,202,Warning,WT8-GUI,83097095,HM,Overscaled Channel detected at Tag AI_TT_005
4/24/2026 10:45:25 AM,202,Warning,WT8-GUI,83097096,HM,Overscaled Channel detected at Tag AI_Volts_Shunt_006
4/24/2026 10:45:25 AM,202,Warning,WT8-GUI,83097097,HM,Overscaled Channel detected at Tag AI_Volts_Shunt_007
4/24/2026 10:45:25 AM,202,Warning,WT8-GUI,83097098,HM,Overscaled Channel detected at Tag AI_Volts_Shunt_008
4/24/2026 10:45:25 AM,202,Warning,WT8-GUI,83097099,HM,Overscaled Channel detected at Tag AI_Volts_Shunt_009
4/24/2026 10:45:25 AM,202,Warning,WT8-GUI,83097100,HM,Overscaled Channel detected at Tag AI_Volts_Shunt_010
4/24/2026 10:45:25 AM,202,Warning,WT8-GUI,83097101,HM,Overscaled Channel detected at Tag AI_Volts_Shunt_011
4/24/2026 10:45:25 AM,202,Warning,WT8-GUI,83097102,HM,Overscaled Channel detected at Tag AI_Volts_Shunt_012
4/24/2026 10:45:25 AM,202,Warning,WT8-GUI,83097103,HM,Overscaled Channel detected at Tag AI_TT_006
4/24/2026 10:45:25 AM,202,Warning,WT8-GUI,83097104,HM,Overscaled Channel detected at Tag AI_TT_007
4/24/2026 10:45:25 AM,202,Warning,WT8-GUI,83097105,HM,Overscaled Channel detected at Tag AI_TT_008
4/24/2026 10:45:25 AM,202,Warning,WT8-GUI,83097106,HM,Overscaled Channel detected at Tag AI_TK_000
4/24/2026 10:45:25 AM,202,Warning,WT8-GUI,83097107,HM,Overscaled Channel detected at Tag AI_TK_009
4/24/2026 10:45:25 AM,202,Warning,WT8-GUI,83097108,HM,Overscaled Channel detected at Tag AI_TK_010
4/24/2026 10:45:25 AM,202,Warning,WT8-GUI,83097109,HM,Overscaled Channel detected at Tag AI_TK_011
4/24/2026 10:45:25 AM,202,Warning,WT8-GUI,83097110,HM,Overscaled Channel detected at Tag AI_TK_012
4/24/2026 10:45:25 AM,202,Warning,WT8-GUI,83097111,HM,Overscaled Channel detected at Tag AI_TK_013
4/24/2026 10:45:25 AM,202,Warning,WT8-GUI,83097112,HM,Overscaled Channel detected at Tag AI_TK_014
4/24/2026 10:45:25 AM,202,Warning,WT8-GUI,83097113,HM,Overscaled Channel detected at Tag AI_TK_015
4/24/2026 10:45:25 AM,202,Warning,WT8-GUI,83097114,HM,Overscaled Channel detected at Tag AI_TK_016
4/24/2026 10:45:25 AM,202,Warning,WT8-GUI,83097115,HM,Overscaled Channel detected at Tag AI_TK_017
4/24/2026 10:45:25 AM,202,Warning,WT8-GUI,83097116,HM,Overscaled Channel detected at Tag AI_TK_018
4/24/2026 10:45:25 AM,202,Warning,WT8-GUI,83097117,HM,Overscaled Channel detected at Tag AI_TK_001
4/24/2026 10:45:25 AM,202,Warning,WT8-GUI,83097118,HM,Overscaled Channel detected at Tag AI_TK_019
4/24/2026 10:45:25 AM,202,Warning,WT8-GUI,83097119,HM,Overscaled Channel detected at Tag AI_Volts_Shunt_013
4/24/2026 10:45:25 AM,202,Warning,WT8-GUI,83097120,HM,Overscaled Channel detected at Tag AI_Volts_Shunt_014
4/24/2026 10:45:25 AM,202,Warning,WT8-GUI,83097121,HM,Overscaled Channel detected at Tag AI_Volts_Shunt_015
4/24/2026 10:45:25 AM,202,Warning,WT8-GUI,83097122,HM,Overscaled Channel detected at Tag AI_Strain_000
4/24/2026 10:45:25 AM,202,Warning,WT8-GUI,83097123,HM,Overscaled Channel detected at Tag AI_Strain_001
4/24/2026 10:45:25 AM,202,Warning,WT8-GUI,83097124,HM,Overscaled Channel detected at Tag AI_Strain_002
4/24/2026 10:45:25 AM,202,Warning,WT8-GUI,83097125,HM,Overscaled Channel detected at Tag AI_Strain_003
4/24/2026 10:45:25 AM,202,Warning,WT8-GUI,83097126,HM,Overscaled Channel detected at Tag AI_Strain_004
4/24/2026 10:45:25 AM,202,Warning,WT8-GUI,83097127,HM,Overscaled Channel detected at Tag AI_Strain_005
4/24/2026 10:45:25 AM,202,Warning,WT8-GUI,83097128,HM,Overscaled Channel detected at Tag AI_Strain_006
4/24/2026 10:45:25 AM,202,Warning,WT8-GUI,83097129,HM,Overscaled Channel detected at Tag AI_Strain_007
4/24/2026 10:45:25 AM,202,Warning,WT8-GUI,83097130,HM,Overscaled Channel detected at Tag AI_TT_000
4/24/2026 10:45:25 AM,202,Warning,WT8-GUI,83097131,HM,Overscaled Channel detected at Tag AI_TT_009
4/24/2026 10:45:25 AM,202,Warning,WT8-GUI,83097132,HM,Overscaled Channel detected at Tag AI_TT_010
4/24/2026 10:45:25 AM,202,Warning,WT8-GUI,83097133,HM,Overscaled Channel detected at Tag AI_TT_011
4/24/2026 10:45:25 AM,202,Warning,WT8-GUI,83097134,HM,Overscaled Channel detected at Tag AI_TT_012
4/24/2026 10:45:25 AM,202,Warning,WT8-GUI,83097135,HM,Overscaled Channel detected at Tag AI_TT_013
4/24/2026 10:45:25 AM,202,Warning,WT8-GUI,83097136,HM,Overscaled Channel detected at Tag AI_TT_014
4/24/2026 10:46:10 AM,301005,Warning,WT8-GUI,83097137,OPC,OPC Server Graybox.Simulator.1 on host localhost has not updated data in 83 minute(s).
4/24/2026 10:46:25 AM,202,Warning,WT8-GUI,83097138,HM,Overscaled Channel detected at Tag AI_Volts_Shunt_001
4/24/2026 10:46:25 AM,202,Warning,WT8-GUI,83097139,HM,Overscaled Channel detected at Tag AI_Volts_Shunt_003
4/24/2026 10:46:25 AM,202,Warning,WT8-GUI,83097140,HM,Overscaled Channel detected at Tag AI_Volts_Shunt_004
4/24/2026 10:46:25 AM,202,Warning,WT8-GUI,83097141,HM,Overscaled Channel detected at Tag AI_TK_020
4/24/2026 10:46:25 AM,202,Warning,WT8-GUI,83097142,HM,Overscaled Channel detected at Tag AI_TK_021
4/24/2026 10:46:25 AM,202,Warning,WT8-GUI,83097143,HM,Overscaled Channel detected at Tag AI_TK_022
4/24/2026 10:46:25 AM,202,Warning,WT8-GUI,83097144,HM,Overscaled Channel detected at Tag AI_TK_023
4/24/2026 10:46:25 AM,202,Warning,WT8-GUI,83097145,HM,Overscaled Channel detected at Tag AI_TK_024
4/24/2026 10:46:25 AM,202,Warning,WT8-GUI,83097146,HM,Overscaled Channel detected at Tag AI_TK_025
4/24/2026 10:46:25 AM,202,Warning,WT8-GUI,83097147,HM,Overscaled Channel detected at Tag AI_TK_026
4/24/2026 10:46:25 AM,202,Warning,WT8-GUI,83097148,HM,Overscaled Channel detected at Tag AI_TK_027
4/24/2026 10:46:25 AM,202,Warning,WT8-GUI,83097149,HM,Overscaled Channel detected at Tag AI_TK_028
4/24/2026 10:46:25 AM,202,Warning,WT8-GUI,83097150,HM,Overscaled Channel detected at Tag AI_TK_002
4/24/2026 10:46:25 AM,202,Warning,WT8-GUI,83097151,HM,Overscaled Channel detected at Tag AI_TK_029
4/24/2026 10:46:25 AM,202,Warning,WT8-GUI,83097152,HM,Overscaled Channel detected at Tag AI_TK_030
4/24/2026 10:46:25 AM,202,Warning,WT8-GUI,83097153,HM,Overscaled Channel detected at Tag AI_TK_003
4/24/2026 10:46:25 AM,202,Warning,WT8-GUI,83097154,HM,Overscaled Channel detected at Tag AI_TK_004
4/24/2026 10:46:25 AM,202,Warning,WT8-GUI,83097155,HM,Overscaled Channel detected at Tag AI_TK_005
4/24/2026 10:46:25 AM,202,Warning,WT8-GUI,83097156,HM,Overscaled Channel detected at Tag AI_TK_006
4/24/2026 10:46:25 AM,202,Warning,WT8-GUI,83097157,HM,Overscaled Channel detected at Tag AI_TK_007
4/24/2026 10:46:25 AM,202,Warning,WT8-GUI,83097158,HM,Overscaled Channel detected at Tag AI_TK_008
4/24/2026 10:46:25 AM,202,Warning,WT8-GUI,83097159,HM,Overscaled Channel detected at Tag AI_Volts_Shunt_000
4/24/2026 10:46:25 AM,202,Warning,WT8-GUI,83097160,HM,Overscaled Channel detected at Tag AI_TT_015
4/24/2026 10:46:25 AM,202,Warning,WT8-GUI,83097161,HM,Overscaled Channel detected at Tag AI_TT_016
4/24/2026 10:46:25 AM,202,Warning,WT8-GUI,83097162,HM,Overscaled Channel detected at Tag AI_TT_017
4/24/2026 10:46:25 AM,202,Warning,WT8-GUI,83097163,HM,Overscaled Channel detected at Tag AI_TT_018
4/24/2026 10:46:25 AM,202,Warning,WT8-GUI,83097164,HM,Overscaled Channel detected at Tag AI_TT_001
4/24/2026 10:46:25 AM,202,Warning,WT8-GUI,83097165,HM,Overscaled Channel detected at Tag AI_TT_019
4/24/2026 10:46:25 AM,202,Warning,WT8-GUI,83097166,HM,Overscaled Channel detected at Tag AI_TT_020
4/24/2026 10:46:25 AM,202,Warning,WT8-GUI,83097167,HM,Overscaled Channel detected at Tag AI_TT_021
4/24/2026 10:46:25 AM,202,Warning,WT8-GUI,83097168,HM,Overscaled Channel detected at Tag AI_TT_022
4/24/2026 10:46:25 AM,202,Warning,WT8-GUI,83097169,HM,Overscaled Channel detected at Tag AI_TT_023
4/24/2026 10:46:25 AM,202,Warning,WT8-GUI,83097170,HM,Overscaled Channel detected at Tag AI_TT_024
4/24/2026 10:46:25 AM,202,Warning,WT8-GUI,83097171,HM,Overscaled Channel detected at Tag AI_TT_025
4/24/2026 10:46:25 AM,202,Warning,WT8-GUI,83097172,HM,Overscaled Channel detected at Tag AI_TT_026
4/24/2026 10:46:25 AM,202,Warning,WT8-GUI,83097173,HM,Overscaled Channel detected at Tag AI_TT_027
4/24/2026 10:46:25 AM,202,Warning,WT8-GUI,83097174,HM,Overscaled Channel detected at Tag AI_TT_028
4/24/2026 10:46:25 AM,202,Warning,WT8-GUI,83097175,HM,Overscaled Channel detected at Tag AI_TT_002
4/24/2026 10:46:25 AM,202,Warning,WT8-GUI,83097176,HM,Overscaled Channel detected at Tag AI_TT_029
4/24/2026 10:46:25 AM,202,Warning,WT8-GUI,83097177,HM,Overscaled Channel detected at Tag AI_TT_030
4/24/2026 10:46:25 AM,202,Warning,WT8-GUI,83097178,HM,Overscaled Channel detected at Tag AI_TT_003
4/24/2026 10:46:25 AM,202,Warning,WT8-GUI,83097179,HM,Overscaled Channel detected at Tag AI_TT_004
4/24/2026 10:46:25 AM,202,Warning,WT8-GUI,83097180,HM,Overscaled Channel detected at Tag AI_TT_005
4/24/2026 10:46:25 AM,202,Warning,WT8-GUI,83097181,HM,Overscaled Channel detected at Tag AI_Volts_Shunt_006
4/24/2026 10:46:25 AM,202,Warning,WT8-GUI,83097182,HM,Overscaled Channel detected at Tag AI_Volts_Shunt_007
4/24/2026 10:46:25 AM,202,Warning,WT8-GUI,83097183,HM,Overscaled Channel detected at Tag AI_Volts_Shunt_008
4/24/2026 10:46:25 AM,202,Warning,WT8-GUI,83097184,HM,Overscaled Channel detected at Tag AI_Volts_Shunt_009
4/24/2026 10:46:25 AM,202,Warning,WT8-GUI,83097185,HM,Overscaled Channel detected at Tag AI_Volts_Shunt_010
4/24/2026 10:46:25 AM,202,Warning,WT8-GUI,83097186,HM,Overscaled Channel detected at Tag AI_Volts_Shunt_011
4/24/2026 10:46:25 AM,202,Warning,WT8-GUI,83097187,HM,Overscaled Channel detected at Tag AI_Volts_Shunt_012
4/24/2026 10:46:25 AM,202,Warning,WT8-GUI,83097188,HM,Overscaled Channel detected at Tag AI_TT_006
4/24/2026 10:46:25 AM,202,Warning,WT8-GUI,83097189,HM,Overscaled Channel detected at Tag AI_TT_007
4/24/2026 10:46:25 AM,202,Warning,WT8-GUI,83097190,HM,Overscaled Channel detected at Tag AI_TT_008
4/24/2026 10:46:25 AM,202,Warning,WT8-GUI,83097191,HM,Overscaled Channel detected at Tag AI_TK_000
4/24/2026 10:46:25 AM,202,Warning,WT8-GUI,83097192,HM,Overscaled Channel detected at Tag AI_TK_009
4/24/2026 10:46:25 AM,202,Warning,WT8-GUI,83097193,HM,Overscaled Channel detected at Tag AI_TK_010
4/24/2026 10:46:25 AM,202,Warning,WT8-GUI,83097194,HM,Overscaled Channel detected at Tag AI_TK_011
4/24/2026 10:46:25 AM,202,Warning,WT8-GUI,83097195,HM,Overscaled Channel detected at Tag AI_TK_012
4/24/2026 10:46:25 AM,202,Warning,WT8-GUI,83097196,HM,Overscaled Channel detected at Tag AI_TK_013
4/24/2026 10:46:25 AM,202,Warning,WT8-GUI,83097197,HM,Overscaled Channel detected at Tag AI_TK_014
4/24/2026 10:46:25 AM,202,Warning,WT8-GUI,83097198,HM,Overscaled Channel detected at Tag AI_TK_015
4/24/2026 10:46:25 AM,202,Warning,WT8-GUI,83097199,HM,Overscaled Channel detected at Tag AI_TK_016
4/24/2026 10:46:25 AM,202,Warning,WT8-GUI,83097200,HM,Overscaled Channel detected at Tag AI_TK_017
4/24/2026 10:46:25 AM,202,Warning,WT8-GUI,83097201,HM,Overscaled Channel detected at Tag AI_TK_018
4/24/2026 10:46:25 AM,202,Warning,WT8-GUI,83097202,HM,Overscaled Channel detected at Tag AI_TK_001
4/24/2026 10:46:25 AM,202,Warning,WT8-GUI,83097203,HM,Overscaled Channel detected at Tag AI_TK_019
4/24/2026 10:46:25 AM,202,Warning,WT8-GUI,83097204,HM,Overscaled Channel detected at Tag AI_Volts_Shunt_013
4/24/2026 10:46:25 AM,202,Warning,WT8-GUI,83097205,HM,Overscaled Channel detected at Tag AI_Volts_Shunt_014
4/24/2026 10:46:25 AM,202,Warning,WT8-GUI,83097206,HM,Overscaled Channel detected at Tag AI_Volts_Shunt_015
4/24/2026 10:46:25 AM,202,Warning,WT8-GUI,83097207,HM,Overscaled Channel detected at Tag AI_Strain_000
4/24/2026 10:46:25 AM,202,Warning,WT8-GUI,83097208,HM,Overscaled Channel detected at Tag AI_Strain_001
4/24/2026 10:46:25 AM,202,Warning,WT8-GUI,83097209,HM,Overscaled Channel detected at Tag AI_Strain_002
4/24/2026 10:46:25 AM,202,Warning,WT8-GUI,83097210,HM,Overscaled Channel detected at Tag AI_Strain_003
4/24/2026 10:46:25 AM,202,Warning,WT8-GUI,83097211,HM,Overscaled Channel detected at Tag AI_Strain_004
4/24/2026 10:46:25 AM,202,Warning,WT8-GUI,83097212,HM,Overscaled Channel detected at Tag AI_Strain_005
4/24/2026 10:46:25 AM,202,Warning,WT8-GUI,83097213,HM,Overscaled Channel detected at Tag AI_Strain_006
4/24/2026 10:46:25 AM,202,Warning,WT8-GUI,83097214,HM,Overscaled Channel detected at Tag AI_Strain_007
4/24/2026 10:46:25 AM,202,Warning,WT8-GUI,83097215,HM,Overscaled Channel detected at Tag AI_TT_000
4/24/2026 10:46:25 AM,202,Warning,WT8-GUI,83097216,HM,Overscaled Channel detected at Tag AI_TT_009
4/24/2026 10:46:25 AM,202,Warning,WT8-GUI,83097217,HM,Overscaled Channel detected at Tag AI_TT_010
4/24/2026 10:46:25 AM,202,Warning,WT8-GUI,83097218,HM,Overscaled Channel detected at Tag AI_TT_011
4/24/2026 10:46:25 AM,202,Warning,WT8-GUI,83097219,HM,Overscaled Channel detected at Tag AI_TT_012
4/24/2026 10:46:25 AM,202,Warning,WT8-GUI,83097220,HM,Overscaled Channel detected at Tag AI_TT_013
4/24/2026 10:46:25 AM,202,Warning,WT8-GUI,83097221,HM,Overscaled Channel detected at Tag AI_TT_014
4/24/2026 10:47:10 AM,301005,Warning,WT8-GUI,83097222,OPC,OPC Server Graybox.Simulator.1 on host localhost has not updated data in 84 minute(s).
4/24/2026 10:47:25 AM,202,Warning,WT8-GUI,83097223,HM,Overscaled Channel detected at Tag AI_Volts_Shunt_001
4/24/2026 10:47:25 AM,202,Warning,WT8-GUI,83097224,HM,Overscaled Channel detected at Tag AI_Volts_Shunt_003
4/24/2026 10:47:25 AM,202,Warning,WT8-GUI,83097225,HM,Overscaled Channel detected at Tag AI_Volts_Shunt_004
4/24/2026 10:47:25 AM,202,Warning,WT8-GUI,83097226,HM,Overscaled Channel detected at Tag AI_TK_020
4/24/2026 10:47:25 AM,202,Warning,WT8-GUI,83097227,HM,Overscaled Channel detected at Tag AI_TK_021
4/24/2026 10:47:25 AM,202,Warning,WT8-GUI,83097228,HM,Overscaled Channel detected at Tag AI_TK_022
4/24/2026 10:47:25 AM,202,Warning,WT8-GUI,83097229,HM,Overscaled Channel detected at Tag AI_TK_023
4/24/2026 10:47:25 AM,202,Warning,WT8-GUI,83097230,HM,Overscaled Channel detected at Tag AI_TK_024
4/24/2026 10:47:25 AM,202,Warning,WT8-GUI,83097231,HM,Overscaled Channel detected at Tag AI_TK_025
4/24/2026 10:47:25 AM,202,Warning,WT8-GUI,83097232,HM,Overscaled Channel detected at Tag AI_TK_026
4/24/2026 10:47:25 AM,202,Warning,WT8-GUI,83097233,HM,Overscaled Channel detected at Tag AI_TK_027
4/24/2026 10:47:25 AM,202,Warning,WT8-GUI,83097234,HM,Overscaled Channel detected at Tag AI_TK_028
4/24/2026 10:47:25 AM,202,Warning,WT8-GUI,83097235,HM,Overscaled Channel detected at Tag AI_TK_002
4/24/2026 10:47:25 AM,202,Warning,WT8-GUI,83097236,HM,Overscaled Channel detected at Tag AI_TK_029
4/24/2026 10:47:25 AM,202,Warning,WT8-GUI,83097237,HM,Overscaled Channel detected at Tag AI_TK_030
4/24/2026 10:47:25 AM,202,Warning,WT8-GUI,83097238,HM,Overscaled Channel detected at Tag AI_TK_003
4/24/2026 10:47:25 AM,202,Warning,WT8-GUI,83097239,HM,Overscaled Channel detected at Tag AI_TK_004
4/24/2026 10:47:25 AM,202,Warning,WT8-GUI,83097240,HM,Overscaled Channel detected at Tag AI_TK_005
4/24/2026 10:47:25 AM,202,Warning,WT8-GUI,83097241,HM,Overscaled Channel detected at Tag AI_TK_006
4/24/2026 10:47:25 AM,202,Warning,WT8-GUI,83097242,HM,Overscaled Channel detected at Tag AI_TK_007
4/24/2026 10:47:25 AM,202,Warning,WT8-GUI,83097243,HM,Overscaled Channel detected at Tag AI_TK_008
4/24/2026 10:47:25 AM,202,Warning,WT8-GUI,83097244,HM,Overscaled Channel detected at Tag AI_Volts_Shunt_000
4/24/2026 10:47:25 AM,202,Warning,WT8-GUI,83097245,HM,Overscaled Channel detected at Tag AI_TT_015
4/24/2026 10:47:25 AM,202,Warning,WT8-GUI,83097246,HM,Overscaled Channel detected at Tag AI_TT_016
4/24/2026 10:47:25 AM,202,Warning,WT8-GUI,83097247,HM,Overscaled Channel detected at Tag AI_TT_017
4/24/2026 10:47:25 AM,202,Warning,WT8-GUI,83097248,HM,Overscaled Channel detected at Tag AI_TT_018
4/24/2026 10:47:25 AM,202,Warning,WT8-GUI,83097249,HM,Overscaled Channel detected at Tag AI_TT_001
4/24/2026 10:47:25 AM,202,Warning,WT8-GUI,83097250,HM,Overscaled Channel detected at Tag AI_TT_019
4/24/2026 10:47:25 AM,202,Warning,WT8-GUI,83097251,HM,Overscaled Channel detected at Tag AI_TT_020
4/24/2026 10:47:25 AM,202,Warning,WT8-GUI,83097252,HM,Overscaled Channel detected at Tag AI_TT_021
4/24/2026 10:47:25 AM,202,Warning,WT8-GUI,83097253,HM,Overscaled Channel detected at Tag AI_TT_022
4/24/2026 10:47:25 AM,202,Warning,WT8-GUI,83097254,HM,Overscaled Channel detected at Tag AI_TT_023
4/24/2026 10:47:25 AM,202,Warning,WT8-GUI,83097255,HM,Overscaled Channel detected at Tag AI_TT_024
4/24/2026 10:47:25 AM,202,Warning,WT8-GUI,83097256,HM,Overscaled Channel detected at Tag AI_TT_025
4/24/2026 10:47:25 AM,202,Warning,WT8-GUI,83097257,HM,Overscaled Channel detected at Tag AI_TT_026
4/24/2026 10:47:25 AM,202,Warning,WT8-GUI,83097258,HM,Overscaled Channel detected at Tag AI_TT_027
4/24/2026 10:47:25 AM,202,Warning,WT8-GUI,83097259,HM,Overscaled Channel detected at Tag AI_TT_028
4/24/2026 10:47:25 AM,202,Warning,WT8-GUI,83097260,HM,Overscaled Channel detected at Tag AI_TT_002
4/24/2026 10:47:25 AM,202,Warning,WT8-GUI,83097261,HM,Overscaled Channel detected at Tag AI_TT_029
4/24/2026 10:47:25 AM,202,Warning,WT8-GUI,83097262,HM,Overscaled Channel detected at Tag AI_TT_030
4/24/2026 10:47:25 AM,202,Warning,WT8-GUI,83097263,HM,Overscaled Channel detected at Tag AI_TT_003
4/24/2026 10:47:25 AM,202,Warning,WT8-GUI,83097264,HM,Overscaled Channel detected at Tag AI_TT_004
4/24/2026 10:47:25 AM,202,Warning,WT8-GUI,83097265,HM,Overscaled Channel detected at Tag AI_TT_005
4/24/2026 10:47:25 AM,202,Warning,WT8-GUI,83097266,HM,Overscaled Channel detected at Tag AI_Volts_Shunt_006
4/24/2026 10:47:25 AM,202,Warning,WT8-GUI,83097267,HM,Overscaled Channel detected at Tag AI_Volts_Shunt_007
4/24/2026 10:47:25 AM,202,Warning,WT8-GUI,83097268,HM,Overscaled Channel detected at Tag AI_Volts_Shunt_008
4/24/2026 10:47:25 AM,202,Warning,WT8-GUI,83097269,HM,Overscaled Channel detected at Tag AI_Volts_Shunt_009
4/24/2026 10:47:25 AM,202,Warning,WT8-GUI,83097270,HM,Overscaled Channel detected at Tag AI_Volts_Shunt_010
4/24/2026 10:47:25 AM,202,Warning,WT8-GUI,83097271,HM,Overscaled Channel detected at Tag AI_Volts_Shunt_011
4/24/2026 10:47:25 AM,202,Warning,WT8-GUI,83097272,HM,Overscaled Channel detected at Tag AI_Volts_Shunt_012
4/24/2026 10:47:25 AM,202,Warning,WT8-GUI,83097273,HM,Overscaled Channel detected at Tag AI_TT_006
4/24/2026 10:47:25 AM,202,Warning,WT8-GUI,83097274,HM,Overscaled Channel detected at Tag AI_TT_007
4/24/2026 10:47:25 AM,202,Warning,WT8-GUI,83097275,HM,Overscaled Channel detected at Tag AI_TT_008
4/24/2026 10:47:25 AM,202,Warning,WT8-GUI,83097276,HM,Overscaled Channel detected at Tag AI_TK_000
4/24/2026 10:47:25 AM,202,Warning,WT8-GUI,83097277,HM,Overscaled Channel detected at Tag AI_TK_009
4/24/2026 10:47:25 AM,202,Warning,WT8-GUI,83097278,HM,Overscaled Channel detected at Tag AI_TK_010
4/24/2026 10:47:25 AM,202,Warning,WT8-GUI,83097279,HM,Overscaled Channel detected at Tag AI_TK_011
4/24/2026 10:47:25 AM,202,Warning,WT8-GUI,83097280,HM,Overscaled Channel detected at Tag AI_TK_012
4/24/2026 10:47:25 AM,202,Warning,WT8-GUI,83097281,HM,Overscaled Channel detected at Tag AI_TK_013
4/24/2026 10:47:25 AM,202,Warning,WT8-GUI,83097282,HM,Overscaled Channel detected at Tag AI_TK_014
4/24/2026 10:47:25 AM,202,Warning,WT8-GUI,83097283,HM,Overscaled Channel detected at Tag AI_TK_015
4/24/2026 10:47:25 AM,202,Warning,WT8-GUI,83097284,HM,Overscaled Channel detected at Tag AI_TK_016
4/24/2026 10:47:25 AM,202,Warning,WT8-GUI,83097285,HM,Overscaled Channel detected at Tag AI_TK_017
4/24/2026 10:47:25 AM,202,Warning,WT8-GUI,83097286,HM,Overscaled Channel detected at Tag AI_TK_018
4/24/2026 10:47:25 AM,202,Warning,WT8-GUI,83097287,HM,Overscaled Channel detected at Tag AI_TK_001
4/24/2026 10:47:25 AM,202,Warning,WT8-GUI,83097288,HM,Overscaled Channel detected at Tag AI_TK_019
4/24/2026 10:47:25 AM,202,Warning,WT8-GUI,83097289,HM,Overscaled Channel detected at Tag AI_Volts_Shunt_013
4/24/2026 10:47:25 AM,202,Warning,WT8-GUI,83097290,HM,Overscaled Channel detected at Tag AI_Volts_Shunt_014
4/24/2026 10:47:25 AM,202,Warning,WT8-GUI,83097291,HM,Overscaled Channel detected at Tag AI_Volts_Shunt_015
4/24/2026 10:47:25 AM,202,Warning,WT8-GUI,83097292,HM,Overscaled Channel detected at Tag AI_Strain_000
4/24/2026 10:47:25 AM,202,Warning,WT8-GUI,83097293,HM,Overscaled Channel detected at Tag AI_Strain_001
4/24/2026 10:47:25 AM,202,Warning,WT8-GUI,83097294,HM,Overscaled Channel detected at Tag AI_Strain_002
4/24/2026 10:47:25 AM,202,Warning,WT8-GUI,83097295,HM,Overscaled Channel detected at Tag AI_Strain_003
4/24/2026 10:47:25 AM,202,Warning,WT8-GUI,83097296,HM,Overscaled Channel detected at Tag AI_Strain_004
4/24/2026 10:47:25 AM,202,Warning,WT8-GUI,83097297,HM,Overscaled Channel detected at Tag AI_Strain_005
4/24/2026 10:47:25 AM,202,Warning,WT8-GUI,83097298,HM,Overscaled Channel detected at Tag AI_Strain_006
4/24/2026 10:47:25 AM,202,Warning,WT8-GUI,83097299,HM,Overscaled Channel detected at Tag AI_Strain_007
4/24/2026 10:47:25 AM,202,Warning,WT8-GUI,83097300,HM,Overscaled Channel detected at Tag AI_TT_000
4/24/2026 10:47:25 AM,202,Warning,WT8-GUI,83097301,HM,Overscaled Channel detected at Tag AI_TT_009
4/24/2026 10:47:25 AM,202,Warning,WT8-GUI,83097302,HM,Overscaled Channel detected at Tag AI_TT_010
4/24/2026 10:47:25 AM,202,Warning,WT8-GUI,83097303,HM,Overscaled Channel detected at Tag AI_TT_011
4/24/2026 10:47:25 AM,202,Warning,WT8-GUI,83097304,HM,Overscaled Channel detected at Tag AI_TT_012
4/24/2026 10:47:25 AM,202,Warning,WT8-GUI,83097305,HM,Overscaled Channel detected at Tag AI_TT_013
4/24/2026 10:47:25 AM,202,Warning,WT8-GUI,83097306,HM,Overscaled Channel detected at Tag AI_TT_014
4/24/2026 10:48:10 AM,301005,Warning,WT8-GUI,83097307,OPC,OPC Server Graybox.Simulator.1 on host localhost has not updated data in 85 minute(s).
4/24/2026 10:48:25 AM,202,Warning,WT8-GUI,83097308,HM,Overscaled Channel detected at Tag AI_Volts_Shunt_001
4/24/2026 10:48:25 AM,202,Warning,WT8-GUI,83097309,HM,Overscaled Channel detected at Tag AI_Volts_Shunt_003
4/24/2026 10:48:25 AM,202,Warning,WT8-GUI,83097310,HM,Overscaled Channel detected at Tag AI_Volts_Shunt_004
4/24/2026 10:48:25 AM,202,Warning,WT8-GUI,83097311,HM,Overscaled Channel detected at Tag AI_TK_020
4/24/2026 10:48:25 AM,202,Warning,WT8-GUI,83097312,HM,Overscaled Channel detected at Tag AI_TK_021
4/24/2026 10:48:25 AM,202,Warning,WT8-GUI,83097313,HM,Overscaled Channel detected at Tag AI_TK_022
4/24/2026 10:48:25 AM,202,Warning,WT8-GUI,83097314,HM,Overscaled Channel detected at Tag AI_TK_023
4/24/2026 10:48:25 AM,202,Warning,WT8-GUI,83097315,HM,Overscaled Channel detected at Tag AI_TK_024
4/24/2026 10:48:25 AM,202,Warning,WT8-GUI,83097316,HM,Overscaled Channel detected at Tag AI_TK_025
4/24/2026 10:48:25 AM,202,Warning,WT8-GUI,83097317,HM,Overscaled Channel detected at Tag AI_TK_026
4/24/2026 10:48:25 AM,202,Warning,WT8-GUI,83097318,HM,Overscaled Channel detected at Tag AI_TK_027
4/24/2026 10:48:25 AM,202,Warning,WT8-GUI,83097319,HM,Overscaled Channel detected at Tag AI_TK_028
4/24/2026 10:48:25 AM,202,Warning,WT8-GUI,83097320,HM,Overscaled Channel detected at Tag AI_TK_002
4/24/2026 10:48:25 AM,202,Warning,WT8-GUI,83097321,HM,Overscaled Channel detected at Tag AI_TK_029
4/24/2026 10:48:25 AM,202,Warning,WT8-GUI,83097322,HM,Overscaled Channel detected at Tag AI_TK_030
4/24/2026 10:48:25 AM,202,Warning,WT8-GUI,83097323,HM,Overscaled Channel detected at Tag AI_TK_003
4/24/2026 10:48:25 AM,202,Warning,WT8-GUI,83097324,HM,Overscaled Channel detected at Tag AI_TK_004
4/24/2026 10:48:25 AM,202,Warning,WT8-GUI,83097325,HM,Overscaled Channel detected at Tag AI_TK_005
4/24/2026 10:48:25 AM,202,Warning,WT8-GUI,83097326,HM,Overscaled Channel detected at Tag AI_TK_006
4/24/2026 10:48:25 AM,202,Warning,WT8-GUI,83097327,HM,Overscaled Channel detected at Tag AI_TK_007
4/24/2026 10:48:25 AM,202,Warning,WT8-GUI,83097328,HM,Overscaled Channel detected at Tag AI_TK_008
4/24/2026 10:48:25 AM,202,Warning,WT8-GUI,83097329,HM,Overscaled Channel detected at Tag AI_Volts_Shunt_000
4/24/2026 10:48:25 AM,202,Warning,WT8-GUI,83097330,HM,Overscaled Channel detected at Tag AI_TT_015
4/24/2026 10:48:25 AM,202,Warning,WT8-GUI,83097331,HM,Overscaled Channel detected at Tag AI_TT_016
4/24/2026 10:48:25 AM,202,Warning,WT8-GUI,83097332,HM,Overscaled Channel detected at Tag AI_TT_017
4/24/2026 10:48:25 AM,202,Warning,WT8-GUI,83097333,HM,Overscaled Channel detected at Tag AI_TT_018
4/24/2026 10:48:25 AM,202,Warning,WT8-GUI,83097334,HM,Overscaled Channel detected at Tag AI_TT_001
4/24/2026 10:48:25 AM,202,Warning,WT8-GUI,83097335,HM,Overscaled Channel detected at Tag AI_TT_019
4/24/2026 10:48:25 AM,202,Warning,WT8-GUI,83097336,HM,Overscaled Channel detected at Tag AI_TT_020
4/24/2026 10:48:25 AM,202,Warning,WT8-GUI,83097337,HM,Overscaled Channel detected at Tag AI_TT_021
4/24/2026 10:48:25 AM,202,Warning,WT8-GUI,83097338,HM,Overscaled Channel detected at Tag AI_TT_022
4/24/2026 10:48:25 AM,202,Warning,WT8-GUI,83097339,HM,Overscaled Channel detected at Tag AI_TT_023
4/24/2026 10:48:25 AM,202,Warning,WT8-GUI,83097340,HM,Overscaled Channel detected at Tag AI_TT_024
4/24/2026 10:48:25 AM,202,Warning,WT8-GUI,83097341,HM,Overscaled Channel detected at Tag AI_TT_025
4/24/2026 10:48:25 AM,202,Warning,WT8-GUI,83097342,HM,Overscaled Channel detected at Tag AI_TT_026
4/24/2026 10:48:25 AM,202,Warning,WT8-GUI,83097343,HM,Overscaled Channel detected at Tag AI_TT_027
4/24/2026 10:48:25 AM,202,Warning,WT8-GUI,83097344,HM,Overscaled Channel detected at Tag AI_TT_028
4/24/2026 10:48:25 AM,202,Warning,WT8-GUI,83097345,HM,Overscaled Channel detected at Tag AI_TT_002
4/24/2026 10:48:25 AM,202,Warning,WT8-GUI,83097346,HM,Overscaled Channel detected at Tag AI_TT_029
4/24/2026 10:48:25 AM,202,Warning,WT8-GUI,83097347,HM,Overscaled Channel detected at Tag AI_TT_030
4/24/2026 10:48:25 AM,202,Warning,WT8-GUI,83097348,HM,Overscaled Channel detected at Tag AI_TT_003
4/24/2026 10:48:25 AM,202,Warning,WT8-GUI,83097349,HM,Overscaled Channel detected at Tag AI_TT_004
4/24/2026 10:48:25 AM,202,Warning,WT8-GUI,83097350,HM,Overscaled Channel detected at Tag AI_TT_005
4/24/2026 10:48:25 AM,202,Warning,WT8-GUI,83097351,HM,Overscaled Channel detected at Tag AI_Volts_Shunt_006
4/24/2026 10:48:25 AM,202,Warning,WT8-GUI,83097352,HM,Overscaled Channel detected at Tag AI_Volts_Shunt_007
4/24/2026 10:48:25 AM,202,Warning,WT8-GUI,83097353,HM,Overscaled Channel detected at Tag AI_Volts_Shunt_008
4/24/2026 10:48:25 AM,202,Warning,WT8-GUI,83097354,HM,Overscaled Channel detected at Tag AI_Volts_Shunt_009
4/24/2026 10:48:25 AM,202,Warning,WT8-GUI,83097355,HM,Overscaled Channel detected at Tag AI_Volts_Shunt_010
4/24/2026 10:48:25 AM,202,Warning,WT8-GUI,83097356,HM,Overscaled Channel detected at Tag AI_Volts_Shunt_011
4/24/2026 10:48:25 AM,202,Warning,WT8-GUI,83097357,HM,Overscaled Channel detected at Tag AI_Volts_Shunt_012
4/24/2026 10:48:25 AM,202,Warning,WT8-GUI,83097358,HM,Overscaled Channel detected at Tag AI_TT_006
4/24/2026 10:48:25 AM,202,Warning,WT8-GUI,83097359,HM,Overscaled Channel detected at Tag AI_TT_007
4/24/2026 10:48:25 AM,202,Warning,WT8-GUI,83097360,HM,Overscaled Channel detected at Tag AI_TT_008
4/24/2026 10:48:25 AM,202,Warning,WT8-GUI,83097361,HM,Overscaled Channel detected at Tag AI_TK_000
4/24/2026 10:48:25 AM,202,Warning,WT8-GUI,83097362,HM,Overscaled Channel detected at Tag AI_TK_009
4/24/2026 10:48:25 AM,202,Warning,WT8-GUI,83097363,HM,Overscaled Channel detected at Tag AI_TK_010
4/24/2026 10:48:25 AM,202,Warning,WT8-GUI,83097364,HM,Overscaled Channel detected at Tag AI_TK_011
4/24/2026 10:48:25 AM,202,Warning,WT8-GUI,83097365,HM,Overscaled Channel detected at Tag AI_TK_012
4/24/2026 10:48:25 AM,202,Warning,WT8-GUI,83097366,HM,Overscaled Channel detected at Tag AI_TK_013
4/24/2026 10:48:25 AM,202,Warning,WT8-GUI,83097367,HM,Overscaled Channel detected at Tag AI_TK_014
4/24/2026 10:48:25 AM,202,Warning,WT8-GUI,83097368,HM,Overscaled Channel detected at Tag AI_TK_015
4/24/2026 10:48:25 AM,202,Warning,WT8-GUI,83097369,HM,Overscaled Channel detected at Tag AI_TK_016
4/24/2026 10:48:25 AM,202,Warning,WT8-GUI,83097370,HM,Overscaled Channel detected at Tag AI_TK_017
4/24/2026 10:48:25 AM,202,Warning,WT8-GUI,83097371,HM,Overscaled Channel detected at Tag AI_TK_018
4/24/2026 10:48:25 AM,202,Warning,WT8-GUI,83097372,HM,Overscaled Channel detected at Tag AI_TK_001
4/24/2026 10:48:25 AM,202,Warning,WT8-GUI,83097373,HM,Overscaled Channel detected at Tag AI_TK_019
4/24/2026 10:48:25 AM,202,Warning,WT8-GUI,83097374,HM,Overscaled Channel detected at Tag AI_Volts_Shunt_013
4/24/2026 10:48:25 AM,202,Warning,WT8-GUI,83097375,HM,Overscaled Channel detected at Tag AI_Volts_Shunt_014
4/24/2026 10:48:25 AM,202,Warning,WT8-GUI,83097376,HM,Overscaled Channel detected at Tag AI_Volts_Shunt_015
4/24/2026 10:48:25 AM,202,Warning,WT8-GUI,83097377,HM,Overscaled Channel detected at Tag AI_Strain_000
4/24/2026 10:48:25 AM,202,Warning,WT8-GUI,83097378,HM,Overscaled Channel detected at Tag AI_Strain_001
4/24/2026 10:48:25 AM,202,Warning,WT8-GUI,83097379,HM,Overscaled Channel detected at Tag AI_Strain_002
4/24/2026 10:48:25 AM,202,Warning,WT8-GUI,83097380,HM,Overscaled Channel detected at Tag AI_Strain_003
4/24/2026 10:48:25 AM,202,Warning,WT8-GUI,83097381,HM,Overscaled Channel detected at Tag AI_Strain_004
4/24/2026 10:48:25 AM,202,Warning,WT8-GUI,83097382,HM,Overscaled Channel detected at Tag AI_Strain_005
4/24/2026 10:48:25 AM,202,Warning,WT8-GUI,83097383,HM,Overscaled Channel detected at Tag AI_Strain_006
4/24/2026 10:48:25 AM,202,Warning,WT8-GUI,83097384,HM,Overscaled Channel detected at Tag AI_Strain_007
4/24/2026 10:48:25 AM,202,Warning,WT8-GUI,83097385,HM,Overscaled Channel detected at Tag AI_TT_000
4/24/2026 10:48:25 AM,202,Warning,WT8-GUI,83097386,HM,Overscaled Channel detected at Tag AI_TT_009
4/24/2026 10:48:25 AM,202,Warning,WT8-GUI,83097387,HM,Overscaled Channel detected at Tag AI_TT_010
4/24/2026 10:48:25 AM,202,Warning,WT8-GUI,83097388,HM,Overscaled Channel detected at Tag AI_TT_011
4/24/2026 10:48:25 AM,202,Warning,WT8-GUI,83097389,HM,Overscaled Channel detected at Tag AI_TT_012
4/24/2026 10:48:25 AM,202,Warning,WT8-GUI,83097390,HM,Overscaled Channel detected at Tag AI_TT_013
4/24/2026 10:48:25 AM,202,Warning,WT8-GUI,83097391,HM,Overscaled Channel detected at Tag AI_TT_014
4/24/2026 10:49:10 AM,301005,Warning,WT8-GUI,83097392,OPC,OPC Server Graybox.Simulator.1 on host localhost has not updated data in 86 minute(s).
4/24/2026 10:49:25 AM,202,Warning,WT8-GUI,83097393,HM,Overscaled Channel detected at Tag AI_Volts_Shunt_001
4/24/2026 10:49:25 AM,202,Warning,WT8-GUI,83097394,HM,Overscaled Channel detected at Tag AI_Volts_Shunt_003
4/24/2026 10:49:25 AM,202,Warning,WT8-GUI,83097395,HM,Overscaled Channel detected at Tag AI_Volts_Shunt_004
4/24/2026 10:49:25 AM,202,Warning,WT8-GUI,83097396,HM,Overscaled Channel detected at Tag AI_TK_020
4/24/2026 10:49:25 AM,202,Warning,WT8-GUI,83097397,HM,Overscaled Channel detected at Tag AI_TK_021
4/24/2026 10:49:25 AM,202,Warning,WT8-GUI,83097398,HM,Overscaled Channel detected at Tag AI_TK_022
4/24/2026 10:49:25 AM,202,Warning,WT8-GUI,83097399,HM,Overscaled Channel detected at Tag AI_TK_023
4/24/2026 10:49:25 AM,202,Warning,WT8-GUI,83097400,HM,Overscaled Channel detected at Tag AI_TK_024
4/24/2026 10:49:25 AM,202,Warning,WT8-GUI,83097401,HM,Overscaled Channel detected at Tag AI_TK_025
4/24/2026 10:49:25 AM,202,Warning,WT8-GUI,83097402,HM,Overscaled Channel detected at Tag AI_TK_026
4/24/2026 10:49:25 AM,202,Warning,WT8-GUI,83097403,HM,Overscaled Channel detected at Tag AI_TK_027
4/24/2026 10:49:25 AM,202,Warning,WT8-GUI,83097404,HM,Overscaled Channel detected at Tag AI_TK_028
4/24/2026 10:49:25 AM,202,Warning,WT8-GUI,83097405,HM,Overscaled Channel detected at Tag AI_TK_002
4/24/2026 10:49:25 AM,202,Warning,WT8-GUI,83097406,HM,Overscaled Channel detected at Tag AI_TK_029
4/24/2026 10:49:25 AM,202,Warning,WT8-GUI,83097407,HM,Overscaled Channel detected at Tag AI_TK_030
4/24/2026 10:49:25 AM,202,Warning,WT8-GUI,83097408,HM,Overscaled Channel detected at Tag AI_TK_003
4/24/2026 10:49:25 AM,202,Warning,WT8-GUI,83097409,HM,Overscaled Channel detected at Tag AI_TK_004
4/24/2026 10:49:25 AM,202,Warning,WT8-GUI,83097410,HM,Overscaled Channel detected at Tag AI_TK_005
4/24/2026 10:49:25 AM,202,Warning,WT8-GUI,83097411,HM,Overscaled Channel detected at Tag AI_TK_006
4/24/2026 10:49:25 AM,202,Warning,WT8-GUI,83097412,HM,Overscaled Channel detected at Tag AI_TK_007
4/24/2026 10:49:25 AM,202,Warning,WT8-GUI,83097413,HM,Overscaled Channel detected at Tag AI_TK_008
4/24/2026 10:49:25 AM,202,Warning,WT8-GUI,83097414,HM,Overscaled Channel detected at Tag AI_Volts_Shunt_000
4/24/2026 10:49:25 AM,202,Warning,WT8-GUI,83097415,HM,Overscaled Channel detected at Tag AI_TT_015
4/24/2026 10:49:25 AM,202,Warning,WT8-GUI,83097416,HM,Overscaled Channel detected at Tag AI_TT_016
4/24/2026 10:49:25 AM,202,Warning,WT8-GUI,83097417,HM,Overscaled Channel detected at Tag AI_TT_017
4/24/2026 10:49:25 AM,202,Warning,WT8-GUI,83097418,HM,Overscaled Channel detected at Tag AI_TT_018
4/24/2026 10:49:25 AM,202,Warning,WT8-GUI,83097419,HM,Overscaled Channel detected at Tag AI_TT_001
4/24/2026 10:49:25 AM,202,Warning,WT8-GUI,83097420,HM,Overscaled Channel detected at Tag AI_TT_019
4/24/2026 10:49:25 AM,202,Warning,WT8-GUI,83097421,HM,Overscaled Channel detected at Tag AI_TT_020
4/24/2026 10:49:25 AM,202,Warning,WT8-GUI,83097422,HM,Overscaled Channel detected at Tag AI_TT_021
4/24/2026 10:49:25 AM,202,Warning,WT8-GUI,83097423,HM,Overscaled Channel detected at Tag AI_TT_022
4/24/2026 10:49:25 AM,202,Warning,WT8-GUI,83097424,HM,Overscaled Channel detected at Tag AI_TT_023
4/24/2026 10:49:25 AM,202,Warning,WT8-GUI,83097425,HM,Overscaled Channel detected at Tag AI_TT_024
4/24/2026 10:49:25 AM,202,Warning,WT8-GUI,83097426,HM,Overscaled Channel detected at Tag AI_TT_025
4/24/2026 10:49:25 AM,202,Warning,WT8-GUI,83097427,HM,Overscaled Channel detected at Tag AI_TT_026
4/24/2026 10:49:25 AM,202,Warning,WT8-GUI,83097428,HM,Overscaled Channel detected at Tag AI_TT_027
4/24/2026 10:49:25 AM,202,Warning,WT8-GUI,83097429,HM,Overscaled Channel detected at Tag AI_TT_028
4/24/2026 10:49:25 AM,202,Warning,WT8-GUI,83097430,HM,Overscaled Channel detected at Tag AI_TT_002
4/24/2026 10:49:25 AM,202,Warning,WT8-GUI,83097431,HM,Overscaled Channel detected at Tag AI_TT_029
4/24/2026 10:49:25 AM,202,Warning,WT8-GUI,83097432,HM,Overscaled Channel detected at Tag AI_TT_030
4/24/2026 10:49:25 AM,202,Warning,WT8-GUI,83097433,HM,Overscaled Channel detected at Tag AI_TT_003
4/24/2026 10:49:25 AM,202,Warning,WT8-GUI,83097434,HM,Overscaled Channel detected at Tag AI_TT_004
4/24/2026 10:49:25 AM,202,Warning,WT8-GUI,83097435,HM,Overscaled Channel detected at Tag AI_TT_005
4/24/2026 10:49:25 AM,202,Warning,WT8-GUI,83097436,HM,Overscaled Channel detected at Tag AI_Volts_Shunt_006
4/24/2026 10:49:25 AM,202,Warning,WT8-GUI,83097437,HM,Overscaled Channel detected at Tag AI_Volts_Shunt_007
4/24/2026 10:49:25 AM,202,Warning,WT8-GUI,83097438,HM,Overscaled Channel detected at Tag AI_Volts_Shunt_008
4/24/2026 10:49:25 AM,202,Warning,WT8-GUI,83097439,HM,Overscaled Channel detected at Tag AI_Volts_Shunt_009
4/24/2026 10:49:25 AM,202,Warning,WT8-GUI,83097440,HM,Overscaled Channel detected at Tag AI_Volts_Shunt_010
4/24/2026 10:49:25 AM,202,Warning,WT8-GUI,83097441,HM,Overscaled Channel detected at Tag AI_Volts_Shunt_011
4/24/2026 10:49:25 AM,202,Warning,WT8-GUI,83097442,HM,Overscaled Channel detected at Tag AI_Volts_Shunt_012
4/24/2026 10:49:25 AM,202,Warning,WT8-GUI,83097443,HM,Overscaled Channel detected at Tag AI_TT_006
4/24/2026 10:49:25 AM,202,Warning,WT8-GUI,83097444,HM,Overscaled Channel detected at Tag AI_TT_007
4/24/2026 10:49:25 AM,202,Warning,WT8-GUI,83097445,HM,Overscaled Channel detected at Tag AI_TT_008
4/24/2026 10:49:25 AM,202,Warning,WT8-GUI,83097446,HM,Overscaled Channel detected at Tag AI_TK_000
4/24/2026 10:49:25 AM,202,Warning,WT8-GUI,83097447,HM,Overscaled Channel detected at Tag AI_TK_009
4/24/2026 10:49:25 AM,202,Warning,WT8-GUI,83097448,HM,Overscaled Channel detected at Tag AI_TK_010
4/24/2026 10:49:25 AM,202,Warning,WT8-GUI,83097449,HM,Overscaled Channel detected at Tag AI_TK_011
4/24/2026 10:49:25 AM,202,Warning,WT8-GUI,83097450,HM,Overscaled Channel detected at Tag AI_TK_012
4/24/2026 10:49:25 AM,202,Warning,WT8-GUI,83097451,HM,Overscaled Channel detected at Tag AI_TK_013
4/24/2026 10:49:25 AM,202,Warning,WT8-GUI,83097452,HM,Overscaled Channel detected at Tag AI_TK_014
4/24/2026 10:49:25 AM,202,Warning,WT8-GUI,83097453,HM,Overscaled Channel detected at Tag AI_TK_015
4/24/2026 10:49:25 AM,202,Warning,WT8-GUI,83097454,HM,Overscaled Channel detected at Tag AI_TK_016
4/24/2026 10:49:25 AM,202,Warning,WT8-GUI,83097455,HM,Overscaled Channel detected at Tag AI_TK_017
4/24/2026 10:49:25 AM,202,Warning,WT8-GUI,83097456,HM,Overscaled Channel detected at Tag AI_TK_018
4/24/2026 10:49:25 AM,202,Warning,WT8-GUI,83097457,HM,Overscaled Channel detected at Tag AI_TK_001
4/24/2026 10:49:25 AM,202,Warning,WT8-GUI,83097458,HM,Overscaled Channel detected at Tag AI_TK_019
4/24/2026 10:49:25 AM,202,Warning,WT8-GUI,83097459,HM,Overscaled Channel detected at Tag AI_Volts_Shunt_013
4/24/2026 10:49:25 AM,202,Warning,WT8-GUI,83097460,HM,Overscaled Channel detected at Tag AI_Volts_Shunt_014
4/24/2026 10:49:25 AM,202,Warning,WT8-GUI,83097461,HM,Overscaled Channel detected at Tag AI_Volts_Shunt_015
4/24/2026 10:49:25 AM,202,Warning,WT8-GUI,83097462,HM,Overscaled Channel detected at Tag AI_Strain_000
4/24/2026 10:49:25 AM,202,Warning,WT8-GUI,83097463,HM,Overscaled Channel detected at Tag AI_Strain_001
4/24/2026 10:49:25 AM,202,Warning,WT8-GUI,83097464,HM,Overscaled Channel detected at Tag AI_Strain_002
4/24/2026 10:49:25 AM,202,Warning,WT8-GUI,83097465,HM,Overscaled Channel detected at Tag AI_Strain_003
4/24/2026 10:49:25 AM,202,Warning,WT8-GUI,83097466,HM,Overscaled Channel detected at Tag AI_Strain_004
4/24/2026 10:49:25 AM,202,Warning,WT8-GUI,83097467,HM,Overscaled Channel detected at Tag AI_Strain_005
4/24/2026 10:49:25 AM,202,Warning,WT8-GUI,83097468,HM,Overscaled Channel detected at Tag AI_Strain_006
4/24/2026 10:49:25 AM,202,Warning,WT8-GUI,83097469,HM,Overscaled Channel detected at Tag AI_Strain_007
4/24/2026 10:49:25 AM,202,Warning,WT8-GUI,83097470,HM,Overscaled Channel detected at Tag AI_TT_000
4/24/2026 10:49:25 AM,202,Warning,WT8-GUI,83097471,HM,Overscaled Channel detected at Tag AI_TT_009
4/24/2026 10:49:25 AM,202,Warning,WT8-GUI,83097472,HM,Overscaled Channel detected at Tag AI_TT_010
4/24/2026 10:49:25 AM,202,Warning,WT8-GUI,83097473,HM,Overscaled Channel detected at Tag AI_TT_011
4/24/2026 10:49:25 AM,202,Warning,WT8-GUI,83097474,HM,Overscaled Channel detected at Tag AI_TT_012
4/24/2026 10:49:25 AM,202,Warning,WT8-GUI,83097475,HM,Overscaled Channel detected at Tag AI_TT_013
4/24/2026 10:49:25 AM,202,Warning,WT8-GUI,83097476,HM,Overscaled Channel detected at Tag AI_TT_014
4/24/2026 10:50:10 AM,301005,Warning,WT8-GUI,83097477,OPC,OPC Server Graybox.Simulator.1 on host localhost has not updated data in 87 minute(s).
4/24/2026 10:50:25 AM,202,Warning,WT8-GUI,83097478,HM,Overscaled Channel detected at Tag AI_Volts_Shunt_001
4/24/2026 10:50:25 AM,202,Warning,WT8-GUI,83097479,HM,Overscaled Channel detected at Tag AI_Volts_Shunt_003
4/24/2026 10:50:25 AM,202,Warning,WT8-GUI,83097480,HM,Overscaled Channel detected at Tag AI_Volts_Shunt_004
4/24/2026 10:50:25 AM,202,Warning,WT8-GUI,83097481,HM,Overscaled Channel detected at Tag AI_TK_020
4/24/2026 10:50:25 AM,202,Warning,WT8-GUI,83097482,HM,Overscaled Channel detected at Tag AI_TK_021
4/24/2026 10:50:25 AM,202,Warning,WT8-GUI,83097483,HM,Overscaled Channel detected at Tag AI_TK_022
4/24/2026 10:50:25 AM,202,Warning,WT8-GUI,83097484,HM,Overscaled Channel detected at Tag AI_TK_023
4/24/2026 10:50:25 AM,202,Warning,WT8-GUI,83097485,HM,Overscaled Channel detected at Tag AI_TK_024
4/24/2026 10:50:25 AM,202,Warning,WT8-GUI,83097486,HM,Overscaled Channel detected at Tag AI_TK_025
4/24/2026 10:50:25 AM,202,Warning,WT8-GUI,83097487,HM,Overscaled Channel detected at Tag AI_TK_026
4/24/2026 10:50:25 AM,202,Warning,WT8-GUI,83097488,HM,Overscaled Channel detected at Tag AI_TK_027
4/24/2026 10:50:25 AM,202,Warning,WT8-GUI,83097489,HM,Overscaled Channel detected at Tag AI_TK_028
4/24/2026 10:50:25 AM,202,Warning,WT8-GUI,83097490,HM,Overscaled Channel detected at Tag AI_TK_002
4/24/2026 10:50:25 AM,202,Warning,WT8-GUI,83097491,HM,Overscaled Channel detected at Tag AI_TK_029
4/24/2026 10:50:25 AM,202,Warning,WT8-GUI,83097492,HM,Overscaled Channel detected at Tag AI_TK_030
4/24/2026 10:50:25 AM,202,Warning,WT8-GUI,83097493,HM,Overscaled Channel detected at Tag AI_TK_003
4/24/2026 10:50:25 AM,202,Warning,WT8-GUI,83097494,HM,Overscaled Channel detected at Tag AI_TK_004
4/24/2026 10:50:25 AM,202,Warning,WT8-GUI,83097495,HM,Overscaled Channel detected at Tag AI_TK_005
4/24/2026 10:50:25 AM,202,Warning,WT8-GUI,83097496,HM,Overscaled Channel detected at Tag AI_TK_006
4/24/2026 10:50:25 AM,202,Warning,WT8-GUI,83097497,HM,Overscaled Channel detected at Tag AI_TK_007
4/24/2026 10:50:25 AM,202,Warning,WT8-GUI,83097498,HM,Overscaled Channel detected at Tag AI_TK_008
4/24/2026 10:50:25 AM,202,Warning,WT8-GUI,83097499,HM,Overscaled Channel detected at Tag AI_Volts_Shunt_000
4/24/2026 10:50:25 AM,202,Warning,WT8-GUI,83097500,HM,Overscaled Channel detected at Tag AI_TT_015
4/24/2026 10:50:25 AM,202,Warning,WT8-GUI,83097501,HM,Overscaled Channel detected at Tag AI_TT_016
4/24/2026 10:50:25 AM,202,Warning,WT8-GUI,83097502,HM,Overscaled Channel detected at Tag AI_TT_017
4/24/2026 10:50:25 AM,202,Warning,WT8-GUI,83097503,HM,Overscaled Channel detected at Tag AI_TT_018
4/24/2026 10:50:25 AM,202,Warning,WT8-GUI,83097504,HM,Overscaled Channel detected at Tag AI_TT_001
4/24/2026 10:50:25 AM,202,Warning,WT8-GUI,83097505,HM,Overscaled Channel detected at Tag AI_TT_019
4/24/2026 10:50:25 AM,202,Warning,WT8-GUI,83097506,HM,Overscaled Channel detected at Tag AI_TT_020
4/24/2026 10:50:25 AM,202,Warning,WT8-GUI,83097507,HM,Overscaled Channel detected at Tag AI_TT_021
4/24/2026 10:50:25 AM,202,Warning,WT8-GUI,83097508,HM,Overscaled Channel detected at Tag AI_TT_022
4/24/2026 10:50:25 AM,202,Warning,WT8-GUI,83097509,HM,Overscaled Channel detected at Tag AI_TT_023
4/24/2026 10:50:25 AM,202,Warning,WT8-GUI,83097510,HM,Overscaled Channel detected at Tag AI_TT_024
4/24/2026 10:50:25 AM,202,Warning,WT8-GUI,83097511,HM,Overscaled Channel detected at Tag AI_TT_025
4/24/2026 10:50:25 AM,202,Warning,WT8-GUI,83097512,HM,Overscaled Channel detected at Tag AI_TT_026
4/24/2026 10:50:25 AM,202,Warning,WT8-GUI,83097513,HM,Overscaled Channel detected at Tag AI_TT_027
4/24/2026 10:50:25 AM,202,Warning,WT8-GUI,83097514,HM,Overscaled Channel detected at Tag AI_TT_028
4/24/2026 10:50:25 AM,202,Warning,WT8-GUI,83097515,HM,Overscaled Channel detected at Tag AI_TT_002
4/24/2026 10:50:25 AM,202,Warning,WT8-GUI,83097516,HM,Overscaled Channel detected at Tag AI_TT_029
4/24/2026 10:50:25 AM,202,Warning,WT8-GUI,83097517,HM,Overscaled Channel detected at Tag AI_TT_030
4/24/2026 10:50:25 AM,202,Warning,WT8-GUI,83097518,HM,Overscaled Channel detected at Tag AI_TT_003
4/24/2026 10:50:25 AM,202,Warning,WT8-GUI,83097519,HM,Overscaled Channel detected at Tag AI_TT_004
4/24/2026 10:50:25 AM,202,Warning,WT8-GUI,83097520,HM,Overscaled Channel detected at Tag AI_TT_005
4/24/2026 10:50:25 AM,202,Warning,WT8-GUI,83097521,HM,Overscaled Channel detected at Tag AI_Volts_Shunt_006
4/24/2026 10:50:25 AM,202,Warning,WT8-GUI,83097522,HM,Overscaled Channel detected at Tag AI_Volts_Shunt_007
4/24/2026 10:50:25 AM,202,Warning,WT8-GUI,83097523,HM,Overscaled Channel detected at Tag AI_Volts_Shunt_008
4/24/2026 10:50:25 AM,202,Warning,WT8-GUI,83097524,HM,Overscaled Channel detected at Tag AI_Volts_Shunt_009
4/24/2026 10:50:25 AM,202,Warning,WT8-GUI,83097525,HM,Overscaled Channel detected at Tag AI_Volts_Shunt_010
4/24/2026 10:50:25 AM,202,Warning,WT8-GUI,83097526,HM,Overscaled Channel detected at Tag AI_Volts_Shunt_011
4/24/2026 10:50:25 AM,202,Warning,WT8-GUI,83097527,HM,Overscaled Channel detected at Tag AI_Volts_Shunt_012
4/24/2026 10:50:25 AM,202,Warning,WT8-GUI,83097528,HM,Overscaled Channel detected at Tag AI_TT_006
4/24/2026 10:50:25 AM,202,Warning,WT8-GUI,83097529,HM,Overscaled Channel detected at Tag AI_TT_007
4/24/2026 10:50:25 AM,202,Warning,WT8-GUI,83097530,HM,Overscaled Channel detected at Tag AI_TT_008
4/24/2026 10:50:25 AM,202,Warning,WT8-GUI,83097531,HM,Overscaled Channel detected at Tag AI_TK_000
4/24/2026 10:50:25 AM,202,Warning,WT8-GUI,83097532,HM,Overscaled Channel detected at Tag AI_TK_009
4/24/2026 10:50:25 AM,202,Warning,WT8-GUI,83097533,HM,Overscaled Channel detected at Tag AI_TK_010
4/24/2026 10:50:25 AM,202,Warning,WT8-GUI,83097534,HM,Overscaled Channel detected at Tag AI_TK_011
4/24/2026 10:50:25 AM,202,Warning,WT8-GUI,83097535,HM,Overscaled Channel detected at Tag AI_TK_012
4/24/2026 10:50:25 AM,202,Warning,WT8-GUI,83097536,HM,Overscaled Channel detected at Tag AI_TK_013
4/24/2026 10:50:25 AM,202,Warning,WT8-GUI,83097537,HM,Overscaled Channel detected at Tag AI_TK_014
4/24/2026 10:50:25 AM,202,Warning,WT8-GUI,83097538,HM,Overscaled Channel detected at Tag AI_TK_015
4/24/2026 10:50:25 AM,202,Warning,WT8-GUI,83097539,HM,Overscaled Channel detected at Tag AI_TK_016
4/24/2026 10:50:25 AM,202,Warning,WT8-GUI,83097540,HM,Overscaled Channel detected at Tag AI_TK_017
4/24/2026 10:50:25 AM,202,Warning,WT8-GUI,83097541,HM,Overscaled Channel detected at Tag AI_TK_018
4/24/2026 10:50:25 AM,202,Warning,WT8-GUI,83097542,HM,Overscaled Channel detected at Tag AI_TK_001
4/24/2026 10:50:25 AM,202,Warning,WT8-GUI,83097543,HM,Overscaled Channel detected at Tag AI_TK_019
4/24/2026 10:50:25 AM,202,Warning,WT8-GUI,83097544,HM,Overscaled Channel detected at Tag AI_Volts_Shunt_013
4/24/2026 10:50:25 AM,202,Warning,WT8-GUI,83097545,HM,Overscaled Channel detected at Tag AI_Volts_Shunt_014
4/24/2026 10:50:25 AM,202,Warning,WT8-GUI,83097546,HM,Overscaled Channel detected at Tag AI_Volts_Shunt_015
4/24/2026 10:50:25 AM,202,Warning,WT8-GUI,83097547,HM,Overscaled Channel detected at Tag AI_Strain_000
4/24/2026 10:50:25 AM,202,Warning,WT8-GUI,83097548,HM,Overscaled Channel detected at Tag AI_Strain_001
4/24/2026 10:50:25 AM,202,Warning,WT8-GUI,83097549,HM,Overscaled Channel detected at Tag AI_Strain_002
4/24/2026 10:50:25 AM,202,Warning,WT8-GUI,83097550,HM,Overscaled Channel detected at Tag AI_Strain_003
4/24/2026 10:50:25 AM,202,Warning,WT8-GUI,83097551,HM,Overscaled Channel detected at Tag AI_Strain_004
4/24/2026 10:50:25 AM,202,Warning,WT8-GUI,83097552,HM,Overscaled Channel detected at Tag AI_Strain_005
4/24/2026 10:50:25 AM,202,Warning,WT8-GUI,83097553,HM,Overscaled Channel detected at Tag AI_Strain_006
4/24/2026 10:50:25 AM,202,Warning,WT8-GUI,83097554,HM,Overscaled Channel detected at Tag AI_Strain_007
4/24/2026 10:50:25 AM,202,Warning,WT8-GUI,83097555,HM,Overscaled Channel detected at Tag AI_TT_000
4/24/2026 10:50:25 AM,202,Warning,WT8-GUI,83097556,HM,Overscaled Channel detected at Tag AI_TT_009
4/24/2026 10:50:25 AM,202,Warning,WT8-GUI,83097557,HM,Overscaled Channel detected at Tag AI_TT_010
4/24/2026 10:50:25 AM,202,Warning,WT8-GUI,83097558,HM,Overscaled Channel detected at Tag AI_TT_011
4/24/2026 10:50:25 AM,202,Warning,WT8-GUI,83097559,HM,Overscaled Channel detected at Tag AI_TT_012
4/24/2026 10:50:25 AM,202,Warning,WT8-GUI,83097560,HM,Overscaled Channel detected at Tag AI_TT_013
4/24/2026 10:50:25 AM,202,Warning,WT8-GUI,83097561,HM,Overscaled Channel detected at Tag AI_TT_014
4/24/2026 10:51:10 AM,301005,Warning,WT8-GUI,83097562,OPC,OPC Server Graybox.Simulator.1 on host localhost has not updated data in 88 minute(s).
4/24/2026 10:51:25 AM,202,Warning,WT8-GUI,83097563,HM,Overscaled Channel detected at Tag AI_Volts_Shunt_001
4/24/2026 10:51:25 AM,202,Warning,WT8-GUI,83097564,HM,Overscaled Channel detected at Tag AI_Volts_Shunt_003
4/24/2026 10:51:25 AM,202,Warning,WT8-GUI,83097565,HM,Overscaled Channel detected at Tag AI_Volts_Shunt_004
4/24/2026 10:51:25 AM,202,Warning,WT8-GUI,83097566,HM,Overscaled Channel detected at Tag AI_TK_020
4/24/2026 10:51:25 AM,202,Warning,WT8-GUI,83097567,HM,Overscaled Channel detected at Tag AI_TK_021
4/24/2026 10:51:25 AM,202,Warning,WT8-GUI,83097568,HM,Overscaled Channel detected at Tag AI_TK_022
4/24/2026 10:51:25 AM,202,Warning,WT8-GUI,83097569,HM,Overscaled Channel detected at Tag AI_TK_023
4/24/2026 10:51:25 AM,202,Warning,WT8-GUI,83097570,HM,Overscaled Channel detected at Tag AI_TK_024
4/24/2026 10:51:25 AM,202,Warning,WT8-GUI,83097571,HM,Overscaled Channel detected at Tag AI_TK_025
4/24/2026 10:51:25 AM,202,Warning,WT8-GUI,83097572,HM,Overscaled Channel detected at Tag AI_TK_026
4/24/2026 10:51:25 AM,202,Warning,WT8-GUI,83097573,HM,Overscaled Channel detected at Tag AI_TK_027
4/24/2026 10:51:25 AM,202,Warning,WT8-GUI,83097574,HM,Overscaled Channel detected at Tag AI_TK_028
4/24/2026 10:51:25 AM,202,Warning,WT8-GUI,83097575,HM,Overscaled Channel detected at Tag AI_TK_002
4/24/2026 10:51:25 AM,202,Warning,WT8-GUI,83097576,HM,Overscaled Channel detected at Tag AI_TK_029
4/24/2026 10:51:25 AM,202,Warning,WT8-GUI,83097577,HM,Overscaled Channel detected at Tag AI_TK_030
4/24/2026 10:51:25 AM,202,Warning,WT8-GUI,83097578,HM,Overscaled Channel detected at Tag AI_TK_003
4/24/2026 10:51:25 AM,202,Warning,WT8-GUI,83097579,HM,Overscaled Channel detected at Tag AI_TK_004
4/24/2026 10:51:25 AM,202,Warning,WT8-GUI,83097580,HM,Overscaled Channel detected at Tag AI_TK_005
4/24/2026 10:51:25 AM,202,Warning,WT8-GUI,83097581,HM,Overscaled Channel detected at Tag AI_TK_006
4/24/2026 10:51:25 AM,202,Warning,WT8-GUI,83097582,HM,Overscaled Channel detected at Tag AI_TT_016
4/24/2026 10:51:25 AM,202,Warning,WT8-GUI,83097583,HM,Overscaled Channel detected at Tag AI_TT_017
4/24/2026 10:51:25 AM,202,Warning,WT8-GUI,83097584,HM,Overscaled Channel detected at Tag AI_TT_018
4/24/2026 10:51:25 AM,202,Warning,WT8-GUI,83097585,HM,Overscaled Channel detected at Tag AI_TT_001
4/24/2026 10:51:25 AM,202,Warning,WT8-GUI,83097586,HM,Overscaled Channel detected at Tag AI_TT_019
4/24/2026 10:51:25 AM,202,Warning,WT8-GUI,83097587,HM,Overscaled Channel detected at Tag AI_TT_020
4/24/2026 10:51:25 AM,202,Warning,WT8-GUI,83097588,HM,Overscaled Channel detected at Tag AI_TT_021
4/24/2026 10:51:25 AM,202,Warning,WT8-GUI,83097589,HM,Overscaled Channel detected at Tag AI_TT_022
4/24/2026 10:51:25 AM,202,Warning,WT8-GUI,83097590,HM,Overscaled Channel detected at Tag AI_TT_023
4/24/2026 10:51:25 AM,202,Warning,WT8-GUI,83097591,HM,Overscaled Channel detected at Tag AI_TT_024
4/24/2026 10:51:25 AM,202,Warning,WT8-GUI,83097592,HM,Overscaled Channel detected at Tag AI_TT_025
4/24/2026 10:51:25 AM,202,Warning,WT8-GUI,83097593,HM,Overscaled Channel detected at Tag AI_TT_026
4/24/2026 10:51:25 AM,202,Warning,WT8-GUI,83097594,HM,Overscaled Channel detected at Tag AI_TT_027
4/24/2026 10:51:25 AM,202,Warning,WT8-GUI,83097595,HM,Overscaled Channel detected at Tag AI_TT_028
4/24/2026 10:51:25 AM,202,Warning,WT8-GUI,83097596,HM,Overscaled Channel detected at Tag AI_TT_002
4/24/2026 10:51:25 AM,202,Warning,WT8-GUI,83097597,HM,Overscaled Channel detected at Tag AI_TT_029
4/24/2026 10:51:25 AM,202,Warning,WT8-GUI,83097598,HM,Overscaled Channel detected at Tag AI_TT_030
4/24/2026 10:51:25 AM,202,Warning,WT8-GUI,83097599,HM,Overscaled Channel detected at Tag AI_TT_003
4/24/2026 10:51:25 AM,202,Warning,WT8-GUI,83097600,HM,Overscaled Channel detected at Tag AI_TT_004
4/24/2026 10:51:25 AM,202,Warning,WT8-GUI,83097601,HM,Overscaled Channel detected at Tag AI_TT_005
4/24/2026 10:51:25 AM,202,Warning,WT8-GUI,83097602,HM,Overscaled Channel detected at Tag AI_TK_007
4/24/2026 10:51:25 AM,202,Warning,WT8-GUI,83097603,HM,Overscaled Channel detected at Tag AI_TK_008
4/24/2026 10:51:25 AM,202,Warning,WT8-GUI,83097604,HM,Overscaled Channel detected at Tag AI_Volts_Shunt_000
4/24/2026 10:51:25 AM,202,Warning,WT8-GUI,83097605,HM,Overscaled Channel detected at Tag AI_TT_015
4/24/2026 10:51:25 AM,202,Warning,WT8-GUI,83097606,HM,Overscaled Channel detected at Tag AI_Volts_Shunt_006
4/24/2026 10:51:25 AM,202,Warning,WT8-GUI,83097607,HM,Overscaled Channel detected at Tag AI_Volts_Shunt_007
4/24/2026 10:51:25 AM,202,Warning,WT8-GUI,83097608,HM,Overscaled Channel detected at Tag AI_Volts_Shunt_008
4/24/2026 10:51:25 AM,202,Warning,WT8-GUI,83097609,HM,Overscaled Channel detected at Tag AI_Volts_Shunt_009
4/24/2026 10:51:25 AM,202,Warning,WT8-GUI,83097610,HM,Overscaled Channel detected at Tag AI_Volts_Shunt_010
4/24/2026 10:51:25 AM,202,Warning,WT8-GUI,83097611,HM,Overscaled Channel detected at Tag AI_Volts_Shunt_011
4/24/2026 10:51:25 AM,202,Warning,WT8-GUI,83097612,HM,Overscaled Channel detected at Tag AI_Volts_Shunt_012
4/24/2026 10:51:25 AM,202,Warning,WT8-GUI,83097613,HM,Overscaled Channel detected at Tag AI_TT_006
4/24/2026 10:51:25 AM,202,Warning,WT8-GUI,83097614,HM,Overscaled Channel detected at Tag AI_TT_007
4/24/2026 10:51:25 AM,202,Warning,WT8-GUI,83097615,HM,Overscaled Channel detected at Tag AI_TT_008
4/24/2026 10:51:25 AM,202,Warning,WT8-GUI,83097616,HM,Overscaled Channel detected at Tag AI_TK_000
4/24/2026 10:51:25 AM,202,Warning,WT8-GUI,83097617,HM,Overscaled Channel detected at Tag AI_TK_009
4/24/2026 10:51:25 AM,202,Warning,WT8-GUI,83097618,HM,Overscaled Channel detected at Tag AI_TK_010
4/24/2026 10:51:25 AM,202,Warning,WT8-GUI,83097619,HM,Overscaled Channel detected at Tag AI_TK_011
4/24/2026 10:51:25 AM,202,Warning,WT8-GUI,83097620,HM,Overscaled Channel detected at Tag AI_TK_012
4/24/2026 10:51:25 AM,202,Warning,WT8-GUI,83097621,HM,Overscaled Channel detected at Tag AI_TK_013
4/24/2026 10:51:25 AM,202,Warning,WT8-GUI,83097622,HM,Overscaled Channel detected at Tag AI_TK_014
4/24/2026 10:51:25 AM,202,Warning,WT8-GUI,83097623,HM,Overscaled Channel detected at Tag AI_TK_015
4/24/2026 10:51:25 AM,202,Warning,WT8-GUI,83097624,HM,Overscaled Channel detected at Tag AI_TK_016
4/24/2026 10:51:25 AM,202,Warning,WT8-GUI,83097625,HM,Overscaled Channel detected at Tag AI_TK_017
4/24/2026 10:51:25 AM,202,Warning,WT8-GUI,83097626,HM,Overscaled Channel detected at Tag AI_TK_018
4/24/2026 10:51:25 AM,202,Warning,WT8-GUI,83097627,HM,Overscaled Channel detected at Tag AI_TK_001
4/24/2026 10:51:25 AM,202,Warning,WT8-GUI,83097628,HM,Overscaled Channel detected at Tag AI_TK_019
4/24/2026 10:51:25 AM,202,Warning,WT8-GUI,83097629,HM,Overscaled Channel detected at Tag AI_Volts_Shunt_013
4/24/2026 10:51:25 AM,202,Warning,WT8-GUI,83097630,HM,Overscaled Channel detected at Tag AI_Volts_Shunt_014
4/24/2026 10:51:25 AM,202,Warning,WT8-GUI,83097631,HM,Overscaled Channel detected at Tag AI_Volts_Shunt_015
4/24/2026 10:51:25 AM,202,Warning,WT8-GUI,83097632,HM,Overscaled Channel detected at Tag AI_Strain_000
4/24/2026 10:51:25 AM,202,Warning,WT8-GUI,83097633,HM,Overscaled Channel detected at Tag AI_Strain_001
4/24/2026 10:51:25 AM,202,Warning,WT8-GUI,83097634,HM,Overscaled Channel detected at Tag AI_Strain_002
4/24/2026 10:51:25 AM,202,Warning,WT8-GUI,83097635,HM,Overscaled Channel detected at Tag AI_Strain_003
4/24/2026 10:51:25 AM,202,Warning,WT8-GUI,83097636,HM,Overscaled Channel detected at Tag AI_Strain_004
4/24/2026 10:51:25 AM,202,Warning,WT8-GUI,83097637,HM,Overscaled Channel detected at Tag AI_Strain_005
4/24/2026 10:51:25 AM,202,Warning,WT8-GUI,83097638,HM,Overscaled Channel detected at Tag AI_Strain_006
4/24/2026 10:51:25 AM,202,Warning,WT8-GUI,83097639,HM,Overscaled Channel detected at Tag AI_Strain_007
4/24/2026 10:51:25 AM,202,Warning,WT8-GUI,83097640,HM,Overscaled Channel detected at Tag AI_TT_000
4/24/2026 10:51:25 AM,202,Warning,WT8-GUI,83097641,HM,Overscaled Channel detected at Tag AI_TT_009
4/24/2026 10:51:25 AM,202,Warning,WT8-GUI,83097642,HM,Overscaled Channel detected at Tag AI_TT_010
4/24/2026 10:51:25 AM,202,Warning,WT8-GUI,83097643,HM,Overscaled Channel detected at Tag AI_TT_011
4/24/2026 10:51:25 AM,202,Warning,WT8-GUI,83097644,HM,Overscaled Channel detected at Tag AI_TT_012
4/24/2026 10:51:25 AM,202,Warning,WT8-GUI,83097645,HM,Overscaled Channel detected at Tag AI_TT_013
4/24/2026 10:51:25 AM,202,Warning,WT8-GUI,83097646,HM,Overscaled Channel detected at Tag AI_TT_014
4/24/2026 10:52:02 AM,4,Info,WT8-GUI,83097647,DATASTORE,Group 1 Storage Request  Complete
4/24/2026 10:52:05 AM,4,Info,WT8-GUI,83097648,DATASTORE,Group 2 ready to store data. Initialization  Complete
4/24/2026 10:52:05 AM,0,Debug,WT8-GUI,83097649,Custom Init,"NEW DATA FOLDER: C:\Data\_Facility\DE9956_Ohio State University FSAE_aero_1_240426_092310
Use Custom Init: 0
Custom Init: C:\Data\CustomInit\Custom_Init_Template.xls"
4/24/2026 10:52:05 AM,4,Info,WT8-GUI,83097650,DATASTORE,Group 1 ready to store data. Initialization  Complete
4/24/2026 10:52:05 AM,0,Debug,WT8-GUI,83097651,Custom Init,"NEW DATA FOLDER: C:\Data\_Facility\DE9956_Ohio State University FSAE_aero_1_240426_092310
Use Custom Init: 0
Custom Init: C:\Data\CustomInit\Custom_Init_Template.xls"
4/24/2026 10:52:06 AM,6,Info,WT8-GUI,83097652,DATASTORE,DATASTORE Inactive
4/24/2026 10:52:09 AM,2,Info,WT8-GUI,83097653,ADTMGR,ADTMGR entering Idle mode
4/24/2026 10:52:09 AM,0,Debug,WT8-GUI,83097654,"Spawn VI.vi/Ford.TestSLATE.ADTMgr.lvlib:STOPPED FUNCTION.vi/Ford.TestSLATE.ADTMgr.lvlib:Performance Functions.vi
",C:\Program Files\Jacobs\Test SLATE\Ford.TestSLATE.ConvSelectCriteria.llb\Select Convergence Criteria.vi
4/24/2026 10:52:10 AM,301005,Warning,WT8-GUI,83097655,OPC,OPC Server Graybox.Simulator.1 on host localhost has not updated data in 89 minute(s).
4/24/2026 10:52:11 AM,4,Info,WT8-GUI,83097656,,Autoconvert of C:\Data\_Facility\DE9956_Ohio State University FSAE_aero_1_240426_092310\D1.dat complete.
4/24/2026 10:52:12 AM,106,Debug,WT8-GUI,83097657,Reflective Memory,ms specified at Reflective Memory Current Value Table Write is not performing within tolerance. Actual Rate 39 ms could indicate that data has been lost and other performance issues.
4/24/2026 10:52:16 AM,4,Info,WT8-GUI,83097658,,Autoconvert of C:\Data\_Facility\DE9956_Ohio State University FSAE_aero_1_240426_092310\P1.dat complete.
4/24/2026 10:52:21 AM,4,Info,WT8-GUI,83097659,,Autoconvert of C:\Data\_Facility\DE9956_Ohio State University FSAE_aero_1_240426_092310\C1.dat complete.
4/24/2026 10:52:25 AM,202,Warning,WT8-GUI,83097660,HM,Overscaled Channel detected at Tag AI_Volts_Shunt_001
4/24/2026 10:52:25 AM,202,Warning,WT8-GUI,83097661,HM,Overscaled Channel detected at Tag AI_Volts_Shunt_003
4/24/2026 10:52:25 AM,202,Warning,WT8-GUI,83097662,HM,Overscaled Channel detected at Tag AI_Volts_Shunt_004
4/24/2026 10:52:25 AM,202,Warning,WT8-GUI,83097663,HM,Overscaled Channel detected at Tag AI_TK_020
4/24/2026 10:52:25 AM,202,Warning,WT8-GUI,83097664,HM,Overscaled Channel detected at Tag AI_TK_021
4/24/2026 10:52:25 AM,202,Warning,WT8-GUI,83097665,HM,Overscaled Channel detected at Tag AI_TK_022
4/24/2026 10:52:25 AM,202,Warning,WT8-GUI,83097666,HM,Overscaled Channel detected at Tag AI_TK_023
4/24/2026 10:52:25 AM,202,Warning,WT8-GUI,83097667,HM,Overscaled Channel detected at Tag AI_TK_024
4/24/2026 10:52:25 AM,202,Warning,WT8-GUI,83097668,HM,Overscaled Channel detected at Tag AI_TK_025
4/24/2026 10:52:25 AM,202,Warning,WT8-GUI,83097669,HM,Overscaled Channel detected at Tag AI_TK_026
4/24/2026 10:52:25 AM,202,Warning,WT8-GUI,83097670,HM,Overscaled Channel detected at Tag AI_TK_027
4/24/2026 10:52:25 AM,202,Warning,WT8-GUI,83097671,HM,Overscaled Channel detected at Tag AI_TK_028
4/24/2026 10:52:25 AM,202,Warning,WT8-GUI,83097672,HM,Overscaled Channel detected at Tag AI_TK_002
4/24/2026 10:52:25 AM,202,Warning,WT8-GUI,83097673,HM,Overscaled Channel detected at Tag AI_TK_029
4/24/2026 10:52:25 AM,202,Warning,WT8-GUI,83097674,HM,Overscaled Channel detected at Tag AI_TK_030
4/24/2026 10:52:25 AM,202,Warning,WT8-GUI,83097675,HM,Overscaled Channel detected at Tag AI_TK_003
4/24/2026 10:52:25 AM,202,Warning,WT8-GUI,83097676,HM,Overscaled Channel detected at Tag AI_TK_004
4/24/2026 10:52:25 AM,202,Warning,WT8-GUI,83097677,HM,Overscaled Channel detected at Tag AI_TK_005
4/24/2026 10:52:25 AM,202,Warning,WT8-GUI,83097678,HM,Overscaled Channel detected at Tag AI_TK_006
4/24/2026 10:52:25 AM,202,Warning,WT8-GUI,83097679,HM,Overscaled Channel detected at Tag AI_TT_016
4/24/2026 10:52:25 AM,202,Warning,WT8-GUI,83097680,HM,Overscaled Channel detected at Tag AI_TT_017
4/24/2026 10:52:25 AM,202,Warning,WT8-GUI,83097681,HM,Overscaled Channel detected at Tag AI_TT_018
4/24/2026 10:52:25 AM,202,Warning,WT8-GUI,83097682,HM,Overscaled Channel detected at Tag AI_TT_001
4/24/2026 10:52:25 AM,202,Warning,WT8-GUI,83097683,HM,Overscaled Channel detected at Tag AI_TT_019
4/24/2026 10:52:25 AM,202,Warning,WT8-GUI,83097684,HM,Overscaled Channel detected at Tag AI_TT_020
4/24/2026 10:52:25 AM,202,Warning,WT8-GUI,83097685,HM,Overscaled Channel detected at Tag AI_TT_021
4/24/2026 10:52:25 AM,202,Warning,WT8-GUI,83097686,HM,Overscaled Channel detected at Tag AI_TT_022
4/24/2026 10:52:25 AM,202,Warning,WT8-GUI,83097687,HM,Overscaled Channel detected at Tag AI_TT_023
4/24/2026 10:52:25 AM,202,Warning,WT8-GUI,83097688,HM,Overscaled Channel detected at Tag AI_TT_024
4/24/2026 10:52:25 AM,202,Warning,WT8-GUI,83097689,HM,Overscaled Channel detected at Tag AI_TT_025
4/24/2026 10:52:25 AM,202,Warning,WT8-GUI,83097690,HM,Overscaled Channel detected at Tag AI_TT_026
4/24/2026 10:52:25 AM,202,Warning,WT8-GUI,83097691,HM,Overscaled Channel detected at Tag AI_TT_027
4/24/2026 10:52:25 AM,202,Warning,WT8-GUI,83097692,HM,Overscaled Channel detected at Tag AI_TT_028
4/24/2026 10:52:25 AM,202,Warning,WT8-GUI,83097693,HM,Overscaled Channel detected at Tag AI_TT_002
4/24/2026 10:52:25 AM,202,Warning,WT8-GUI,83097694,HM,Overscaled Channel detected at Tag AI_TT_029
4/24/2026 10:52:25 AM,202,Warning,WT8-GUI,83097695,HM,Overscaled Channel detected at Tag AI_TT_030
4/24/2026 10:52:25 AM,202,Warning,WT8-GUI,83097696,HM,Overscaled Channel detected at Tag AI_TT_003
4/24/2026 10:52:25 AM,202,Warning,WT8-GUI,83097697,HM,Overscaled Channel detected at Tag AI_TT_004
4/24/2026 10:52:25 AM,202,Warning,WT8-GUI,83097698,HM,Overscaled Channel detected at Tag AI_TT_005
4/24/2026 10:52:25 AM,202,Warning,WT8-GUI,83097699,HM,Overscaled Channel detected at Tag AI_TK_007
4/24/2026 10:52:25 AM,202,Warning,WT8-GUI,83097700,HM,Overscaled Channel detected at Tag AI_TK_008
4/24/2026 10:52:25 AM,202,Warning,WT8-GUI,83097701,HM,Overscaled Channel detected at Tag AI_Volts_Shunt_000
4/24/2026 10:52:25 AM,202,Warning,WT8-GUI,83097702,HM,Overscaled Channel detected at Tag AI_TT_015
4/24/2026 10:52:25 AM,202,Warning,WT8-GUI,83097703,HM,Overscaled Channel detected at Tag AI_Volts_Shunt_009
4/24/2026 10:52:25 AM,202,Warning,WT8-GUI,83097704,HM,Overscaled Channel detected at Tag AI_Volts_Shunt_010
4/24/2026 10:52:25 AM,202,Warning,WT8-GUI,83097705,HM,Overscaled Channel detected at Tag AI_Volts_Shunt_011
4/24/2026 10:52:25 AM,202,Warning,WT8-GUI,83097706,HM,Overscaled Channel detected at Tag AI_Volts_Shunt_012
4/24/2026 10:52:25 AM,202,Warning,WT8-GUI,83097707,HM,Overscaled Channel detected at Tag AI_TK_000
4/24/2026 10:52:25 AM,202,Warning,WT8-GUI,83097708,HM,Overscaled Channel detected at Tag AI_TK_009
4/24/2026 10:52:25 AM,202,Warning,WT8-GUI,83097709,HM,Overscaled Channel detected at Tag AI_TK_010
4/24/2026 10:52:25 AM,202,Warning,WT8-GUI,83097710,HM,Overscaled Channel detected at Tag AI_TK_011
4/24/2026 10:52:25 AM,202,Warning,WT8-GUI,83097711,HM,Overscaled Channel detected at Tag AI_TK_012
4/24/2026 10:52:25 AM,202,Warning,WT8-GUI,83097712,HM,Overscaled Channel detected at Tag AI_TK_013
4/24/2026 10:52:25 AM,202,Warning,WT8-GUI,83097713,HM,Overscaled Channel detected at Tag AI_TK_014
4/24/2026 10:52:25 AM,202,Warning,WT8-GUI,83097714,HM,Overscaled Channel detected at Tag AI_TK_015
4/24/2026 10:52:25 AM,202,Warning,WT8-GUI,83097715,HM,Overscaled Channel detected at Tag AI_TK_016
4/24/2026 10:52:25 AM,202,Warning,WT8-GUI,83097716,HM,Overscaled Channel detected at Tag AI_TK_017
4/24/2026 10:52:25 AM,202,Warning,WT8-GUI,83097717,HM,Overscaled Channel detected at Tag AI_TK_018
4/24/2026 10:52:25 AM,202,Warning,WT8-GUI,83097718,HM,Overscaled Channel detected at Tag AI_TK_001
4/24/2026 10:52:25 AM,202,Warning,WT8-GUI,83097719,HM,Overscaled Channel detected at Tag AI_TK_019
4/24/2026 10:52:25 AM,202,Warning,WT8-GUI,83097720,HM,Overscaled Channel detected at Tag AI_Volts_Shunt_006
4/24/2026 10:52:25 AM,202,Warning,WT8-GUI,83097721,HM,Overscaled Channel detected at Tag AI_Volts_Shunt_007
4/24/2026 10:52:25 AM,202,Warning,WT8-GUI,83097722,HM,Overscaled Channel detected at Tag AI_Volts_Shunt_008
4/24/2026 10:52:25 AM,202,Warning,WT8-GUI,83097723,HM,Overscaled Channel detected at Tag AI_Volts_Shunt_013
4/24/2026 10:52:25 AM,202,Warning,WT8-GUI,83097724,HM,Overscaled Channel detected at Tag AI_Volts_Shunt_014
4/24/2026 10:52:25 AM,202,Warning,WT8-GUI,83097725,HM,Overscaled Channel detected at Tag AI_Volts_Shunt_015
4/24/2026 10:52:25 AM,202,Warning,WT8-GUI,83097726,HM,Overscaled Channel detected at Tag AI_Strain_000
4/24/2026 10:52:25 AM,202,Warning,WT8-GUI,83097727,HM,Overscaled Channel detected at Tag AI_Strain_001
4/24/2026 10:52:25 AM,202,Warning,WT8-GUI,83097728,HM,Overscaled Channel detected at Tag AI_Strain_002
4/24/2026 10:52:25 AM,202,Warning,WT8-GUI,83097729,HM,Overscaled Channel detected at Tag AI_Strain_003
4/24/2026 10:52:25 AM,202,Warning,WT8-GUI,83097730,HM,Overscaled Channel detected at Tag AI_Strain_004
4/24/2026 10:52:25 AM,202,Warning,WT8-GUI,83097731,HM,Overscaled Channel detected at Tag AI_Strain_005
4/24/2026 10:52:25 AM,202,Warning,WT8-GUI,83097732,HM,Overscaled Channel detected at Tag AI_Strain_006
4/24/2026 10:52:25 AM,202,Warning,WT8-GUI,83097733,HM,Overscaled Channel detected at Tag AI_Strain_007
4/24/2026 10:52:25 AM,202,Warning,WT8-GUI,83097734,HM,Overscaled Channel detected at Tag AI_TT_000
4/24/2026 10:52:25 AM,202,Warning,WT8-GUI,83097735,HM,Overscaled Channel detected at Tag AI_TT_009
4/24/2026 10:52:25 AM,202,Warning,WT8-GUI,83097736,HM,Overscaled Channel detected at Tag AI_TT_010
4/24/2026 10:52:25 AM,202,Warning,WT8-GUI,83097737,HM,Overscaled Channel detected at Tag AI_TT_011
4/24/2026 10:52:25 AM,202,Warning,WT8-GUI,83097738,HM,Overscaled Channel detected at Tag AI_TT_012
4/24/2026 10:52:26 AM,202,Warning,WT8-GUI,83097739,HM,Overscaled Channel detected at Tag AI_TT_013
4/24/2026 10:52:26 AM,202,Warning,WT8-GUI,83097740,HM,Overscaled Channel detected at Tag AI_TT_014
4/24/2026 10:52:26 AM,202,Warning,WT8-GUI,83097741,HM,Overscaled Channel detected at Tag AI_TT_006
4/24/2026 10:52:26 AM,202,Warning,WT8-GUI,83097742,HM,Overscaled Channel detected at Tag AI_TT_007
4/24/2026 10:52:26 AM,202,Warning,WT8-GUI,83097743,HM,Overscaled Channel detected at Tag AI_TT_008
4/24/2026 10:53:10 AM,301005,Warning,WT8-GUI,83097744,OPC,OPC Server Graybox.Simulator.1 on host localhost has not updated data in 90 minute(s).
4/24/2026 10:53:25 AM,202,Warning,WT8-GUI,83097745,HM,Overscaled Channel detected at Tag AI_Volts_Shunt_001
4/24/2026 10:53:25 AM,202,Warning,WT8-GUI,83097746,HM,Overscaled Channel detected at Tag AI_Volts_Shunt_003
4/24/2026 10:53:25 AM,202,Warning,WT8-GUI,83097747,HM,Overscaled Channel detected at Tag AI_Volts_Shunt_004
4/24/2026 10:53:25 AM,202,Warning,WT8-GUI,83097748,HM,Overscaled Channel detected at Tag AI_TK_020
4/24/2026 10:53:25 AM,202,Warning,WT8-GUI,83097749,HM,Overscaled Channel detected at Tag AI_TK_021
4/24/2026 10:53:25 AM,202,Warning,WT8-GUI,83097750,HM,Overscaled Channel detected at Tag AI_TK_022
4/24/2026 10:53:25 AM,202,Warning,WT8-GUI,83097751,HM,Overscaled Channel detected at Tag AI_TK_023
4/24/2026 10:53:25 AM,202,Warning,WT8-GUI,83097752,HM,Overscaled Channel detected at Tag AI_TK_024
4/24/2026 10:53:25 AM,202,Warning,WT8-GUI,83097753,HM,Overscaled Channel detected at Tag AI_TK_025
4/24/2026 10:53:25 AM,202,Warning,WT8-GUI,83097754,HM,Overscaled Channel detected at Tag AI_TK_026
4/24/2026 10:53:25 AM,202,Warning,WT8-GUI,83097755,HM,Overscaled Channel detected at Tag AI_TK_027
4/24/2026 10:53:25 AM,202,Warning,WT8-GUI,83097756,HM,Overscaled Channel detected at Tag AI_TK_028
4/24/2026 10:53:25 AM,202,Warning,WT8-GUI,83097757,HM,Overscaled Channel detected at Tag AI_TK_002
4/24/2026 10:53:25 AM,202,Warning,WT8-GUI,83097758,HM,Overscaled Channel detected at Tag AI_TK_029
4/24/2026 10:53:25 AM,202,Warning,WT8-GUI,83097759,HM,Overscaled Channel detected at Tag AI_TK_030
4/24/2026 10:53:25 AM,202,Warning,WT8-GUI,83097760,HM,Overscaled Channel detected at Tag AI_TK_003
4/24/2026 10:53:25 AM,202,Warning,WT8-GUI,83097761,HM,Overscaled Channel detected at Tag AI_TK_004
4/24/2026 10:53:25 AM,202,Warning,WT8-GUI,83097762,HM,Overscaled Channel detected at Tag AI_TK_005
4/24/2026 10:53:25 AM,202,Warning,WT8-GUI,83097763,HM,Overscaled Channel detected at Tag AI_TK_006
4/24/2026 10:53:25 AM,202,Warning,WT8-GUI,83097764,HM,Overscaled Channel detected at Tag AI_TK_007
4/24/2026 10:53:25 AM,202,Warning,WT8-GUI,83097765,HM,Overscaled Channel detected at Tag AI_TK_008
4/24/2026 10:53:25 AM,202,Warning,WT8-GUI,83097766,HM,Overscaled Channel detected at Tag AI_Volts_Shunt_000
4/24/2026 10:53:25 AM,202,Warning,WT8-GUI,83097767,HM,Overscaled Channel detected at Tag AI_TT_015
4/24/2026 10:53:25 AM,202,Warning,WT8-GUI,83097768,HM,Overscaled Channel detected at Tag AI_TT_016
4/24/2026 10:53:25 AM,202,Warning,WT8-GUI,83097769,HM,Overscaled Channel detected at Tag AI_TT_017
4/24/2026 10:53:25 AM,202,Warning,WT8-GUI,83097770,HM,Overscaled Channel detected at Tag AI_TT_018
4/24/2026 10:53:25 AM,202,Warning,WT8-GUI,83097771,HM,Overscaled Channel detected at Tag AI_TT_001
4/24/2026 10:53:25 AM,202,Warning,WT8-GUI,83097772,HM,Overscaled Channel detected at Tag AI_TT_019
4/24/2026 10:53:25 AM,202,Warning,WT8-GUI,83097773,HM,Overscaled Channel detected at Tag AI_TT_020
4/24/2026 10:53:25 AM,202,Warning,WT8-GUI,83097774,HM,Overscaled Channel detected at Tag AI_TT_021
4/24/2026 10:53:25 AM,202,Warning,WT8-GUI,83097775,HM,Overscaled Channel detected at Tag AI_TT_022
4/24/2026 10:53:25 AM,202,Warning,WT8-GUI,83097776,HM,Overscaled Channel detected at Tag AI_TT_023
4/24/2026 10:53:25 AM,202,Warning,WT8-GUI,83097777,HM,Overscaled Channel detected at Tag AI_TT_024
4/24/2026 10:53:25 AM,202,Warning,WT8-GUI,83097778,HM,Overscaled Channel detected at Tag AI_TT_025
4/24/2026 10:53:25 AM,202,Warning,WT8-GUI,83097779,HM,Overscaled Channel detected at Tag AI_TT_026
4/24/2026 10:53:25 AM,202,Warning,WT8-GUI,83097780,HM,Overscaled Channel detected at Tag AI_TT_027
4/24/2026 10:53:25 AM,202,Warning,WT8-GUI,83097781,HM,Overscaled Channel detected at Tag AI_TT_028
4/24/2026 10:53:25 AM,202,Warning,WT8-GUI,83097782,HM,Overscaled Channel detected at Tag AI_TT_002
4/24/2026 10:53:25 AM,202,Warning,WT8-GUI,83097783,HM,Overscaled Channel detected at Tag AI_TT_029
4/24/2026 10:53:25 AM,202,Warning,WT8-GUI,83097784,HM,Overscaled Channel detected at Tag AI_TT_030
4/24/2026 10:53:25 AM,202,Warning,WT8-GUI,83097785,HM,Overscaled Channel detected at Tag AI_TT_003
4/24/2026 10:53:25 AM,202,Warning,WT8-GUI,83097786,HM,Overscaled Channel detected at Tag AI_TT_004
4/24/2026 10:53:25 AM,202,Warning,WT8-GUI,83097787,HM,Overscaled Channel detected at Tag AI_TT_005
4/24/2026 10:53:25 AM,202,Warning,WT8-GUI,83097788,HM,Overscaled Channel detected at Tag AI_Volts_Shunt_009
4/24/2026 10:53:25 AM,202,Warning,WT8-GUI,83097789,HM,Overscaled Channel detected at Tag AI_Volts_Shunt_010
4/24/2026 10:53:25 AM,202,Warning,WT8-GUI,83097790,HM,Overscaled Channel detected at Tag AI_Volts_Shunt_011
4/24/2026 10:53:25 AM,202,Warning,WT8-GUI,83097791,HM,Overscaled Channel detected at Tag AI_Volts_Shunt_012
4/24/2026 10:53:25 AM,202,Warning,WT8-GUI,83097792,HM,Overscaled Channel detected at Tag AI_TK_000
4/24/2026 10:53:25 AM,202,Warning,WT8-GUI,83097793,HM,Overscaled Channel detected at Tag AI_TK_009
4/24/2026 10:53:25 AM,202,Warning,WT8-GUI,83097794,HM,Overscaled Channel detected at Tag AI_TK_010
4/24/2026 10:53:25 AM,202,Warning,WT8-GUI,83097795,HM,Overscaled Channel detected at Tag AI_TK_011
4/24/2026 10:53:25 AM,202,Warning,WT8-GUI,83097796,HM,Overscaled Channel detected at Tag AI_TK_012
4/24/2026 10:53:25 AM,202,Warning,WT8-GUI,83097797,HM,Overscaled Channel detected at Tag AI_TK_013
4/24/2026 10:53:25 AM,202,Warning,WT8-GUI,83097798,HM,Overscaled Channel detected at Tag AI_TK_014
4/24/2026 10:53:25 AM,202,Warning,WT8-GUI,83097799,HM,Overscaled Channel detected at Tag AI_TK_015
4/24/2026 10:53:25 AM,202,Warning,WT8-GUI,83097800,HM,Overscaled Channel detected at Tag AI_TK_016
4/24/2026 10:53:25 AM,202,Warning,WT8-GUI,83097801,HM,Overscaled Channel detected at Tag AI_TK_017
4/24/2026 10:53:25 AM,202,Warning,WT8-GUI,83097802,HM,Overscaled Channel detected at Tag AI_TK_018
4/24/2026 10:53:25 AM,202,Warning,WT8-GUI,83097803,HM,Overscaled Channel detected at Tag AI_TK_001
4/24/2026 10:53:25 AM,202,Warning,WT8-GUI,83097804,HM,Overscaled Channel detected at Tag AI_TK_019
4/24/2026 10:53:25 AM,202,Warning,WT8-GUI,83097805,HM,Overscaled Channel detected at Tag AI_Volts_Shunt_006
4/24/2026 10:53:25 AM,202,Warning,WT8-GUI,83097806,HM,Overscaled Channel detected at Tag AI_Volts_Shunt_007
4/24/2026 10:53:25 AM,202,Warning,WT8-GUI,83097807,HM,Overscaled Channel detected at Tag AI_Volts_Shunt_008
4/24/2026 10:53:25 AM,202,Warning,WT8-GUI,83097808,HM,Overscaled Channel detected at Tag AI_Volts_Shunt_013
4/24/2026 10:53:25 AM,202,Warning,WT8-GUI,83097809,HM,Overscaled Channel detected at Tag AI_Volts_Shunt_014
4/24/2026 10:53:25 AM,202,Warning,WT8-GUI,83097810,HM,Overscaled Channel detected at Tag AI_Volts_Shunt_015
4/24/2026 10:53:25 AM,202,Warning,WT8-GUI,83097811,HM,Overscaled Channel detected at Tag AI_Strain_000
4/24/2026 10:53:25 AM,202,Warning,WT8-GUI,83097812,HM,Overscaled Channel detected at Tag AI_Strain_001
4/24/2026 10:53:25 AM,202,Warning,WT8-GUI,83097813,HM,Overscaled Channel detected at Tag AI_Strain_002
4/24/2026 10:53:25 AM,202,Warning,WT8-GUI,83097814,HM,Overscaled Channel detected at Tag AI_Strain_003
4/24/2026 10:53:25 AM,202,Warning,WT8-GUI,83097815,HM,Overscaled Channel detected at Tag AI_Strain_004
4/24/2026 10:53:26 AM,202,Warning,WT8-GUI,83097816,HM,Overscaled Channel detected at Tag AI_Strain_005
4/24/2026 10:53:26 AM,202,Warning,WT8-GUI,83097817,HM,Overscaled Channel detected at Tag AI_Strain_006
4/24/2026 10:53:26 AM,202,Warning,WT8-GUI,83097818,HM,Overscaled Channel detected at Tag AI_Strain_007
4/24/2026 10:53:26 AM,202,Warning,WT8-GUI,83097819,HM,Overscaled Channel detected at Tag AI_TT_000
4/24/2026 10:53:26 AM,202,Warning,WT8-GUI,83097820,HM,Overscaled Channel detected at Tag AI_TT_009
4/24/2026 10:53:26 AM,202,Warning,WT8-GUI,83097821,HM,Overscaled Channel detected at Tag AI_TT_010
4/24/2026 10:53:26 AM,202,Warning,WT8-GUI,83097822,HM,Overscaled Channel detected at Tag AI_TT_011
4/24/2026 10:53:26 AM,202,Warning,WT8-GUI,83097823,HM,Overscaled Channel detected at Tag AI_TT_012
4/24/2026 10:53:26 AM,202,Warning,WT8-GUI,83097824,HM,Overscaled Channel detected at Tag AI_TT_013
4/24/2026 10:53:26 AM,202,Warning,WT8-GUI,83097825,HM,Overscaled Channel detected at Tag AI_TT_014
4/24/2026 10:53:26 AM,202,Warning,WT8-GUI,83097826,HM,Overscaled Channel detected at Tag AI_TT_006
4/24/2026 10:53:26 AM,202,Warning,WT8-GUI,83097827,HM,Overscaled Channel detected at Tag AI_TT_007
4/24/2026 10:53:26 AM,202,Warning,WT8-GUI,83097828,HM,Overscaled Channel detected at Tag AI_TT_008
4/24/2026 10:54:10 AM,301005,Warning,WT8-GUI,83097829,OPC,OPC Server Graybox.Simulator.1 on host localhost has not updated data in 91 minute(s).
4/24/2026 10:54:25 AM,202,Warning,WT8-GUI,83097830,HM,Overscaled Channel detected at Tag AI_Volts_Shunt_001
4/24/2026 10:54:25 AM,202,Warning,WT8-GUI,83097831,HM,Overscaled Channel detected at Tag AI_Volts_Shunt_003
4/24/2026 10:54:25 AM,202,Warning,WT8-GUI,83097832,HM,Overscaled Channel detected at Tag AI_Volts_Shunt_004
4/24/2026 10:54:25 AM,202,Warning,WT8-GUI,83097833,HM,Overscaled Channel detected at Tag AI_TK_020
4/24/2026 10:54:25 AM,202,Warning,WT8-GUI,83097834,HM,Overscaled Channel detected at Tag AI_TK_021
4/24/2026 10:54:25 AM,202,Warning,WT8-GUI,83097835,HM,Overscaled Channel detected at Tag AI_TK_022
4/24/2026 10:54:25 AM,202,Warning,WT8-GUI,83097836,HM,Overscaled Channel detected at Tag AI_TK_023
4/24/2026 10:54:25 AM,202,Warning,WT8-GUI,83097837,HM,Overscaled Channel detected at Tag AI_TK_024
4/24/2026 10:54:25 AM,202,Warning,WT8-GUI,83097838,HM,Overscaled Channel detected at Tag AI_TK_025
4/24/2026 10:54:25 AM,202,Warning,WT8-GUI,83097839,HM,Overscaled Channel detected at Tag AI_TK_026
4/24/2026 10:54:25 AM,202,Warning,WT8-GUI,83097840,HM,Overscaled Channel detected at Tag AI_TK_027
4/24/2026 10:54:25 AM,202,Warning,WT8-GUI,83097841,HM,Overscaled Channel detected at Tag AI_TK_028
4/24/2026 10:54:25 AM,202,Warning,WT8-GUI,83097842,HM,Overscaled Channel detected at Tag AI_TK_002
4/24/2026 10:54:25 AM,202,Warning,WT8-GUI,83097843,HM,Overscaled Channel detected at Tag AI_TK_029
4/24/2026 10:54:25 AM,202,Warning,WT8-GUI,83097844,HM,Overscaled Channel detected at Tag AI_TK_030
4/24/2026 10:54:25 AM,202,Warning,WT8-GUI,83097845,HM,Overscaled Channel detected at Tag AI_TK_003
4/24/2026 10:54:25 AM,202,Warning,WT8-GUI,83097846,HM,Overscaled Channel detected at Tag AI_TK_004
4/24/2026 10:54:25 AM,202,Warning,WT8-GUI,83097847,HM,Overscaled Channel detected at Tag AI_TK_005
4/24/2026 10:54:25 AM,202,Warning,WT8-GUI,83097848,HM,Overscaled Channel detected at Tag AI_TK_006
4/24/2026 10:54:25 AM,202,Warning,WT8-GUI,83097849,HM,Overscaled Channel detected at Tag AI_TK_007
4/24/2026 10:54:25 AM,202,Warning,WT8-GUI,83097850,HM,Overscaled Channel detected at Tag AI_TK_008
4/24/2026 10:54:25 AM,202,Warning,WT8-GUI,83097851,HM,Overscaled Channel detected at Tag AI_Volts_Shunt_000
4/24/2026 10:54:25 AM,202,Warning,WT8-GUI,83097852,HM,Overscaled Channel detected at Tag AI_TT_015
4/24/2026 10:54:25 AM,202,Warning,WT8-GUI,83097853,HM,Overscaled Channel detected at Tag AI_TT_016
4/24/2026 10:54:25 AM,202,Warning,WT8-GUI,83097854,HM,Overscaled Channel detected at Tag AI_TT_017
4/24/2026 10:54:25 AM,202,Warning,WT8-GUI,83097855,HM,Overscaled Channel detected at Tag AI_TT_018
4/24/2026 10:54:25 AM,202,Warning,WT8-GUI,83097856,HM,Overscaled Channel detected at Tag AI_TT_001
4/24/2026 10:54:25 AM,202,Warning,WT8-GUI,83097857,HM,Overscaled Channel detected at Tag AI_TT_019
4/24/2026 10:54:25 AM,202,Warning,WT8-GUI,83097858,HM,Overscaled Channel detected at Tag AI_TT_020
4/24/2026 10:54:25 AM,202,Warning,WT8-GUI,83097859,HM,Overscaled Channel detected at Tag AI_TT_021
4/24/2026 10:54:25 AM,202,Warning,WT8-GUI,83097860,HM,Overscaled Channel detected at Tag AI_TT_022
4/24/2026 10:54:25 AM,202,Warning,WT8-GUI,83097861,HM,Overscaled Channel detected at Tag AI_TT_023
4/24/2026 10:54:25 AM,202,Warning,WT8-GUI,83097862,HM,Overscaled Channel detected at Tag AI_TT_024
4/24/2026 10:54:25 AM,202,Warning,WT8-GUI,83097863,HM,Overscaled Channel detected at Tag AI_TT_025
4/24/2026 10:54:25 AM,202,Warning,WT8-GUI,83097864,HM,Overscaled Channel detected at Tag AI_TT_026
4/24/2026 10:54:25 AM,202,Warning,WT8-GUI,83097865,HM,Overscaled Channel detected at Tag AI_TT_027
4/24/2026 10:54:25 AM,202,Warning,WT8-GUI,83097866,HM,Overscaled Channel detected at Tag AI_TT_028
4/24/2026 10:54:25 AM,202,Warning,WT8-GUI,83097867,HM,Overscaled Channel detected at Tag AI_TT_002
4/24/2026 10:54:25 AM,202,Warning,WT8-GUI,83097868,HM,Overscaled Channel detected at Tag AI_TT_029
4/24/2026 10:54:25 AM,202,Warning,WT8-GUI,83097869,HM,Overscaled Channel detected at Tag AI_TT_030
4/24/2026 10:54:25 AM,202,Warning,WT8-GUI,83097870,HM,Overscaled Channel detected at Tag AI_TT_003
4/24/2026 10:54:25 AM,202,Warning,WT8-GUI,83097871,HM,Overscaled Channel detected at Tag AI_TT_004
4/24/2026 10:54:25 AM,202,Warning,WT8-GUI,83097872,HM,Overscaled Channel detected at Tag AI_TT_005
4/24/2026 10:54:25 AM,202,Warning,WT8-GUI,83097873,HM,Overscaled Channel detected at Tag AI_Volts_Shunt_009
4/24/2026 10:54:25 AM,202,Warning,WT8-GUI,83097874,HM,Overscaled Channel detected at Tag AI_Volts_Shunt_010
4/24/2026 10:54:25 AM,202,Warning,WT8-GUI,83097875,HM,Overscaled Channel detected at Tag AI_Volts_Shunt_011
4/24/2026 10:54:25 AM,202,Warning,WT8-GUI,83097876,HM,Overscaled Channel detected at Tag AI_Volts_Shunt_012
4/24/2026 10:54:25 AM,202,Warning,WT8-GUI,83097877,HM,Overscaled Channel detected at Tag AI_TK_000
4/24/2026 10:54:25 AM,202,Warning,WT8-GUI,83097878,HM,Overscaled Channel detected at Tag AI_TK_009
4/24/2026 10:54:25 AM,202,Warning,WT8-GUI,83097879,HM,Overscaled Channel detected at Tag AI_TK_010
4/24/2026 10:54:25 AM,202,Warning,WT8-GUI,83097880,HM,Overscaled Channel detected at Tag AI_TK_011
4/24/2026 10:54:25 AM,202,Warning,WT8-GUI,83097881,HM,Overscaled Channel detected at Tag AI_TK_012
4/24/2026 10:54:25 AM,202,Warning,WT8-GUI,83097882,HM,Overscaled Channel detected at Tag AI_TK_013
4/24/2026 10:54:25 AM,202,Warning,WT8-GUI,83097883,HM,Overscaled Channel detected at Tag AI_TK_014
4/24/2026 10:54:25 AM,202,Warning,WT8-GUI,83097884,HM,Overscaled Channel detected at Tag AI_TK_015
4/24/2026 10:54:25 AM,202,Warning,WT8-GUI,83097885,HM,Overscaled Channel detected at Tag AI_TK_016
4/24/2026 10:54:25 AM,202,Warning,WT8-GUI,83097886,HM,Overscaled Channel detected at Tag AI_TK_017
4/24/2026 10:54:25 AM,202,Warning,WT8-GUI,83097887,HM,Overscaled Channel detected at Tag AI_TK_018
4/24/2026 10:54:25 AM,202,Warning,WT8-GUI,83097888,HM,Overscaled Channel detected at Tag AI_TK_001
4/24/2026 10:54:25 AM,202,Warning,WT8-GUI,83097889,HM,Overscaled Channel detected at Tag AI_TK_019
4/24/2026 10:54:25 AM,202,Warning,WT8-GUI,83097890,HM,Overscaled Channel detected at Tag AI_Volts_Shunt_006
4/24/2026 10:54:25 AM,202,Warning,WT8-GUI,83097891,HM,Overscaled Channel detected at Tag AI_Volts_Shunt_007
4/24/2026 10:54:25 AM,202,Warning,WT8-GUI,83097892,HM,Overscaled Channel detected at Tag AI_Volts_Shunt_008
4/24/2026 10:54:26 AM,202,Warning,WT8-GUI,83097893,HM,Overscaled Channel detected at Tag AI_Volts_Shunt_013
4/24/2026 10:54:26 AM,202,Warning,WT8-GUI,83097894,HM,Overscaled Channel detected at Tag AI_Volts_Shunt_014
4/24/2026 10:54:26 AM,202,Warning,WT8-GUI,83097895,HM,Overscaled Channel detected at Tag AI_Volts_Shunt_015
4/24/2026 10:54:26 AM,202,Warning,WT8-GUI,83097896,HM,Overscaled Channel detected at Tag AI_Strain_000
4/24/2026 10:54:26 AM,202,Warning,WT8-GUI,83097897,HM,Overscaled Channel detected at Tag AI_Strain_001
4/24/2026 10:54:26 AM,202,Warning,WT8-GUI,83097898,HM,Overscaled Channel detected at Tag AI_Strain_002
4/24/2026 10:54:26 AM,202,Warning,WT8-GUI,83097899,HM,Overscaled Channel detected at Tag AI_Strain_003
4/24/2026 10:54:26 AM,202,Warning,WT8-GUI,83097900,HM,Overscaled Channel detected at Tag AI_Strain_004
4/24/2026 10:54:26 AM,202,Warning,WT8-GUI,83097901,HM,Overscaled Channel detected at Tag AI_Strain_005
4/24/2026 10:54:26 AM,202,Warning,WT8-GUI,83097902,HM,Overscaled Channel detected at Tag AI_Strain_006
4/24/2026 10:54:26 AM,202,Warning,WT8-GUI,83097903,HM,Overscaled Channel detected at Tag AI_Strain_007
4/24/2026 10:54:26 AM,202,Warning,WT8-GUI,83097904,HM,Overscaled Channel detected at Tag AI_TT_000
4/24/2026 10:54:26 AM,202,Warning,WT8-GUI,83097905,HM,Overscaled Channel detected at Tag AI_TT_009
4/24/2026 10:54:26 AM,202,Warning,WT8-GUI,83097906,HM,Overscaled Channel detected at Tag AI_TT_010
4/24/2026 10:54:26 AM,202,Warning,WT8-GUI,83097907,HM,Overscaled Channel detected at Tag AI_TT_011
4/24/2026 10:54:26 AM,202,Warning,WT8-GUI,83097908,HM,Overscaled Channel detected at Tag AI_TT_012
4/24/2026 10:54:26 AM,202,Warning,WT8-GUI,83097909,HM,Overscaled Channel detected at Tag AI_TT_013
4/24/2026 10:54:26 AM,202,Warning,WT8-GUI,83097910,HM,Overscaled Channel detected at Tag AI_TT_014
4/24/2026 10:54:26 AM,202,Warning,WT8-GUI,83097911,HM,Overscaled Channel detected at Tag AI_TT_006
4/24/2026 10:54:26 AM,202,Warning,WT8-GUI,83097912,HM,Overscaled Channel detected at Tag AI_TT_007
4/24/2026 10:54:26 AM,202,Warning,WT8-GUI,83097913,HM,Overscaled Channel detected at Tag AI_TT_008
4/24/2026 10:55:10 AM,301005,Warning,WT8-GUI,83097914,OPC,OPC Server Graybox.Simulator.1 on host localhost has not updated data in 92 minute(s).
4/24/2026 10:55:25 AM,202,Warning,WT8-GUI,83097915,HM,Overscaled Channel detected at Tag AI_Volts_Shunt_001
4/24/2026 10:55:25 AM,202,Warning,WT8-GUI,83097916,HM,Overscaled Channel detected at Tag AI_Volts_Shunt_003
4/24/2026 10:55:25 AM,202,Warning,WT8-GUI,83097917,HM,Overscaled Channel detected at Tag AI_Volts_Shunt_004
4/24/2026 10:55:25 AM,202,Warning,WT8-GUI,83097918,HM,Overscaled Channel detected at Tag AI_TK_020
4/24/2026 10:55:25 AM,202,Warning,WT8-GUI,83097919,HM,Overscaled Channel detected at Tag AI_TK_021
4/24/2026 10:55:25 AM,202,Warning,WT8-GUI,83097920,HM,Overscaled Channel detected at Tag AI_TK_022
4/24/2026 10:55:25 AM,202,Warning,WT8-GUI,83097921,HM,Overscaled Channel detected at Tag AI_TK_023
4/24/2026 10:55:25 AM,202,Warning,WT8-GUI,83097922,HM,Overscaled Channel detected at Tag AI_TK_024
4/24/2026 10:55:25 AM,202,Warning,WT8-GUI,83097923,HM,Overscaled Channel detected at Tag AI_TK_025
4/24/2026 10:55:25 AM,202,Warning,WT8-GUI,83097924,HM,Overscaled Channel detected at Tag AI_TK_026
4/24/2026 10:55:25 AM,202,Warning,WT8-GUI,83097925,HM,Overscaled Channel detected at Tag AI_TK_027
4/24/2026 10:55:25 AM,202,Warning,WT8-GUI,83097926,HM,Overscaled Channel detected at Tag AI_TK_028
4/24/2026 10:55:25 AM,202,Warning,WT8-GUI,83097927,HM,Overscaled Channel detected at Tag AI_TK_002
4/24/2026 10:55:25 AM,202,Warning,WT8-GUI,83097928,HM,Overscaled Channel detected at Tag AI_TK_029
4/24/2026 10:55:25 AM,202,Warning,WT8-GUI,83097929,HM,Overscaled Channel detected at Tag AI_TK_030
4/24/2026 10:55:25 AM,202,Warning,WT8-GUI,83097930,HM,Overscaled Channel detected at Tag AI_TK_003
4/24/2026 10:55:25 AM,202,Warning,WT8-GUI,83097931,HM,Overscaled Channel detected at Tag AI_TK_004
4/24/2026 10:55:25 AM,202,Warning,WT8-GUI,83097932,HM,Overscaled Channel detected at Tag AI_TK_005
4/24/2026 10:55:25 AM,202,Warning,WT8-GUI,83097933,HM,Overscaled Channel detected at Tag AI_TK_006
4/24/2026 10:55:25 AM,202,Warning,WT8-GUI,83097934,HM,Overscaled Channel detected at Tag AI_TK_007
4/24/2026 10:55:25 AM,202,Warning,WT8-GUI,83097935,HM,Overscaled Channel detected at Tag AI_TK_008
4/24/2026 10:55:25 AM,202,Warning,WT8-GUI,83097936,HM,Overscaled Channel detected at Tag AI_Volts_Shunt_000
4/24/2026 10:55:25 AM,202,Warning,WT8-GUI,83097937,HM,Overscaled Channel detected at Tag AI_TT_015
4/24/2026 10:55:25 AM,202,Warning,WT8-GUI,83097938,HM,Overscaled Channel detected at Tag AI_TT_016
4/24/2026 10:55:25 AM,202,Warning,WT8-GUI,83097939,HM,Overscaled Channel detected at Tag AI_TT_017
4/24/2026 10:55:25 AM,202,Warning,WT8-GUI,83097940,HM,Overscaled Channel detected at Tag AI_TT_018
4/24/2026 10:55:25 AM,202,Warning,WT8-GUI,83097941,HM,Overscaled Channel detected at Tag AI_TT_001
4/24/2026 10:55:25 AM,202,Warning,WT8-GUI,83097942,HM,Overscaled Channel detected at Tag AI_TT_019
4/24/2026 10:55:25 AM,202,Warning,WT8-GUI,83097943,HM,Overscaled Channel detected at Tag AI_TT_020
4/24/2026 10:55:25 AM,202,Warning,WT8-GUI,83097944,HM,Overscaled Channel detected at Tag AI_TT_021
4/24/2026 10:55:25 AM,202,Warning,WT8-GUI,83097945,HM,Overscaled Channel detected at Tag AI_TT_022
4/24/2026 10:55:25 AM,202,Warning,WT8-GUI,83097946,HM,Overscaled Channel detected at Tag AI_TT_023
4/24/2026 10:55:25 AM,202,Warning,WT8-GUI,83097947,HM,Overscaled Channel detected at Tag AI_TT_024
4/24/2026 10:55:25 AM,202,Warning,WT8-GUI,83097948,HM,Overscaled Channel detected at Tag AI_TT_025
4/24/2026 10:55:25 AM,202,Warning,WT8-GUI,83097949,HM,Overscaled Channel detected at Tag AI_TT_026
4/24/2026 10:55:25 AM,202,Warning,WT8-GUI,83097950,HM,Overscaled Channel detected at Tag AI_TT_027
4/24/2026 10:55:25 AM,202,Warning,WT8-GUI,83097951,HM,Overscaled Channel detected at Tag AI_TT_028
4/24/2026 10:55:25 AM,202,Warning,WT8-GUI,83097952,HM,Overscaled Channel detected at Tag AI_TT_002
4/24/2026 10:55:25 AM,202,Warning,WT8-GUI,83097953,HM,Overscaled Channel detected at Tag AI_TT_029
4/24/2026 10:55:25 AM,202,Warning,WT8-GUI,83097954,HM,Overscaled Channel detected at Tag AI_TT_030
4/24/2026 10:55:25 AM,202,Warning,WT8-GUI,83097955,HM,Overscaled Channel detected at Tag AI_TT_003
4/24/2026 10:55:25 AM,202,Warning,WT8-GUI,83097956,HM,Overscaled Channel detected at Tag AI_TT_004
4/24/2026 10:55:25 AM,202,Warning,WT8-GUI,83097957,HM,Overscaled Channel detected at Tag AI_TT_005
4/24/2026 10:55:25 AM,202,Warning,WT8-GUI,83097958,HM,Overscaled Channel detected at Tag AI_Volts_Shunt_009
4/24/2026 10:55:25 AM,202,Warning,WT8-GUI,83097959,HM,Overscaled Channel detected at Tag AI_Volts_Shunt_010
4/24/2026 10:55:25 AM,202,Warning,WT8-GUI,83097960,HM,Overscaled Channel detected at Tag AI_Volts_Shunt_011
4/24/2026 10:55:25 AM,202,Warning,WT8-GUI,83097961,HM,Overscaled Channel detected at Tag AI_Volts_Shunt_012
4/24/2026 10:55:26 AM,202,Warning,WT8-GUI,83097962,HM,Overscaled Channel detected at Tag AI_TK_000
4/24/2026 10:55:26 AM,202,Warning,WT8-GUI,83097963,HM,Overscaled Channel detected at Tag AI_TK_009
4/24/2026 10:55:26 AM,202,Warning,WT8-GUI,83097964,HM,Overscaled Channel detected at Tag AI_TK_010
4/24/2026 10:55:26 AM,202,Warning,WT8-GUI,83097965,HM,Overscaled Channel detected at Tag AI_TK_011
4/24/2026 10:55:26 AM,202,Warning,WT8-GUI,83097966,HM,Overscaled Channel detected at Tag AI_TK_012
4/24/2026 10:55:26 AM,202,Warning,WT8-GUI,83097967,HM,Overscaled Channel detected at Tag AI_TK_013
4/24/2026 10:55:26 AM,202,Warning,WT8-GUI,83097968,HM,Overscaled Channel detected at Tag AI_TK_014
4/24/2026 10:55:26 AM,202,Warning,WT8-GUI,83097969,HM,Overscaled Channel detected at Tag AI_TK_015
4/24/2026 10:55:26 AM,202,Warning,WT8-GUI,83097970,HM,Overscaled Channel detected at Tag AI_TK_016
4/24/2026 10:55:26 AM,202,Warning,WT8-GUI,83097971,HM,Overscaled Channel detected at Tag AI_TK_017
4/24/2026 10:55:26 AM,202,Warning,WT8-GUI,83097972,HM,Overscaled Channel detected at Tag AI_TK_018
4/24/2026 10:55:26 AM,202,Warning,WT8-GUI,83097973,HM,Overscaled Channel detected at Tag AI_TK_001
4/24/2026 10:55:26 AM,202,Warning,WT8-GUI,83097974,HM,Overscaled Channel detected at Tag AI_TK_019
4/24/2026 10:55:26 AM,202,Warning,WT8-GUI,83097975,HM,Overscaled Channel detected at Tag AI_Volts_Shunt_006
4/24/2026 10:55:26 AM,202,Warning,WT8-GUI,83097976,HM,Overscaled Channel detected at Tag AI_Volts_Shunt_007
4/24/2026 10:55:26 AM,202,Warning,WT8-GUI,83097977,HM,Overscaled Channel detected at Tag AI_Volts_Shunt_008
4/24/2026 10:55:26 AM,202,Warning,WT8-GUI,83097978,HM,Overscaled Channel detected at Tag AI_Volts_Shunt_013
4/24/2026 10:55:26 AM,202,Warning,WT8-GUI,83097979,HM,Overscaled Channel detected at Tag AI_Volts_Shunt_014
4/24/2026 10:55:26 AM,202,Warning,WT8-GUI,83097980,HM,Overscaled Channel detected at Tag AI_Volts_Shunt_015
4/24/2026 10:55:26 AM,202,Warning,WT8-GUI,83097981,HM,Overscaled Channel detected at Tag AI_Strain_000
4/24/2026 10:55:26 AM,202,Warning,WT8-GUI,83097982,HM,Overscaled Channel detected at Tag AI_Strain_001
4/24/2026 10:55:26 AM,202,Warning,WT8-GUI,83097983,HM,Overscaled Channel detected at Tag AI_Strain_002
4/24/2026 10:55:26 AM,202,Warning,WT8-GUI,83097984,HM,Overscaled Channel detected at Tag AI_Strain_003
4/24/2026 10:55:26 AM,202,Warning,WT8-GUI,83097985,HM,Overscaled Channel detected at Tag AI_Strain_004
4/24/2026 10:55:26 AM,202,Warning,WT8-GUI,83097986,HM,Overscaled Channel detected at Tag AI_Strain_005
4/24/2026 10:55:26 AM,202,Warning,WT8-GUI,83097987,HM,Overscaled Channel detected at Tag AI_Strain_006
4/24/2026 10:55:26 AM,202,Warning,WT8-GUI,83097988,HM,Overscaled Channel detected at Tag AI_Strain_007
4/24/2026 10:55:26 AM,202,Warning,WT8-GUI,83097989,HM,Overscaled Channel detected at Tag AI_TT_000
4/24/2026 10:55:26 AM,202,Warning,WT8-GUI,83097990,HM,Overscaled Channel detected at Tag AI_TT_009
4/24/2026 10:55:26 AM,202,Warning,WT8-GUI,83097991,HM,Overscaled Channel detected at Tag AI_TT_010
4/24/2026 10:55:26 AM,202,Warning,WT8-GUI,83097992,HM,Overscaled Channel detected at Tag AI_TT_011
4/24/2026 10:55:26 AM,202,Warning,WT8-GUI,83097993,HM,Overscaled Channel detected at Tag AI_TT_012
4/24/2026 10:55:26 AM,202,Warning,WT8-GUI,83097994,HM,Overscaled Channel detected at Tag AI_TT_013
4/24/2026 10:55:26 AM,202,Warning,WT8-GUI,83097995,HM,Overscaled Channel detected at Tag AI_TT_014
4/24/2026 10:55:26 AM,202,Warning,WT8-GUI,83097996,HM,Overscaled Channel detected at Tag AI_TT_006
4/24/2026 10:55:26 AM,202,Warning,WT8-GUI,83097997,HM,Overscaled Channel detected at Tag AI_TT_007
4/24/2026 10:55:26 AM,202,Warning,WT8-GUI,83097998,HM,Overscaled Channel detected at Tag AI_TT_008
4/24/2026 10:56:10 AM,301005,Warning,WT8-GUI,83097999,OPC,OPC Server Graybox.Simulator.1 on host localhost has not updated data in 93 minute(s).
4/24/2026 10:56:18 AM,3,Info,WT8-GUI,83098000,DATASTORE,DATASTORE Reload Database Settings Complete
4/24/2026 10:56:18 AM,1,Info,WT8-GUI,83098001,DATASTORE,DATASTORE Started/Initialized
4/24/2026 10:56:18 AM,0,Info,WT8-GUI,83098002,DATASTORE,Created data file C:\Data\_Facility\DE9956_Ohio State University FSAE_aero_2_240426_092310\LOG.dat
4/24/2026 10:56:18 AM,4,Info,WT8-GUI,83098003,DATASTORE,Log Storage ready to store data. Initialization  Complete
4/24/2026 10:56:18 AM,97,Info,WT8-GUI,83098004,DATASTORE,"Log (Record 1) data storage initiated:  Duration Continuous, Samples to Average 60, Rate 1 min 0.00 secs ."
4/24/2026 10:56:18 AM,0,Info,WT8-GUI,83098005,DATASTORE,Created data file C:\Data\_Facility\DE9956_Ohio State University FSAE_aero_2_240426_092310\D1.dat
4/24/2026 10:56:18 AM,4,Info,WT8-GUI,83098006,DATASTORE,Burst ready to store data. Initialization  Complete
4/24/2026 10:56:18 AM,4,Info,WT8-GUI,83098007,DATASTORE,Group 1 ready to store data. Initialization  Complete
4/24/2026 10:56:18 AM,0,Debug,WT8-GUI,83098008,Custom Init,"NEW DATA FOLDER: C:\Data\_Facility\DE9956_Ohio State University FSAE_aero_2_240426_092310
Use Custom Init: 0
Custom Init: C:\Data\CustomInit\Custom_Init_Template.xls"
4/24/2026 10:56:18 AM,0,Info,WT8-GUI,83098009,DATASTORE,Created data file C:\Data\_Facility\DE9956_Ohio State University FSAE_aero_2_240426_092310\D2.dat
4/24/2026 10:56:18 AM,4,Info,WT8-GUI,83098010,DATASTORE,Group 2 ready to store data. Initialization  Complete
4/24/2026 10:56:18 AM,0,Debug,WT8-GUI,83098011,Custom Init,"NEW DATA FOLDER: C:\Data\_Facility\DE9956_Ohio State University FSAE_aero_2_240426_092310
Use Custom Init: 0
Custom Init: C:\Data\CustomInit\Custom_Init_Template.xls"
4/24/2026 10:56:20 AM,2,Info,WT8-GUI,83098012,ADTMGR,ADTMGR entering Idle mode
4/24/2026 10:56:20 AM,0,Debug,WT8-GUI,83098013,"Spawn VI.vi/Ford.TestSLATE.ADTMgr.lvlib:STOPPED FUNCTION.vi/Ford.TestSLATE.ADTMgr.lvlib:Performance Functions.vi
",C:\Program Files\Jacobs\Test SLATE\Ford.TestSLATE.ConvSelectCriteria.llb\Select Convergence Criteria.vi
4/24/2026 10:56:22 AM,4,Info,WT8-GUI,83098014,,Autoconvert of C:\Data\_Facility\DE9956_Ohio State University FSAE_aero_1_240426_092310\Log.dat complete.
