4/24/2026 12:14:30 PM,4,Info,WT8-GUI,83104771,,Autoconvert of C:\Data\_Facility\DE9956_Ohio State University FSAE_aero_2_240426_092310\P1.dat complete.
4/24/2026 12:14:34 PM,4,Info,WT8-GUI,83104772,,Autoconvert of C:\Data\_Facility\DE9956_Ohio State University FSAE_aero_2_240426_092310\C1.dat complete.
4/24/2026 12:15:03 PM,97,Info,WT8-GUI,83104773,DATASTORE,"Group 1 (Record 1) data storage initiated:  Duration Continuous, Samples to Average 1, Rate 0 min 1.00 secs ."
4/24/2026 12:15:10 PM,301005,Warning,WT8-GUI,83104774,OPC,OPC Server Graybox.Simulator.1 on host localhost has not updated data in 172 minute(s).
4/24/2026 12:15:26 PM,202,Warning,WT8-GUI,83104775,HM,Overscaled Channel detected at Tag AI_Volts_Shunt_000
4/24/2026 12:15:26 PM,202,Warning,WT8-GUI,83104776,HM,Overscaled Channel detected at Tag AI_Volts_Shunt_001
4/24/2026 12:15:26 PM,202,Warning,WT8-GUI,83104777,HM,Overscaled Channel detected at Tag AI_Volts_Shunt_003
4/24/2026 12:15:26 PM,202,Warning,WT8-GUI,83104778,HM,Overscaled Channel detected at Tag AI_Volts_Shunt_004
4/24/2026 12:15:26 PM,202,Warning,WT8-GUI,83104779,HM,Overscaled Channel detected at Tag AI_TT_002
4/24/2026 12:15:26 PM,202,Warning,WT8-GUI,83104780,HM,Overscaled Channel detected at Tag AI_TT_029
4/24/2026 12:15:26 PM,202,Warning,WT8-GUI,83104781,HM,Overscaled Channel detected at Tag AI_TT_030
4/24/2026 12:15:26 PM,202,Warning,WT8-GUI,83104782,HM,Overscaled Channel detected at Tag AI_TT_003
4/24/2026 12:15:26 PM,202,Warning,WT8-GUI,83104783,HM,Overscaled Channel detected at Tag AI_TT_007
4/24/2026 12:15:26 PM,202,Warning,WT8-GUI,83104784,HM,Overscaled Channel detected at Tag AI_TT_008
4/24/2026 12:15:26 PM,202,Warning,WT8-GUI,83104785,HM,Overscaled Channel detected at Tag AI_TK_026
4/24/2026 12:15:26 PM,202,Warning,WT8-GUI,83104786,HM,Overscaled Channel detected at Tag AI_TK_027
4/24/2026 12:15:26 PM,202,Warning,WT8-GUI,83104787,HM,Overscaled Channel detected at Tag AI_TK_028
4/24/2026 12:15:26 PM,202,Warning,WT8-GUI,83104788,HM,Overscaled Channel detected at Tag AI_TK_003
4/24/2026 12:15:26 PM,202,Warning,WT8-GUI,83104789,HM,Overscaled Channel detected at Tag AI_Volts_Shunt_006
4/24/2026 12:15:26 PM,202,Warning,WT8-GUI,83104790,HM,Overscaled Channel detected at Tag AI_Volts_Shunt_007
4/24/2026 12:15:26 PM,202,Warning,WT8-GUI,83104791,HM,Overscaled Channel detected at Tag AI_Volts_Shunt_008
4/24/2026 12:15:26 PM,202,Warning,WT8-GUI,83104792,HM,Overscaled Channel detected at Tag AI_Volts_Shunt_009
4/24/2026 12:15:26 PM,202,Warning,WT8-GUI,83104793,HM,Overscaled Channel detected at Tag AI_TK_000
4/24/2026 12:15:26 PM,202,Warning,WT8-GUI,83104794,HM,Overscaled Channel detected at Tag AI_TK_009
4/24/2026 12:15:26 PM,202,Warning,WT8-GUI,83104795,HM,Overscaled Channel detected at Tag AI_TK_010
4/24/2026 12:15:26 PM,202,Warning,WT8-GUI,83104796,HM,Overscaled Channel detected at Tag AI_TK_011
4/24/2026 12:15:26 PM,202,Warning,WT8-GUI,83104797,HM,Overscaled Channel detected at Tag AI_TK_012
4/24/2026 12:15:26 PM,202,Warning,WT8-GUI,83104798,HM,Overscaled Channel detected at Tag AI_TK_013
4/24/2026 12:15:26 PM,202,Warning,WT8-GUI,83104799,HM,Overscaled Channel detected at Tag AI_TK_014
4/24/2026 12:15:26 PM,202,Warning,WT8-GUI,83104800,HM,Overscaled Channel detected at Tag AI_TK_015
4/24/2026 12:15:26 PM,202,Warning,WT8-GUI,83104801,HM,Overscaled Channel detected at Tag AI_TK_016
4/24/2026 12:15:26 PM,202,Warning,WT8-GUI,83104802,HM,Overscaled Channel detected at Tag AI_TK_017
4/24/2026 12:15:26 PM,202,Warning,WT8-GUI,83104803,HM,Overscaled Channel detected at Tag AI_TK_018
4/24/2026 12:15:26 PM,202,Warning,WT8-GUI,83104804,HM,Overscaled Channel detected at Tag AI_TK_001
4/24/2026 12:15:26 PM,202,Warning,WT8-GUI,83104805,HM,Overscaled Channel detected at Tag AI_TK_019
4/24/2026 12:15:27 PM,202,Warning,WT8-GUI,83104806,HM,Overscaled Channel detected at Tag AI_TK_020
4/24/2026 12:15:27 PM,202,Warning,WT8-GUI,83104807,HM,Overscaled Channel detected at Tag AI_TK_021
4/24/2026 12:15:27 PM,202,Warning,WT8-GUI,83104808,HM,Overscaled Channel detected at Tag AI_TK_022
4/24/2026 12:15:27 PM,202,Warning,WT8-GUI,83104809,HM,Overscaled Channel detected at Tag AI_TK_023
4/24/2026 12:15:27 PM,202,Warning,WT8-GUI,83104810,HM,Overscaled Channel detected at Tag AI_TK_024
4/24/2026 12:15:27 PM,202,Warning,WT8-GUI,83104811,HM,Overscaled Channel detected at Tag AI_TK_025
4/24/2026 12:15:27 PM,202,Warning,WT8-GUI,83104812,HM,Overscaled Channel detected at Tag AI_TK_002
4/24/2026 12:15:27 PM,202,Warning,WT8-GUI,83104813,HM,Overscaled Channel detected at Tag AI_TK_029
4/24/2026 12:15:27 PM,202,Warning,WT8-GUI,83104814,HM,Overscaled Channel detected at Tag AI_TK_030
4/24/2026 12:15:27 PM,202,Warning,WT8-GUI,83104815,HM,Overscaled Channel detected at Tag AI_TK_004
4/24/2026 12:15:27 PM,202,Warning,WT8-GUI,83104816,HM,Overscaled Channel detected at Tag AI_TK_005
4/24/2026 12:15:27 PM,202,Warning,WT8-GUI,83104817,HM,Overscaled Channel detected at Tag AI_TK_006
4/24/2026 12:15:27 PM,202,Warning,WT8-GUI,83104818,HM,Overscaled Channel detected at Tag AI_TK_007
4/24/2026 12:15:27 PM,202,Warning,WT8-GUI,83104819,HM,Overscaled Channel detected at Tag AI_TK_008
4/24/2026 12:15:27 PM,202,Warning,WT8-GUI,83104820,HM,Overscaled Channel detected at Tag AI_Volts_Shunt_010
4/24/2026 12:15:27 PM,202,Warning,WT8-GUI,83104821,HM,Overscaled Channel detected at Tag AI_Volts_Shunt_011
4/24/2026 12:15:27 PM,202,Warning,WT8-GUI,83104822,HM,Overscaled Channel detected at Tag AI_Volts_Shunt_012
4/24/2026 12:15:27 PM,202,Warning,WT8-GUI,83104823,HM,Overscaled Channel detected at Tag AI_Volts_Shunt_013
4/24/2026 12:15:27 PM,202,Warning,WT8-GUI,83104824,HM,Overscaled Channel detected at Tag AI_Volts_Shunt_014
4/24/2026 12:15:27 PM,202,Warning,WT8-GUI,83104825,HM,Overscaled Channel detected at Tag AI_Volts_Shunt_015
4/24/2026 12:15:27 PM,202,Warning,WT8-GUI,83104826,HM,Overscaled Channel detected at Tag AI_Strain_000
4/24/2026 12:15:27 PM,202,Warning,WT8-GUI,83104827,HM,Overscaled Channel detected at Tag AI_Strain_001
4/24/2026 12:15:27 PM,202,Warning,WT8-GUI,83104828,HM,Overscaled Channel detected at Tag AI_Strain_002
4/24/2026 12:15:27 PM,202,Warning,WT8-GUI,83104829,HM,Overscaled Channel detected at Tag AI_Strain_003
4/24/2026 12:15:27 PM,202,Warning,WT8-GUI,83104830,HM,Overscaled Channel detected at Tag AI_Strain_004
4/24/2026 12:15:27 PM,202,Warning,WT8-GUI,83104831,HM,Overscaled Channel detected at Tag AI_Strain_005
4/24/2026 12:15:27 PM,202,Warning,WT8-GUI,83104832,HM,Overscaled Channel detected at Tag AI_Strain_006
4/24/2026 12:15:27 PM,202,Warning,WT8-GUI,83104833,HM,Overscaled Channel detected at Tag AI_Strain_007
4/24/2026 12:15:27 PM,202,Warning,WT8-GUI,83104834,HM,Overscaled Channel detected at Tag AI_TT_000
4/24/2026 12:15:27 PM,202,Warning,WT8-GUI,83104835,HM,Overscaled Channel detected at Tag AI_TT_009
4/24/2026 12:15:27 PM,202,Warning,WT8-GUI,83104836,HM,Overscaled Channel detected at Tag AI_TT_010
4/24/2026 12:15:27 PM,202,Warning,WT8-GUI,83104837,HM,Overscaled Channel detected at Tag AI_TT_011
4/24/2026 12:15:27 PM,202,Warning,WT8-GUI,83104838,HM,Overscaled Channel detected at Tag AI_TT_012
4/24/2026 12:15:27 PM,202,Warning,WT8-GUI,83104839,HM,Overscaled Channel detected at Tag AI_TT_013
4/24/2026 12:15:27 PM,202,Warning,WT8-GUI,83104840,HM,Overscaled Channel detected at Tag AI_TT_014
4/24/2026 12:15:27 PM,202,Warning,WT8-GUI,83104841,HM,Overscaled Channel detected at Tag AI_TT_015
4/24/2026 12:15:27 PM,202,Warning,WT8-GUI,83104842,HM,Overscaled Channel detected at Tag AI_TT_016
4/24/2026 12:15:27 PM,202,Warning,WT8-GUI,83104843,HM,Overscaled Channel detected at Tag AI_TT_017
4/24/2026 12:15:27 PM,202,Warning,WT8-GUI,83104844,HM,Overscaled Channel detected at Tag AI_TT_018
4/24/2026 12:15:27 PM,202,Warning,WT8-GUI,83104845,HM,Overscaled Channel detected at Tag AI_TT_001
4/24/2026 12:15:27 PM,202,Warning,WT8-GUI,83104846,HM,Overscaled Channel detected at Tag AI_TT_019
4/24/2026 12:15:27 PM,202,Warning,WT8-GUI,83104847,HM,Overscaled Channel detected at Tag AI_TT_020
4/24/2026 12:15:27 PM,202,Warning,WT8-GUI,83104848,HM,Overscaled Channel detected at Tag AI_TT_021
4/24/2026 12:15:27 PM,202,Warning,WT8-GUI,83104849,HM,Overscaled Channel detected at Tag AI_TT_022
4/24/2026 12:15:27 PM,202,Warning,WT8-GUI,83104850,HM,Overscaled Channel detected at Tag AI_TT_023
4/24/2026 12:15:27 PM,202,Warning,WT8-GUI,83104851,HM,Overscaled Channel detected at Tag AI_TT_024
4/24/2026 12:15:27 PM,202,Warning,WT8-GUI,83104852,HM,Overscaled Channel detected at Tag AI_TT_025
4/24/2026 12:15:27 PM,202,Warning,WT8-GUI,83104853,HM,Overscaled Channel detected at Tag AI_TT_026
4/24/2026 12:15:27 PM,202,Warning,WT8-GUI,83104854,HM,Overscaled Channel detected at Tag AI_TT_027
4/24/2026 12:15:27 PM,202,Warning,WT8-GUI,83104855,HM,Overscaled Channel detected at Tag AI_TT_028
4/24/2026 12:15:27 PM,202,Warning,WT8-GUI,83104856,HM,Overscaled Channel detected at Tag AI_TT_004
4/24/2026 12:15:27 PM,202,Warning,WT8-GUI,83104857,HM,Overscaled Channel detected at Tag AI_TT_005
4/24/2026 12:15:27 PM,202,Warning,WT8-GUI,83104858,HM,Overscaled Channel detected at Tag AI_TT_006
4/24/2026 12:16:10 PM,301005,Warning,WT8-GUI,83104859,OPC,OPC Server Graybox.Simulator.1 on host localhost has not updated data in 173 minute(s).
4/24/2026 12:16:26 PM,202,Warning,WT8-GUI,83104860,HM,Overscaled Channel detected at Tag AI_Volts_Shunt_000
4/24/2026 12:16:26 PM,202,Warning,WT8-GUI,83104861,HM,Overscaled Channel detected at Tag AI_Volts_Shunt_001
4/24/2026 12:16:26 PM,202,Warning,WT8-GUI,83104862,HM,Overscaled Channel detected at Tag AI_Volts_Shunt_003
4/24/2026 12:16:26 PM,202,Warning,WT8-GUI,83104863,HM,Overscaled Channel detected at Tag AI_Volts_Shunt_004
4/24/2026 12:16:26 PM,202,Warning,WT8-GUI,83104864,HM,Overscaled Channel detected at Tag AI_TT_002
4/24/2026 12:16:26 PM,202,Warning,WT8-GUI,83104865,HM,Overscaled Channel detected at Tag AI_TT_029
4/24/2026 12:16:26 PM,202,Warning,WT8-GUI,83104866,HM,Overscaled Channel detected at Tag AI_TT_030
4/24/2026 12:16:26 PM,202,Warning,WT8-GUI,83104867,HM,Overscaled Channel detected at Tag AI_TT_003
4/24/2026 12:16:26 PM,202,Warning,WT8-GUI,83104868,HM,Overscaled Channel detected at Tag AI_TT_007
4/24/2026 12:16:26 PM,202,Warning,WT8-GUI,83104869,HM,Overscaled Channel detected at Tag AI_TT_008
4/24/2026 12:16:26 PM,202,Warning,WT8-GUI,83104870,HM,Overscaled Channel detected at Tag AI_TK_026
4/24/2026 12:16:26 PM,202,Warning,WT8-GUI,83104871,HM,Overscaled Channel detected at Tag AI_TK_027
4/24/2026 12:16:26 PM,202,Warning,WT8-GUI,83104872,HM,Overscaled Channel detected at Tag AI_TK_028
4/24/2026 12:16:26 PM,202,Warning,WT8-GUI,83104873,HM,Overscaled Channel detected at Tag AI_TK_003
4/24/2026 12:16:26 PM,202,Warning,WT8-GUI,83104874,HM,Overscaled Channel detected at Tag AI_Volts_Shunt_006
4/24/2026 12:16:26 PM,202,Warning,WT8-GUI,83104875,HM,Overscaled Channel detected at Tag AI_Volts_Shunt_007
4/24/2026 12:16:26 PM,202,Warning,WT8-GUI,83104876,HM,Overscaled Channel detected at Tag AI_Volts_Shunt_008
4/24/2026 12:16:26 PM,202,Warning,WT8-GUI,83104877,HM,Overscaled Channel detected at Tag AI_Volts_Shunt_009
4/24/2026 12:16:26 PM,202,Warning,WT8-GUI,83104878,HM,Overscaled Channel detected at Tag AI_TK_000
4/24/2026 12:16:26 PM,202,Warning,WT8-GUI,83104879,HM,Overscaled Channel detected at Tag AI_TK_009
4/24/2026 12:16:26 PM,202,Warning,WT8-GUI,83104880,HM,Overscaled Channel detected at Tag AI_TK_010
4/24/2026 12:16:26 PM,202,Warning,WT8-GUI,83104881,HM,Overscaled Channel detected at Tag AI_TK_011
4/24/2026 12:16:26 PM,202,Warning,WT8-GUI,83104882,HM,Overscaled Channel detected at Tag AI_TK_012
4/24/2026 12:16:26 PM,202,Warning,WT8-GUI,83104883,HM,Overscaled Channel detected at Tag AI_TK_013
4/24/2026 12:16:27 PM,202,Warning,WT8-GUI,83104884,HM,Overscaled Channel detected at Tag AI_TK_014
4/24/2026 12:16:27 PM,202,Warning,WT8-GUI,83104885,HM,Overscaled Channel detected at Tag AI_TK_015
4/24/2026 12:16:27 PM,202,Warning,WT8-GUI,83104886,HM,Overscaled Channel detected at Tag AI_TK_016
4/24/2026 12:16:27 PM,202,Warning,WT8-GUI,83104887,HM,Overscaled Channel detected at Tag AI_TK_017
4/24/2026 12:16:27 PM,202,Warning,WT8-GUI,83104888,HM,Overscaled Channel detected at Tag AI_TK_018
4/24/2026 12:16:27 PM,202,Warning,WT8-GUI,83104889,HM,Overscaled Channel detected at Tag AI_TK_001
4/24/2026 12:16:27 PM,202,Warning,WT8-GUI,83104890,HM,Overscaled Channel detected at Tag AI_TK_019
4/24/2026 12:16:27 PM,202,Warning,WT8-GUI,83104891,HM,Overscaled Channel detected at Tag AI_TK_020
4/24/2026 12:16:27 PM,202,Warning,WT8-GUI,83104892,HM,Overscaled Channel detected at Tag AI_TK_021
4/24/2026 12:16:27 PM,202,Warning,WT8-GUI,83104893,HM,Overscaled Channel detected at Tag AI_TK_022
4/24/2026 12:16:27 PM,202,Warning,WT8-GUI,83104894,HM,Overscaled Channel detected at Tag AI_TK_023
4/24/2026 12:16:27 PM,202,Warning,WT8-GUI,83104895,HM,Overscaled Channel detected at Tag AI_TK_024
4/24/2026 12:16:27 PM,202,Warning,WT8-GUI,83104896,HM,Overscaled Channel detected at Tag AI_TK_025
4/24/2026 12:16:27 PM,202,Warning,WT8-GUI,83104897,HM,Overscaled Channel detected at Tag AI_TK_002
4/24/2026 12:16:27 PM,202,Warning,WT8-GUI,83104898,HM,Overscaled Channel detected at Tag AI_TK_029
4/24/2026 12:16:27 PM,202,Warning,WT8-GUI,83104899,HM,Overscaled Channel detected at Tag AI_TK_030
4/24/2026 12:16:27 PM,202,Warning,WT8-GUI,83104900,HM,Overscaled Channel detected at Tag AI_TK_004
4/24/2026 12:16:27 PM,202,Warning,WT8-GUI,83104901,HM,Overscaled Channel detected at Tag AI_TK_005
4/24/2026 12:16:27 PM,202,Warning,WT8-GUI,83104902,HM,Overscaled Channel detected at Tag AI_TK_006
4/24/2026 12:16:27 PM,202,Warning,WT8-GUI,83104903,HM,Overscaled Channel detected at Tag AI_TK_007
4/24/2026 12:16:27 PM,202,Warning,WT8-GUI,83104904,HM,Overscaled Channel detected at Tag AI_TK_008
4/24/2026 12:16:27 PM,202,Warning,WT8-GUI,83104905,HM,Overscaled Channel detected at Tag AI_Volts_Shunt_010
4/24/2026 12:16:27 PM,202,Warning,WT8-GUI,83104906,HM,Overscaled Channel detected at Tag AI_Volts_Shunt_011
4/24/2026 12:16:27 PM,202,Warning,WT8-GUI,83104907,HM,Overscaled Channel detected at Tag AI_Volts_Shunt_012
4/24/2026 12:16:27 PM,202,Warning,WT8-GUI,83104908,HM,Overscaled Channel detected at Tag AI_Volts_Shunt_013
4/24/2026 12:16:27 PM,202,Warning,WT8-GUI,83104909,HM,Overscaled Channel detected at Tag AI_Volts_Shunt_014
4/24/2026 12:16:27 PM,202,Warning,WT8-GUI,83104910,HM,Overscaled Channel detected at Tag AI_Volts_Shunt_015
4/24/2026 12:16:27 PM,202,Warning,WT8-GUI,83104911,HM,Overscaled Channel detected at Tag AI_Strain_000
4/24/2026 12:16:27 PM,202,Warning,WT8-GUI,83104912,HM,Overscaled Channel detected at Tag AI_Strain_001
4/24/2026 12:16:27 PM,202,Warning,WT8-GUI,83104913,HM,Overscaled Channel detected at Tag AI_Strain_002
4/24/2026 12:16:27 PM,202,Warning,WT8-GUI,83104914,HM,Overscaled Channel detected at Tag AI_Strain_003
4/24/2026 12:16:27 PM,202,Warning,WT8-GUI,83104915,HM,Overscaled Channel detected at Tag AI_Strain_004
4/24/2026 12:16:27 PM,202,Warning,WT8-GUI,83104916,HM,Overscaled Channel detected at Tag AI_Strain_005
4/24/2026 12:16:27 PM,202,Warning,WT8-GUI,83104917,HM,Overscaled Channel detected at Tag AI_Strain_006
4/24/2026 12:16:27 PM,202,Warning,WT8-GUI,83104918,HM,Overscaled Channel detected at Tag AI_Strain_007
4/24/2026 12:16:27 PM,202,Warning,WT8-GUI,83104919,HM,Overscaled Channel detected at Tag AI_TT_000
4/24/2026 12:16:27 PM,202,Warning,WT8-GUI,83104920,HM,Overscaled Channel detected at Tag AI_TT_009
4/24/2026 12:16:27 PM,202,Warning,WT8-GUI,83104921,HM,Overscaled Channel detected at Tag AI_TT_010
4/24/2026 12:16:27 PM,202,Warning,WT8-GUI,83104922,HM,Overscaled Channel detected at Tag AI_TT_011
4/24/2026 12:16:27 PM,202,Warning,WT8-GUI,83104923,HM,Overscaled Channel detected at Tag AI_TT_012
4/24/2026 12:16:27 PM,202,Warning,WT8-GUI,83104924,HM,Overscaled Channel detected at Tag AI_TT_013
4/24/2026 12:16:27 PM,202,Warning,WT8-GUI,83104925,HM,Overscaled Channel detected at Tag AI_TT_014
4/24/2026 12:16:27 PM,202,Warning,WT8-GUI,83104926,HM,Overscaled Channel detected at Tag AI_TT_015
4/24/2026 12:16:27 PM,202,Warning,WT8-GUI,83104927,HM,Overscaled Channel detected at Tag AI_TT_016
4/24/2026 12:16:27 PM,202,Warning,WT8-GUI,83104928,HM,Overscaled Channel detected at Tag AI_TT_017
4/24/2026 12:16:27 PM,202,Warning,WT8-GUI,83104929,HM,Overscaled Channel detected at Tag AI_TT_018
4/24/2026 12:16:27 PM,202,Warning,WT8-GUI,83104930,HM,Overscaled Channel detected at Tag AI_TT_001
4/24/2026 12:16:27 PM,202,Warning,WT8-GUI,83104931,HM,Overscaled Channel detected at Tag AI_TT_019
4/24/2026 12:16:27 PM,202,Warning,WT8-GUI,83104932,HM,Overscaled Channel detected at Tag AI_TT_020
4/24/2026 12:16:27 PM,202,Warning,WT8-GUI,83104933,HM,Overscaled Channel detected at Tag AI_TT_021
4/24/2026 12:16:27 PM,202,Warning,WT8-GUI,83104934,HM,Overscaled Channel detected at Tag AI_TT_022
4/24/2026 12:16:27 PM,202,Warning,WT8-GUI,83104935,HM,Overscaled Channel detected at Tag AI_TT_023
4/24/2026 12:16:27 PM,202,Warning,WT8-GUI,83104936,HM,Overscaled Channel detected at Tag AI_TT_024
4/24/2026 12:16:27 PM,202,Warning,WT8-GUI,83104937,HM,Overscaled Channel detected at Tag AI_TT_025
4/24/2026 12:16:27 PM,202,Warning,WT8-GUI,83104938,HM,Overscaled Channel detected at Tag AI_TT_026
4/24/2026 12:16:27 PM,202,Warning,WT8-GUI,83104939,HM,Overscaled Channel detected at Tag AI_TT_027
4/24/2026 12:16:27 PM,202,Warning,WT8-GUI,83104940,HM,Overscaled Channel detected at Tag AI_TT_028
4/24/2026 12:16:27 PM,202,Warning,WT8-GUI,83104941,HM,Overscaled Channel detected at Tag AI_TT_004
4/24/2026 12:16:27 PM,202,Warning,WT8-GUI,83104942,HM,Overscaled Channel detected at Tag AI_TT_005
4/24/2026 12:16:27 PM,202,Warning,WT8-GUI,83104943,HM,Overscaled Channel detected at Tag AI_TT_006
4/24/2026 12:17:10 PM,301005,Warning,WT8-GUI,83104944,OPC,OPC Server Graybox.Simulator.1 on host localhost has not updated data in 174 minute(s).
4/24/2026 12:17:26 PM,202,Warning,WT8-GUI,83104945,HM,Overscaled Channel detected at Tag AI_Volts_Shunt_000
4/24/2026 12:17:26 PM,202,Warning,WT8-GUI,83104946,HM,Overscaled Channel detected at Tag AI_Volts_Shunt_001
4/24/2026 12:17:26 PM,202,Warning,WT8-GUI,83104947,HM,Overscaled Channel detected at Tag AI_Volts_Shunt_003
4/24/2026 12:17:26 PM,202,Warning,WT8-GUI,83104948,HM,Overscaled Channel detected at Tag AI_Volts_Shunt_004
4/24/2026 12:17:26 PM,202,Warning,WT8-GUI,83104949,HM,Overscaled Channel detected at Tag AI_TT_002
4/24/2026 12:17:26 PM,202,Warning,WT8-GUI,83104950,HM,Overscaled Channel detected at Tag AI_TT_029
4/24/2026 12:17:26 PM,202,Warning,WT8-GUI,83104951,HM,Overscaled Channel detected at Tag AI_TT_030
4/24/2026 12:17:26 PM,202,Warning,WT8-GUI,83104952,HM,Overscaled Channel detected at Tag AI_TT_003
4/24/2026 12:17:26 PM,202,Warning,WT8-GUI,83104953,HM,Overscaled Channel detected at Tag AI_TT_007
4/24/2026 12:17:26 PM,202,Warning,WT8-GUI,83104954,HM,Overscaled Channel detected at Tag AI_TT_008
4/24/2026 12:17:26 PM,202,Warning,WT8-GUI,83104955,HM,Overscaled Channel detected at Tag AI_TK_026
4/24/2026 12:17:26 PM,202,Warning,WT8-GUI,83104956,HM,Overscaled Channel detected at Tag AI_TK_027
4/24/2026 12:17:26 PM,202,Warning,WT8-GUI,83104957,HM,Overscaled Channel detected at Tag AI_TK_028
4/24/2026 12:17:26 PM,202,Warning,WT8-GUI,83104958,HM,Overscaled Channel detected at Tag AI_TK_003
4/24/2026 12:17:26 PM,202,Warning,WT8-GUI,83104959,HM,Overscaled Channel detected at Tag AI_Volts_Shunt_006
4/24/2026 12:17:26 PM,202,Warning,WT8-GUI,83104960,HM,Overscaled Channel detected at Tag AI_Volts_Shunt_007
4/24/2026 12:17:26 PM,202,Warning,WT8-GUI,83104961,HM,Overscaled Channel detected at Tag AI_Volts_Shunt_008
4/24/2026 12:17:26 PM,202,Warning,WT8-GUI,83104962,HM,Overscaled Channel detected at Tag AI_Volts_Shunt_009
4/24/2026 12:17:27 PM,202,Warning,WT8-GUI,83104963,HM,Overscaled Channel detected at Tag AI_TK_000
4/24/2026 12:17:27 PM,202,Warning,WT8-GUI,83104964,HM,Overscaled Channel detected at Tag AI_TK_009
4/24/2026 12:17:27 PM,202,Warning,WT8-GUI,83104965,HM,Overscaled Channel detected at Tag AI_TK_010
4/24/2026 12:17:27 PM,202,Warning,WT8-GUI,83104966,HM,Overscaled Channel detected at Tag AI_TK_011
4/24/2026 12:17:27 PM,202,Warning,WT8-GUI,83104967,HM,Overscaled Channel detected at Tag AI_TK_012
4/24/2026 12:17:27 PM,202,Warning,WT8-GUI,83104968,HM,Overscaled Channel detected at Tag AI_TK_013
4/24/2026 12:17:27 PM,202,Warning,WT8-GUI,83104969,HM,Overscaled Channel detected at Tag AI_TK_014
4/24/2026 12:17:27 PM,202,Warning,WT8-GUI,83104970,HM,Overscaled Channel detected at Tag AI_TK_015
4/24/2026 12:17:27 PM,202,Warning,WT8-GUI,83104971,HM,Overscaled Channel detected at Tag AI_TK_016
4/24/2026 12:17:27 PM,202,Warning,WT8-GUI,83104972,HM,Overscaled Channel detected at Tag AI_TK_017
4/24/2026 12:17:27 PM,202,Warning,WT8-GUI,83104973,HM,Overscaled Channel detected at Tag AI_TK_018
4/24/2026 12:17:27 PM,202,Warning,WT8-GUI,83104974,HM,Overscaled Channel detected at Tag AI_TK_001
4/24/2026 12:17:27 PM,202,Warning,WT8-GUI,83104975,HM,Overscaled Channel detected at Tag AI_TK_019
4/24/2026 12:17:27 PM,202,Warning,WT8-GUI,83104976,HM,Overscaled Channel detected at Tag AI_TK_020
4/24/2026 12:17:27 PM,202,Warning,WT8-GUI,83104977,HM,Overscaled Channel detected at Tag AI_TK_021
4/24/2026 12:17:27 PM,202,Warning,WT8-GUI,83104978,HM,Overscaled Channel detected at Tag AI_TK_022
4/24/2026 12:17:27 PM,202,Warning,WT8-GUI,83104979,HM,Overscaled Channel detected at Tag AI_TK_023
4/24/2026 12:17:27 PM,202,Warning,WT8-GUI,83104980,HM,Overscaled Channel detected at Tag AI_TK_024
4/24/2026 12:17:27 PM,202,Warning,WT8-GUI,83104981,HM,Overscaled Channel detected at Tag AI_TK_025
4/24/2026 12:17:27 PM,202,Warning,WT8-GUI,83104982,HM,Overscaled Channel detected at Tag AI_TK_002
4/24/2026 12:17:27 PM,202,Warning,WT8-GUI,83104983,HM,Overscaled Channel detected at Tag AI_TK_029
4/24/2026 12:17:27 PM,202,Warning,WT8-GUI,83104984,HM,Overscaled Channel detected at Tag AI_TK_030
4/24/2026 12:17:27 PM,202,Warning,WT8-GUI,83104985,HM,Overscaled Channel detected at Tag AI_TK_004
4/24/2026 12:17:27 PM,202,Warning,WT8-GUI,83104986,HM,Overscaled Channel detected at Tag AI_TK_005
4/24/2026 12:17:27 PM,202,Warning,WT8-GUI,83104987,HM,Overscaled Channel detected at Tag AI_TK_006
4/24/2026 12:17:27 PM,202,Warning,WT8-GUI,83104988,HM,Overscaled Channel detected at Tag AI_TK_007
4/24/2026 12:17:27 PM,202,Warning,WT8-GUI,83104989,HM,Overscaled Channel detected at Tag AI_TK_008
4/24/2026 12:17:27 PM,202,Warning,WT8-GUI,83104990,HM,Overscaled Channel detected at Tag AI_Volts_Shunt_010
4/24/2026 12:17:27 PM,202,Warning,WT8-GUI,83104991,HM,Overscaled Channel detected at Tag AI_Volts_Shunt_011
4/24/2026 12:17:27 PM,202,Warning,WT8-GUI,83104992,HM,Overscaled Channel detected at Tag AI_Volts_Shunt_012
4/24/2026 12:17:27 PM,202,Warning,WT8-GUI,83104993,HM,Overscaled Channel detected at Tag AI_Volts_Shunt_013
4/24/2026 12:17:27 PM,202,Warning,WT8-GUI,83104994,HM,Overscaled Channel detected at Tag AI_Volts_Shunt_014
4/24/2026 12:17:27 PM,202,Warning,WT8-GUI,83104995,HM,Overscaled Channel detected at Tag AI_Volts_Shunt_015
4/24/2026 12:17:27 PM,202,Warning,WT8-GUI,83104996,HM,Overscaled Channel detected at Tag AI_Strain_000
4/24/2026 12:17:27 PM,202,Warning,WT8-GUI,83104997,HM,Overscaled Channel detected at Tag AI_Strain_001
4/24/2026 12:17:27 PM,202,Warning,WT8-GUI,83104998,HM,Overscaled Channel detected at Tag AI_Strain_002
4/24/2026 12:17:27 PM,202,Warning,WT8-GUI,83104999,HM,Overscaled Channel detected at Tag AI_Strain_003
4/24/2026 12:17:27 PM,202,Warning,WT8-GUI,83105000,HM,Overscaled Channel detected at Tag AI_Strain_004
4/24/2026 12:17:27 PM,202,Warning,WT8-GUI,83105001,HM,Overscaled Channel detected at Tag AI_Strain_005
4/24/2026 12:17:27 PM,202,Warning,WT8-GUI,83105002,HM,Overscaled Channel detected at Tag AI_Strain_006
4/24/2026 12:17:27 PM,202,Warning,WT8-GUI,83105003,HM,Overscaled Channel detected at Tag AI_Strain_007
4/24/2026 12:17:27 PM,202,Warning,WT8-GUI,83105004,HM,Overscaled Channel detected at Tag AI_TT_000
4/24/2026 12:17:27 PM,202,Warning,WT8-GUI,83105005,HM,Overscaled Channel detected at Tag AI_TT_009
4/24/2026 12:17:27 PM,202,Warning,WT8-GUI,83105006,HM,Overscaled Channel detected at Tag AI_TT_010
4/24/2026 12:17:27 PM,202,Warning,WT8-GUI,83105007,HM,Overscaled Channel detected at Tag AI_TT_011
4/24/2026 12:17:27 PM,202,Warning,WT8-GUI,83105008,HM,Overscaled Channel detected at Tag AI_TT_012
4/24/2026 12:17:27 PM,202,Warning,WT8-GUI,83105009,HM,Overscaled Channel detected at Tag AI_TT_013
4/24/2026 12:17:27 PM,202,Warning,WT8-GUI,83105010,HM,Overscaled Channel detected at Tag AI_TT_014
4/24/2026 12:17:27 PM,202,Warning,WT8-GUI,83105011,HM,Overscaled Channel detected at Tag AI_TT_015
4/24/2026 12:17:27 PM,202,Warning,WT8-GUI,83105012,HM,Overscaled Channel detected at Tag AI_TT_016
4/24/2026 12:17:27 PM,202,Warning,WT8-GUI,83105013,HM,Overscaled Channel detected at Tag AI_TT_017
4/24/2026 12:17:27 PM,202,Warning,WT8-GUI,83105014,HM,Overscaled Channel detected at Tag AI_TT_018
4/24/2026 12:17:27 PM,202,Warning,WT8-GUI,83105015,HM,Overscaled Channel detected at Tag AI_TT_001
4/24/2026 12:17:27 PM,202,Warning,WT8-GUI,83105016,HM,Overscaled Channel detected at Tag AI_TT_019
4/24/2026 12:17:27 PM,202,Warning,WT8-GUI,83105017,HM,Overscaled Channel detected at Tag AI_TT_020
4/24/2026 12:17:27 PM,202,Warning,WT8-GUI,83105018,HM,Overscaled Channel detected at Tag AI_TT_021
4/24/2026 12:17:27 PM,202,Warning,WT8-GUI,83105019,HM,Overscaled Channel detected at Tag AI_TT_022
4/24/2026 12:17:27 PM,202,Warning,WT8-GUI,83105020,HM,Overscaled Channel detected at Tag AI_TT_023
4/24/2026 12:17:27 PM,202,Warning,WT8-GUI,83105021,HM,Overscaled Channel detected at Tag AI_TT_024
4/24/2026 12:17:27 PM,202,Warning,WT8-GUI,83105022,HM,Overscaled Channel detected at Tag AI_TT_025
4/24/2026 12:17:27 PM,202,Warning,WT8-GUI,83105023,HM,Overscaled Channel detected at Tag AI_TT_026
4/24/2026 12:17:27 PM,202,Warning,WT8-GUI,83105024,HM,Overscaled Channel detected at Tag AI_TT_027
4/24/2026 12:17:27 PM,202,Warning,WT8-GUI,83105025,HM,Overscaled Channel detected at Tag AI_TT_028
4/24/2026 12:17:27 PM,202,Warning,WT8-GUI,83105026,HM,Overscaled Channel detected at Tag AI_TT_004
4/24/2026 12:17:27 PM,202,Warning,WT8-GUI,83105027,HM,Overscaled Channel detected at Tag AI_TT_005
4/24/2026 12:17:27 PM,202,Warning,WT8-GUI,83105028,HM,Overscaled Channel detected at Tag AI_TT_006
4/24/2026 12:18:10 PM,301005,Warning,WT8-GUI,83105029,OPC,OPC Server Graybox.Simulator.1 on host localhost has not updated data in 175 minute(s).
4/24/2026 12:18:26 PM,202,Warning,WT8-GUI,83105030,HM,Overscaled Channel detected at Tag AI_Volts_Shunt_000
4/24/2026 12:18:26 PM,202,Warning,WT8-GUI,83105031,HM,Overscaled Channel detected at Tag AI_Volts_Shunt_001
4/24/2026 12:18:26 PM,202,Warning,WT8-GUI,83105032,HM,Overscaled Channel detected at Tag AI_Volts_Shunt_003
4/24/2026 12:18:26 PM,202,Warning,WT8-GUI,83105033,HM,Overscaled Channel detected at Tag AI_Volts_Shunt_004
4/24/2026 12:18:26 PM,202,Warning,WT8-GUI,83105034,HM,Overscaled Channel detected at Tag AI_TT_002
4/24/2026 12:18:26 PM,202,Warning,WT8-GUI,83105035,HM,Overscaled Channel detected at Tag AI_TT_029
4/24/2026 12:18:26 PM,202,Warning,WT8-GUI,83105036,HM,Overscaled Channel detected at Tag AI_TT_030
4/24/2026 12:18:26 PM,202,Warning,WT8-GUI,83105037,HM,Overscaled Channel detected at Tag AI_TK_026
4/24/2026 12:18:26 PM,202,Warning,WT8-GUI,83105038,HM,Overscaled Channel detected at Tag AI_TK_027
4/24/2026 12:18:26 PM,202,Warning,WT8-GUI,83105039,HM,Overscaled Channel detected at Tag AI_TK_028
4/24/2026 12:18:26 PM,202,Warning,WT8-GUI,83105040,HM,Overscaled Channel detected at Tag AI_TK_003
4/24/2026 12:18:26 PM,202,Warning,WT8-GUI,83105041,HM,Overscaled Channel detected at Tag AI_Volts_Shunt_006
4/24/2026 12:18:26 PM,202,Warning,WT8-GUI,83105042,HM,Overscaled Channel detected at Tag AI_Volts_Shunt_007
4/24/2026 12:18:26 PM,202,Warning,WT8-GUI,83105043,HM,Overscaled Channel detected at Tag AI_Volts_Shunt_008
4/24/2026 12:18:26 PM,202,Warning,WT8-GUI,83105044,HM,Overscaled Channel detected at Tag AI_Volts_Shunt_009
4/24/2026 12:18:26 PM,202,Warning,WT8-GUI,83105045,HM,Overscaled Channel detected at Tag AI_TT_003
4/24/2026 12:18:26 PM,202,Warning,WT8-GUI,83105046,HM,Overscaled Channel detected at Tag AI_TT_007
4/24/2026 12:18:26 PM,202,Warning,WT8-GUI,83105047,HM,Overscaled Channel detected at Tag AI_TT_008
4/24/2026 12:18:27 PM,202,Warning,WT8-GUI,83105048,HM,Overscaled Channel detected at Tag AI_TK_000
4/24/2026 12:18:27 PM,202,Warning,WT8-GUI,83105049,HM,Overscaled Channel detected at Tag AI_TK_009
4/24/2026 12:18:27 PM,202,Warning,WT8-GUI,83105050,HM,Overscaled Channel detected at Tag AI_TK_010
4/24/2026 12:18:27 PM,202,Warning,WT8-GUI,83105051,HM,Overscaled Channel detected at Tag AI_TK_011
4/24/2026 12:18:27 PM,202,Warning,WT8-GUI,83105052,HM,Overscaled Channel detected at Tag AI_TK_012
4/24/2026 12:18:27 PM,202,Warning,WT8-GUI,83105053,HM,Overscaled Channel detected at Tag AI_TK_013
4/24/2026 12:18:27 PM,202,Warning,WT8-GUI,83105054,HM,Overscaled Channel detected at Tag AI_TK_014
4/24/2026 12:18:27 PM,202,Warning,WT8-GUI,83105055,HM,Overscaled Channel detected at Tag AI_TK_015
4/24/2026 12:18:27 PM,202,Warning,WT8-GUI,83105056,HM,Overscaled Channel detected at Tag AI_TK_016
4/24/2026 12:18:27 PM,202,Warning,WT8-GUI,83105057,HM,Overscaled Channel detected at Tag AI_TK_017
4/24/2026 12:18:27 PM,202,Warning,WT8-GUI,83105058,HM,Overscaled Channel detected at Tag AI_TK_018
4/24/2026 12:18:27 PM,202,Warning,WT8-GUI,83105059,HM,Overscaled Channel detected at Tag AI_TK_001
4/24/2026 12:18:27 PM,202,Warning,WT8-GUI,83105060,HM,Overscaled Channel detected at Tag AI_TK_019
4/24/2026 12:18:27 PM,202,Warning,WT8-GUI,83105061,HM,Overscaled Channel detected at Tag AI_TK_020
4/24/2026 12:18:27 PM,202,Warning,WT8-GUI,83105062,HM,Overscaled Channel detected at Tag AI_TK_021
4/24/2026 12:18:27 PM,202,Warning,WT8-GUI,83105063,HM,Overscaled Channel detected at Tag AI_TK_022
4/24/2026 12:18:27 PM,202,Warning,WT8-GUI,83105064,HM,Overscaled Channel detected at Tag AI_TK_023
4/24/2026 12:18:27 PM,202,Warning,WT8-GUI,83105065,HM,Overscaled Channel detected at Tag AI_TK_024
4/24/2026 12:18:27 PM,202,Warning,WT8-GUI,83105066,HM,Overscaled Channel detected at Tag AI_TK_025
4/24/2026 12:18:27 PM,202,Warning,WT8-GUI,83105067,HM,Overscaled Channel detected at Tag AI_TK_002
4/24/2026 12:18:27 PM,202,Warning,WT8-GUI,83105068,HM,Overscaled Channel detected at Tag AI_TK_029
4/24/2026 12:18:27 PM,202,Warning,WT8-GUI,83105069,HM,Overscaled Channel detected at Tag AI_TK_030
4/24/2026 12:18:27 PM,202,Warning,WT8-GUI,83105070,HM,Overscaled Channel detected at Tag AI_TK_004
4/24/2026 12:18:27 PM,202,Warning,WT8-GUI,83105071,HM,Overscaled Channel detected at Tag AI_TK_005
4/24/2026 12:18:27 PM,202,Warning,WT8-GUI,83105072,HM,Overscaled Channel detected at Tag AI_TK_006
4/24/2026 12:18:27 PM,202,Warning,WT8-GUI,83105073,HM,Overscaled Channel detected at Tag AI_TK_007
4/24/2026 12:18:27 PM,202,Warning,WT8-GUI,83105074,HM,Overscaled Channel detected at Tag AI_TK_008
4/24/2026 12:18:27 PM,202,Warning,WT8-GUI,83105075,HM,Overscaled Channel detected at Tag AI_Volts_Shunt_010
4/24/2026 12:18:27 PM,202,Warning,WT8-GUI,83105076,HM,Overscaled Channel detected at Tag AI_Volts_Shunt_011
4/24/2026 12:18:27 PM,202,Warning,WT8-GUI,83105077,HM,Overscaled Channel detected at Tag AI_Volts_Shunt_012
4/24/2026 12:18:27 PM,202,Warning,WT8-GUI,83105078,HM,Overscaled Channel detected at Tag AI_Volts_Shunt_013
4/24/2026 12:18:27 PM,202,Warning,WT8-GUI,83105079,HM,Overscaled Channel detected at Tag AI_Volts_Shunt_014
4/24/2026 12:18:27 PM,202,Warning,WT8-GUI,83105080,HM,Overscaled Channel detected at Tag AI_Volts_Shunt_015
4/24/2026 12:18:27 PM,202,Warning,WT8-GUI,83105081,HM,Overscaled Channel detected at Tag AI_Strain_000
4/24/2026 12:18:27 PM,202,Warning,WT8-GUI,83105082,HM,Overscaled Channel detected at Tag AI_Strain_001
4/24/2026 12:18:27 PM,202,Warning,WT8-GUI,83105083,HM,Overscaled Channel detected at Tag AI_Strain_002
4/24/2026 12:18:27 PM,202,Warning,WT8-GUI,83105084,HM,Overscaled Channel detected at Tag AI_Strain_003
4/24/2026 12:18:27 PM,202,Warning,WT8-GUI,83105085,HM,Overscaled Channel detected at Tag AI_Strain_004
4/24/2026 12:18:27 PM,202,Warning,WT8-GUI,83105086,HM,Overscaled Channel detected at Tag AI_Strain_005
4/24/2026 12:18:27 PM,202,Warning,WT8-GUI,83105087,HM,Overscaled Channel detected at Tag AI_Strain_006
4/24/2026 12:18:27 PM,202,Warning,WT8-GUI,83105088,HM,Overscaled Channel detected at Tag AI_Strain_007
4/24/2026 12:18:27 PM,202,Warning,WT8-GUI,83105089,HM,Overscaled Channel detected at Tag AI_TT_000
4/24/2026 12:18:27 PM,202,Warning,WT8-GUI,83105090,HM,Overscaled Channel detected at Tag AI_TT_009
4/24/2026 12:18:27 PM,202,Warning,WT8-GUI,83105091,HM,Overscaled Channel detected at Tag AI_TT_010
4/24/2026 12:18:27 PM,202,Warning,WT8-GUI,83105092,HM,Overscaled Channel detected at Tag AI_TT_011
4/24/2026 12:18:27 PM,202,Warning,WT8-GUI,83105093,HM,Overscaled Channel detected at Tag AI_TT_012
4/24/2026 12:18:27 PM,202,Warning,WT8-GUI,83105094,HM,Overscaled Channel detected at Tag AI_TT_013
4/24/2026 12:18:27 PM,202,Warning,WT8-GUI,83105095,HM,Overscaled Channel detected at Tag AI_TT_014
4/24/2026 12:18:27 PM,202,Warning,WT8-GUI,83105096,HM,Overscaled Channel detected at Tag AI_TT_015
4/24/2026 12:18:27 PM,202,Warning,WT8-GUI,83105097,HM,Overscaled Channel detected at Tag AI_TT_016
4/24/2026 12:18:27 PM,202,Warning,WT8-GUI,83105098,HM,Overscaled Channel detected at Tag AI_TT_017
4/24/2026 12:18:27 PM,202,Warning,WT8-GUI,83105099,HM,Overscaled Channel detected at Tag AI_TT_018
4/24/2026 12:18:27 PM,202,Warning,WT8-GUI,83105100,HM,Overscaled Channel detected at Tag AI_TT_001
4/24/2026 12:18:27 PM,202,Warning,WT8-GUI,83105101,HM,Overscaled Channel detected at Tag AI_TT_019
4/24/2026 12:18:27 PM,202,Warning,WT8-GUI,83105102,HM,Overscaled Channel detected at Tag AI_TT_020
4/24/2026 12:18:27 PM,202,Warning,WT8-GUI,83105103,HM,Overscaled Channel detected at Tag AI_TT_021
4/24/2026 12:18:27 PM,202,Warning,WT8-GUI,83105104,HM,Overscaled Channel detected at Tag AI_TT_022
4/24/2026 12:18:27 PM,202,Warning,WT8-GUI,83105105,HM,Overscaled Channel detected at Tag AI_TT_023
4/24/2026 12:18:27 PM,202,Warning,WT8-GUI,83105106,HM,Overscaled Channel detected at Tag AI_TT_024
4/24/2026 12:18:27 PM,202,Warning,WT8-GUI,83105107,HM,Overscaled Channel detected at Tag AI_TT_025
4/24/2026 12:18:27 PM,202,Warning,WT8-GUI,83105108,HM,Overscaled Channel detected at Tag AI_TT_026
4/24/2026 12:18:27 PM,202,Warning,WT8-GUI,83105109,HM,Overscaled Channel detected at Tag AI_TT_027
4/24/2026 12:18:27 PM,202,Warning,WT8-GUI,83105110,HM,Overscaled Channel detected at Tag AI_TT_028
4/24/2026 12:18:27 PM,202,Warning,WT8-GUI,83105111,HM,Overscaled Channel detected at Tag AI_TT_004
4/24/2026 12:18:27 PM,202,Warning,WT8-GUI,83105112,HM,Overscaled Channel detected at Tag AI_TT_005
4/24/2026 12:18:27 PM,202,Warning,WT8-GUI,83105113,HM,Overscaled Channel detected at Tag AI_TT_006
4/24/2026 12:19:10 PM,301005,Warning,WT8-GUI,83105114,OPC,OPC Server Graybox.Simulator.1 on host localhost has not updated data in 176 minute(s).
4/24/2026 12:19:26 PM,202,Warning,WT8-GUI,83105115,HM,Overscaled Channel detected at Tag AI_Volts_Shunt_000
4/24/2026 12:19:26 PM,202,Warning,WT8-GUI,83105116,HM,Overscaled Channel detected at Tag AI_Volts_Shunt_001
4/24/2026 12:19:26 PM,202,Warning,WT8-GUI,83105117,HM,Overscaled Channel detected at Tag AI_Volts_Shunt_003
4/24/2026 12:19:26 PM,202,Warning,WT8-GUI,83105118,HM,Overscaled Channel detected at Tag AI_Volts_Shunt_004
4/24/2026 12:19:26 PM,202,Warning,WT8-GUI,83105119,HM,Overscaled Channel detected at Tag AI_TT_002
4/24/2026 12:19:26 PM,202,Warning,WT8-GUI,83105120,HM,Overscaled Channel detected at Tag AI_TT_029
4/24/2026 12:19:26 PM,202,Warning,WT8-GUI,83105121,HM,Overscaled Channel detected at Tag AI_TT_030
4/24/2026 12:19:26 PM,202,Warning,WT8-GUI,83105122,HM,Overscaled Channel detected at Tag AI_TK_026
4/24/2026 12:19:26 PM,202,Warning,WT8-GUI,83105123,HM,Overscaled Channel detected at Tag AI_TK_027
4/24/2026 12:19:26 PM,202,Warning,WT8-GUI,83105124,HM,Overscaled Channel detected at Tag AI_TK_028
4/24/2026 12:19:26 PM,202,Warning,WT8-GUI,83105125,HM,Overscaled Channel detected at Tag AI_TK_003
4/24/2026 12:19:26 PM,202,Warning,WT8-GUI,83105126,HM,Overscaled Channel detected at Tag AI_Volts_Shunt_006
4/24/2026 12:19:26 PM,202,Warning,WT8-GUI,83105127,HM,Overscaled Channel detected at Tag AI_Volts_Shunt_007
4/24/2026 12:19:26 PM,202,Warning,WT8-GUI,83105128,HM,Overscaled Channel detected at Tag AI_Volts_Shunt_008
4/24/2026 12:19:26 PM,202,Warning,WT8-GUI,83105129,HM,Overscaled Channel detected at Tag AI_Volts_Shunt_009
4/24/2026 12:19:26 PM,202,Warning,WT8-GUI,83105130,HM,Overscaled Channel detected at Tag AI_TT_003
4/24/2026 12:19:26 PM,202,Warning,WT8-GUI,83105131,HM,Overscaled Channel detected at Tag AI_TT_007
4/24/2026 12:19:26 PM,202,Warning,WT8-GUI,83105132,HM,Overscaled Channel detected at Tag AI_TT_008
4/24/2026 12:19:27 PM,202,Warning,WT8-GUI,83105133,HM,Overscaled Channel detected at Tag AI_TK_000
4/24/2026 12:19:27 PM,202,Warning,WT8-GUI,83105134,HM,Overscaled Channel detected at Tag AI_TK_009
4/24/2026 12:19:27 PM,202,Warning,WT8-GUI,83105135,HM,Overscaled Channel detected at Tag AI_TK_010
4/24/2026 12:19:27 PM,202,Warning,WT8-GUI,83105136,HM,Overscaled Channel detected at Tag AI_TK_011
4/24/2026 12:19:27 PM,202,Warning,WT8-GUI,83105137,HM,Overscaled Channel detected at Tag AI_TK_012
4/24/2026 12:19:27 PM,202,Warning,WT8-GUI,83105138,HM,Overscaled Channel detected at Tag AI_TK_013
4/24/2026 12:19:27 PM,202,Warning,WT8-GUI,83105139,HM,Overscaled Channel detected at Tag AI_TK_014
4/24/2026 12:19:27 PM,202,Warning,WT8-GUI,83105140,HM,Overscaled Channel detected at Tag AI_TK_015
4/24/2026 12:19:27 PM,202,Warning,WT8-GUI,83105141,HM,Overscaled Channel detected at Tag AI_TK_016
4/24/2026 12:19:27 PM,202,Warning,WT8-GUI,83105142,HM,Overscaled Channel detected at Tag AI_TK_017
4/24/2026 12:19:27 PM,202,Warning,WT8-GUI,83105143,HM,Overscaled Channel detected at Tag AI_TK_018
4/24/2026 12:19:27 PM,202,Warning,WT8-GUI,83105144,HM,Overscaled Channel detected at Tag AI_TK_001
4/24/2026 12:19:27 PM,202,Warning,WT8-GUI,83105145,HM,Overscaled Channel detected at Tag AI_TK_019
4/24/2026 12:19:27 PM,202,Warning,WT8-GUI,83105146,HM,Overscaled Channel detected at Tag AI_TK_020
4/24/2026 12:19:27 PM,202,Warning,WT8-GUI,83105147,HM,Overscaled Channel detected at Tag AI_TK_021
4/24/2026 12:19:27 PM,202,Warning,WT8-GUI,83105148,HM,Overscaled Channel detected at Tag AI_TK_022
4/24/2026 12:19:27 PM,202,Warning,WT8-GUI,83105149,HM,Overscaled Channel detected at Tag AI_TK_023
4/24/2026 12:19:27 PM,202,Warning,WT8-GUI,83105150,HM,Overscaled Channel detected at Tag AI_TK_024
4/24/2026 12:19:27 PM,202,Warning,WT8-GUI,83105151,HM,Overscaled Channel detected at Tag AI_TK_025
4/24/2026 12:19:27 PM,202,Warning,WT8-GUI,83105152,HM,Overscaled Channel detected at Tag AI_TK_002
4/24/2026 12:19:27 PM,202,Warning,WT8-GUI,83105153,HM,Overscaled Channel detected at Tag AI_TK_029
4/24/2026 12:19:27 PM,202,Warning,WT8-GUI,83105154,HM,Overscaled Channel detected at Tag AI_TK_030
4/24/2026 12:19:27 PM,202,Warning,WT8-GUI,83105155,HM,Overscaled Channel detected at Tag AI_TK_004
4/24/2026 12:19:27 PM,202,Warning,WT8-GUI,83105156,HM,Overscaled Channel detected at Tag AI_TK_005
4/24/2026 12:19:27 PM,202,Warning,WT8-GUI,83105157,HM,Overscaled Channel detected at Tag AI_TK_006
4/24/2026 12:19:27 PM,202,Warning,WT8-GUI,83105158,HM,Overscaled Channel detected at Tag AI_TK_007
4/24/2026 12:19:27 PM,202,Warning,WT8-GUI,83105159,HM,Overscaled Channel detected at Tag AI_TK_008
4/24/2026 12:19:27 PM,202,Warning,WT8-GUI,83105160,HM,Overscaled Channel detected at Tag AI_Volts_Shunt_010
4/24/2026 12:19:27 PM,202,Warning,WT8-GUI,83105161,HM,Overscaled Channel detected at Tag AI_Volts_Shunt_011
4/24/2026 12:19:27 PM,202,Warning,WT8-GUI,83105162,HM,Overscaled Channel detected at Tag AI_Volts_Shunt_012
4/24/2026 12:19:27 PM,202,Warning,WT8-GUI,83105163,HM,Overscaled Channel detected at Tag AI_Volts_Shunt_013
4/24/2026 12:19:27 PM,202,Warning,WT8-GUI,83105164,HM,Overscaled Channel detected at Tag AI_Volts_Shunt_014
4/24/2026 12:19:27 PM,202,Warning,WT8-GUI,83105165,HM,Overscaled Channel detected at Tag AI_Volts_Shunt_015
4/24/2026 12:19:27 PM,202,Warning,WT8-GUI,83105166,HM,Overscaled Channel detected at Tag AI_Strain_000
4/24/2026 12:19:27 PM,202,Warning,WT8-GUI,83105167,HM,Overscaled Channel detected at Tag AI_Strain_001
4/24/2026 12:19:27 PM,202,Warning,WT8-GUI,83105168,HM,Overscaled Channel detected at Tag AI_Strain_002
4/24/2026 12:19:27 PM,202,Warning,WT8-GUI,83105169,HM,Overscaled Channel detected at Tag AI_Strain_003
4/24/2026 12:19:27 PM,202,Warning,WT8-GUI,83105170,HM,Overscaled Channel detected at Tag AI_Strain_004
4/24/2026 12:19:27 PM,202,Warning,WT8-GUI,83105171,HM,Overscaled Channel detected at Tag AI_Strain_005
4/24/2026 12:19:27 PM,202,Warning,WT8-GUI,83105172,HM,Overscaled Channel detected at Tag AI_Strain_006
4/24/2026 12:19:27 PM,202,Warning,WT8-GUI,83105173,HM,Overscaled Channel detected at Tag AI_Strain_007
4/24/2026 12:19:27 PM,202,Warning,WT8-GUI,83105174,HM,Overscaled Channel detected at Tag AI_TT_000
4/24/2026 12:19:27 PM,202,Warning,WT8-GUI,83105175,HM,Overscaled Channel detected at Tag AI_TT_009
4/24/2026 12:19:27 PM,202,Warning,WT8-GUI,83105176,HM,Overscaled Channel detected at Tag AI_TT_010
4/24/2026 12:19:27 PM,202,Warning,WT8-GUI,83105177,HM,Overscaled Channel detected at Tag AI_TT_011
4/24/2026 12:19:27 PM,202,Warning,WT8-GUI,83105178,HM,Overscaled Channel detected at Tag AI_TT_012
4/24/2026 12:19:27 PM,202,Warning,WT8-GUI,83105179,HM,Overscaled Channel detected at Tag AI_TT_013
4/24/2026 12:19:27 PM,202,Warning,WT8-GUI,83105180,HM,Overscaled Channel detected at Tag AI_TT_014
4/24/2026 12:19:27 PM,202,Warning,WT8-GUI,83105181,HM,Overscaled Channel detected at Tag AI_TT_015
4/24/2026 12:19:27 PM,202,Warning,WT8-GUI,83105182,HM,Overscaled Channel detected at Tag AI_TT_016
4/24/2026 12:19:27 PM,202,Warning,WT8-GUI,83105183,HM,Overscaled Channel detected at Tag AI_TT_017
4/24/2026 12:19:27 PM,202,Warning,WT8-GUI,83105184,HM,Overscaled Channel detected at Tag AI_TT_018
4/24/2026 12:19:27 PM,202,Warning,WT8-GUI,83105185,HM,Overscaled Channel detected at Tag AI_TT_001
4/24/2026 12:19:27 PM,202,Warning,WT8-GUI,83105186,HM,Overscaled Channel detected at Tag AI_TT_019
4/24/2026 12:19:27 PM,202,Warning,WT8-GUI,83105187,HM,Overscaled Channel detected at Tag AI_TT_020
4/24/2026 12:19:27 PM,202,Warning,WT8-GUI,83105188,HM,Overscaled Channel detected at Tag AI_TT_021
4/24/2026 12:19:27 PM,202,Warning,WT8-GUI,83105189,HM,Overscaled Channel detected at Tag AI_TT_022
4/24/2026 12:19:27 PM,202,Warning,WT8-GUI,83105190,HM,Overscaled Channel detected at Tag AI_TT_023
4/24/2026 12:19:27 PM,202,Warning,WT8-GUI,83105191,HM,Overscaled Channel detected at Tag AI_TT_024
4/24/2026 12:19:27 PM,202,Warning,WT8-GUI,83105192,HM,Overscaled Channel detected at Tag AI_TT_025
4/24/2026 12:19:27 PM,202,Warning,WT8-GUI,83105193,HM,Overscaled Channel detected at Tag AI_TT_026
4/24/2026 12:19:27 PM,202,Warning,WT8-GUI,83105194,HM,Overscaled Channel detected at Tag AI_TT_027
4/24/2026 12:19:27 PM,202,Warning,WT8-GUI,83105195,HM,Overscaled Channel detected at Tag AI_TT_028
4/24/2026 12:19:27 PM,202,Warning,WT8-GUI,83105196,HM,Overscaled Channel detected at Tag AI_TT_004
4/24/2026 12:19:27 PM,202,Warning,WT8-GUI,83105197,HM,Overscaled Channel detected at Tag AI_TT_005
4/24/2026 12:19:27 PM,202,Warning,WT8-GUI,83105198,HM,Overscaled Channel detected at Tag AI_TT_006
4/24/2026 12:20:10 PM,301005,Warning,WT8-GUI,83105199,OPC,OPC Server Graybox.Simulator.1 on host localhost has not updated data in 177 minute(s).
4/24/2026 12:20:26 PM,202,Warning,WT8-GUI,83105200,HM,Overscaled Channel detected at Tag AI_Volts_Shunt_000
4/24/2026 12:20:26 PM,202,Warning,WT8-GUI,83105201,HM,Overscaled Channel detected at Tag AI_Volts_Shunt_001
4/24/2026 12:20:26 PM,202,Warning,WT8-GUI,83105202,HM,Overscaled Channel detected at Tag AI_Volts_Shunt_003
4/24/2026 12:20:26 PM,202,Warning,WT8-GUI,83105203,HM,Overscaled Channel detected at Tag AI_Volts_Shunt_004
4/24/2026 12:20:26 PM,202,Warning,WT8-GUI,83105204,HM,Overscaled Channel detected at Tag AI_TT_002
4/24/2026 12:20:26 PM,202,Warning,WT8-GUI,83105205,HM,Overscaled Channel detected at Tag AI_TT_029
4/24/2026 12:20:26 PM,202,Warning,WT8-GUI,83105206,HM,Overscaled Channel detected at Tag AI_TT_030
4/24/2026 12:20:26 PM,202,Warning,WT8-GUI,83105207,HM,Overscaled Channel detected at Tag AI_TK_026
4/24/2026 12:20:26 PM,202,Warning,WT8-GUI,83105208,HM,Overscaled Channel detected at Tag AI_TK_027
4/24/2026 12:20:26 PM,202,Warning,WT8-GUI,83105209,HM,Overscaled Channel detected at Tag AI_TK_028
4/24/2026 12:20:26 PM,202,Warning,WT8-GUI,83105210,HM,Overscaled Channel detected at Tag AI_TK_003
4/24/2026 12:20:26 PM,202,Warning,WT8-GUI,83105211,HM,Overscaled Channel detected at Tag AI_Volts_Shunt_006
4/24/2026 12:20:26 PM,202,Warning,WT8-GUI,83105212,HM,Overscaled Channel detected at Tag AI_Volts_Shunt_007
4/24/2026 12:20:26 PM,202,Warning,WT8-GUI,83105213,HM,Overscaled Channel detected at Tag AI_Volts_Shunt_008
4/24/2026 12:20:26 PM,202,Warning,WT8-GUI,83105214,HM,Overscaled Channel detected at Tag AI_Volts_Shunt_009
4/24/2026 12:20:26 PM,202,Warning,WT8-GUI,83105215,HM,Overscaled Channel detected at Tag AI_TT_003
4/24/2026 12:20:26 PM,202,Warning,WT8-GUI,83105216,HM,Overscaled Channel detected at Tag AI_TT_007
4/24/2026 12:20:26 PM,202,Warning,WT8-GUI,83105217,HM,Overscaled Channel detected at Tag AI_TT_008
4/24/2026 12:20:27 PM,202,Warning,WT8-GUI,83105218,HM,Overscaled Channel detected at Tag AI_TK_000
4/24/2026 12:20:27 PM,202,Warning,WT8-GUI,83105219,HM,Overscaled Channel detected at Tag AI_TK_009
4/24/2026 12:20:27 PM,202,Warning,WT8-GUI,83105220,HM,Overscaled Channel detected at Tag AI_TK_010
4/24/2026 12:20:27 PM,202,Warning,WT8-GUI,83105221,HM,Overscaled Channel detected at Tag AI_TK_011
4/24/2026 12:20:27 PM,202,Warning,WT8-GUI,83105222,HM,Overscaled Channel detected at Tag AI_TK_012
4/24/2026 12:20:27 PM,202,Warning,WT8-GUI,83105223,HM,Overscaled Channel detected at Tag AI_TK_013
4/24/2026 12:20:27 PM,202,Warning,WT8-GUI,83105224,HM,Overscaled Channel detected at Tag AI_TK_014
4/24/2026 12:20:27 PM,202,Warning,WT8-GUI,83105225,HM,Overscaled Channel detected at Tag AI_TK_015
4/24/2026 12:20:27 PM,202,Warning,WT8-GUI,83105226,HM,Overscaled Channel detected at Tag AI_TK_016
4/24/2026 12:20:27 PM,202,Warning,WT8-GUI,83105227,HM,Overscaled Channel detected at Tag AI_TK_017
4/24/2026 12:20:27 PM,202,Warning,WT8-GUI,83105228,HM,Overscaled Channel detected at Tag AI_TK_018
4/24/2026 12:20:27 PM,202,Warning,WT8-GUI,83105229,HM,Overscaled Channel detected at Tag AI_TK_001
4/24/2026 12:20:27 PM,202,Warning,WT8-GUI,83105230,HM,Overscaled Channel detected at Tag AI_TK_019
4/24/2026 12:20:27 PM,202,Warning,WT8-GUI,83105231,HM,Overscaled Channel detected at Tag AI_TK_020
4/24/2026 12:20:27 PM,202,Warning,WT8-GUI,83105232,HM,Overscaled Channel detected at Tag AI_TK_021
4/24/2026 12:20:27 PM,202,Warning,WT8-GUI,83105233,HM,Overscaled Channel detected at Tag AI_TK_022
4/24/2026 12:20:27 PM,202,Warning,WT8-GUI,83105234,HM,Overscaled Channel detected at Tag AI_TK_023
4/24/2026 12:20:27 PM,202,Warning,WT8-GUI,83105235,HM,Overscaled Channel detected at Tag AI_TK_024
4/24/2026 12:20:27 PM,202,Warning,WT8-GUI,83105236,HM,Overscaled Channel detected at Tag AI_TK_025
4/24/2026 12:20:27 PM,202,Warning,WT8-GUI,83105237,HM,Overscaled Channel detected at Tag AI_TK_002
4/24/2026 12:20:27 PM,202,Warning,WT8-GUI,83105238,HM,Overscaled Channel detected at Tag AI_TK_029
4/24/2026 12:20:27 PM,202,Warning,WT8-GUI,83105239,HM,Overscaled Channel detected at Tag AI_TK_030
4/24/2026 12:20:27 PM,202,Warning,WT8-GUI,83105240,HM,Overscaled Channel detected at Tag AI_TK_004
4/24/2026 12:20:27 PM,202,Warning,WT8-GUI,83105241,HM,Overscaled Channel detected at Tag AI_TK_005
4/24/2026 12:20:27 PM,202,Warning,WT8-GUI,83105242,HM,Overscaled Channel detected at Tag AI_TK_006
4/24/2026 12:20:27 PM,202,Warning,WT8-GUI,83105243,HM,Overscaled Channel detected at Tag AI_TK_007
4/24/2026 12:20:27 PM,202,Warning,WT8-GUI,83105244,HM,Overscaled Channel detected at Tag AI_TK_008
4/24/2026 12:20:27 PM,202,Warning,WT8-GUI,83105245,HM,Overscaled Channel detected at Tag AI_Volts_Shunt_010
4/24/2026 12:20:27 PM,202,Warning,WT8-GUI,83105246,HM,Overscaled Channel detected at Tag AI_Volts_Shunt_011
4/24/2026 12:20:27 PM,202,Warning,WT8-GUI,83105247,HM,Overscaled Channel detected at Tag AI_Volts_Shunt_012
4/24/2026 12:20:27 PM,202,Warning,WT8-GUI,83105248,HM,Overscaled Channel detected at Tag AI_Volts_Shunt_013
4/24/2026 12:20:27 PM,202,Warning,WT8-GUI,83105249,HM,Overscaled Channel detected at Tag AI_Volts_Shunt_014
4/24/2026 12:20:27 PM,202,Warning,WT8-GUI,83105250,HM,Overscaled Channel detected at Tag AI_Volts_Shunt_015
4/24/2026 12:20:27 PM,202,Warning,WT8-GUI,83105251,HM,Overscaled Channel detected at Tag AI_Strain_000
4/24/2026 12:20:27 PM,202,Warning,WT8-GUI,83105252,HM,Overscaled Channel detected at Tag AI_Strain_001
4/24/2026 12:20:27 PM,202,Warning,WT8-GUI,83105253,HM,Overscaled Channel detected at Tag AI_Strain_002
4/24/2026 12:20:27 PM,202,Warning,WT8-GUI,83105254,HM,Overscaled Channel detected at Tag AI_Strain_003
4/24/2026 12:20:27 PM,202,Warning,WT8-GUI,83105255,HM,Overscaled Channel detected at Tag AI_Strain_004
4/24/2026 12:20:27 PM,202,Warning,WT8-GUI,83105256,HM,Overscaled Channel detected at Tag AI_Strain_005
4/24/2026 12:20:27 PM,202,Warning,WT8-GUI,83105257,HM,Overscaled Channel detected at Tag AI_Strain_006
4/24/2026 12:20:27 PM,202,Warning,WT8-GUI,83105258,HM,Overscaled Channel detected at Tag AI_Strain_007
4/24/2026 12:20:27 PM,202,Warning,WT8-GUI,83105259,HM,Overscaled Channel detected at Tag AI_TT_000
4/24/2026 12:20:27 PM,202,Warning,WT8-GUI,83105260,HM,Overscaled Channel detected at Tag AI_TT_009
4/24/2026 12:20:27 PM,202,Warning,WT8-GUI,83105261,HM,Overscaled Channel detected at Tag AI_TT_010
4/24/2026 12:20:27 PM,202,Warning,WT8-GUI,83105262,HM,Overscaled Channel detected at Tag AI_TT_011
4/24/2026 12:20:27 PM,202,Warning,WT8-GUI,83105263,HM,Overscaled Channel detected at Tag AI_TT_012
4/24/2026 12:20:27 PM,202,Warning,WT8-GUI,83105264,HM,Overscaled Channel detected at Tag AI_TT_013
4/24/2026 12:20:27 PM,202,Warning,WT8-GUI,83105265,HM,Overscaled Channel detected at Tag AI_TT_014
4/24/2026 12:20:27 PM,202,Warning,WT8-GUI,83105266,HM,Overscaled Channel detected at Tag AI_TT_015
4/24/2026 12:20:27 PM,202,Warning,WT8-GUI,83105267,HM,Overscaled Channel detected at Tag AI_TT_016
4/24/2026 12:20:27 PM,202,Warning,WT8-GUI,83105268,HM,Overscaled Channel detected at Tag AI_TT_017
4/24/2026 12:20:27 PM,202,Warning,WT8-GUI,83105269,HM,Overscaled Channel detected at Tag AI_TT_018
4/24/2026 12:20:27 PM,202,Warning,WT8-GUI,83105270,HM,Overscaled Channel detected at Tag AI_TT_001
4/24/2026 12:20:27 PM,202,Warning,WT8-GUI,83105271,HM,Overscaled Channel detected at Tag AI_TT_019
4/24/2026 12:20:27 PM,202,Warning,WT8-GUI,83105272,HM,Overscaled Channel detected at Tag AI_TT_020
4/24/2026 12:20:27 PM,202,Warning,WT8-GUI,83105273,HM,Overscaled Channel detected at Tag AI_TT_021
4/24/2026 12:20:27 PM,202,Warning,WT8-GUI,83105274,HM,Overscaled Channel detected at Tag AI_TT_022
4/24/2026 12:20:27 PM,202,Warning,WT8-GUI,83105275,HM,Overscaled Channel detected at Tag AI_TT_023
4/24/2026 12:20:27 PM,202,Warning,WT8-GUI,83105276,HM,Overscaled Channel detected at Tag AI_TT_024
4/24/2026 12:20:27 PM,202,Warning,WT8-GUI,83105277,HM,Overscaled Channel detected at Tag AI_TT_025
4/24/2026 12:20:27 PM,202,Warning,WT8-GUI,83105278,HM,Overscaled Channel detected at Tag AI_TT_026
4/24/2026 12:20:27 PM,202,Warning,WT8-GUI,83105279,HM,Overscaled Channel detected at Tag AI_TT_027
4/24/2026 12:20:27 PM,202,Warning,WT8-GUI,83105280,HM,Overscaled Channel detected at Tag AI_TT_028
4/24/2026 12:20:27 PM,202,Warning,WT8-GUI,83105281,HM,Overscaled Channel detected at Tag AI_TT_004
4/24/2026 12:20:27 PM,202,Warning,WT8-GUI,83105282,HM,Overscaled Channel detected at Tag AI_TT_005
4/24/2026 12:20:27 PM,202,Warning,WT8-GUI,83105283,HM,Overscaled Channel detected at Tag AI_TT_006
4/24/2026 12:21:10 PM,301005,Warning,WT8-GUI,83105284,OPC,OPC Server Graybox.Simulator.1 on host localhost has not updated data in 178 minute(s).
4/24/2026 12:21:26 PM,202,Warning,WT8-GUI,83105285,HM,Overscaled Channel detected at Tag AI_Volts_Shunt_000
4/24/2026 12:21:26 PM,202,Warning,WT8-GUI,83105286,HM,Overscaled Channel detected at Tag AI_Volts_Shunt_001
4/24/2026 12:21:26 PM,202,Warning,WT8-GUI,83105287,HM,Overscaled Channel detected at Tag AI_Volts_Shunt_003
4/24/2026 12:21:26 PM,202,Warning,WT8-GUI,83105288,HM,Overscaled Channel detected at Tag AI_Volts_Shunt_004
4/24/2026 12:21:26 PM,202,Warning,WT8-GUI,83105289,HM,Overscaled Channel detected at Tag AI_TT_002
4/24/2026 12:21:26 PM,202,Warning,WT8-GUI,83105290,HM,Overscaled Channel detected at Tag AI_TT_029
4/24/2026 12:21:26 PM,202,Warning,WT8-GUI,83105291,HM,Overscaled Channel detected at Tag AI_TT_030
4/24/2026 12:21:26 PM,202,Warning,WT8-GUI,83105292,HM,Overscaled Channel detected at Tag AI_TT_003
4/24/2026 12:21:26 PM,202,Warning,WT8-GUI,83105293,HM,Overscaled Channel detected at Tag AI_TK_026
4/24/2026 12:21:26 PM,202,Warning,WT8-GUI,83105294,HM,Overscaled Channel detected at Tag AI_TK_027
4/24/2026 12:21:26 PM,202,Warning,WT8-GUI,83105295,HM,Overscaled Channel detected at Tag AI_TK_028
4/24/2026 12:21:26 PM,202,Warning,WT8-GUI,83105296,HM,Overscaled Channel detected at Tag AI_TK_003
4/24/2026 12:21:26 PM,202,Warning,WT8-GUI,83105297,HM,Overscaled Channel detected at Tag AI_Volts_Shunt_006
4/24/2026 12:21:26 PM,202,Warning,WT8-GUI,83105298,HM,Overscaled Channel detected at Tag AI_Volts_Shunt_007
4/24/2026 12:21:26 PM,202,Warning,WT8-GUI,83105299,HM,Overscaled Channel detected at Tag AI_Volts_Shunt_008
4/24/2026 12:21:26 PM,202,Warning,WT8-GUI,83105300,HM,Overscaled Channel detected at Tag AI_Volts_Shunt_009
4/24/2026 12:21:26 PM,202,Warning,WT8-GUI,83105301,HM,Overscaled Channel detected at Tag AI_TT_007
4/24/2026 12:21:26 PM,202,Warning,WT8-GUI,83105302,HM,Overscaled Channel detected at Tag AI_TT_008
4/24/2026 12:21:27 PM,202,Warning,WT8-GUI,83105303,HM,Overscaled Channel detected at Tag AI_TK_000
4/24/2026 12:21:27 PM,202,Warning,WT8-GUI,83105304,HM,Overscaled Channel detected at Tag AI_TK_009
4/24/2026 12:21:27 PM,202,Warning,WT8-GUI,83105305,HM,Overscaled Channel detected at Tag AI_TK_010
4/24/2026 12:21:27 PM,202,Warning,WT8-GUI,83105306,HM,Overscaled Channel detected at Tag AI_TK_011
4/24/2026 12:21:27 PM,202,Warning,WT8-GUI,83105307,HM,Overscaled Channel detected at Tag AI_TK_012
4/24/2026 12:21:27 PM,202,Warning,WT8-GUI,83105308,HM,Overscaled Channel detected at Tag AI_TK_013
4/24/2026 12:21:27 PM,202,Warning,WT8-GUI,83105309,HM,Overscaled Channel detected at Tag AI_TK_014
4/24/2026 12:21:27 PM,202,Warning,WT8-GUI,83105310,HM,Overscaled Channel detected at Tag AI_TK_015
4/24/2026 12:21:27 PM,202,Warning,WT8-GUI,83105311,HM,Overscaled Channel detected at Tag AI_TK_016
4/24/2026 12:21:27 PM,202,Warning,WT8-GUI,83105312,HM,Overscaled Channel detected at Tag AI_TK_017
4/24/2026 12:21:27 PM,202,Warning,WT8-GUI,83105313,HM,Overscaled Channel detected at Tag AI_TK_018
4/24/2026 12:21:27 PM,202,Warning,WT8-GUI,83105314,HM,Overscaled Channel detected at Tag AI_TK_001
4/24/2026 12:21:27 PM,202,Warning,WT8-GUI,83105315,HM,Overscaled Channel detected at Tag AI_TK_019
4/24/2026 12:21:27 PM,202,Warning,WT8-GUI,83105316,HM,Overscaled Channel detected at Tag AI_TK_020
4/24/2026 12:21:27 PM,202,Warning,WT8-GUI,83105317,HM,Overscaled Channel detected at Tag AI_TK_005
4/24/2026 12:21:27 PM,202,Warning,WT8-GUI,83105318,HM,Overscaled Channel detected at Tag AI_TK_006
4/24/2026 12:21:27 PM,202,Warning,WT8-GUI,83105319,HM,Overscaled Channel detected at Tag AI_TK_007
4/24/2026 12:21:27 PM,202,Warning,WT8-GUI,83105320,HM,Overscaled Channel detected at Tag AI_TK_008
4/24/2026 12:21:27 PM,202,Warning,WT8-GUI,83105321,HM,Overscaled Channel detected at Tag AI_Volts_Shunt_010
4/24/2026 12:21:27 PM,202,Warning,WT8-GUI,83105322,HM,Overscaled Channel detected at Tag AI_Volts_Shunt_011
4/24/2026 12:21:27 PM,202,Warning,WT8-GUI,83105323,HM,Overscaled Channel detected at Tag AI_Volts_Shunt_012
4/24/2026 12:21:27 PM,202,Warning,WT8-GUI,83105324,HM,Overscaled Channel detected at Tag AI_Volts_Shunt_013
4/24/2026 12:21:27 PM,202,Warning,WT8-GUI,83105325,HM,Overscaled Channel detected at Tag AI_Volts_Shunt_014
4/24/2026 12:21:27 PM,202,Warning,WT8-GUI,83105326,HM,Overscaled Channel detected at Tag AI_Volts_Shunt_015
4/24/2026 12:21:27 PM,202,Warning,WT8-GUI,83105327,HM,Overscaled Channel detected at Tag AI_Strain_000
4/24/2026 12:21:27 PM,202,Warning,WT8-GUI,83105328,HM,Overscaled Channel detected at Tag AI_Strain_001
4/24/2026 12:21:27 PM,202,Warning,WT8-GUI,83105329,HM,Overscaled Channel detected at Tag AI_Strain_002
4/24/2026 12:21:27 PM,202,Warning,WT8-GUI,83105330,HM,Overscaled Channel detected at Tag AI_Strain_003
4/24/2026 12:21:27 PM,202,Warning,WT8-GUI,83105331,HM,Overscaled Channel detected at Tag AI_Strain_004
4/24/2026 12:21:27 PM,202,Warning,WT8-GUI,83105332,HM,Overscaled Channel detected at Tag AI_Strain_005
4/24/2026 12:21:27 PM,202,Warning,WT8-GUI,83105333,HM,Overscaled Channel detected at Tag AI_Strain_006
4/24/2026 12:21:27 PM,202,Warning,WT8-GUI,83105334,HM,Overscaled Channel detected at Tag AI_Strain_007
4/24/2026 12:21:27 PM,202,Warning,WT8-GUI,83105335,HM,Overscaled Channel detected at Tag AI_TT_000
4/24/2026 12:21:27 PM,202,Warning,WT8-GUI,83105336,HM,Overscaled Channel detected at Tag AI_TT_009
4/24/2026 12:21:27 PM,202,Warning,WT8-GUI,83105337,HM,Overscaled Channel detected at Tag AI_TT_010
4/24/2026 12:21:27 PM,202,Warning,WT8-GUI,83105338,HM,Overscaled Channel detected at Tag AI_TT_011
4/24/2026 12:21:27 PM,202,Warning,WT8-GUI,83105339,HM,Overscaled Channel detected at Tag AI_TT_012
4/24/2026 12:21:27 PM,202,Warning,WT8-GUI,83105340,HM,Overscaled Channel detected at Tag AI_TT_004
4/24/2026 12:21:27 PM,202,Warning,WT8-GUI,83105341,HM,Overscaled Channel detected at Tag AI_TT_005
4/24/2026 12:21:27 PM,202,Warning,WT8-GUI,83105342,HM,Overscaled Channel detected at Tag AI_TT_006
4/24/2026 12:21:27 PM,202,Warning,WT8-GUI,83105343,HM,Overscaled Channel detected at Tag AI_TK_021
4/24/2026 12:21:27 PM,202,Warning,WT8-GUI,83105344,HM,Overscaled Channel detected at Tag AI_TK_022
4/24/2026 12:21:27 PM,202,Warning,WT8-GUI,83105345,HM,Overscaled Channel detected at Tag AI_TK_023
4/24/2026 12:21:27 PM,202,Warning,WT8-GUI,83105346,HM,Overscaled Channel detected at Tag AI_TK_024
4/24/2026 12:21:27 PM,202,Warning,WT8-GUI,83105347,HM,Overscaled Channel detected at Tag AI_TK_025
4/24/2026 12:21:27 PM,202,Warning,WT8-GUI,83105348,HM,Overscaled Channel detected at Tag AI_TK_002
4/24/2026 12:21:27 PM,202,Warning,WT8-GUI,83105349,HM,Overscaled Channel detected at Tag AI_TK_029
4/24/2026 12:21:27 PM,202,Warning,WT8-GUI,83105350,HM,Overscaled Channel detected at Tag AI_TK_030
4/24/2026 12:21:27 PM,202,Warning,WT8-GUI,83105351,HM,Overscaled Channel detected at Tag AI_TK_004
4/24/2026 12:21:27 PM,202,Warning,WT8-GUI,83105352,HM,Overscaled Channel detected at Tag AI_TT_013
4/24/2026 12:21:27 PM,202,Warning,WT8-GUI,83105353,HM,Overscaled Channel detected at Tag AI_TT_014
4/24/2026 12:21:27 PM,202,Warning,WT8-GUI,83105354,HM,Overscaled Channel detected at Tag AI_TT_015
4/24/2026 12:21:27 PM,202,Warning,WT8-GUI,83105355,HM,Overscaled Channel detected at Tag AI_TT_016
4/24/2026 12:21:27 PM,202,Warning,WT8-GUI,83105356,HM,Overscaled Channel detected at Tag AI_TT_017
4/24/2026 12:21:27 PM,202,Warning,WT8-GUI,83105357,HM,Overscaled Channel detected at Tag AI_TT_018
4/24/2026 12:21:27 PM,202,Warning,WT8-GUI,83105358,HM,Overscaled Channel detected at Tag AI_TT_001
4/24/2026 12:21:27 PM,202,Warning,WT8-GUI,83105359,HM,Overscaled Channel detected at Tag AI_TT_019
4/24/2026 12:21:27 PM,202,Warning,WT8-GUI,83105360,HM,Overscaled Channel detected at Tag AI_TT_020
4/24/2026 12:21:27 PM,202,Warning,WT8-GUI,83105361,HM,Overscaled Channel detected at Tag AI_TT_021
4/24/2026 12:21:27 PM,202,Warning,WT8-GUI,83105362,HM,Overscaled Channel detected at Tag AI_TT_022
4/24/2026 12:21:27 PM,202,Warning,WT8-GUI,83105363,HM,Overscaled Channel detected at Tag AI_TT_023
4/24/2026 12:21:27 PM,202,Warning,WT8-GUI,83105364,HM,Overscaled Channel detected at Tag AI_TT_024
4/24/2026 12:21:27 PM,202,Warning,WT8-GUI,83105365,HM,Overscaled Channel detected at Tag AI_TT_025
4/24/2026 12:21:27 PM,202,Warning,WT8-GUI,83105366,HM,Overscaled Channel detected at Tag AI_TT_026
4/24/2026 12:21:27 PM,202,Warning,WT8-GUI,83105367,HM,Overscaled Channel detected at Tag AI_TT_027
4/24/2026 12:21:27 PM,202,Warning,WT8-GUI,83105368,HM,Overscaled Channel detected at Tag AI_TT_028
4/24/2026 12:22:10 PM,301005,Warning,WT8-GUI,83105369,OPC,OPC Server Graybox.Simulator.1 on host localhost has not updated data in 179 minute(s).
4/24/2026 12:22:26 PM,202,Warning,WT8-GUI,83105370,HM,Overscaled Channel detected at Tag AI_Volts_Shunt_000
4/24/2026 12:22:26 PM,202,Warning,WT8-GUI,83105371,HM,Overscaled Channel detected at Tag AI_Volts_Shunt_001
4/24/2026 12:22:26 PM,202,Warning,WT8-GUI,83105372,HM,Overscaled Channel detected at Tag AI_Volts_Shunt_003
4/24/2026 12:22:26 PM,202,Warning,WT8-GUI,83105373,HM,Overscaled Channel detected at Tag AI_Volts_Shunt_004
4/24/2026 12:22:26 PM,202,Warning,WT8-GUI,83105374,HM,Overscaled Channel detected at Tag AI_TT_002
4/24/2026 12:22:26 PM,202,Warning,WT8-GUI,83105375,HM,Overscaled Channel detected at Tag AI_TT_029
4/24/2026 12:22:26 PM,202,Warning,WT8-GUI,83105376,HM,Overscaled Channel detected at Tag AI_TT_030
4/24/2026 12:22:26 PM,202,Warning,WT8-GUI,83105377,HM,Overscaled Channel detected at Tag AI_TT_003
4/24/2026 12:22:26 PM,202,Warning,WT8-GUI,83105378,HM,Overscaled Channel detected at Tag AI_TK_026
4/24/2026 12:22:26 PM,202,Warning,WT8-GUI,83105379,HM,Overscaled Channel detected at Tag AI_TK_027
4/24/2026 12:22:26 PM,202,Warning,WT8-GUI,83105380,HM,Overscaled Channel detected at Tag AI_TK_028
4/24/2026 12:22:26 PM,202,Warning,WT8-GUI,83105381,HM,Overscaled Channel detected at Tag AI_TK_003
4/24/2026 12:22:26 PM,202,Warning,WT8-GUI,83105382,HM,Overscaled Channel detected at Tag AI_Volts_Shunt_006
4/24/2026 12:22:26 PM,202,Warning,WT8-GUI,83105383,HM,Overscaled Channel detected at Tag AI_Volts_Shunt_007
4/24/2026 12:22:26 PM,202,Warning,WT8-GUI,83105384,HM,Overscaled Channel detected at Tag AI_Volts_Shunt_008
4/24/2026 12:22:26 PM,202,Warning,WT8-GUI,83105385,HM,Overscaled Channel detected at Tag AI_Volts_Shunt_009
4/24/2026 12:22:26 PM,202,Warning,WT8-GUI,83105386,HM,Overscaled Channel detected at Tag AI_TT_007
4/24/2026 12:22:26 PM,202,Warning,WT8-GUI,83105387,HM,Overscaled Channel detected at Tag AI_TT_008
4/24/2026 12:22:27 PM,202,Warning,WT8-GUI,83105388,HM,Overscaled Channel detected at Tag AI_TK_000
4/24/2026 12:22:27 PM,202,Warning,WT8-GUI,83105389,HM,Overscaled Channel detected at Tag AI_TK_009
4/24/2026 12:22:27 PM,202,Warning,WT8-GUI,83105390,HM,Overscaled Channel detected at Tag AI_TK_010
4/24/2026 12:22:27 PM,202,Warning,WT8-GUI,83105391,HM,Overscaled Channel detected at Tag AI_TK_011
4/24/2026 12:22:27 PM,202,Warning,WT8-GUI,83105392,HM,Overscaled Channel detected at Tag AI_TK_012
4/24/2026 12:22:27 PM,202,Warning,WT8-GUI,83105393,HM,Overscaled Channel detected at Tag AI_TK_013
4/24/2026 12:22:27 PM,202,Warning,WT8-GUI,83105394,HM,Overscaled Channel detected at Tag AI_TK_014
4/24/2026 12:22:27 PM,202,Warning,WT8-GUI,83105395,HM,Overscaled Channel detected at Tag AI_TK_015
4/24/2026 12:22:27 PM,202,Warning,WT8-GUI,83105396,HM,Overscaled Channel detected at Tag AI_TK_016
4/24/2026 12:22:27 PM,202,Warning,WT8-GUI,83105397,HM,Overscaled Channel detected at Tag AI_TK_017
4/24/2026 12:22:27 PM,202,Warning,WT8-GUI,83105398,HM,Overscaled Channel detected at Tag AI_TK_018
4/24/2026 12:22:27 PM,202,Warning,WT8-GUI,83105399,HM,Overscaled Channel detected at Tag AI_TK_001
4/24/2026 12:22:27 PM,202,Warning,WT8-GUI,83105400,HM,Overscaled Channel detected at Tag AI_TK_019
4/24/2026 12:22:27 PM,202,Warning,WT8-GUI,83105401,HM,Overscaled Channel detected at Tag AI_TK_020
4/24/2026 12:22:27 PM,202,Warning,WT8-GUI,83105402,HM,Overscaled Channel detected at Tag AI_TK_005
4/24/2026 12:22:27 PM,202,Warning,WT8-GUI,83105403,HM,Overscaled Channel detected at Tag AI_TK_006
4/24/2026 12:22:27 PM,202,Warning,WT8-GUI,83105404,HM,Overscaled Channel detected at Tag AI_TK_007
4/24/2026 12:22:27 PM,202,Warning,WT8-GUI,83105405,HM,Overscaled Channel detected at Tag AI_TK_008
4/24/2026 12:22:27 PM,202,Warning,WT8-GUI,83105406,HM,Overscaled Channel detected at Tag AI_Volts_Shunt_010
4/24/2026 12:22:27 PM,202,Warning,WT8-GUI,83105407,HM,Overscaled Channel detected at Tag AI_Volts_Shunt_011
4/24/2026 12:22:27 PM,202,Warning,WT8-GUI,83105408,HM,Overscaled Channel detected at Tag AI_Volts_Shunt_012
4/24/2026 12:22:27 PM,202,Warning,WT8-GUI,83105409,HM,Overscaled Channel detected at Tag AI_Volts_Shunt_013
4/24/2026 12:22:27 PM,202,Warning,WT8-GUI,83105410,HM,Overscaled Channel detected at Tag AI_Volts_Shunt_014
4/24/2026 12:22:27 PM,202,Warning,WT8-GUI,83105411,HM,Overscaled Channel detected at Tag AI_Volts_Shunt_015
4/24/2026 12:22:27 PM,202,Warning,WT8-GUI,83105412,HM,Overscaled Channel detected at Tag AI_Strain_000
4/24/2026 12:22:27 PM,202,Warning,WT8-GUI,83105413,HM,Overscaled Channel detected at Tag AI_Strain_001
4/24/2026 12:22:27 PM,202,Warning,WT8-GUI,83105414,HM,Overscaled Channel detected at Tag AI_Strain_002
4/24/2026 12:22:27 PM,202,Warning,WT8-GUI,83105415,HM,Overscaled Channel detected at Tag AI_Strain_003
4/24/2026 12:22:27 PM,202,Warning,WT8-GUI,83105416,HM,Overscaled Channel detected at Tag AI_Strain_004
4/24/2026 12:22:27 PM,202,Warning,WT8-GUI,83105417,HM,Overscaled Channel detected at Tag AI_Strain_005
4/24/2026 12:22:27 PM,202,Warning,WT8-GUI,83105418,HM,Overscaled Channel detected at Tag AI_Strain_006
4/24/2026 12:22:27 PM,202,Warning,WT8-GUI,83105419,HM,Overscaled Channel detected at Tag AI_Strain_007
4/24/2026 12:22:27 PM,202,Warning,WT8-GUI,83105420,HM,Overscaled Channel detected at Tag AI_TT_000
4/24/2026 12:22:27 PM,202,Warning,WT8-GUI,83105421,HM,Overscaled Channel detected at Tag AI_TT_009
4/24/2026 12:22:27 PM,202,Warning,WT8-GUI,83105422,HM,Overscaled Channel detected at Tag AI_TT_010
4/24/2026 12:22:27 PM,202,Warning,WT8-GUI,83105423,HM,Overscaled Channel detected at Tag AI_TT_011
4/24/2026 12:22:27 PM,202,Warning,WT8-GUI,83105424,HM,Overscaled Channel detected at Tag AI_TT_012
4/24/2026 12:22:27 PM,202,Warning,WT8-GUI,83105425,HM,Overscaled Channel detected at Tag AI_TT_004
4/24/2026 12:22:27 PM,202,Warning,WT8-GUI,83105426,HM,Overscaled Channel detected at Tag AI_TT_005
4/24/2026 12:22:27 PM,202,Warning,WT8-GUI,83105427,HM,Overscaled Channel detected at Tag AI_TT_006
4/24/2026 12:22:27 PM,202,Warning,WT8-GUI,83105428,HM,Overscaled Channel detected at Tag AI_TK_021
4/24/2026 12:22:27 PM,202,Warning,WT8-GUI,83105429,HM,Overscaled Channel detected at Tag AI_TK_022
4/24/2026 12:22:27 PM,202,Warning,WT8-GUI,83105430,HM,Overscaled Channel detected at Tag AI_TK_023
4/24/2026 12:22:27 PM,202,Warning,WT8-GUI,83105431,HM,Overscaled Channel detected at Tag AI_TK_024
4/24/2026 12:22:27 PM,202,Warning,WT8-GUI,83105432,HM,Overscaled Channel detected at Tag AI_TK_025
4/24/2026 12:22:27 PM,202,Warning,WT8-GUI,83105433,HM,Overscaled Channel detected at Tag AI_TK_002
4/24/2026 12:22:27 PM,202,Warning,WT8-GUI,83105434,HM,Overscaled Channel detected at Tag AI_TK_029
4/24/2026 12:22:27 PM,202,Warning,WT8-GUI,83105435,HM,Overscaled Channel detected at Tag AI_TK_030
4/24/2026 12:22:27 PM,202,Warning,WT8-GUI,83105436,HM,Overscaled Channel detected at Tag AI_TK_004
4/24/2026 12:22:27 PM,202,Warning,WT8-GUI,83105437,HM,Overscaled Channel detected at Tag AI_TT_013
4/24/2026 12:22:27 PM,202,Warning,WT8-GUI,83105438,HM,Overscaled Channel detected at Tag AI_TT_014
4/24/2026 12:22:27 PM,202,Warning,WT8-GUI,83105439,HM,Overscaled Channel detected at Tag AI_TT_015
4/24/2026 12:22:27 PM,202,Warning,WT8-GUI,83105440,HM,Overscaled Channel detected at Tag AI_TT_016
4/24/2026 12:22:27 PM,202,Warning,WT8-GUI,83105441,HM,Overscaled Channel detected at Tag AI_TT_017
4/24/2026 12:22:27 PM,202,Warning,WT8-GUI,83105442,HM,Overscaled Channel detected at Tag AI_TT_018
4/24/2026 12:22:27 PM,202,Warning,WT8-GUI,83105443,HM,Overscaled Channel detected at Tag AI_TT_001
4/24/2026 12:22:27 PM,202,Warning,WT8-GUI,83105444,HM,Overscaled Channel detected at Tag AI_TT_019
4/24/2026 12:22:27 PM,202,Warning,WT8-GUI,83105445,HM,Overscaled Channel detected at Tag AI_TT_020
4/24/2026 12:22:27 PM,202,Warning,WT8-GUI,83105446,HM,Overscaled Channel detected at Tag AI_TT_021
4/24/2026 12:22:27 PM,202,Warning,WT8-GUI,83105447,HM,Overscaled Channel detected at Tag AI_TT_022
4/24/2026 12:22:27 PM,202,Warning,WT8-GUI,83105448,HM,Overscaled Channel detected at Tag AI_TT_023
4/24/2026 12:22:27 PM,202,Warning,WT8-GUI,83105449,HM,Overscaled Channel detected at Tag AI_TT_024
4/24/2026 12:22:27 PM,202,Warning,WT8-GUI,83105450,HM,Overscaled Channel detected at Tag AI_TT_025
4/24/2026 12:22:27 PM,202,Warning,WT8-GUI,83105451,HM,Overscaled Channel detected at Tag AI_TT_026
4/24/2026 12:22:27 PM,202,Warning,WT8-GUI,83105452,HM,Overscaled Channel detected at Tag AI_TT_027
4/24/2026 12:22:27 PM,202,Warning,WT8-GUI,83105453,HM,Overscaled Channel detected at Tag AI_TT_028
4/24/2026 12:23:10 PM,301005,Warning,WT8-GUI,83105454,OPC,OPC Server Graybox.Simulator.1 on host localhost has not updated data in 180 minute(s).
4/24/2026 12:23:26 PM,202,Warning,WT8-GUI,83105455,HM,Overscaled Channel detected at Tag AI_Volts_Shunt_000
4/24/2026 12:23:26 PM,202,Warning,WT8-GUI,83105456,HM,Overscaled Channel detected at Tag AI_Volts_Shunt_001
4/24/2026 12:23:26 PM,202,Warning,WT8-GUI,83105457,HM,Overscaled Channel detected at Tag AI_Volts_Shunt_003
4/24/2026 12:23:26 PM,202,Warning,WT8-GUI,83105458,HM,Overscaled Channel detected at Tag AI_Volts_Shunt_004
4/24/2026 12:23:26 PM,202,Warning,WT8-GUI,83105459,HM,Overscaled Channel detected at Tag AI_TT_002
4/24/2026 12:23:26 PM,202,Warning,WT8-GUI,83105460,HM,Overscaled Channel detected at Tag AI_TT_029
4/24/2026 12:23:26 PM,202,Warning,WT8-GUI,83105461,HM,Overscaled Channel detected at Tag AI_TT_030
4/24/2026 12:23:26 PM,202,Warning,WT8-GUI,83105462,HM,Overscaled Channel detected at Tag AI_TT_003
4/24/2026 12:23:26 PM,202,Warning,WT8-GUI,83105463,HM,Overscaled Channel detected at Tag AI_TK_026
4/24/2026 12:23:26 PM,202,Warning,WT8-GUI,83105464,HM,Overscaled Channel detected at Tag AI_TK_027
4/24/2026 12:23:26 PM,202,Warning,WT8-GUI,83105465,HM,Overscaled Channel detected at Tag AI_TK_028
4/24/2026 12:23:26 PM,202,Warning,WT8-GUI,83105466,HM,Overscaled Channel detected at Tag AI_TK_003
4/24/2026 12:23:26 PM,202,Warning,WT8-GUI,83105467,HM,Overscaled Channel detected at Tag AI_Volts_Shunt_006
4/24/2026 12:23:26 PM,202,Warning,WT8-GUI,83105468,HM,Overscaled Channel detected at Tag AI_Volts_Shunt_007
4/24/2026 12:23:26 PM,202,Warning,WT8-GUI,83105469,HM,Overscaled Channel detected at Tag AI_Volts_Shunt_008
4/24/2026 12:23:26 PM,202,Warning,WT8-GUI,83105470,HM,Overscaled Channel detected at Tag AI_Volts_Shunt_009
4/24/2026 12:23:26 PM,202,Warning,WT8-GUI,83105471,HM,Overscaled Channel detected at Tag AI_TT_007
4/24/2026 12:23:26 PM,202,Warning,WT8-GUI,83105472,HM,Overscaled Channel detected at Tag AI_TT_008
4/24/2026 12:23:27 PM,202,Warning,WT8-GUI,83105473,HM,Overscaled Channel detected at Tag AI_TK_000
4/24/2026 12:23:27 PM,202,Warning,WT8-GUI,83105474,HM,Overscaled Channel detected at Tag AI_TK_009
4/24/2026 12:23:27 PM,202,Warning,WT8-GUI,83105475,HM,Overscaled Channel detected at Tag AI_TK_010
4/24/2026 12:23:27 PM,202,Warning,WT8-GUI,83105476,HM,Overscaled Channel detected at Tag AI_TK_011
4/24/2026 12:23:27 PM,202,Warning,WT8-GUI,83105477,HM,Overscaled Channel detected at Tag AI_TK_012
4/24/2026 12:23:27 PM,202,Warning,WT8-GUI,83105478,HM,Overscaled Channel detected at Tag AI_TK_013
4/24/2026 12:23:27 PM,202,Warning,WT8-GUI,83105479,HM,Overscaled Channel detected at Tag AI_TK_014
4/24/2026 12:23:27 PM,202,Warning,WT8-GUI,83105480,HM,Overscaled Channel detected at Tag AI_TK_015
4/24/2026 12:23:27 PM,202,Warning,WT8-GUI,83105481,HM,Overscaled Channel detected at Tag AI_TK_016
4/24/2026 12:23:27 PM,202,Warning,WT8-GUI,83105482,HM,Overscaled Channel detected at Tag AI_TK_017
4/24/2026 12:23:27 PM,202,Warning,WT8-GUI,83105483,HM,Overscaled Channel detected at Tag AI_TK_018
4/24/2026 12:23:27 PM,202,Warning,WT8-GUI,83105484,HM,Overscaled Channel detected at Tag AI_TK_001
4/24/2026 12:23:27 PM,202,Warning,WT8-GUI,83105485,HM,Overscaled Channel detected at Tag AI_TK_019
4/24/2026 12:23:27 PM,202,Warning,WT8-GUI,83105486,HM,Overscaled Channel detected at Tag AI_TK_020
4/24/2026 12:23:27 PM,202,Warning,WT8-GUI,83105487,HM,Overscaled Channel detected at Tag AI_TK_005
4/24/2026 12:23:27 PM,202,Warning,WT8-GUI,83105488,HM,Overscaled Channel detected at Tag AI_TK_006
4/24/2026 12:23:27 PM,202,Warning,WT8-GUI,83105489,HM,Overscaled Channel detected at Tag AI_TK_007
4/24/2026 12:23:27 PM,202,Warning,WT8-GUI,83105490,HM,Overscaled Channel detected at Tag AI_TK_008
4/24/2026 12:23:27 PM,202,Warning,WT8-GUI,83105491,HM,Overscaled Channel detected at Tag AI_Volts_Shunt_010
4/24/2026 12:23:27 PM,202,Warning,WT8-GUI,83105492,HM,Overscaled Channel detected at Tag AI_Volts_Shunt_011
4/24/2026 12:23:27 PM,202,Warning,WT8-GUI,83105493,HM,Overscaled Channel detected at Tag AI_Volts_Shunt_012
4/24/2026 12:23:27 PM,202,Warning,WT8-GUI,83105494,HM,Overscaled Channel detected at Tag AI_Volts_Shunt_013
4/24/2026 12:23:27 PM,202,Warning,WT8-GUI,83105495,HM,Overscaled Channel detected at Tag AI_Volts_Shunt_014
4/24/2026 12:23:27 PM,202,Warning,WT8-GUI,83105496,HM,Overscaled Channel detected at Tag AI_Volts_Shunt_015
4/24/2026 12:23:27 PM,202,Warning,WT8-GUI,83105497,HM,Overscaled Channel detected at Tag AI_Strain_000
4/24/2026 12:23:27 PM,202,Warning,WT8-GUI,83105498,HM,Overscaled Channel detected at Tag AI_Strain_001
4/24/2026 12:23:27 PM,202,Warning,WT8-GUI,83105499,HM,Overscaled Channel detected at Tag AI_Strain_002
4/24/2026 12:23:27 PM,202,Warning,WT8-GUI,83105500,HM,Overscaled Channel detected at Tag AI_Strain_003
4/24/2026 12:23:27 PM,202,Warning,WT8-GUI,83105501,HM,Overscaled Channel detected at Tag AI_Strain_004
4/24/2026 12:23:27 PM,202,Warning,WT8-GUI,83105502,HM,Overscaled Channel detected at Tag AI_Strain_005
4/24/2026 12:23:27 PM,202,Warning,WT8-GUI,83105503,HM,Overscaled Channel detected at Tag AI_Strain_006
4/24/2026 12:23:27 PM,202,Warning,WT8-GUI,83105504,HM,Overscaled Channel detected at Tag AI_Strain_007
4/24/2026 12:23:27 PM,202,Warning,WT8-GUI,83105505,HM,Overscaled Channel detected at Tag AI_TT_000
4/24/2026 12:23:27 PM,202,Warning,WT8-GUI,83105506,HM,Overscaled Channel detected at Tag AI_TT_009
4/24/2026 12:23:27 PM,202,Warning,WT8-GUI,83105507,HM,Overscaled Channel detected at Tag AI_TT_010
4/24/2026 12:23:27 PM,202,Warning,WT8-GUI,83105508,HM,Overscaled Channel detected at Tag AI_TT_011
4/24/2026 12:23:27 PM,202,Warning,WT8-GUI,83105509,HM,Overscaled Channel detected at Tag AI_TT_012
4/24/2026 12:23:27 PM,202,Warning,WT8-GUI,83105510,HM,Overscaled Channel detected at Tag AI_TT_004
4/24/2026 12:23:27 PM,202,Warning,WT8-GUI,83105511,HM,Overscaled Channel detected at Tag AI_TT_005
4/24/2026 12:23:27 PM,202,Warning,WT8-GUI,83105512,HM,Overscaled Channel detected at Tag AI_TT_006
4/24/2026 12:23:27 PM,202,Warning,WT8-GUI,83105513,HM,Overscaled Channel detected at Tag AI_TK_021
4/24/2026 12:23:27 PM,202,Warning,WT8-GUI,83105514,HM,Overscaled Channel detected at Tag AI_TK_022
4/24/2026 12:23:27 PM,202,Warning,WT8-GUI,83105515,HM,Overscaled Channel detected at Tag AI_TK_023
4/24/2026 12:23:27 PM,202,Warning,WT8-GUI,83105516,HM,Overscaled Channel detected at Tag AI_TK_024
4/24/2026 12:23:27 PM,202,Warning,WT8-GUI,83105517,HM,Overscaled Channel detected at Tag AI_TK_025
4/24/2026 12:23:27 PM,202,Warning,WT8-GUI,83105518,HM,Overscaled Channel detected at Tag AI_TK_002
4/24/2026 12:23:27 PM,202,Warning,WT8-GUI,83105519,HM,Overscaled Channel detected at Tag AI_TK_029
4/24/2026 12:23:27 PM,202,Warning,WT8-GUI,83105520,HM,Overscaled Channel detected at Tag AI_TK_030
4/24/2026 12:23:27 PM,202,Warning,WT8-GUI,83105521,HM,Overscaled Channel detected at Tag AI_TK_004
4/24/2026 12:23:27 PM,202,Warning,WT8-GUI,83105522,HM,Overscaled Channel detected at Tag AI_TT_013
4/24/2026 12:23:27 PM,202,Warning,WT8-GUI,83105523,HM,Overscaled Channel detected at Tag AI_TT_014
4/24/2026 12:23:27 PM,202,Warning,WT8-GUI,83105524,HM,Overscaled Channel detected at Tag AI_TT_015
4/24/2026 12:23:27 PM,202,Warning,WT8-GUI,83105525,HM,Overscaled Channel detected at Tag AI_TT_016
4/24/2026 12:23:27 PM,202,Warning,WT8-GUI,83105526,HM,Overscaled Channel detected at Tag AI_TT_017
4/24/2026 12:23:27 PM,202,Warning,WT8-GUI,83105527,HM,Overscaled Channel detected at Tag AI_TT_018
4/24/2026 12:23:27 PM,202,Warning,WT8-GUI,83105528,HM,Overscaled Channel detected at Tag AI_TT_001
4/24/2026 12:23:27 PM,202,Warning,WT8-GUI,83105529,HM,Overscaled Channel detected at Tag AI_TT_019
4/24/2026 12:23:27 PM,202,Warning,WT8-GUI,83105530,HM,Overscaled Channel detected at Tag AI_TT_020
4/24/2026 12:23:27 PM,202,Warning,WT8-GUI,83105531,HM,Overscaled Channel detected at Tag AI_TT_021
4/24/2026 12:23:27 PM,202,Warning,WT8-GUI,83105532,HM,Overscaled Channel detected at Tag AI_TT_022
4/24/2026 12:23:27 PM,202,Warning,WT8-GUI,83105533,HM,Overscaled Channel detected at Tag AI_TT_023
4/24/2026 12:23:27 PM,202,Warning,WT8-GUI,83105534,HM,Overscaled Channel detected at Tag AI_TT_024
4/24/2026 12:23:27 PM,202,Warning,WT8-GUI,83105535,HM,Overscaled Channel detected at Tag AI_TT_025
4/24/2026 12:23:27 PM,202,Warning,WT8-GUI,83105536,HM,Overscaled Channel detected at Tag AI_TT_026
4/24/2026 12:23:27 PM,202,Warning,WT8-GUI,83105537,HM,Overscaled Channel detected at Tag AI_TT_027
4/24/2026 12:23:27 PM,202,Warning,WT8-GUI,83105538,HM,Overscaled Channel detected at Tag AI_TT_028
4/24/2026 12:24:10 PM,301005,Warning,WT8-GUI,83105539,OPC,OPC Server Graybox.Simulator.1 on host localhost has not updated data in 181 minute(s).
4/24/2026 12:24:26 PM,202,Warning,WT8-GUI,83105540,HM,Overscaled Channel detected at Tag AI_Volts_Shunt_000
4/24/2026 12:24:26 PM,202,Warning,WT8-GUI,83105541,HM,Overscaled Channel detected at Tag AI_Volts_Shunt_001
4/24/2026 12:24:26 PM,202,Warning,WT8-GUI,83105542,HM,Overscaled Channel detected at Tag AI_Volts_Shunt_003
4/24/2026 12:24:26 PM,202,Warning,WT8-GUI,83105543,HM,Overscaled Channel detected at Tag AI_Volts_Shunt_004
4/24/2026 12:24:26 PM,202,Warning,WT8-GUI,83105544,HM,Overscaled Channel detected at Tag AI_TT_002
4/24/2026 12:24:26 PM,202,Warning,WT8-GUI,83105545,HM,Overscaled Channel detected at Tag AI_TT_029
4/24/2026 12:24:26 PM,202,Warning,WT8-GUI,83105546,HM,Overscaled Channel detected at Tag AI_TT_030
4/24/2026 12:24:26 PM,202,Warning,WT8-GUI,83105547,HM,Overscaled Channel detected at Tag AI_TT_003
4/24/2026 12:24:26 PM,202,Warning,WT8-GUI,83105548,HM,Overscaled Channel detected at Tag AI_TK_026
4/24/2026 12:24:26 PM,202,Warning,WT8-GUI,83105549,HM,Overscaled Channel detected at Tag AI_TK_027
4/24/2026 12:24:26 PM,202,Warning,WT8-GUI,83105550,HM,Overscaled Channel detected at Tag AI_TK_028
4/24/2026 12:24:26 PM,202,Warning,WT8-GUI,83105551,HM,Overscaled Channel detected at Tag AI_TK_003
4/24/2026 12:24:26 PM,202,Warning,WT8-GUI,83105552,HM,Overscaled Channel detected at Tag AI_Volts_Shunt_006
4/24/2026 12:24:26 PM,202,Warning,WT8-GUI,83105553,HM,Overscaled Channel detected at Tag AI_Volts_Shunt_007
4/24/2026 12:24:26 PM,202,Warning,WT8-GUI,83105554,HM,Overscaled Channel detected at Tag AI_Volts_Shunt_008
4/24/2026 12:24:26 PM,202,Warning,WT8-GUI,83105555,HM,Overscaled Channel detected at Tag AI_Volts_Shunt_009
4/24/2026 12:24:26 PM,202,Warning,WT8-GUI,83105556,HM,Overscaled Channel detected at Tag AI_TT_007
4/24/2026 12:24:26 PM,202,Warning,WT8-GUI,83105557,HM,Overscaled Channel detected at Tag AI_TT_008
4/24/2026 12:24:27 PM,202,Warning,WT8-GUI,83105558,HM,Overscaled Channel detected at Tag AI_TK_000
4/24/2026 12:24:27 PM,202,Warning,WT8-GUI,83105559,HM,Overscaled Channel detected at Tag AI_TK_009
4/24/2026 12:24:27 PM,202,Warning,WT8-GUI,83105560,HM,Overscaled Channel detected at Tag AI_TK_010
4/24/2026 12:24:27 PM,202,Warning,WT8-GUI,83105561,HM,Overscaled Channel detected at Tag AI_TK_011
4/24/2026 12:24:27 PM,202,Warning,WT8-GUI,83105562,HM,Overscaled Channel detected at Tag AI_TK_012
4/24/2026 12:24:27 PM,202,Warning,WT8-GUI,83105563,HM,Overscaled Channel detected at Tag AI_TK_013
4/24/2026 12:24:27 PM,202,Warning,WT8-GUI,83105564,HM,Overscaled Channel detected at Tag AI_TK_014
4/24/2026 12:24:27 PM,202,Warning,WT8-GUI,83105565,HM,Overscaled Channel detected at Tag AI_TK_015
4/24/2026 12:24:27 PM,202,Warning,WT8-GUI,83105566,HM,Overscaled Channel detected at Tag AI_TK_016
4/24/2026 12:24:27 PM,202,Warning,WT8-GUI,83105567,HM,Overscaled Channel detected at Tag AI_TK_017
4/24/2026 12:24:27 PM,202,Warning,WT8-GUI,83105568,HM,Overscaled Channel detected at Tag AI_TK_018
4/24/2026 12:24:27 PM,202,Warning,WT8-GUI,83105569,HM,Overscaled Channel detected at Tag AI_TK_001
4/24/2026 12:24:27 PM,202,Warning,WT8-GUI,83105570,HM,Overscaled Channel detected at Tag AI_TK_019
4/24/2026 12:24:27 PM,202,Warning,WT8-GUI,83105571,HM,Overscaled Channel detected at Tag AI_TK_020
4/24/2026 12:24:27 PM,202,Warning,WT8-GUI,83105572,HM,Overscaled Channel detected at Tag AI_TK_005
4/24/2026 12:24:27 PM,202,Warning,WT8-GUI,83105573,HM,Overscaled Channel detected at Tag AI_TK_006
4/24/2026 12:24:27 PM,202,Warning,WT8-GUI,83105574,HM,Overscaled Channel detected at Tag AI_TK_007
4/24/2026 12:24:27 PM,202,Warning,WT8-GUI,83105575,HM,Overscaled Channel detected at Tag AI_TK_008
4/24/2026 12:24:27 PM,202,Warning,WT8-GUI,83105576,HM,Overscaled Channel detected at Tag AI_Volts_Shunt_010
4/24/2026 12:24:27 PM,202,Warning,WT8-GUI,83105577,HM,Overscaled Channel detected at Tag AI_Volts_Shunt_011
4/24/2026 12:24:27 PM,202,Warning,WT8-GUI,83105578,HM,Overscaled Channel detected at Tag AI_Volts_Shunt_012
4/24/2026 12:24:27 PM,202,Warning,WT8-GUI,83105579,HM,Overscaled Channel detected at Tag AI_Volts_Shunt_013
4/24/2026 12:24:27 PM,202,Warning,WT8-GUI,83105580,HM,Overscaled Channel detected at Tag AI_Volts_Shunt_014
4/24/2026 12:24:27 PM,202,Warning,WT8-GUI,83105581,HM,Overscaled Channel detected at Tag AI_Volts_Shunt_015
4/24/2026 12:24:27 PM,202,Warning,WT8-GUI,83105582,HM,Overscaled Channel detected at Tag AI_Strain_000
4/24/2026 12:24:27 PM,202,Warning,WT8-GUI,83105583,HM,Overscaled Channel detected at Tag AI_Strain_001
4/24/2026 12:24:27 PM,202,Warning,WT8-GUI,83105584,HM,Overscaled Channel detected at Tag AI_Strain_002
4/24/2026 12:24:27 PM,202,Warning,WT8-GUI,83105585,HM,Overscaled Channel detected at Tag AI_Strain_003
4/24/2026 12:24:27 PM,202,Warning,WT8-GUI,83105586,HM,Overscaled Channel detected at Tag AI_Strain_004
4/24/2026 12:24:27 PM,202,Warning,WT8-GUI,83105587,HM,Overscaled Channel detected at Tag AI_Strain_005
4/24/2026 12:24:27 PM,202,Warning,WT8-GUI,83105588,HM,Overscaled Channel detected at Tag AI_Strain_006
4/24/2026 12:24:27 PM,202,Warning,WT8-GUI,83105589,HM,Overscaled Channel detected at Tag AI_Strain_007
4/24/2026 12:24:27 PM,202,Warning,WT8-GUI,83105590,HM,Overscaled Channel detected at Tag AI_TT_000
4/24/2026 12:24:27 PM,202,Warning,WT8-GUI,83105591,HM,Overscaled Channel detected at Tag AI_TT_009
4/24/2026 12:24:27 PM,202,Warning,WT8-GUI,83105592,HM,Overscaled Channel detected at Tag AI_TT_010
4/24/2026 12:24:27 PM,202,Warning,WT8-GUI,83105593,HM,Overscaled Channel detected at Tag AI_TT_011
4/24/2026 12:24:27 PM,202,Warning,WT8-GUI,83105594,HM,Overscaled Channel detected at Tag AI_TT_012
4/24/2026 12:24:27 PM,202,Warning,WT8-GUI,83105595,HM,Overscaled Channel detected at Tag AI_TT_004
4/24/2026 12:24:27 PM,202,Warning,WT8-GUI,83105596,HM,Overscaled Channel detected at Tag AI_TT_005
4/24/2026 12:24:27 PM,202,Warning,WT8-GUI,83105597,HM,Overscaled Channel detected at Tag AI_TT_006
4/24/2026 12:24:27 PM,202,Warning,WT8-GUI,83105598,HM,Overscaled Channel detected at Tag AI_TK_021
4/24/2026 12:24:27 PM,202,Warning,WT8-GUI,83105599,HM,Overscaled Channel detected at Tag AI_TK_022
4/24/2026 12:24:27 PM,202,Warning,WT8-GUI,83105600,HM,Overscaled Channel detected at Tag AI_TK_023
4/24/2026 12:24:27 PM,202,Warning,WT8-GUI,83105601,HM,Overscaled Channel detected at Tag AI_TK_024
4/24/2026 12:24:27 PM,202,Warning,WT8-GUI,83105602,HM,Overscaled Channel detected at Tag AI_TK_025
4/24/2026 12:24:27 PM,202,Warning,WT8-GUI,83105603,HM,Overscaled Channel detected at Tag AI_TK_002
4/24/2026 12:24:27 PM,202,Warning,WT8-GUI,83105604,HM,Overscaled Channel detected at Tag AI_TK_029
4/24/2026 12:24:27 PM,202,Warning,WT8-GUI,83105605,HM,Overscaled Channel detected at Tag AI_TK_030
4/24/2026 12:24:27 PM,202,Warning,WT8-GUI,83105606,HM,Overscaled Channel detected at Tag AI_TK_004
4/24/2026 12:24:27 PM,202,Warning,WT8-GUI,83105607,HM,Overscaled Channel detected at Tag AI_TT_013
4/24/2026 12:24:27 PM,202,Warning,WT8-GUI,83105608,HM,Overscaled Channel detected at Tag AI_TT_014
4/24/2026 12:24:27 PM,202,Warning,WT8-GUI,83105609,HM,Overscaled Channel detected at Tag AI_TT_015
4/24/2026 12:24:27 PM,202,Warning,WT8-GUI,83105610,HM,Overscaled Channel detected at Tag AI_TT_016
4/24/2026 12:24:27 PM,202,Warning,WT8-GUI,83105611,HM,Overscaled Channel detected at Tag AI_TT_017
4/24/2026 12:24:27 PM,202,Warning,WT8-GUI,83105612,HM,Overscaled Channel detected at Tag AI_TT_018
4/24/2026 12:24:27 PM,202,Warning,WT8-GUI,83105613,HM,Overscaled Channel detected at Tag AI_TT_001
4/24/2026 12:24:27 PM,202,Warning,WT8-GUI,83105614,HM,Overscaled Channel detected at Tag AI_TT_019
4/24/2026 12:24:27 PM,202,Warning,WT8-GUI,83105615,HM,Overscaled Channel detected at Tag AI_TT_020
4/24/2026 12:24:27 PM,202,Warning,WT8-GUI,83105616,HM,Overscaled Channel detected at Tag AI_TT_021
4/24/2026 12:24:27 PM,202,Warning,WT8-GUI,83105617,HM,Overscaled Channel detected at Tag AI_TT_022
4/24/2026 12:24:27 PM,202,Warning,WT8-GUI,83105618,HM,Overscaled Channel detected at Tag AI_TT_023
4/24/2026 12:24:27 PM,202,Warning,WT8-GUI,83105619,HM,Overscaled Channel detected at Tag AI_TT_024
4/24/2026 12:24:27 PM,202,Warning,WT8-GUI,83105620,HM,Overscaled Channel detected at Tag AI_TT_025
4/24/2026 12:24:27 PM,202,Warning,WT8-GUI,83105621,HM,Overscaled Channel detected at Tag AI_TT_026
4/24/2026 12:24:27 PM,202,Warning,WT8-GUI,83105622,HM,Overscaled Channel detected at Tag AI_TT_027
4/24/2026 12:24:27 PM,202,Warning,WT8-GUI,83105623,HM,Overscaled Channel detected at Tag AI_TT_028
4/24/2026 12:25:10 PM,301005,Warning,WT8-GUI,83105624,OPC,OPC Server Graybox.Simulator.1 on host localhost has not updated data in 182 minute(s).
4/24/2026 12:25:26 PM,202,Warning,WT8-GUI,83105625,HM,Overscaled Channel detected at Tag AI_Volts_Shunt_000
4/24/2026 12:25:26 PM,202,Warning,WT8-GUI,83105626,HM,Overscaled Channel detected at Tag AI_Volts_Shunt_001
4/24/2026 12:25:26 PM,202,Warning,WT8-GUI,83105627,HM,Overscaled Channel detected at Tag AI_Volts_Shunt_003
4/24/2026 12:25:26 PM,202,Warning,WT8-GUI,83105628,HM,Overscaled Channel detected at Tag AI_Volts_Shunt_004
4/24/2026 12:25:26 PM,202,Warning,WT8-GUI,83105629,HM,Overscaled Channel detected at Tag AI_TT_002
4/24/2026 12:25:26 PM,202,Warning,WT8-GUI,83105630,HM,Overscaled Channel detected at Tag AI_TT_029
4/24/2026 12:25:26 PM,202,Warning,WT8-GUI,83105631,HM,Overscaled Channel detected at Tag AI_TT_030
4/24/2026 12:25:26 PM,202,Warning,WT8-GUI,83105632,HM,Overscaled Channel detected at Tag AI_TK_026
4/24/2026 12:25:26 PM,202,Warning,WT8-GUI,83105633,HM,Overscaled Channel detected at Tag AI_TK_027
4/24/2026 12:25:26 PM,202,Warning,WT8-GUI,83105634,HM,Overscaled Channel detected at Tag AI_TK_028
4/24/2026 12:25:26 PM,202,Warning,WT8-GUI,83105635,HM,Overscaled Channel detected at Tag AI_TK_003
4/24/2026 12:25:26 PM,202,Warning,WT8-GUI,83105636,HM,Overscaled Channel detected at Tag AI_Volts_Shunt_006
4/24/2026 12:25:26 PM,202,Warning,WT8-GUI,83105637,HM,Overscaled Channel detected at Tag AI_Volts_Shunt_007
4/24/2026 12:25:26 PM,202,Warning,WT8-GUI,83105638,HM,Overscaled Channel detected at Tag AI_Volts_Shunt_008
4/24/2026 12:25:26 PM,202,Warning,WT8-GUI,83105639,HM,Overscaled Channel detected at Tag AI_Volts_Shunt_009
4/24/2026 12:25:26 PM,202,Warning,WT8-GUI,83105640,HM,Overscaled Channel detected at Tag AI_TT_003
4/24/2026 12:25:26 PM,202,Warning,WT8-GUI,83105641,HM,Overscaled Channel detected at Tag AI_TT_007
4/24/2026 12:25:26 PM,202,Warning,WT8-GUI,83105642,HM,Overscaled Channel detected at Tag AI_TT_008
4/24/2026 12:25:27 PM,202,Warning,WT8-GUI,83105643,HM,Overscaled Channel detected at Tag AI_TK_000
4/24/2026 12:25:27 PM,202,Warning,WT8-GUI,83105644,HM,Overscaled Channel detected at Tag AI_TK_009
4/24/2026 12:25:27 PM,202,Warning,WT8-GUI,83105645,HM,Overscaled Channel detected at Tag AI_TK_010
4/24/2026 12:25:27 PM,202,Warning,WT8-GUI,83105646,HM,Overscaled Channel detected at Tag AI_TK_011
4/24/2026 12:25:27 PM,202,Warning,WT8-GUI,83105647,HM,Overscaled Channel detected at Tag AI_TK_012
4/24/2026 12:25:27 PM,202,Warning,WT8-GUI,83105648,HM,Overscaled Channel detected at Tag AI_TK_013
4/24/2026 12:25:27 PM,202,Warning,WT8-GUI,83105649,HM,Overscaled Channel detected at Tag AI_TK_014
4/24/2026 12:25:27 PM,202,Warning,WT8-GUI,83105650,HM,Overscaled Channel detected at Tag AI_TK_015
4/24/2026 12:25:27 PM,202,Warning,WT8-GUI,83105651,HM,Overscaled Channel detected at Tag AI_TK_016
4/24/2026 12:25:27 PM,202,Warning,WT8-GUI,83105652,HM,Overscaled Channel detected at Tag AI_TK_017
4/24/2026 12:25:27 PM,202,Warning,WT8-GUI,83105653,HM,Overscaled Channel detected at Tag AI_TK_018
4/24/2026 12:25:27 PM,202,Warning,WT8-GUI,83105654,HM,Overscaled Channel detected at Tag AI_TK_001
4/24/2026 12:25:27 PM,202,Warning,WT8-GUI,83105655,HM,Overscaled Channel detected at Tag AI_TK_019
4/24/2026 12:25:27 PM,202,Warning,WT8-GUI,83105656,HM,Overscaled Channel detected at Tag AI_TK_020
4/24/2026 12:25:27 PM,202,Warning,WT8-GUI,83105657,HM,Overscaled Channel detected at Tag AI_Volts_Shunt_010
4/24/2026 12:25:27 PM,202,Warning,WT8-GUI,83105658,HM,Overscaled Channel detected at Tag AI_Volts_Shunt_011
4/24/2026 12:25:27 PM,202,Warning,WT8-GUI,83105659,HM,Overscaled Channel detected at Tag AI_Volts_Shunt_012
4/24/2026 12:25:27 PM,202,Warning,WT8-GUI,83105660,HM,Overscaled Channel detected at Tag AI_Volts_Shunt_013
4/24/2026 12:25:27 PM,202,Warning,WT8-GUI,83105661,HM,Overscaled Channel detected at Tag AI_Volts_Shunt_014
4/24/2026 12:25:27 PM,202,Warning,WT8-GUI,83105662,HM,Overscaled Channel detected at Tag AI_Volts_Shunt_015
4/24/2026 12:25:27 PM,202,Warning,WT8-GUI,83105663,HM,Overscaled Channel detected at Tag AI_Strain_000
4/24/2026 12:25:27 PM,202,Warning,WT8-GUI,83105664,HM,Overscaled Channel detected at Tag AI_Strain_001
4/24/2026 12:25:27 PM,202,Warning,WT8-GUI,83105665,HM,Overscaled Channel detected at Tag AI_Strain_002
4/24/2026 12:25:27 PM,202,Warning,WT8-GUI,83105666,HM,Overscaled Channel detected at Tag AI_Strain_003
4/24/2026 12:25:27 PM,202,Warning,WT8-GUI,83105667,HM,Overscaled Channel detected at Tag AI_Strain_004
4/24/2026 12:25:27 PM,202,Warning,WT8-GUI,83105668,HM,Overscaled Channel detected at Tag AI_Strain_005
4/24/2026 12:25:27 PM,202,Warning,WT8-GUI,83105669,HM,Overscaled Channel detected at Tag AI_Strain_006
4/24/2026 12:25:27 PM,202,Warning,WT8-GUI,83105670,HM,Overscaled Channel detected at Tag AI_Strain_007
4/24/2026 12:25:27 PM,202,Warning,WT8-GUI,83105671,HM,Overscaled Channel detected at Tag AI_TT_000
4/24/2026 12:25:27 PM,202,Warning,WT8-GUI,83105672,HM,Overscaled Channel detected at Tag AI_TT_009
4/24/2026 12:25:27 PM,202,Warning,WT8-GUI,83105673,HM,Overscaled Channel detected at Tag AI_TT_010
4/24/2026 12:25:27 PM,202,Warning,WT8-GUI,83105674,HM,Overscaled Channel detected at Tag AI_TT_011
4/24/2026 12:25:27 PM,202,Warning,WT8-GUI,83105675,HM,Overscaled Channel detected at Tag AI_TT_012
4/24/2026 12:25:27 PM,202,Warning,WT8-GUI,83105676,HM,Overscaled Channel detected at Tag AI_TK_005
4/24/2026 12:25:27 PM,202,Warning,WT8-GUI,83105677,HM,Overscaled Channel detected at Tag AI_TK_006
4/24/2026 12:25:27 PM,202,Warning,WT8-GUI,83105678,HM,Overscaled Channel detected at Tag AI_TK_007
4/24/2026 12:25:27 PM,202,Warning,WT8-GUI,83105679,HM,Overscaled Channel detected at Tag AI_TK_008
4/24/2026 12:25:27 PM,202,Warning,WT8-GUI,83105680,HM,Overscaled Channel detected at Tag AI_TT_004
4/24/2026 12:25:27 PM,202,Warning,WT8-GUI,83105681,HM,Overscaled Channel detected at Tag AI_TT_005
4/24/2026 12:25:27 PM,202,Warning,WT8-GUI,83105682,HM,Overscaled Channel detected at Tag AI_TT_006
4/24/2026 12:25:27 PM,202,Warning,WT8-GUI,83105683,HM,Overscaled Channel detected at Tag AI_TK_021
4/24/2026 12:25:27 PM,202,Warning,WT8-GUI,83105684,HM,Overscaled Channel detected at Tag AI_TK_022
4/24/2026 12:25:27 PM,202,Warning,WT8-GUI,83105685,HM,Overscaled Channel detected at Tag AI_TK_023
4/24/2026 12:25:27 PM,202,Warning,WT8-GUI,83105686,HM,Overscaled Channel detected at Tag AI_TK_024
4/24/2026 12:25:27 PM,202,Warning,WT8-GUI,83105687,HM,Overscaled Channel detected at Tag AI_TK_025
4/24/2026 12:25:27 PM,202,Warning,WT8-GUI,83105688,HM,Overscaled Channel detected at Tag AI_TK_002
4/24/2026 12:25:27 PM,202,Warning,WT8-GUI,83105689,HM,Overscaled Channel detected at Tag AI_TK_029
4/24/2026 12:25:27 PM,202,Warning,WT8-GUI,83105690,HM,Overscaled Channel detected at Tag AI_TK_030
4/24/2026 12:25:27 PM,202,Warning,WT8-GUI,83105691,HM,Overscaled Channel detected at Tag AI_TK_004
4/24/2026 12:25:27 PM,202,Warning,WT8-GUI,83105692,HM,Overscaled Channel detected at Tag AI_TT_013
4/24/2026 12:25:27 PM,202,Warning,WT8-GUI,83105693,HM,Overscaled Channel detected at Tag AI_TT_014
4/24/2026 12:25:27 PM,202,Warning,WT8-GUI,83105694,HM,Overscaled Channel detected at Tag AI_TT_015
4/24/2026 12:25:27 PM,202,Warning,WT8-GUI,83105695,HM,Overscaled Channel detected at Tag AI_TT_016
4/24/2026 12:25:27 PM,202,Warning,WT8-GUI,83105696,HM,Overscaled Channel detected at Tag AI_TT_017
4/24/2026 12:25:27 PM,202,Warning,WT8-GUI,83105697,HM,Overscaled Channel detected at Tag AI_TT_018
4/24/2026 12:25:27 PM,202,Warning,WT8-GUI,83105698,HM,Overscaled Channel detected at Tag AI_TT_001
4/24/2026 12:25:27 PM,202,Warning,WT8-GUI,83105699,HM,Overscaled Channel detected at Tag AI_TT_019
4/24/2026 12:25:27 PM,202,Warning,WT8-GUI,83105700,HM,Overscaled Channel detected at Tag AI_TT_020
4/24/2026 12:25:27 PM,202,Warning,WT8-GUI,83105701,HM,Overscaled Channel detected at Tag AI_TT_021
4/24/2026 12:25:27 PM,202,Warning,WT8-GUI,83105702,HM,Overscaled Channel detected at Tag AI_TT_022
4/24/2026 12:25:27 PM,202,Warning,WT8-GUI,83105703,HM,Overscaled Channel detected at Tag AI_TT_023
4/24/2026 12:25:27 PM,202,Warning,WT8-GUI,83105704,HM,Overscaled Channel detected at Tag AI_TT_024
4/24/2026 12:25:27 PM,202,Warning,WT8-GUI,83105705,HM,Overscaled Channel detected at Tag AI_TT_025
4/24/2026 12:25:27 PM,202,Warning,WT8-GUI,83105706,HM,Overscaled Channel detected at Tag AI_TT_026
4/24/2026 12:25:27 PM,202,Warning,WT8-GUI,83105707,HM,Overscaled Channel detected at Tag AI_TT_027
4/24/2026 12:25:27 PM,202,Warning,WT8-GUI,83105708,HM,Overscaled Channel detected at Tag AI_TT_028
4/24/2026 12:26:10 PM,301005,Warning,WT8-GUI,83105709,OPC,OPC Server Graybox.Simulator.1 on host localhost has not updated data in 183 minute(s).
4/24/2026 12:26:26 PM,202,Warning,WT8-GUI,83105710,HM,Overscaled Channel detected at Tag AI_Volts_Shunt_000
4/24/2026 12:26:26 PM,202,Warning,WT8-GUI,83105711,HM,Overscaled Channel detected at Tag AI_Volts_Shunt_001
4/24/2026 12:26:26 PM,202,Warning,WT8-GUI,83105712,HM,Overscaled Channel detected at Tag AI_Volts_Shunt_003
4/24/2026 12:26:26 PM,202,Warning,WT8-GUI,83105713,HM,Overscaled Channel detected at Tag AI_Volts_Shunt_004
4/24/2026 12:26:26 PM,202,Warning,WT8-GUI,83105714,HM,Overscaled Channel detected at Tag AI_TT_002
4/24/2026 12:26:26 PM,202,Warning,WT8-GUI,83105715,HM,Overscaled Channel detected at Tag AI_TT_029
4/24/2026 12:26:26 PM,202,Warning,WT8-GUI,83105716,HM,Overscaled Channel detected at Tag AI_TT_030
4/24/2026 12:26:26 PM,202,Warning,WT8-GUI,83105717,HM,Overscaled Channel detected at Tag AI_TK_026
4/24/2026 12:26:26 PM,202,Warning,WT8-GUI,83105718,HM,Overscaled Channel detected at Tag AI_TK_027
4/24/2026 12:26:26 PM,202,Warning,WT8-GUI,83105719,HM,Overscaled Channel detected at Tag AI_TK_028
4/24/2026 12:26:26 PM,202,Warning,WT8-GUI,83105720,HM,Overscaled Channel detected at Tag AI_TK_003
4/24/2026 12:26:26 PM,202,Warning,WT8-GUI,83105721,HM,Overscaled Channel detected at Tag AI_Volts_Shunt_006
4/24/2026 12:26:26 PM,202,Warning,WT8-GUI,83105722,HM,Overscaled Channel detected at Tag AI_Volts_Shunt_007
4/24/2026 12:26:26 PM,202,Warning,WT8-GUI,83105723,HM,Overscaled Channel detected at Tag AI_Volts_Shunt_008
4/24/2026 12:26:26 PM,202,Warning,WT8-GUI,83105724,HM,Overscaled Channel detected at Tag AI_Volts_Shunt_009
4/24/2026 12:26:26 PM,202,Warning,WT8-GUI,83105725,HM,Overscaled Channel detected at Tag AI_TT_003
4/24/2026 12:26:26 PM,202,Warning,WT8-GUI,83105726,HM,Overscaled Channel detected at Tag AI_TT_007
4/24/2026 12:26:26 PM,202,Warning,WT8-GUI,83105727,HM,Overscaled Channel detected at Tag AI_TT_008
4/24/2026 12:26:27 PM,202,Warning,WT8-GUI,83105728,HM,Overscaled Channel detected at Tag AI_TK_000
4/24/2026 12:26:27 PM,202,Warning,WT8-GUI,83105729,HM,Overscaled Channel detected at Tag AI_TK_009
4/24/2026 12:26:27 PM,202,Warning,WT8-GUI,83105730,HM,Overscaled Channel detected at Tag AI_TK_010
4/24/2026 12:26:27 PM,202,Warning,WT8-GUI,83105731,HM,Overscaled Channel detected at Tag AI_TK_011
4/24/2026 12:26:27 PM,202,Warning,WT8-GUI,83105732,HM,Overscaled Channel detected at Tag AI_TK_012
4/24/2026 12:26:27 PM,202,Warning,WT8-GUI,83105733,HM,Overscaled Channel detected at Tag AI_TK_013
4/24/2026 12:26:27 PM,202,Warning,WT8-GUI,83105734,HM,Overscaled Channel detected at Tag AI_TK_014
4/24/2026 12:26:27 PM,202,Warning,WT8-GUI,83105735,HM,Overscaled Channel detected at Tag AI_TK_015
4/24/2026 12:26:27 PM,202,Warning,WT8-GUI,83105736,HM,Overscaled Channel detected at Tag AI_TK_016
4/24/2026 12:26:27 PM,202,Warning,WT8-GUI,83105737,HM,Overscaled Channel detected at Tag AI_TK_017
4/24/2026 12:26:27 PM,202,Warning,WT8-GUI,83105738,HM,Overscaled Channel detected at Tag AI_TK_018
4/24/2026 12:26:27 PM,202,Warning,WT8-GUI,83105739,HM,Overscaled Channel detected at Tag AI_TK_001
4/24/2026 12:26:27 PM,202,Warning,WT8-GUI,83105740,HM,Overscaled Channel detected at Tag AI_TK_019
4/24/2026 12:26:27 PM,202,Warning,WT8-GUI,83105741,HM,Overscaled Channel detected at Tag AI_TK_020
4/24/2026 12:26:27 PM,202,Warning,WT8-GUI,83105742,HM,Overscaled Channel detected at Tag AI_TK_005
4/24/2026 12:26:27 PM,202,Warning,WT8-GUI,83105743,HM,Overscaled Channel detected at Tag AI_TK_006
4/24/2026 12:26:27 PM,202,Warning,WT8-GUI,83105744,HM,Overscaled Channel detected at Tag AI_TK_007
4/24/2026 12:26:27 PM,202,Warning,WT8-GUI,83105745,HM,Overscaled Channel detected at Tag AI_TK_008
4/24/2026 12:26:27 PM,202,Warning,WT8-GUI,83105746,HM,Overscaled Channel detected at Tag AI_Volts_Shunt_010
4/24/2026 12:26:27 PM,202,Warning,WT8-GUI,83105747,HM,Overscaled Channel detected at Tag AI_Volts_Shunt_011
4/24/2026 12:26:27 PM,202,Warning,WT8-GUI,83105748,HM,Overscaled Channel detected at Tag AI_Volts_Shunt_012
4/24/2026 12:26:27 PM,202,Warning,WT8-GUI,83105749,HM,Overscaled Channel detected at Tag AI_Volts_Shunt_013
4/24/2026 12:26:27 PM,202,Warning,WT8-GUI,83105750,HM,Overscaled Channel detected at Tag AI_Volts_Shunt_014
4/24/2026 12:26:27 PM,202,Warning,WT8-GUI,83105751,HM,Overscaled Channel detected at Tag AI_Volts_Shunt_015
4/24/2026 12:26:27 PM,202,Warning,WT8-GUI,83105752,HM,Overscaled Channel detected at Tag AI_Strain_000
4/24/2026 12:26:27 PM,202,Warning,WT8-GUI,83105753,HM,Overscaled Channel detected at Tag AI_Strain_001
4/24/2026 12:26:27 PM,202,Warning,WT8-GUI,83105754,HM,Overscaled Channel detected at Tag AI_Strain_002
4/24/2026 12:26:27 PM,202,Warning,WT8-GUI,83105755,HM,Overscaled Channel detected at Tag AI_Strain_003
4/24/2026 12:26:27 PM,202,Warning,WT8-GUI,83105756,HM,Overscaled Channel detected at Tag AI_Strain_004
4/24/2026 12:26:27 PM,202,Warning,WT8-GUI,83105757,HM,Overscaled Channel detected at Tag AI_Strain_005
4/24/2026 12:26:27 PM,202,Warning,WT8-GUI,83105758,HM,Overscaled Channel detected at Tag AI_Strain_006
4/24/2026 12:26:27 PM,202,Warning,WT8-GUI,83105759,HM,Overscaled Channel detected at Tag AI_Strain_007
4/24/2026 12:26:27 PM,202,Warning,WT8-GUI,83105760,HM,Overscaled Channel detected at Tag AI_TT_000
4/24/2026 12:26:27 PM,202,Warning,WT8-GUI,83105761,HM,Overscaled Channel detected at Tag AI_TT_009
4/24/2026 12:26:27 PM,202,Warning,WT8-GUI,83105762,HM,Overscaled Channel detected at Tag AI_TT_010
4/24/2026 12:26:27 PM,202,Warning,WT8-GUI,83105763,HM,Overscaled Channel detected at Tag AI_TT_011
4/24/2026 12:26:27 PM,202,Warning,WT8-GUI,83105764,HM,Overscaled Channel detected at Tag AI_TT_012
4/24/2026 12:26:27 PM,202,Warning,WT8-GUI,83105765,HM,Overscaled Channel detected at Tag AI_TT_004
4/24/2026 12:26:27 PM,202,Warning,WT8-GUI,83105766,HM,Overscaled Channel detected at Tag AI_TT_005
4/24/2026 12:26:27 PM,202,Warning,WT8-GUI,83105767,HM,Overscaled Channel detected at Tag AI_TT_006
4/24/2026 12:26:27 PM,202,Warning,WT8-GUI,83105768,HM,Overscaled Channel detected at Tag AI_TK_021
4/24/2026 12:26:27 PM,202,Warning,WT8-GUI,83105769,HM,Overscaled Channel detected at Tag AI_TK_022
4/24/2026 12:26:27 PM,202,Warning,WT8-GUI,83105770,HM,Overscaled Channel detected at Tag AI_TK_023
4/24/2026 12:26:27 PM,202,Warning,WT8-GUI,83105771,HM,Overscaled Channel detected at Tag AI_TK_024
4/24/2026 12:26:27 PM,202,Warning,WT8-GUI,83105772,HM,Overscaled Channel detected at Tag AI_TK_025
4/24/2026 12:26:27 PM,202,Warning,WT8-GUI,83105773,HM,Overscaled Channel detected at Tag AI_TK_002
4/24/2026 12:26:27 PM,202,Warning,WT8-GUI,83105774,HM,Overscaled Channel detected at Tag AI_TK_029
4/24/2026 12:26:27 PM,202,Warning,WT8-GUI,83105775,HM,Overscaled Channel detected at Tag AI_TK_030
4/24/2026 12:26:27 PM,202,Warning,WT8-GUI,83105776,HM,Overscaled Channel detected at Tag AI_TK_004
4/24/2026 12:26:27 PM,202,Warning,WT8-GUI,83105777,HM,Overscaled Channel detected at Tag AI_TT_013
4/24/2026 12:26:27 PM,202,Warning,WT8-GUI,83105778,HM,Overscaled Channel detected at Tag AI_TT_014
4/24/2026 12:26:27 PM,202,Warning,WT8-GUI,83105779,HM,Overscaled Channel detected at Tag AI_TT_015
4/24/2026 12:26:27 PM,202,Warning,WT8-GUI,83105780,HM,Overscaled Channel detected at Tag AI_TT_016
4/24/2026 12:26:27 PM,202,Warning,WT8-GUI,83105781,HM,Overscaled Channel detected at Tag AI_TT_017
4/24/2026 12:26:27 PM,202,Warning,WT8-GUI,83105782,HM,Overscaled Channel detected at Tag AI_TT_018
4/24/2026 12:26:27 PM,202,Warning,WT8-GUI,83105783,HM,Overscaled Channel detected at Tag AI_TT_001
4/24/2026 12:26:27 PM,202,Warning,WT8-GUI,83105784,HM,Overscaled Channel detected at Tag AI_TT_019
4/24/2026 12:26:27 PM,202,Warning,WT8-GUI,83105785,HM,Overscaled Channel detected at Tag AI_TT_020
4/24/2026 12:26:27 PM,202,Warning,WT8-GUI,83105786,HM,Overscaled Channel detected at Tag AI_TT_021
4/24/2026 12:26:27 PM,202,Warning,WT8-GUI,83105787,HM,Overscaled Channel detected at Tag AI_TT_022
4/24/2026 12:26:27 PM,202,Warning,WT8-GUI,83105788,HM,Overscaled Channel detected at Tag AI_TT_023
4/24/2026 12:26:27 PM,202,Warning,WT8-GUI,83105789,HM,Overscaled Channel detected at Tag AI_TT_024
4/24/2026 12:26:27 PM,202,Warning,WT8-GUI,83105790,HM,Overscaled Channel detected at Tag AI_TT_025
4/24/2026 12:26:27 PM,202,Warning,WT8-GUI,83105791,HM,Overscaled Channel detected at Tag AI_TT_026
4/24/2026 12:26:27 PM,202,Warning,WT8-GUI,83105792,HM,Overscaled Channel detected at Tag AI_TT_027
4/24/2026 12:26:27 PM,202,Warning,WT8-GUI,83105793,HM,Overscaled Channel detected at Tag AI_TT_028
4/24/2026 12:27:10 PM,301005,Warning,WT8-GUI,83105794,OPC,OPC Server Graybox.Simulator.1 on host localhost has not updated data in 184 minute(s).
4/24/2026 12:27:26 PM,202,Warning,WT8-GUI,83105795,HM,Overscaled Channel detected at Tag AI_Volts_Shunt_000
4/24/2026 12:27:26 PM,202,Warning,WT8-GUI,83105796,HM,Overscaled Channel detected at Tag AI_Volts_Shunt_001
4/24/2026 12:27:26 PM,202,Warning,WT8-GUI,83105797,HM,Overscaled Channel detected at Tag AI_Volts_Shunt_003
4/24/2026 12:27:26 PM,202,Warning,WT8-GUI,83105798,HM,Overscaled Channel detected at Tag AI_Volts_Shunt_004
4/24/2026 12:27:26 PM,202,Warning,WT8-GUI,83105799,HM,Overscaled Channel detected at Tag AI_TT_002
4/24/2026 12:27:26 PM,202,Warning,WT8-GUI,83105800,HM,Overscaled Channel detected at Tag AI_TT_029
4/24/2026 12:27:26 PM,202,Warning,WT8-GUI,83105801,HM,Overscaled Channel detected at Tag AI_TT_030
4/24/2026 12:27:26 PM,202,Warning,WT8-GUI,83105802,HM,Overscaled Channel detected at Tag AI_TK_026
4/24/2026 12:27:26 PM,202,Warning,WT8-GUI,83105803,HM,Overscaled Channel detected at Tag AI_TK_027
4/24/2026 12:27:26 PM,202,Warning,WT8-GUI,83105804,HM,Overscaled Channel detected at Tag AI_TK_028
4/24/2026 12:27:26 PM,202,Warning,WT8-GUI,83105805,HM,Overscaled Channel detected at Tag AI_TK_003
4/24/2026 12:27:26 PM,202,Warning,WT8-GUI,83105806,HM,Overscaled Channel detected at Tag AI_Volts_Shunt_006
4/24/2026 12:27:26 PM,202,Warning,WT8-GUI,83105807,HM,Overscaled Channel detected at Tag AI_Volts_Shunt_007
4/24/2026 12:27:26 PM,202,Warning,WT8-GUI,83105808,HM,Overscaled Channel detected at Tag AI_Volts_Shunt_008
4/24/2026 12:27:26 PM,202,Warning,WT8-GUI,83105809,HM,Overscaled Channel detected at Tag AI_Volts_Shunt_009
4/24/2026 12:27:26 PM,202,Warning,WT8-GUI,83105810,HM,Overscaled Channel detected at Tag AI_TT_003
4/24/2026 12:27:27 PM,202,Warning,WT8-GUI,83105811,HM,Overscaled Channel detected at Tag AI_TT_007
4/24/2026 12:27:27 PM,202,Warning,WT8-GUI,83105812,HM,Overscaled Channel detected at Tag AI_TT_008
4/24/2026 12:27:27 PM,202,Warning,WT8-GUI,83105813,HM,Overscaled Channel detected at Tag AI_TK_000
4/24/2026 12:27:27 PM,202,Warning,WT8-GUI,83105814,HM,Overscaled Channel detected at Tag AI_TK_009
4/24/2026 12:27:27 PM,202,Warning,WT8-GUI,83105815,HM,Overscaled Channel detected at Tag AI_TK_010
4/24/2026 12:27:27 PM,202,Warning,WT8-GUI,83105816,HM,Overscaled Channel detected at Tag AI_TK_011
4/24/2026 12:27:27 PM,202,Warning,WT8-GUI,83105817,HM,Overscaled Channel detected at Tag AI_TK_012
4/24/2026 12:27:27 PM,202,Warning,WT8-GUI,83105818,HM,Overscaled Channel detected at Tag AI_TK_013
4/24/2026 12:27:27 PM,202,Warning,WT8-GUI,83105819,HM,Overscaled Channel detected at Tag AI_TK_014
4/24/2026 12:27:27 PM,202,Warning,WT8-GUI,83105820,HM,Overscaled Channel detected at Tag AI_TK_015
4/24/2026 12:27:27 PM,202,Warning,WT8-GUI,83105821,HM,Overscaled Channel detected at Tag AI_TK_016
4/24/2026 12:27:27 PM,202,Warning,WT8-GUI,83105822,HM,Overscaled Channel detected at Tag AI_TK_017
4/24/2026 12:27:27 PM,202,Warning,WT8-GUI,83105823,HM,Overscaled Channel detected at Tag AI_TK_018
4/24/2026 12:27:27 PM,202,Warning,WT8-GUI,83105824,HM,Overscaled Channel detected at Tag AI_TK_001
4/24/2026 12:27:27 PM,202,Warning,WT8-GUI,83105825,HM,Overscaled Channel detected at Tag AI_TK_019
4/24/2026 12:27:27 PM,202,Warning,WT8-GUI,83105826,HM,Overscaled Channel detected at Tag AI_TK_020
4/24/2026 12:27:27 PM,202,Warning,WT8-GUI,83105827,HM,Overscaled Channel detected at Tag AI_TK_005
4/24/2026 12:27:27 PM,202,Warning,WT8-GUI,83105828,HM,Overscaled Channel detected at Tag AI_TK_006
4/24/2026 12:27:27 PM,202,Warning,WT8-GUI,83105829,HM,Overscaled Channel detected at Tag AI_TK_007
4/24/2026 12:27:27 PM,202,Warning,WT8-GUI,83105830,HM,Overscaled Channel detected at Tag AI_TK_008
4/24/2026 12:27:27 PM,202,Warning,WT8-GUI,83105831,HM,Overscaled Channel detected at Tag AI_Volts_Shunt_010
4/24/2026 12:27:27 PM,202,Warning,WT8-GUI,83105832,HM,Overscaled Channel detected at Tag AI_Volts_Shunt_011
4/24/2026 12:27:27 PM,202,Warning,WT8-GUI,83105833,HM,Overscaled Channel detected at Tag AI_Volts_Shunt_012
4/24/2026 12:27:27 PM,202,Warning,WT8-GUI,83105834,HM,Overscaled Channel detected at Tag AI_Volts_Shunt_013
4/24/2026 12:27:27 PM,202,Warning,WT8-GUI,83105835,HM,Overscaled Channel detected at Tag AI_Volts_Shunt_014
4/24/2026 12:27:27 PM,202,Warning,WT8-GUI,83105836,HM,Overscaled Channel detected at Tag AI_Volts_Shunt_015
4/24/2026 12:27:27 PM,202,Warning,WT8-GUI,83105837,HM,Overscaled Channel detected at Tag AI_Strain_000
4/24/2026 12:27:27 PM,202,Warning,WT8-GUI,83105838,HM,Overscaled Channel detected at Tag AI_Strain_001
4/24/2026 12:27:27 PM,202,Warning,WT8-GUI,83105839,HM,Overscaled Channel detected at Tag AI_Strain_002
4/24/2026 12:27:27 PM,202,Warning,WT8-GUI,83105840,HM,Overscaled Channel detected at Tag AI_Strain_003
4/24/2026 12:27:27 PM,202,Warning,WT8-GUI,83105841,HM,Overscaled Channel detected at Tag AI_Strain_004
4/24/2026 12:27:27 PM,202,Warning,WT8-GUI,83105842,HM,Overscaled Channel detected at Tag AI_Strain_005
4/24/2026 12:27:27 PM,202,Warning,WT8-GUI,83105843,HM,Overscaled Channel detected at Tag AI_Strain_006
4/24/2026 12:27:27 PM,202,Warning,WT8-GUI,83105844,HM,Overscaled Channel detected at Tag AI_Strain_007
4/24/2026 12:27:27 PM,202,Warning,WT8-GUI,83105845,HM,Overscaled Channel detected at Tag AI_TT_000
4/24/2026 12:27:27 PM,202,Warning,WT8-GUI,83105846,HM,Overscaled Channel detected at Tag AI_TT_009
4/24/2026 12:27:27 PM,202,Warning,WT8-GUI,83105847,HM,Overscaled Channel detected at Tag AI_TT_010
4/24/2026 12:27:27 PM,202,Warning,WT8-GUI,83105848,HM,Overscaled Channel detected at Tag AI_TT_011
4/24/2026 12:27:27 PM,202,Warning,WT8-GUI,83105849,HM,Overscaled Channel detected at Tag AI_TT_012
4/24/2026 12:27:27 PM,202,Warning,WT8-GUI,83105850,HM,Overscaled Channel detected at Tag AI_TT_004
4/24/2026 12:27:27 PM,202,Warning,WT8-GUI,83105851,HM,Overscaled Channel detected at Tag AI_TT_005
4/24/2026 12:27:27 PM,202,Warning,WT8-GUI,83105852,HM,Overscaled Channel detected at Tag AI_TT_006
4/24/2026 12:27:27 PM,202,Warning,WT8-GUI,83105853,HM,Overscaled Channel detected at Tag AI_TK_021
4/24/2026 12:27:27 PM,202,Warning,WT8-GUI,83105854,HM,Overscaled Channel detected at Tag AI_TK_022
4/24/2026 12:27:27 PM,202,Warning,WT8-GUI,83105855,HM,Overscaled Channel detected at Tag AI_TK_023
4/24/2026 12:27:27 PM,202,Warning,WT8-GUI,83105856,HM,Overscaled Channel detected at Tag AI_TK_024
4/24/2026 12:27:27 PM,202,Warning,WT8-GUI,83105857,HM,Overscaled Channel detected at Tag AI_TK_025
4/24/2026 12:27:27 PM,202,Warning,WT8-GUI,83105858,HM,Overscaled Channel detected at Tag AI_TK_002
4/24/2026 12:27:27 PM,202,Warning,WT8-GUI,83105859,HM,Overscaled Channel detected at Tag AI_TK_029
4/24/2026 12:27:27 PM,202,Warning,WT8-GUI,83105860,HM,Overscaled Channel detected at Tag AI_TK_030
4/24/2026 12:27:27 PM,202,Warning,WT8-GUI,83105861,HM,Overscaled Channel detected at Tag AI_TK_004
4/24/2026 12:27:27 PM,202,Warning,WT8-GUI,83105862,HM,Overscaled Channel detected at Tag AI_TT_013
4/24/2026 12:27:27 PM,202,Warning,WT8-GUI,83105863,HM,Overscaled Channel detected at Tag AI_TT_014
4/24/2026 12:27:27 PM,202,Warning,WT8-GUI,83105864,HM,Overscaled Channel detected at Tag AI_TT_015
4/24/2026 12:27:27 PM,202,Warning,WT8-GUI,83105865,HM,Overscaled Channel detected at Tag AI_TT_016
4/24/2026 12:27:27 PM,202,Warning,WT8-GUI,83105866,HM,Overscaled Channel detected at Tag AI_TT_017
4/24/2026 12:27:27 PM,202,Warning,WT8-GUI,83105867,HM,Overscaled Channel detected at Tag AI_TT_018
4/24/2026 12:27:27 PM,202,Warning,WT8-GUI,83105868,HM,Overscaled Channel detected at Tag AI_TT_001
4/24/2026 12:27:27 PM,202,Warning,WT8-GUI,83105869,HM,Overscaled Channel detected at Tag AI_TT_019
4/24/2026 12:27:27 PM,202,Warning,WT8-GUI,83105870,HM,Overscaled Channel detected at Tag AI_TT_020
4/24/2026 12:27:27 PM,202,Warning,WT8-GUI,83105871,HM,Overscaled Channel detected at Tag AI_TT_021
4/24/2026 12:27:27 PM,202,Warning,WT8-GUI,83105872,HM,Overscaled Channel detected at Tag AI_TT_022
4/24/2026 12:27:27 PM,202,Warning,WT8-GUI,83105873,HM,Overscaled Channel detected at Tag AI_TT_023
4/24/2026 12:27:27 PM,202,Warning,WT8-GUI,83105874,HM,Overscaled Channel detected at Tag AI_TT_024
4/24/2026 12:27:27 PM,202,Warning,WT8-GUI,83105875,HM,Overscaled Channel detected at Tag AI_TT_025
4/24/2026 12:27:27 PM,202,Warning,WT8-GUI,83105876,HM,Overscaled Channel detected at Tag AI_TT_026
4/24/2026 12:27:27 PM,202,Warning,WT8-GUI,83105877,HM,Overscaled Channel detected at Tag AI_TT_027
4/24/2026 12:27:27 PM,202,Warning,WT8-GUI,83105878,HM,Overscaled Channel detected at Tag AI_TT_028
4/24/2026 12:28:10 PM,301005,Warning,WT8-GUI,83105879,OPC,OPC Server Graybox.Simulator.1 on host localhost has not updated data in 185 minute(s).
4/24/2026 12:28:26 PM,202,Warning,WT8-GUI,83105880,HM,Overscaled Channel detected at Tag AI_Volts_Shunt_000
4/24/2026 12:28:26 PM,202,Warning,WT8-GUI,83105881,HM,Overscaled Channel detected at Tag AI_Volts_Shunt_001
4/24/2026 12:28:26 PM,202,Warning,WT8-GUI,83105882,HM,Overscaled Channel detected at Tag AI_Volts_Shunt_003
4/24/2026 12:28:26 PM,202,Warning,WT8-GUI,83105883,HM,Overscaled Channel detected at Tag AI_Volts_Shunt_004
4/24/2026 12:28:26 PM,202,Warning,WT8-GUI,83105884,HM,Overscaled Channel detected at Tag AI_TT_002
4/24/2026 12:28:26 PM,202,Warning,WT8-GUI,83105885,HM,Overscaled Channel detected at Tag AI_TT_029
4/24/2026 12:28:26 PM,202,Warning,WT8-GUI,83105886,HM,Overscaled Channel detected at Tag AI_TT_030
4/24/2026 12:28:26 PM,202,Warning,WT8-GUI,83105887,HM,Overscaled Channel detected at Tag AI_TK_026
4/24/2026 12:28:26 PM,202,Warning,WT8-GUI,83105888,HM,Overscaled Channel detected at Tag AI_TK_027
4/24/2026 12:28:26 PM,202,Warning,WT8-GUI,83105889,HM,Overscaled Channel detected at Tag AI_TK_028
4/24/2026 12:28:26 PM,202,Warning,WT8-GUI,83105890,HM,Overscaled Channel detected at Tag AI_TK_003
4/24/2026 12:28:26 PM,202,Warning,WT8-GUI,83105891,HM,Overscaled Channel detected at Tag AI_Volts_Shunt_006
4/24/2026 12:28:26 PM,202,Warning,WT8-GUI,83105892,HM,Overscaled Channel detected at Tag AI_Volts_Shunt_007
4/24/2026 12:28:26 PM,202,Warning,WT8-GUI,83105893,HM,Overscaled Channel detected at Tag AI_Volts_Shunt_008
4/24/2026 12:28:26 PM,202,Warning,WT8-GUI,83105894,HM,Overscaled Channel detected at Tag AI_Volts_Shunt_009
4/24/2026 12:28:26 PM,202,Warning,WT8-GUI,83105895,HM,Overscaled Channel detected at Tag AI_TT_003
4/24/2026 12:28:26 PM,202,Warning,WT8-GUI,83105896,HM,Overscaled Channel detected at Tag AI_TT_007
4/24/2026 12:28:26 PM,202,Warning,WT8-GUI,83105897,HM,Overscaled Channel detected at Tag AI_TT_008
4/24/2026 12:28:27 PM,202,Warning,WT8-GUI,83105898,HM,Overscaled Channel detected at Tag AI_TK_000
4/24/2026 12:28:27 PM,202,Warning,WT8-GUI,83105899,HM,Overscaled Channel detected at Tag AI_TK_009
4/24/2026 12:28:27 PM,202,Warning,WT8-GUI,83105900,HM,Overscaled Channel detected at Tag AI_TK_010
4/24/2026 12:28:27 PM,202,Warning,WT8-GUI,83105901,HM,Overscaled Channel detected at Tag AI_TK_011
4/24/2026 12:28:27 PM,202,Warning,WT8-GUI,83105902,HM,Overscaled Channel detected at Tag AI_TK_012
4/24/2026 12:28:27 PM,202,Warning,WT8-GUI,83105903,HM,Overscaled Channel detected at Tag AI_TK_013
4/24/2026 12:28:27 PM,202,Warning,WT8-GUI,83105904,HM,Overscaled Channel detected at Tag AI_TK_014
4/24/2026 12:28:27 PM,202,Warning,WT8-GUI,83105905,HM,Overscaled Channel detected at Tag AI_TK_015
4/24/2026 12:28:27 PM,202,Warning,WT8-GUI,83105906,HM,Overscaled Channel detected at Tag AI_TK_016
4/24/2026 12:28:27 PM,202,Warning,WT8-GUI,83105907,HM,Overscaled Channel detected at Tag AI_TK_017
4/24/2026 12:28:27 PM,202,Warning,WT8-GUI,83105908,HM,Overscaled Channel detected at Tag AI_TK_018
4/24/2026 12:28:27 PM,202,Warning,WT8-GUI,83105909,HM,Overscaled Channel detected at Tag AI_TK_001
4/24/2026 12:28:27 PM,202,Warning,WT8-GUI,83105910,HM,Overscaled Channel detected at Tag AI_TK_019
4/24/2026 12:28:27 PM,202,Warning,WT8-GUI,83105911,HM,Overscaled Channel detected at Tag AI_TK_020
4/24/2026 12:28:27 PM,202,Warning,WT8-GUI,83105912,HM,Overscaled Channel detected at Tag AI_TK_005
4/24/2026 12:28:27 PM,202,Warning,WT8-GUI,83105913,HM,Overscaled Channel detected at Tag AI_TK_006
4/24/2026 12:28:27 PM,202,Warning,WT8-GUI,83105914,HM,Overscaled Channel detected at Tag AI_TK_007
4/24/2026 12:28:27 PM,202,Warning,WT8-GUI,83105915,HM,Overscaled Channel detected at Tag AI_TK_008
4/24/2026 12:28:27 PM,202,Warning,WT8-GUI,83105916,HM,Overscaled Channel detected at Tag AI_Volts_Shunt_010
4/24/2026 12:28:27 PM,202,Warning,WT8-GUI,83105917,HM,Overscaled Channel detected at Tag AI_Volts_Shunt_011
4/24/2026 12:28:27 PM,202,Warning,WT8-GUI,83105918,HM,Overscaled Channel detected at Tag AI_Volts_Shunt_012
4/24/2026 12:28:27 PM,202,Warning,WT8-GUI,83105919,HM,Overscaled Channel detected at Tag AI_Volts_Shunt_013
4/24/2026 12:28:27 PM,202,Warning,WT8-GUI,83105920,HM,Overscaled Channel detected at Tag AI_Volts_Shunt_014
4/24/2026 12:28:27 PM,202,Warning,WT8-GUI,83105921,HM,Overscaled Channel detected at Tag AI_Volts_Shunt_015
4/24/2026 12:28:27 PM,202,Warning,WT8-GUI,83105922,HM,Overscaled Channel detected at Tag AI_Strain_000
4/24/2026 12:28:27 PM,202,Warning,WT8-GUI,83105923,HM,Overscaled Channel detected at Tag AI_Strain_001
4/24/2026 12:28:27 PM,202,Warning,WT8-GUI,83105924,HM,Overscaled Channel detected at Tag AI_Strain_002
4/24/2026 12:28:27 PM,202,Warning,WT8-GUI,83105925,HM,Overscaled Channel detected at Tag AI_Strain_003
4/24/2026 12:28:27 PM,202,Warning,WT8-GUI,83105926,HM,Overscaled Channel detected at Tag AI_Strain_004
4/24/2026 12:28:27 PM,202,Warning,WT8-GUI,83105927,HM,Overscaled Channel detected at Tag AI_Strain_005
4/24/2026 12:28:27 PM,202,Warning,WT8-GUI,83105928,HM,Overscaled Channel detected at Tag AI_Strain_006
4/24/2026 12:28:27 PM,202,Warning,WT8-GUI,83105929,HM,Overscaled Channel detected at Tag AI_Strain_007
4/24/2026 12:28:27 PM,202,Warning,WT8-GUI,83105930,HM,Overscaled Channel detected at Tag AI_TT_000
4/24/2026 12:28:27 PM,202,Warning,WT8-GUI,83105931,HM,Overscaled Channel detected at Tag AI_TT_009
4/24/2026 12:28:27 PM,202,Warning,WT8-GUI,83105932,HM,Overscaled Channel detected at Tag AI_TT_010
4/24/2026 12:28:27 PM,202,Warning,WT8-GUI,83105933,HM,Overscaled Channel detected at Tag AI_TT_011
4/24/2026 12:28:27 PM,202,Warning,WT8-GUI,83105934,HM,Overscaled Channel detected at Tag AI_TT_012
4/24/2026 12:28:27 PM,202,Warning,WT8-GUI,83105935,HM,Overscaled Channel detected at Tag AI_TT_004
4/24/2026 12:28:27 PM,202,Warning,WT8-GUI,83105936,HM,Overscaled Channel detected at Tag AI_TT_005
4/24/2026 12:28:27 PM,202,Warning,WT8-GUI,83105937,HM,Overscaled Channel detected at Tag AI_TT_006
4/24/2026 12:28:27 PM,202,Warning,WT8-GUI,83105938,HM,Overscaled Channel detected at Tag AI_TK_021
4/24/2026 12:28:27 PM,202,Warning,WT8-GUI,83105939,HM,Overscaled Channel detected at Tag AI_TK_022
4/24/2026 12:28:27 PM,202,Warning,WT8-GUI,83105940,HM,Overscaled Channel detected at Tag AI_TK_023
4/24/2026 12:28:27 PM,202,Warning,WT8-GUI,83105941,HM,Overscaled Channel detected at Tag AI_TK_024
4/24/2026 12:28:27 PM,202,Warning,WT8-GUI,83105942,HM,Overscaled Channel detected at Tag AI_TK_025
4/24/2026 12:28:27 PM,202,Warning,WT8-GUI,83105943,HM,Overscaled Channel detected at Tag AI_TK_002
4/24/2026 12:28:27 PM,202,Warning,WT8-GUI,83105944,HM,Overscaled Channel detected at Tag AI_TK_029
4/24/2026 12:28:27 PM,202,Warning,WT8-GUI,83105945,HM,Overscaled Channel detected at Tag AI_TK_030
4/24/2026 12:28:27 PM,202,Warning,WT8-GUI,83105946,HM,Overscaled Channel detected at Tag AI_TK_004
4/24/2026 12:28:27 PM,202,Warning,WT8-GUI,83105947,HM,Overscaled Channel detected at Tag AI_TT_013
4/24/2026 12:28:27 PM,202,Warning,WT8-GUI,83105948,HM,Overscaled Channel detected at Tag AI_TT_014
4/24/2026 12:28:27 PM,202,Warning,WT8-GUI,83105949,HM,Overscaled Channel detected at Tag AI_TT_015
4/24/2026 12:28:27 PM,202,Warning,WT8-GUI,83105950,HM,Overscaled Channel detected at Tag AI_TT_016
4/24/2026 12:28:27 PM,202,Warning,WT8-GUI,83105951,HM,Overscaled Channel detected at Tag AI_TT_017
4/24/2026 12:28:27 PM,202,Warning,WT8-GUI,83105952,HM,Overscaled Channel detected at Tag AI_TT_018
4/24/2026 12:28:27 PM,202,Warning,WT8-GUI,83105953,HM,Overscaled Channel detected at Tag AI_TT_001
4/24/2026 12:28:27 PM,202,Warning,WT8-GUI,83105954,HM,Overscaled Channel detected at Tag AI_TT_019
4/24/2026 12:28:27 PM,202,Warning,WT8-GUI,83105955,HM,Overscaled Channel detected at Tag AI_TT_020
4/24/2026 12:28:27 PM,202,Warning,WT8-GUI,83105956,HM,Overscaled Channel detected at Tag AI_TT_021
4/24/2026 12:28:27 PM,202,Warning,WT8-GUI,83105957,HM,Overscaled Channel detected at Tag AI_TT_022
4/24/2026 12:28:27 PM,202,Warning,WT8-GUI,83105958,HM,Overscaled Channel detected at Tag AI_TT_023
4/24/2026 12:28:27 PM,202,Warning,WT8-GUI,83105959,HM,Overscaled Channel detected at Tag AI_TT_024
4/24/2026 12:28:27 PM,202,Warning,WT8-GUI,83105960,HM,Overscaled Channel detected at Tag AI_TT_025
4/24/2026 12:28:27 PM,202,Warning,WT8-GUI,83105961,HM,Overscaled Channel detected at Tag AI_TT_026
4/24/2026 12:28:27 PM,202,Warning,WT8-GUI,83105962,HM,Overscaled Channel detected at Tag AI_TT_027
4/24/2026 12:28:27 PM,202,Warning,WT8-GUI,83105963,HM,Overscaled Channel detected at Tag AI_TT_028
4/24/2026 12:29:10 PM,301005,Warning,WT8-GUI,83105964,OPC,OPC Server Graybox.Simulator.1 on host localhost has not updated data in 186 minute(s).
4/24/2026 12:29:26 PM,202,Warning,WT8-GUI,83105965,HM,Overscaled Channel detected at Tag AI_Volts_Shunt_000
4/24/2026 12:29:26 PM,202,Warning,WT8-GUI,83105966,HM,Overscaled Channel detected at Tag AI_Volts_Shunt_001
4/24/2026 12:29:26 PM,202,Warning,WT8-GUI,83105967,HM,Overscaled Channel detected at Tag AI_Volts_Shunt_003
4/24/2026 12:29:26 PM,202,Warning,WT8-GUI,83105968,HM,Overscaled Channel detected at Tag AI_Volts_Shunt_004
4/24/2026 12:29:26 PM,202,Warning,WT8-GUI,83105969,HM,Overscaled Channel detected at Tag AI_TT_002
4/24/2026 12:29:26 PM,202,Warning,WT8-GUI,83105970,HM,Overscaled Channel detected at Tag AI_TT_029
4/24/2026 12:29:26 PM,202,Warning,WT8-GUI,83105971,HM,Overscaled Channel detected at Tag AI_TT_030
4/24/2026 12:29:27 PM,202,Warning,WT8-GUI,83105972,HM,Overscaled Channel detected at Tag AI_TK_026
4/24/2026 12:29:27 PM,202,Warning,WT8-GUI,83105973,HM,Overscaled Channel detected at Tag AI_TK_027
4/24/2026 12:29:27 PM,202,Warning,WT8-GUI,83105974,HM,Overscaled Channel detected at Tag AI_TK_028
4/24/2026 12:29:27 PM,202,Warning,WT8-GUI,83105975,HM,Overscaled Channel detected at Tag AI_TK_003
4/24/2026 12:29:27 PM,202,Warning,WT8-GUI,83105976,HM,Overscaled Channel detected at Tag AI_Volts_Shunt_006
4/24/2026 12:29:27 PM,202,Warning,WT8-GUI,83105977,HM,Overscaled Channel detected at Tag AI_Volts_Shunt_007
4/24/2026 12:29:27 PM,202,Warning,WT8-GUI,83105978,HM,Overscaled Channel detected at Tag AI_Volts_Shunt_008
4/24/2026 12:29:27 PM,202,Warning,WT8-GUI,83105979,HM,Overscaled Channel detected at Tag AI_Volts_Shunt_009
4/24/2026 12:29:27 PM,202,Warning,WT8-GUI,83105980,HM,Overscaled Channel detected at Tag AI_TT_003
4/24/2026 12:29:27 PM,202,Warning,WT8-GUI,83105981,HM,Overscaled Channel detected at Tag AI_TT_007
4/24/2026 12:29:27 PM,202,Warning,WT8-GUI,83105982,HM,Overscaled Channel detected at Tag AI_TT_008
4/24/2026 12:29:27 PM,202,Warning,WT8-GUI,83105983,HM,Overscaled Channel detected at Tag AI_TK_000
4/24/2026 12:29:27 PM,202,Warning,WT8-GUI,83105984,HM,Overscaled Channel detected at Tag AI_TK_009
4/24/2026 12:29:27 PM,202,Warning,WT8-GUI,83105985,HM,Overscaled Channel detected at Tag AI_TK_010
4/24/2026 12:29:27 PM,202,Warning,WT8-GUI,83105986,HM,Overscaled Channel detected at Tag AI_TK_011
4/24/2026 12:29:27 PM,202,Warning,WT8-GUI,83105987,HM,Overscaled Channel detected at Tag AI_TK_012
4/24/2026 12:29:27 PM,202,Warning,WT8-GUI,83105988,HM,Overscaled Channel detected at Tag AI_TK_013
4/24/2026 12:29:27 PM,202,Warning,WT8-GUI,83105989,HM,Overscaled Channel detected at Tag AI_TK_014
4/24/2026 12:29:27 PM,202,Warning,WT8-GUI,83105990,HM,Overscaled Channel detected at Tag AI_TK_015
4/24/2026 12:29:27 PM,202,Warning,WT8-GUI,83105991,HM,Overscaled Channel detected at Tag AI_TK_016
4/24/2026 12:29:27 PM,202,Warning,WT8-GUI,83105992,HM,Overscaled Channel detected at Tag AI_TK_017
4/24/2026 12:29:27 PM,202,Warning,WT8-GUI,83105993,HM,Overscaled Channel detected at Tag AI_TK_018
4/24/2026 12:29:27 PM,202,Warning,WT8-GUI,83105994,HM,Overscaled Channel detected at Tag AI_TK_001
4/24/2026 12:29:27 PM,202,Warning,WT8-GUI,83105995,HM,Overscaled Channel detected at Tag AI_TK_019
4/24/2026 12:29:27 PM,202,Warning,WT8-GUI,83105996,HM,Overscaled Channel detected at Tag AI_TK_020
4/24/2026 12:29:27 PM,202,Warning,WT8-GUI,83105997,HM,Overscaled Channel detected at Tag AI_TK_005
4/24/2026 12:29:27 PM,202,Warning,WT8-GUI,83105998,HM,Overscaled Channel detected at Tag AI_TK_006
4/24/2026 12:29:27 PM,202,Warning,WT8-GUI,83105999,HM,Overscaled Channel detected at Tag AI_TK_007
4/24/2026 12:29:27 PM,202,Warning,WT8-GUI,83106000,HM,Overscaled Channel detected at Tag AI_TK_008
4/24/2026 12:29:27 PM,202,Warning,WT8-GUI,83106001,HM,Overscaled Channel detected at Tag AI_Volts_Shunt_010
4/24/2026 12:29:27 PM,202,Warning,WT8-GUI,83106002,HM,Overscaled Channel detected at Tag AI_Volts_Shunt_011
4/24/2026 12:29:27 PM,202,Warning,WT8-GUI,83106003,HM,Overscaled Channel detected at Tag AI_Volts_Shunt_012
4/24/2026 12:29:27 PM,202,Warning,WT8-GUI,83106004,HM,Overscaled Channel detected at Tag AI_Volts_Shunt_013
4/24/2026 12:29:27 PM,202,Warning,WT8-GUI,83106005,HM,Overscaled Channel detected at Tag AI_Volts_Shunt_014
4/24/2026 12:29:27 PM,202,Warning,WT8-GUI,83106006,HM,Overscaled Channel detected at Tag AI_Volts_Shunt_015
4/24/2026 12:29:27 PM,202,Warning,WT8-GUI,83106007,HM,Overscaled Channel detected at Tag AI_Strain_000
4/24/2026 12:29:27 PM,202,Warning,WT8-GUI,83106008,HM,Overscaled Channel detected at Tag AI_Strain_001
4/24/2026 12:29:27 PM,202,Warning,WT8-GUI,83106009,HM,Overscaled Channel detected at Tag AI_Strain_002
4/24/2026 12:29:27 PM,202,Warning,WT8-GUI,83106010,HM,Overscaled Channel detected at Tag AI_Strain_003
4/24/2026 12:29:27 PM,202,Warning,WT8-GUI,83106011,HM,Overscaled Channel detected at Tag AI_Strain_004
4/24/2026 12:29:27 PM,202,Warning,WT8-GUI,83106012,HM,Overscaled Channel detected at Tag AI_Strain_005
4/24/2026 12:29:27 PM,202,Warning,WT8-GUI,83106013,HM,Overscaled Channel detected at Tag AI_Strain_006
4/24/2026 12:29:27 PM,202,Warning,WT8-GUI,83106014,HM,Overscaled Channel detected at Tag AI_Strain_007
4/24/2026 12:29:27 PM,202,Warning,WT8-GUI,83106015,HM,Overscaled Channel detected at Tag AI_TT_000
4/24/2026 12:29:27 PM,202,Warning,WT8-GUI,83106016,HM,Overscaled Channel detected at Tag AI_TT_009
4/24/2026 12:29:27 PM,202,Warning,WT8-GUI,83106017,HM,Overscaled Channel detected at Tag AI_TT_010
4/24/2026 12:29:27 PM,202,Warning,WT8-GUI,83106018,HM,Overscaled Channel detected at Tag AI_TT_011
4/24/2026 12:29:27 PM,202,Warning,WT8-GUI,83106019,HM,Overscaled Channel detected at Tag AI_TT_012
4/24/2026 12:29:27 PM,202,Warning,WT8-GUI,83106020,HM,Overscaled Channel detected at Tag AI_TT_006
4/24/2026 12:29:27 PM,202,Warning,WT8-GUI,83106021,HM,Overscaled Channel detected at Tag AI_TK_021
4/24/2026 12:29:27 PM,202,Warning,WT8-GUI,83106022,HM,Overscaled Channel detected at Tag AI_TK_022
4/24/2026 12:29:27 PM,202,Warning,WT8-GUI,83106023,HM,Overscaled Channel detected at Tag AI_TK_023
4/24/2026 12:29:27 PM,202,Warning,WT8-GUI,83106024,HM,Overscaled Channel detected at Tag AI_TK_024
4/24/2026 12:29:27 PM,202,Warning,WT8-GUI,83106025,HM,Overscaled Channel detected at Tag AI_TK_025
4/24/2026 12:29:27 PM,202,Warning,WT8-GUI,83106026,HM,Overscaled Channel detected at Tag AI_TK_002
4/24/2026 12:29:27 PM,202,Warning,WT8-GUI,83106027,HM,Overscaled Channel detected at Tag AI_TK_029
4/24/2026 12:29:27 PM,202,Warning,WT8-GUI,83106028,HM,Overscaled Channel detected at Tag AI_TK_030
4/24/2026 12:29:27 PM,202,Warning,WT8-GUI,83106029,HM,Overscaled Channel detected at Tag AI_TK_004
4/24/2026 12:29:27 PM,202,Warning,WT8-GUI,83106030,HM,Overscaled Channel detected at Tag AI_TT_013
4/24/2026 12:29:27 PM,202,Warning,WT8-GUI,83106031,HM,Overscaled Channel detected at Tag AI_TT_014
4/24/2026 12:29:27 PM,202,Warning,WT8-GUI,83106032,HM,Overscaled Channel detected at Tag AI_TT_015
4/24/2026 12:29:27 PM,202,Warning,WT8-GUI,83106033,HM,Overscaled Channel detected at Tag AI_TT_016
4/24/2026 12:29:27 PM,202,Warning,WT8-GUI,83106034,HM,Overscaled Channel detected at Tag AI_TT_017
4/24/2026 12:29:27 PM,202,Warning,WT8-GUI,83106035,HM,Overscaled Channel detected at Tag AI_TT_018
4/24/2026 12:29:27 PM,202,Warning,WT8-GUI,83106036,HM,Overscaled Channel detected at Tag AI_TT_001
4/24/2026 12:29:27 PM,202,Warning,WT8-GUI,83106037,HM,Overscaled Channel detected at Tag AI_TT_019
4/24/2026 12:29:27 PM,202,Warning,WT8-GUI,83106038,HM,Overscaled Channel detected at Tag AI_TT_020
4/24/2026 12:29:27 PM,202,Warning,WT8-GUI,83106039,HM,Overscaled Channel detected at Tag AI_TT_021
4/24/2026 12:29:27 PM,202,Warning,WT8-GUI,83106040,HM,Overscaled Channel detected at Tag AI_TT_022
4/24/2026 12:29:27 PM,202,Warning,WT8-GUI,83106041,HM,Overscaled Channel detected at Tag AI_TT_023
4/24/2026 12:29:27 PM,202,Warning,WT8-GUI,83106042,HM,Overscaled Channel detected at Tag AI_TT_024
4/24/2026 12:29:27 PM,202,Warning,WT8-GUI,83106043,HM,Overscaled Channel detected at Tag AI_TT_025
4/24/2026 12:29:27 PM,202,Warning,WT8-GUI,83106044,HM,Overscaled Channel detected at Tag AI_TT_026
4/24/2026 12:29:27 PM,202,Warning,WT8-GUI,83106045,HM,Overscaled Channel detected at Tag AI_TT_027
4/24/2026 12:29:27 PM,202,Warning,WT8-GUI,83106046,HM,Overscaled Channel detected at Tag AI_TT_028
4/24/2026 12:29:27 PM,202,Warning,WT8-GUI,83106047,HM,Overscaled Channel detected at Tag AI_TT_004
4/24/2026 12:29:27 PM,202,Warning,WT8-GUI,83106048,HM,Overscaled Channel detected at Tag AI_TT_005
4/24/2026 12:30:10 PM,301005,Warning,WT8-GUI,83106049,OPC,OPC Server Graybox.Simulator.1 on host localhost has not updated data in 187 minute(s).
4/24/2026 12:30:26 PM,202,Warning,WT8-GUI,83106050,HM,Overscaled Channel detected at Tag AI_Volts_Shunt_000
4/24/2026 12:30:26 PM,202,Warning,WT8-GUI,83106051,HM,Overscaled Channel detected at Tag AI_Volts_Shunt_001
4/24/2026 12:30:26 PM,202,Warning,WT8-GUI,83106052,HM,Overscaled Channel detected at Tag AI_Volts_Shunt_003
4/24/2026 12:30:26 PM,202,Warning,WT8-GUI,83106053,HM,Overscaled Channel detected at Tag AI_Volts_Shunt_004
4/24/2026 12:30:26 PM,202,Warning,WT8-GUI,83106054,HM,Overscaled Channel detected at Tag AI_TT_002
4/24/2026 12:30:26 PM,202,Warning,WT8-GUI,83106055,HM,Overscaled Channel detected at Tag AI_TT_029
4/24/2026 12:30:26 PM,202,Warning,WT8-GUI,83106056,HM,Overscaled Channel detected at Tag AI_TT_030
4/24/2026 12:30:27 PM,202,Warning,WT8-GUI,83106057,HM,Overscaled Channel detected at Tag AI_TK_026
4/24/2026 12:30:27 PM,202,Warning,WT8-GUI,83106058,HM,Overscaled Channel detected at Tag AI_TK_027
4/24/2026 12:30:27 PM,202,Warning,WT8-GUI,83106059,HM,Overscaled Channel detected at Tag AI_TK_028
4/24/2026 12:30:27 PM,202,Warning,WT8-GUI,83106060,HM,Overscaled Channel detected at Tag AI_TK_003
4/24/2026 12:30:27 PM,202,Warning,WT8-GUI,83106061,HM,Overscaled Channel detected at Tag AI_Volts_Shunt_006
4/24/2026 12:30:27 PM,202,Warning,WT8-GUI,83106062,HM,Overscaled Channel detected at Tag AI_Volts_Shunt_007
4/24/2026 12:30:27 PM,202,Warning,WT8-GUI,83106063,HM,Overscaled Channel detected at Tag AI_Volts_Shunt_008
4/24/2026 12:30:27 PM,202,Warning,WT8-GUI,83106064,HM,Overscaled Channel detected at Tag AI_Volts_Shunt_009
4/24/2026 12:30:27 PM,202,Warning,WT8-GUI,83106065,HM,Overscaled Channel detected at Tag AI_TT_003
4/24/2026 12:30:27 PM,202,Warning,WT8-GUI,83106066,HM,Overscaled Channel detected at Tag AI_TT_007
4/24/2026 12:30:27 PM,202,Warning,WT8-GUI,83106067,HM,Overscaled Channel detected at Tag AI_TT_008
4/24/2026 12:30:27 PM,202,Warning,WT8-GUI,83106068,HM,Overscaled Channel detected at Tag AI_TK_000
4/24/2026 12:30:27 PM,202,Warning,WT8-GUI,83106069,HM,Overscaled Channel detected at Tag AI_TK_009
4/24/2026 12:30:27 PM,202,Warning,WT8-GUI,83106070,HM,Overscaled Channel detected at Tag AI_TK_010
4/24/2026 12:30:27 PM,202,Warning,WT8-GUI,83106071,HM,Overscaled Channel detected at Tag AI_TK_011
4/24/2026 12:30:27 PM,202,Warning,WT8-GUI,83106072,HM,Overscaled Channel detected at Tag AI_TK_012
4/24/2026 12:30:27 PM,202,Warning,WT8-GUI,83106073,HM,Overscaled Channel detected at Tag AI_TK_013
4/24/2026 12:30:27 PM,202,Warning,WT8-GUI,83106074,HM,Overscaled Channel detected at Tag AI_TK_014
4/24/2026 12:30:27 PM,202,Warning,WT8-GUI,83106075,HM,Overscaled Channel detected at Tag AI_TK_015
4/24/2026 12:30:27 PM,202,Warning,WT8-GUI,83106076,HM,Overscaled Channel detected at Tag AI_TK_016
4/24/2026 12:30:27 PM,202,Warning,WT8-GUI,83106077,HM,Overscaled Channel detected at Tag AI_TK_017
4/24/2026 12:30:27 PM,202,Warning,WT8-GUI,83106078,HM,Overscaled Channel detected at Tag AI_TK_018
4/24/2026 12:30:27 PM,202,Warning,WT8-GUI,83106079,HM,Overscaled Channel detected at Tag AI_TK_001
4/24/2026 12:30:27 PM,202,Warning,WT8-GUI,83106080,HM,Overscaled Channel detected at Tag AI_TK_019
4/24/2026 12:30:27 PM,202,Warning,WT8-GUI,83106081,HM,Overscaled Channel detected at Tag AI_TK_020
4/24/2026 12:30:27 PM,202,Warning,WT8-GUI,83106082,HM,Overscaled Channel detected at Tag AI_TK_021
4/24/2026 12:30:27 PM,202,Warning,WT8-GUI,83106083,HM,Overscaled Channel detected at Tag AI_TK_022
4/24/2026 12:30:27 PM,202,Warning,WT8-GUI,83106084,HM,Overscaled Channel detected at Tag AI_TK_023
4/24/2026 12:30:27 PM,202,Warning,WT8-GUI,83106085,HM,Overscaled Channel detected at Tag AI_TK_024
4/24/2026 12:30:27 PM,202,Warning,WT8-GUI,83106086,HM,Overscaled Channel detected at Tag AI_TK_025
4/24/2026 12:30:27 PM,202,Warning,WT8-GUI,83106087,HM,Overscaled Channel detected at Tag AI_TK_002
4/24/2026 12:30:27 PM,202,Warning,WT8-GUI,83106088,HM,Overscaled Channel detected at Tag AI_TK_029
4/24/2026 12:30:27 PM,202,Warning,WT8-GUI,83106089,HM,Overscaled Channel detected at Tag AI_TK_030
4/24/2026 12:30:27 PM,202,Warning,WT8-GUI,83106090,HM,Overscaled Channel detected at Tag AI_TK_004
4/24/2026 12:30:27 PM,202,Warning,WT8-GUI,83106091,HM,Overscaled Channel detected at Tag AI_TK_005
4/24/2026 12:30:27 PM,202,Warning,WT8-GUI,83106092,HM,Overscaled Channel detected at Tag AI_TK_006
4/24/2026 12:30:27 PM,202,Warning,WT8-GUI,83106093,HM,Overscaled Channel detected at Tag AI_TK_007
4/24/2026 12:30:27 PM,202,Warning,WT8-GUI,83106094,HM,Overscaled Channel detected at Tag AI_TK_008
4/24/2026 12:30:27 PM,202,Warning,WT8-GUI,83106095,HM,Overscaled Channel detected at Tag AI_Volts_Shunt_010
4/24/2026 12:30:27 PM,202,Warning,WT8-GUI,83106096,HM,Overscaled Channel detected at Tag AI_Volts_Shunt_011
4/24/2026 12:30:27 PM,202,Warning,WT8-GUI,83106097,HM,Overscaled Channel detected at Tag AI_Volts_Shunt_012
4/24/2026 12:30:27 PM,202,Warning,WT8-GUI,83106098,HM,Overscaled Channel detected at Tag AI_Volts_Shunt_013
4/24/2026 12:30:27 PM,202,Warning,WT8-GUI,83106099,HM,Overscaled Channel detected at Tag AI_Volts_Shunt_014
4/24/2026 12:30:27 PM,202,Warning,WT8-GUI,83106100,HM,Overscaled Channel detected at Tag AI_Volts_Shunt_015
4/24/2026 12:30:27 PM,202,Warning,WT8-GUI,83106101,HM,Overscaled Channel detected at Tag AI_Strain_000
4/24/2026 12:30:27 PM,202,Warning,WT8-GUI,83106102,HM,Overscaled Channel detected at Tag AI_Strain_001
4/24/2026 12:30:27 PM,202,Warning,WT8-GUI,83106103,HM,Overscaled Channel detected at Tag AI_Strain_002
4/24/2026 12:30:27 PM,202,Warning,WT8-GUI,83106104,HM,Overscaled Channel detected at Tag AI_Strain_003
4/24/2026 12:30:27 PM,202,Warning,WT8-GUI,83106105,HM,Overscaled Channel detected at Tag AI_Strain_004
4/24/2026 12:30:27 PM,202,Warning,WT8-GUI,83106106,HM,Overscaled Channel detected at Tag AI_Strain_005
4/24/2026 12:30:27 PM,202,Warning,WT8-GUI,83106107,HM,Overscaled Channel detected at Tag AI_Strain_006
4/24/2026 12:30:27 PM,202,Warning,WT8-GUI,83106108,HM,Overscaled Channel detected at Tag AI_Strain_007
4/24/2026 12:30:27 PM,202,Warning,WT8-GUI,83106109,HM,Overscaled Channel detected at Tag AI_TT_000
4/24/2026 12:30:27 PM,202,Warning,WT8-GUI,83106110,HM,Overscaled Channel detected at Tag AI_TT_009
4/24/2026 12:30:27 PM,202,Warning,WT8-GUI,83106111,HM,Overscaled Channel detected at Tag AI_TT_010
4/24/2026 12:30:27 PM,202,Warning,WT8-GUI,83106112,HM,Overscaled Channel detected at Tag AI_TT_011
4/24/2026 12:30:27 PM,202,Warning,WT8-GUI,83106113,HM,Overscaled Channel detected at Tag AI_TT_012
4/24/2026 12:30:27 PM,202,Warning,WT8-GUI,83106114,HM,Overscaled Channel detected at Tag AI_TT_013
4/24/2026 12:30:27 PM,202,Warning,WT8-GUI,83106115,HM,Overscaled Channel detected at Tag AI_TT_014
4/24/2026 12:30:27 PM,202,Warning,WT8-GUI,83106116,HM,Overscaled Channel detected at Tag AI_TT_015
4/24/2026 12:30:27 PM,202,Warning,WT8-GUI,83106117,HM,Overscaled Channel detected at Tag AI_TT_016
4/24/2026 12:30:27 PM,202,Warning,WT8-GUI,83106118,HM,Overscaled Channel detected at Tag AI_TT_017
4/24/2026 12:30:27 PM,202,Warning,WT8-GUI,83106119,HM,Overscaled Channel detected at Tag AI_TT_018
4/24/2026 12:30:27 PM,202,Warning,WT8-GUI,83106120,HM,Overscaled Channel detected at Tag AI_TT_001
4/24/2026 12:30:27 PM,202,Warning,WT8-GUI,83106121,HM,Overscaled Channel detected at Tag AI_TT_019
4/24/2026 12:30:27 PM,202,Warning,WT8-GUI,83106122,HM,Overscaled Channel detected at Tag AI_TT_020
4/24/2026 12:30:27 PM,202,Warning,WT8-GUI,83106123,HM,Overscaled Channel detected at Tag AI_TT_021
4/24/2026 12:30:27 PM,202,Warning,WT8-GUI,83106124,HM,Overscaled Channel detected at Tag AI_TT_022
4/24/2026 12:30:27 PM,202,Warning,WT8-GUI,83106125,HM,Overscaled Channel detected at Tag AI_TT_023
4/24/2026 12:30:27 PM,202,Warning,WT8-GUI,83106126,HM,Overscaled Channel detected at Tag AI_TT_024
4/24/2026 12:30:27 PM,202,Warning,WT8-GUI,83106127,HM,Overscaled Channel detected at Tag AI_TT_025
4/24/2026 12:30:27 PM,202,Warning,WT8-GUI,83106128,HM,Overscaled Channel detected at Tag AI_TT_026
4/24/2026 12:30:27 PM,202,Warning,WT8-GUI,83106129,HM,Overscaled Channel detected at Tag AI_TT_027
4/24/2026 12:30:27 PM,202,Warning,WT8-GUI,83106130,HM,Overscaled Channel detected at Tag AI_TT_028
4/24/2026 12:30:27 PM,202,Warning,WT8-GUI,83106131,HM,Overscaled Channel detected at Tag AI_TT_004
4/24/2026 12:30:27 PM,202,Warning,WT8-GUI,83106132,HM,Overscaled Channel detected at Tag AI_TT_005
4/24/2026 12:30:27 PM,202,Warning,WT8-GUI,83106133,HM,Overscaled Channel detected at Tag AI_TT_006
4/24/2026 12:31:10 PM,301005,Warning,WT8-GUI,83106134,OPC,OPC Server Graybox.Simulator.1 on host localhost has not updated data in 188 minute(s).
4/24/2026 12:31:26 PM,202,Warning,WT8-GUI,83106135,HM,Overscaled Channel detected at Tag AI_Volts_Shunt_000
4/24/2026 12:31:26 PM,202,Warning,WT8-GUI,83106136,HM,Overscaled Channel detected at Tag AI_Volts_Shunt_001
4/24/2026 12:31:26 PM,202,Warning,WT8-GUI,83106137,HM,Overscaled Channel detected at Tag AI_Volts_Shunt_003
4/24/2026 12:31:26 PM,202,Warning,WT8-GUI,83106138,HM,Overscaled Channel detected at Tag AI_Volts_Shunt_004
4/24/2026 12:31:26 PM,202,Warning,WT8-GUI,83106139,HM,Overscaled Channel detected at Tag AI_TT_002
4/24/2026 12:31:26 PM,202,Warning,WT8-GUI,83106140,HM,Overscaled Channel detected at Tag AI_TT_029
4/24/2026 12:31:26 PM,202,Warning,WT8-GUI,83106141,HM,Overscaled Channel detected at Tag AI_TT_030
4/24/2026 12:31:27 PM,202,Warning,WT8-GUI,83106142,HM,Overscaled Channel detected at Tag AI_TK_026
4/24/2026 12:31:27 PM,202,Warning,WT8-GUI,83106143,HM,Overscaled Channel detected at Tag AI_TK_027
4/24/2026 12:31:27 PM,202,Warning,WT8-GUI,83106144,HM,Overscaled Channel detected at Tag AI_TK_028
4/24/2026 12:31:27 PM,202,Warning,WT8-GUI,83106145,HM,Overscaled Channel detected at Tag AI_TK_003
4/24/2026 12:31:27 PM,202,Warning,WT8-GUI,83106146,HM,Overscaled Channel detected at Tag AI_Volts_Shunt_006
4/24/2026 12:31:27 PM,202,Warning,WT8-GUI,83106147,HM,Overscaled Channel detected at Tag AI_Volts_Shunt_007
4/24/2026 12:31:27 PM,202,Warning,WT8-GUI,83106148,HM,Overscaled Channel detected at Tag AI_Volts_Shunt_008
4/24/2026 12:31:27 PM,202,Warning,WT8-GUI,83106149,HM,Overscaled Channel detected at Tag AI_Volts_Shunt_009
4/24/2026 12:31:27 PM,202,Warning,WT8-GUI,83106150,HM,Overscaled Channel detected at Tag AI_TT_003
4/24/2026 12:31:27 PM,202,Warning,WT8-GUI,83106151,HM,Overscaled Channel detected at Tag AI_TT_007
4/24/2026 12:31:27 PM,202,Warning,WT8-GUI,83106152,HM,Overscaled Channel detected at Tag AI_TT_008
4/24/2026 12:31:27 PM,202,Warning,WT8-GUI,83106153,HM,Overscaled Channel detected at Tag AI_TK_000
4/24/2026 12:31:27 PM,202,Warning,WT8-GUI,83106154,HM,Overscaled Channel detected at Tag AI_TK_009
4/24/2026 12:31:27 PM,202,Warning,WT8-GUI,83106155,HM,Overscaled Channel detected at Tag AI_TK_010
4/24/2026 12:31:27 PM,202,Warning,WT8-GUI,83106156,HM,Overscaled Channel detected at Tag AI_TK_011
4/24/2026 12:31:27 PM,202,Warning,WT8-GUI,83106157,HM,Overscaled Channel detected at Tag AI_TK_012
4/24/2026 12:31:27 PM,202,Warning,WT8-GUI,83106158,HM,Overscaled Channel detected at Tag AI_TK_013
4/24/2026 12:31:27 PM,202,Warning,WT8-GUI,83106159,HM,Overscaled Channel detected at Tag AI_TK_014
4/24/2026 12:31:27 PM,202,Warning,WT8-GUI,83106160,HM,Overscaled Channel detected at Tag AI_TK_015
4/24/2026 12:31:27 PM,202,Warning,WT8-GUI,83106161,HM,Overscaled Channel detected at Tag AI_TK_016
4/24/2026 12:31:27 PM,202,Warning,WT8-GUI,83106162,HM,Overscaled Channel detected at Tag AI_TK_017
4/24/2026 12:31:27 PM,202,Warning,WT8-GUI,83106163,HM,Overscaled Channel detected at Tag AI_TK_018
4/24/2026 12:31:27 PM,202,Warning,WT8-GUI,83106164,HM,Overscaled Channel detected at Tag AI_TK_001
4/24/2026 12:31:27 PM,202,Warning,WT8-GUI,83106165,HM,Overscaled Channel detected at Tag AI_TK_019
4/24/2026 12:31:27 PM,202,Warning,WT8-GUI,83106166,HM,Overscaled Channel detected at Tag AI_TK_020
4/24/2026 12:31:27 PM,202,Warning,WT8-GUI,83106167,HM,Overscaled Channel detected at Tag AI_TK_021
4/24/2026 12:31:27 PM,202,Warning,WT8-GUI,83106168,HM,Overscaled Channel detected at Tag AI_TK_022
4/24/2026 12:31:27 PM,202,Warning,WT8-GUI,83106169,HM,Overscaled Channel detected at Tag AI_TK_023
4/24/2026 12:31:27 PM,202,Warning,WT8-GUI,83106170,HM,Overscaled Channel detected at Tag AI_TK_024
4/24/2026 12:31:27 PM,202,Warning,WT8-GUI,83106171,HM,Overscaled Channel detected at Tag AI_TK_025
4/24/2026 12:31:27 PM,202,Warning,WT8-GUI,83106172,HM,Overscaled Channel detected at Tag AI_TK_002
4/24/2026 12:31:27 PM,202,Warning,WT8-GUI,83106173,HM,Overscaled Channel detected at Tag AI_TK_029
4/24/2026 12:31:27 PM,202,Warning,WT8-GUI,83106174,HM,Overscaled Channel detected at Tag AI_TK_030
4/24/2026 12:31:27 PM,202,Warning,WT8-GUI,83106175,HM,Overscaled Channel detected at Tag AI_TK_004
4/24/2026 12:31:27 PM,202,Warning,WT8-GUI,83106176,HM,Overscaled Channel detected at Tag AI_TK_005
4/24/2026 12:31:27 PM,202,Warning,WT8-GUI,83106177,HM,Overscaled Channel detected at Tag AI_TK_006
4/24/2026 12:31:27 PM,202,Warning,WT8-GUI,83106178,HM,Overscaled Channel detected at Tag AI_TK_007
4/24/2026 12:31:27 PM,202,Warning,WT8-GUI,83106179,HM,Overscaled Channel detected at Tag AI_TK_008
4/24/2026 12:31:27 PM,202,Warning,WT8-GUI,83106180,HM,Overscaled Channel detected at Tag AI_Volts_Shunt_010
4/24/2026 12:31:27 PM,202,Warning,WT8-GUI,83106181,HM,Overscaled Channel detected at Tag AI_Volts_Shunt_011
4/24/2026 12:31:27 PM,202,Warning,WT8-GUI,83106182,HM,Overscaled Channel detected at Tag AI_Volts_Shunt_012
4/24/2026 12:31:27 PM,202,Warning,WT8-GUI,83106183,HM,Overscaled Channel detected at Tag AI_Volts_Shunt_013
4/24/2026 12:31:27 PM,202,Warning,WT8-GUI,83106184,HM,Overscaled Channel detected at Tag AI_Volts_Shunt_014
4/24/2026 12:31:27 PM,202,Warning,WT8-GUI,83106185,HM,Overscaled Channel detected at Tag AI_Volts_Shunt_015
4/24/2026 12:31:27 PM,202,Warning,WT8-GUI,83106186,HM,Overscaled Channel detected at Tag AI_Strain_000
4/24/2026 12:31:27 PM,202,Warning,WT8-GUI,83106187,HM,Overscaled Channel detected at Tag AI_Strain_001
4/24/2026 12:31:27 PM,202,Warning,WT8-GUI,83106188,HM,Overscaled Channel detected at Tag AI_Strain_002
4/24/2026 12:31:27 PM,202,Warning,WT8-GUI,83106189,HM,Overscaled Channel detected at Tag AI_Strain_003
4/24/2026 12:31:27 PM,202,Warning,WT8-GUI,83106190,HM,Overscaled Channel detected at Tag AI_Strain_004
4/24/2026 12:31:27 PM,202,Warning,WT8-GUI,83106191,HM,Overscaled Channel detected at Tag AI_Strain_005
4/24/2026 12:31:27 PM,202,Warning,WT8-GUI,83106192,HM,Overscaled Channel detected at Tag AI_Strain_006
4/24/2026 12:31:27 PM,202,Warning,WT8-GUI,83106193,HM,Overscaled Channel detected at Tag AI_Strain_007
4/24/2026 12:31:27 PM,202,Warning,WT8-GUI,83106194,HM,Overscaled Channel detected at Tag AI_TT_000
4/24/2026 12:31:27 PM,202,Warning,WT8-GUI,83106195,HM,Overscaled Channel detected at Tag AI_TT_009
4/24/2026 12:31:27 PM,202,Warning,WT8-GUI,83106196,HM,Overscaled Channel detected at Tag AI_TT_010
4/24/2026 12:31:27 PM,202,Warning,WT8-GUI,83106197,HM,Overscaled Channel detected at Tag AI_TT_011
4/24/2026 12:31:27 PM,202,Warning,WT8-GUI,83106198,HM,Overscaled Channel detected at Tag AI_TT_012
4/24/2026 12:31:27 PM,202,Warning,WT8-GUI,83106199,HM,Overscaled Channel detected at Tag AI_TT_013
4/24/2026 12:31:27 PM,202,Warning,WT8-GUI,83106200,HM,Overscaled Channel detected at Tag AI_TT_014
4/24/2026 12:31:27 PM,202,Warning,WT8-GUI,83106201,HM,Overscaled Channel detected at Tag AI_TT_015
4/24/2026 12:31:27 PM,202,Warning,WT8-GUI,83106202,HM,Overscaled Channel detected at Tag AI_TT_016
4/24/2026 12:31:27 PM,202,Warning,WT8-GUI,83106203,HM,Overscaled Channel detected at Tag AI_TT_017
4/24/2026 12:31:27 PM,202,Warning,WT8-GUI,83106204,HM,Overscaled Channel detected at Tag AI_TT_018
4/24/2026 12:31:27 PM,202,Warning,WT8-GUI,83106205,HM,Overscaled Channel detected at Tag AI_TT_001
4/24/2026 12:31:27 PM,202,Warning,WT8-GUI,83106206,HM,Overscaled Channel detected at Tag AI_TT_019
4/24/2026 12:31:27 PM,202,Warning,WT8-GUI,83106207,HM,Overscaled Channel detected at Tag AI_TT_020
4/24/2026 12:31:27 PM,202,Warning,WT8-GUI,83106208,HM,Overscaled Channel detected at Tag AI_TT_021
4/24/2026 12:31:27 PM,202,Warning,WT8-GUI,83106209,HM,Overscaled Channel detected at Tag AI_TT_022
4/24/2026 12:31:27 PM,202,Warning,WT8-GUI,83106210,HM,Overscaled Channel detected at Tag AI_TT_023
4/24/2026 12:31:27 PM,202,Warning,WT8-GUI,83106211,HM,Overscaled Channel detected at Tag AI_TT_024
4/24/2026 12:31:27 PM,202,Warning,WT8-GUI,83106212,HM,Overscaled Channel detected at Tag AI_TT_025
4/24/2026 12:31:27 PM,202,Warning,WT8-GUI,83106213,HM,Overscaled Channel detected at Tag AI_TT_026
4/24/2026 12:31:27 PM,202,Warning,WT8-GUI,83106214,HM,Overscaled Channel detected at Tag AI_TT_027
4/24/2026 12:31:27 PM,202,Warning,WT8-GUI,83106215,HM,Overscaled Channel detected at Tag AI_TT_028
4/24/2026 12:31:27 PM,202,Warning,WT8-GUI,83106216,HM,Overscaled Channel detected at Tag AI_TT_004
4/24/2026 12:31:27 PM,202,Warning,WT8-GUI,83106217,HM,Overscaled Channel detected at Tag AI_TT_005
4/24/2026 12:31:27 PM,202,Warning,WT8-GUI,83106218,HM,Overscaled Channel detected at Tag AI_TT_006
4/24/2026 12:32:10 PM,301005,Warning,WT8-GUI,83106219,OPC,OPC Server Graybox.Simulator.1 on host localhost has not updated data in 189 minute(s).
4/24/2026 12:32:26 PM,202,Warning,WT8-GUI,83106220,HM,Overscaled Channel detected at Tag AI_Volts_Shunt_000
4/24/2026 12:32:26 PM,202,Warning,WT8-GUI,83106221,HM,Overscaled Channel detected at Tag AI_Volts_Shunt_001
4/24/2026 12:32:26 PM,202,Warning,WT8-GUI,83106222,HM,Overscaled Channel detected at Tag AI_Volts_Shunt_003
4/24/2026 12:32:26 PM,202,Warning,WT8-GUI,83106223,HM,Overscaled Channel detected at Tag AI_Volts_Shunt_004
4/24/2026 12:32:26 PM,202,Warning,WT8-GUI,83106224,HM,Overscaled Channel detected at Tag AI_TT_002
4/24/2026 12:32:26 PM,202,Warning,WT8-GUI,83106225,HM,Overscaled Channel detected at Tag AI_TT_029
4/24/2026 12:32:26 PM,202,Warning,WT8-GUI,83106226,HM,Overscaled Channel detected at Tag AI_TT_030
4/24/2026 12:32:27 PM,202,Warning,WT8-GUI,83106227,HM,Overscaled Channel detected at Tag AI_TK_026
4/24/2026 12:32:27 PM,202,Warning,WT8-GUI,83106228,HM,Overscaled Channel detected at Tag AI_TK_027
4/24/2026 12:32:27 PM,202,Warning,WT8-GUI,83106229,HM,Overscaled Channel detected at Tag AI_TK_028
4/24/2026 12:32:27 PM,202,Warning,WT8-GUI,83106230,HM,Overscaled Channel detected at Tag AI_TK_003
4/24/2026 12:32:27 PM,202,Warning,WT8-GUI,83106231,HM,Overscaled Channel detected at Tag AI_Volts_Shunt_006
4/24/2026 12:32:27 PM,202,Warning,WT8-GUI,83106232,HM,Overscaled Channel detected at Tag AI_Volts_Shunt_007
4/24/2026 12:32:27 PM,202,Warning,WT8-GUI,83106233,HM,Overscaled Channel detected at Tag AI_Volts_Shunt_008
4/24/2026 12:32:27 PM,202,Warning,WT8-GUI,83106234,HM,Overscaled Channel detected at Tag AI_Volts_Shunt_009
4/24/2026 12:32:27 PM,202,Warning,WT8-GUI,83106235,HM,Overscaled Channel detected at Tag AI_TT_003
4/24/2026 12:32:27 PM,202,Warning,WT8-GUI,83106236,HM,Overscaled Channel detected at Tag AI_TT_007
4/24/2026 12:32:27 PM,202,Warning,WT8-GUI,83106237,HM,Overscaled Channel detected at Tag AI_TT_008
4/24/2026 12:32:27 PM,202,Warning,WT8-GUI,83106238,HM,Overscaled Channel detected at Tag AI_TK_000
4/24/2026 12:32:27 PM,202,Warning,WT8-GUI,83106239,HM,Overscaled Channel detected at Tag AI_TK_009
4/24/2026 12:32:27 PM,202,Warning,WT8-GUI,83106240,HM,Overscaled Channel detected at Tag AI_TK_010
4/24/2026 12:32:27 PM,202,Warning,WT8-GUI,83106241,HM,Overscaled Channel detected at Tag AI_TK_011
4/24/2026 12:32:27 PM,202,Warning,WT8-GUI,83106242,HM,Overscaled Channel detected at Tag AI_TK_012
4/24/2026 12:32:27 PM,202,Warning,WT8-GUI,83106243,HM,Overscaled Channel detected at Tag AI_TK_013
4/24/2026 12:32:27 PM,202,Warning,WT8-GUI,83106244,HM,Overscaled Channel detected at Tag AI_TK_014
4/24/2026 12:32:27 PM,202,Warning,WT8-GUI,83106245,HM,Overscaled Channel detected at Tag AI_TK_015
4/24/2026 12:32:27 PM,202,Warning,WT8-GUI,83106246,HM,Overscaled Channel detected at Tag AI_TK_016
4/24/2026 12:32:27 PM,202,Warning,WT8-GUI,83106247,HM,Overscaled Channel detected at Tag AI_TK_017
4/24/2026 12:32:27 PM,202,Warning,WT8-GUI,83106248,HM,Overscaled Channel detected at Tag AI_TK_018
4/24/2026 12:32:27 PM,202,Warning,WT8-GUI,83106249,HM,Overscaled Channel detected at Tag AI_TK_001
4/24/2026 12:32:27 PM,202,Warning,WT8-GUI,83106250,HM,Overscaled Channel detected at Tag AI_TK_019
4/24/2026 12:32:27 PM,202,Warning,WT8-GUI,83106251,HM,Overscaled Channel detected at Tag AI_TK_020
4/24/2026 12:32:27 PM,202,Warning,WT8-GUI,83106252,HM,Overscaled Channel detected at Tag AI_TK_021
4/24/2026 12:32:27 PM,202,Warning,WT8-GUI,83106253,HM,Overscaled Channel detected at Tag AI_TK_022
4/24/2026 12:32:27 PM,202,Warning,WT8-GUI,83106254,HM,Overscaled Channel detected at Tag AI_TK_023
4/24/2026 12:32:27 PM,202,Warning,WT8-GUI,83106255,HM,Overscaled Channel detected at Tag AI_TK_024
4/24/2026 12:32:27 PM,202,Warning,WT8-GUI,83106256,HM,Overscaled Channel detected at Tag AI_TK_025
4/24/2026 12:32:27 PM,202,Warning,WT8-GUI,83106257,HM,Overscaled Channel detected at Tag AI_TK_002
4/24/2026 12:32:27 PM,202,Warning,WT8-GUI,83106258,HM,Overscaled Channel detected at Tag AI_TK_029
4/24/2026 12:32:27 PM,202,Warning,WT8-GUI,83106259,HM,Overscaled Channel detected at Tag AI_TK_030
4/24/2026 12:32:27 PM,202,Warning,WT8-GUI,83106260,HM,Overscaled Channel detected at Tag AI_TK_004
4/24/2026 12:32:27 PM,202,Warning,WT8-GUI,83106261,HM,Overscaled Channel detected at Tag AI_TK_005
4/24/2026 12:32:27 PM,202,Warning,WT8-GUI,83106262,HM,Overscaled Channel detected at Tag AI_TK_006
4/24/2026 12:32:27 PM,202,Warning,WT8-GUI,83106263,HM,Overscaled Channel detected at Tag AI_TK_007
4/24/2026 12:32:27 PM,202,Warning,WT8-GUI,83106264,HM,Overscaled Channel detected at Tag AI_TK_008
4/24/2026 12:32:27 PM,202,Warning,WT8-GUI,83106265,HM,Overscaled Channel detected at Tag AI_Volts_Shunt_010
4/24/2026 12:32:27 PM,202,Warning,WT8-GUI,83106266,HM,Overscaled Channel detected at Tag AI_Volts_Shunt_011
4/24/2026 12:32:27 PM,202,Warning,WT8-GUI,83106267,HM,Overscaled Channel detected at Tag AI_Volts_Shunt_012
4/24/2026 12:32:27 PM,202,Warning,WT8-GUI,83106268,HM,Overscaled Channel detected at Tag AI_Volts_Shunt_013
4/24/2026 12:32:27 PM,202,Warning,WT8-GUI,83106269,HM,Overscaled Channel detected at Tag AI_Volts_Shunt_014
4/24/2026 12:32:27 PM,202,Warning,WT8-GUI,83106270,HM,Overscaled Channel detected at Tag AI_Volts_Shunt_015
4/24/2026 12:32:27 PM,202,Warning,WT8-GUI,83106271,HM,Overscaled Channel detected at Tag AI_Strain_000
4/24/2026 12:32:27 PM,202,Warning,WT8-GUI,83106272,HM,Overscaled Channel detected at Tag AI_Strain_001
4/24/2026 12:32:27 PM,202,Warning,WT8-GUI,83106273,HM,Overscaled Channel detected at Tag AI_Strain_002
4/24/2026 12:32:27 PM,202,Warning,WT8-GUI,83106274,HM,Overscaled Channel detected at Tag AI_Strain_003
4/24/2026 12:32:27 PM,202,Warning,WT8-GUI,83106275,HM,Overscaled Channel detected at Tag AI_Strain_004
4/24/2026 12:32:27 PM,202,Warning,WT8-GUI,83106276,HM,Overscaled Channel detected at Tag AI_Strain_005
4/24/2026 12:32:27 PM,202,Warning,WT8-GUI,83106277,HM,Overscaled Channel detected at Tag AI_Strain_006
4/24/2026 12:32:27 PM,202,Warning,WT8-GUI,83106278,HM,Overscaled Channel detected at Tag AI_Strain_007
4/24/2026 12:32:27 PM,202,Warning,WT8-GUI,83106279,HM,Overscaled Channel detected at Tag AI_TT_000
4/24/2026 12:32:27 PM,202,Warning,WT8-GUI,83106280,HM,Overscaled Channel detected at Tag AI_TT_009
4/24/2026 12:32:27 PM,202,Warning,WT8-GUI,83106281,HM,Overscaled Channel detected at Tag AI_TT_010
4/24/2026 12:32:27 PM,202,Warning,WT8-GUI,83106282,HM,Overscaled Channel detected at Tag AI_TT_011
4/24/2026 12:32:27 PM,202,Warning,WT8-GUI,83106283,HM,Overscaled Channel detected at Tag AI_TT_012
4/24/2026 12:32:27 PM,202,Warning,WT8-GUI,83106284,HM,Overscaled Channel detected at Tag AI_TT_013
4/24/2026 12:32:27 PM,202,Warning,WT8-GUI,83106285,HM,Overscaled Channel detected at Tag AI_TT_014
4/24/2026 12:32:27 PM,202,Warning,WT8-GUI,83106286,HM,Overscaled Channel detected at Tag AI_TT_015
4/24/2026 12:32:27 PM,202,Warning,WT8-GUI,83106287,HM,Overscaled Channel detected at Tag AI_TT_016
4/24/2026 12:32:27 PM,202,Warning,WT8-GUI,83106288,HM,Overscaled Channel detected at Tag AI_TT_017
4/24/2026 12:32:27 PM,202,Warning,WT8-GUI,83106289,HM,Overscaled Channel detected at Tag AI_TT_018
4/24/2026 12:32:27 PM,202,Warning,WT8-GUI,83106290,HM,Overscaled Channel detected at Tag AI_TT_001
4/24/2026 12:32:27 PM,202,Warning,WT8-GUI,83106291,HM,Overscaled Channel detected at Tag AI_TT_019
4/24/2026 12:32:27 PM,202,Warning,WT8-GUI,83106292,HM,Overscaled Channel detected at Tag AI_TT_020
4/24/2026 12:32:27 PM,202,Warning,WT8-GUI,83106293,HM,Overscaled Channel detected at Tag AI_TT_021
4/24/2026 12:32:27 PM,202,Warning,WT8-GUI,83106294,HM,Overscaled Channel detected at Tag AI_TT_022
4/24/2026 12:32:27 PM,202,Warning,WT8-GUI,83106295,HM,Overscaled Channel detected at Tag AI_TT_023
4/24/2026 12:32:27 PM,202,Warning,WT8-GUI,83106296,HM,Overscaled Channel detected at Tag AI_TT_024
4/24/2026 12:32:27 PM,202,Warning,WT8-GUI,83106297,HM,Overscaled Channel detected at Tag AI_TT_025
4/24/2026 12:32:27 PM,202,Warning,WT8-GUI,83106298,HM,Overscaled Channel detected at Tag AI_TT_026
4/24/2026 12:32:27 PM,202,Warning,WT8-GUI,83106299,HM,Overscaled Channel detected at Tag AI_TT_027
4/24/2026 12:32:27 PM,202,Warning,WT8-GUI,83106300,HM,Overscaled Channel detected at Tag AI_TT_028
4/24/2026 12:32:27 PM,202,Warning,WT8-GUI,83106301,HM,Overscaled Channel detected at Tag AI_TT_004
4/24/2026 12:32:27 PM,202,Warning,WT8-GUI,83106302,HM,Overscaled Channel detected at Tag AI_TT_005
4/24/2026 12:32:27 PM,202,Warning,WT8-GUI,83106303,HM,Overscaled Channel detected at Tag AI_TT_006
4/24/2026 12:33:10 PM,301005,Warning,WT8-GUI,83106304,OPC,OPC Server Graybox.Simulator.1 on host localhost has not updated data in 190 minute(s).
4/24/2026 12:33:26 PM,202,Warning,WT8-GUI,83106305,HM,Overscaled Channel detected at Tag AI_Volts_Shunt_000
4/24/2026 12:33:26 PM,202,Warning,WT8-GUI,83106306,HM,Overscaled Channel detected at Tag AI_Volts_Shunt_001
4/24/2026 12:33:26 PM,202,Warning,WT8-GUI,83106307,HM,Overscaled Channel detected at Tag AI_Volts_Shunt_003
4/24/2026 12:33:26 PM,202,Warning,WT8-GUI,83106308,HM,Overscaled Channel detected at Tag AI_Volts_Shunt_004
4/24/2026 12:33:26 PM,202,Warning,WT8-GUI,83106309,HM,Overscaled Channel detected at Tag AI_TT_002
4/24/2026 12:33:26 PM,202,Warning,WT8-GUI,83106310,HM,Overscaled Channel detected at Tag AI_TT_029
4/24/2026 12:33:26 PM,202,Warning,WT8-GUI,83106311,HM,Overscaled Channel detected at Tag AI_TT_030
4/24/2026 12:33:27 PM,202,Warning,WT8-GUI,83106312,HM,Overscaled Channel detected at Tag AI_TK_026
4/24/2026 12:33:27 PM,202,Warning,WT8-GUI,83106313,HM,Overscaled Channel detected at Tag AI_TK_027
4/24/2026 12:33:27 PM,202,Warning,WT8-GUI,83106314,HM,Overscaled Channel detected at Tag AI_TK_028
4/24/2026 12:33:27 PM,202,Warning,WT8-GUI,83106315,HM,Overscaled Channel detected at Tag AI_TK_003
4/24/2026 12:33:27 PM,202,Warning,WT8-GUI,83106316,HM,Overscaled Channel detected at Tag AI_Volts_Shunt_006
4/24/2026 12:33:27 PM,202,Warning,WT8-GUI,83106317,HM,Overscaled Channel detected at Tag AI_Volts_Shunt_007
4/24/2026 12:33:27 PM,202,Warning,WT8-GUI,83106318,HM,Overscaled Channel detected at Tag AI_Volts_Shunt_008
4/24/2026 12:33:27 PM,202,Warning,WT8-GUI,83106319,HM,Overscaled Channel detected at Tag AI_Volts_Shunt_009
4/24/2026 12:33:27 PM,202,Warning,WT8-GUI,83106320,HM,Overscaled Channel detected at Tag AI_TT_003
4/24/2026 12:33:27 PM,202,Warning,WT8-GUI,83106321,HM,Overscaled Channel detected at Tag AI_TT_007
4/24/2026 12:33:27 PM,202,Warning,WT8-GUI,83106322,HM,Overscaled Channel detected at Tag AI_TT_008
4/24/2026 12:33:27 PM,202,Warning,WT8-GUI,83106323,HM,Overscaled Channel detected at Tag AI_TK_000
4/24/2026 12:33:27 PM,202,Warning,WT8-GUI,83106324,HM,Overscaled Channel detected at Tag AI_TK_009
4/24/2026 12:33:27 PM,202,Warning,WT8-GUI,83106325,HM,Overscaled Channel detected at Tag AI_TK_010
4/24/2026 12:33:27 PM,202,Warning,WT8-GUI,83106326,HM,Overscaled Channel detected at Tag AI_TK_011
4/24/2026 12:33:27 PM,202,Warning,WT8-GUI,83106327,HM,Overscaled Channel detected at Tag AI_TK_012
4/24/2026 12:33:27 PM,202,Warning,WT8-GUI,83106328,HM,Overscaled Channel detected at Tag AI_TK_013
4/24/2026 12:33:27 PM,202,Warning,WT8-GUI,83106329,HM,Overscaled Channel detected at Tag AI_TK_014
4/24/2026 12:33:27 PM,202,Warning,WT8-GUI,83106330,HM,Overscaled Channel detected at Tag AI_TK_015
4/24/2026 12:33:27 PM,202,Warning,WT8-GUI,83106331,HM,Overscaled Channel detected at Tag AI_TK_016
4/24/2026 12:33:27 PM,202,Warning,WT8-GUI,83106332,HM,Overscaled Channel detected at Tag AI_TK_017
4/24/2026 12:33:27 PM,202,Warning,WT8-GUI,83106333,HM,Overscaled Channel detected at Tag AI_TK_018
4/24/2026 12:33:27 PM,202,Warning,WT8-GUI,83106334,HM,Overscaled Channel detected at Tag AI_TK_001
4/24/2026 12:33:27 PM,202,Warning,WT8-GUI,83106335,HM,Overscaled Channel detected at Tag AI_TK_019
4/24/2026 12:33:27 PM,202,Warning,WT8-GUI,83106336,HM,Overscaled Channel detected at Tag AI_TK_020
4/24/2026 12:33:27 PM,202,Warning,WT8-GUI,83106337,HM,Overscaled Channel detected at Tag AI_TK_021
4/24/2026 12:33:27 PM,202,Warning,WT8-GUI,83106338,HM,Overscaled Channel detected at Tag AI_TK_022
4/24/2026 12:33:27 PM,202,Warning,WT8-GUI,83106339,HM,Overscaled Channel detected at Tag AI_TK_023
4/24/2026 12:33:27 PM,202,Warning,WT8-GUI,83106340,HM,Overscaled Channel detected at Tag AI_TK_024
4/24/2026 12:33:27 PM,202,Warning,WT8-GUI,83106341,HM,Overscaled Channel detected at Tag AI_TK_025
4/24/2026 12:33:27 PM,202,Warning,WT8-GUI,83106342,HM,Overscaled Channel detected at Tag AI_TK_002
4/24/2026 12:33:27 PM,202,Warning,WT8-GUI,83106343,HM,Overscaled Channel detected at Tag AI_TK_029
4/24/2026 12:33:27 PM,202,Warning,WT8-GUI,83106344,HM,Overscaled Channel detected at Tag AI_TK_030
4/24/2026 12:33:27 PM,202,Warning,WT8-GUI,83106345,HM,Overscaled Channel detected at Tag AI_TK_004
4/24/2026 12:33:27 PM,202,Warning,WT8-GUI,83106346,HM,Overscaled Channel detected at Tag AI_TK_005
4/24/2026 12:33:27 PM,202,Warning,WT8-GUI,83106347,HM,Overscaled Channel detected at Tag AI_TK_006
4/24/2026 12:33:27 PM,202,Warning,WT8-GUI,83106348,HM,Overscaled Channel detected at Tag AI_TK_007
4/24/2026 12:33:27 PM,202,Warning,WT8-GUI,83106349,HM,Overscaled Channel detected at Tag AI_TK_008
4/24/2026 12:33:27 PM,202,Warning,WT8-GUI,83106350,HM,Overscaled Channel detected at Tag AI_Volts_Shunt_010
4/24/2026 12:33:27 PM,202,Warning,WT8-GUI,83106351,HM,Overscaled Channel detected at Tag AI_Volts_Shunt_011
4/24/2026 12:33:27 PM,202,Warning,WT8-GUI,83106352,HM,Overscaled Channel detected at Tag AI_Volts_Shunt_012
4/24/2026 12:33:27 PM,202,Warning,WT8-GUI,83106353,HM,Overscaled Channel detected at Tag AI_Volts_Shunt_013
4/24/2026 12:33:27 PM,202,Warning,WT8-GUI,83106354,HM,Overscaled Channel detected at Tag AI_Volts_Shunt_014
4/24/2026 12:33:27 PM,202,Warning,WT8-GUI,83106355,HM,Overscaled Channel detected at Tag AI_Volts_Shunt_015
4/24/2026 12:33:27 PM,202,Warning,WT8-GUI,83106356,HM,Overscaled Channel detected at Tag AI_Strain_000
4/24/2026 12:33:27 PM,202,Warning,WT8-GUI,83106357,HM,Overscaled Channel detected at Tag AI_Strain_001
4/24/2026 12:33:27 PM,202,Warning,WT8-GUI,83106358,HM,Overscaled Channel detected at Tag AI_Strain_002
4/24/2026 12:33:27 PM,202,Warning,WT8-GUI,83106359,HM,Overscaled Channel detected at Tag AI_Strain_003
4/24/2026 12:33:27 PM,202,Warning,WT8-GUI,83106360,HM,Overscaled Channel detected at Tag AI_Strain_004
4/24/2026 12:33:27 PM,202,Warning,WT8-GUI,83106361,HM,Overscaled Channel detected at Tag AI_Strain_005
4/24/2026 12:33:27 PM,202,Warning,WT8-GUI,83106362,HM,Overscaled Channel detected at Tag AI_Strain_006
4/24/2026 12:33:27 PM,202,Warning,WT8-GUI,83106363,HM,Overscaled Channel detected at Tag AI_Strain_007
4/24/2026 12:33:27 PM,202,Warning,WT8-GUI,83106364,HM,Overscaled Channel detected at Tag AI_TT_000
4/24/2026 12:33:27 PM,202,Warning,WT8-GUI,83106365,HM,Overscaled Channel detected at Tag AI_TT_009
4/24/2026 12:33:27 PM,202,Warning,WT8-GUI,83106366,HM,Overscaled Channel detected at Tag AI_TT_010
4/24/2026 12:33:27 PM,202,Warning,WT8-GUI,83106367,HM,Overscaled Channel detected at Tag AI_TT_011
4/24/2026 12:33:27 PM,202,Warning,WT8-GUI,83106368,HM,Overscaled Channel detected at Tag AI_TT_012
4/24/2026 12:33:27 PM,202,Warning,WT8-GUI,83106369,HM,Overscaled Channel detected at Tag AI_TT_013
4/24/2026 12:33:27 PM,202,Warning,WT8-GUI,83106370,HM,Overscaled Channel detected at Tag AI_TT_014
4/24/2026 12:33:27 PM,202,Warning,WT8-GUI,83106371,HM,Overscaled Channel detected at Tag AI_TT_015
4/24/2026 12:33:27 PM,202,Warning,WT8-GUI,83106372,HM,Overscaled Channel detected at Tag AI_TT_016
4/24/2026 12:33:27 PM,202,Warning,WT8-GUI,83106373,HM,Overscaled Channel detected at Tag AI_TT_017
4/24/2026 12:33:27 PM,202,Warning,WT8-GUI,83106374,HM,Overscaled Channel detected at Tag AI_TT_018
4/24/2026 12:33:27 PM,202,Warning,WT8-GUI,83106375,HM,Overscaled Channel detected at Tag AI_TT_001
4/24/2026 12:33:27 PM,202,Warning,WT8-GUI,83106376,HM,Overscaled Channel detected at Tag AI_TT_019
4/24/2026 12:33:27 PM,202,Warning,WT8-GUI,83106377,HM,Overscaled Channel detected at Tag AI_TT_020
4/24/2026 12:33:27 PM,202,Warning,WT8-GUI,83106378,HM,Overscaled Channel detected at Tag AI_TT_021
4/24/2026 12:33:27 PM,202,Warning,WT8-GUI,83106379,HM,Overscaled Channel detected at Tag AI_TT_022
4/24/2026 12:33:27 PM,202,Warning,WT8-GUI,83106380,HM,Overscaled Channel detected at Tag AI_TT_023
4/24/2026 12:33:27 PM,202,Warning,WT8-GUI,83106381,HM,Overscaled Channel detected at Tag AI_TT_024
4/24/2026 12:33:27 PM,202,Warning,WT8-GUI,83106382,HM,Overscaled Channel detected at Tag AI_TT_025
4/24/2026 12:33:27 PM,202,Warning,WT8-GUI,83106383,HM,Overscaled Channel detected at Tag AI_TT_026
4/24/2026 12:33:27 PM,202,Warning,WT8-GUI,83106384,HM,Overscaled Channel detected at Tag AI_TT_027
4/24/2026 12:33:27 PM,202,Warning,WT8-GUI,83106385,HM,Overscaled Channel detected at Tag AI_TT_028
4/24/2026 12:33:27 PM,202,Warning,WT8-GUI,83106386,HM,Overscaled Channel detected at Tag AI_TT_004
4/24/2026 12:33:27 PM,202,Warning,WT8-GUI,83106387,HM,Overscaled Channel detected at Tag AI_TT_005
4/24/2026 12:33:27 PM,202,Warning,WT8-GUI,83106388,HM,Overscaled Channel detected at Tag AI_TT_006
4/24/2026 12:34:10 PM,301005,Warning,WT8-GUI,83106389,OPC,OPC Server Graybox.Simulator.1 on host localhost has not updated data in 191 minute(s).
4/24/2026 12:34:26 PM,202,Warning,WT8-GUI,83106390,HM,Overscaled Channel detected at Tag AI_Volts_Shunt_000
4/24/2026 12:34:26 PM,202,Warning,WT8-GUI,83106391,HM,Overscaled Channel detected at Tag AI_Volts_Shunt_001
4/24/2026 12:34:26 PM,202,Warning,WT8-GUI,83106392,HM,Overscaled Channel detected at Tag AI_Volts_Shunt_003
4/24/2026 12:34:26 PM,202,Warning,WT8-GUI,83106393,HM,Overscaled Channel detected at Tag AI_Volts_Shunt_004
4/24/2026 12:34:27 PM,202,Warning,WT8-GUI,83106394,HM,Overscaled Channel detected at Tag AI_TT_002
4/24/2026 12:34:27 PM,202,Warning,WT8-GUI,83106395,HM,Overscaled Channel detected at Tag AI_TT_029
4/24/2026 12:34:27 PM,202,Warning,WT8-GUI,83106396,HM,Overscaled Channel detected at Tag AI_TT_030
4/24/2026 12:34:27 PM,202,Warning,WT8-GUI,83106397,HM,Overscaled Channel detected at Tag AI_TK_026
4/24/2026 12:34:27 PM,202,Warning,WT8-GUI,83106398,HM,Overscaled Channel detected at Tag AI_TK_027
4/24/2026 12:34:27 PM,202,Warning,WT8-GUI,83106399,HM,Overscaled Channel detected at Tag AI_TK_028
4/24/2026 12:34:27 PM,202,Warning,WT8-GUI,83106400,HM,Overscaled Channel detected at Tag AI_TK_003
4/24/2026 12:34:27 PM,202,Warning,WT8-GUI,83106401,HM,Overscaled Channel detected at Tag AI_Volts_Shunt_006
4/24/2026 12:34:27 PM,202,Warning,WT8-GUI,83106402,HM,Overscaled Channel detected at Tag AI_Volts_Shunt_007
4/24/2026 12:34:27 PM,202,Warning,WT8-GUI,83106403,HM,Overscaled Channel detected at Tag AI_Volts_Shunt_008
4/24/2026 12:34:27 PM,202,Warning,WT8-GUI,83106404,HM,Overscaled Channel detected at Tag AI_Volts_Shunt_009
4/24/2026 12:34:27 PM,202,Warning,WT8-GUI,83106405,HM,Overscaled Channel detected at Tag AI_TT_003
4/24/2026 12:34:27 PM,202,Warning,WT8-GUI,83106406,HM,Overscaled Channel detected at Tag AI_TT_007
4/24/2026 12:34:27 PM,202,Warning,WT8-GUI,83106407,HM,Overscaled Channel detected at Tag AI_TT_008
4/24/2026 12:34:27 PM,202,Warning,WT8-GUI,83106408,HM,Overscaled Channel detected at Tag AI_TK_000
4/24/2026 12:34:27 PM,202,Warning,WT8-GUI,83106409,HM,Overscaled Channel detected at Tag AI_TK_009
4/24/2026 12:34:27 PM,202,Warning,WT8-GUI,83106410,HM,Overscaled Channel detected at Tag AI_TK_010
4/24/2026 12:34:27 PM,202,Warning,WT8-GUI,83106411,HM,Overscaled Channel detected at Tag AI_TK_011
4/24/2026 12:34:27 PM,202,Warning,WT8-GUI,83106412,HM,Overscaled Channel detected at Tag AI_TK_012
4/24/2026 12:34:27 PM,202,Warning,WT8-GUI,83106413,HM,Overscaled Channel detected at Tag AI_TK_013
4/24/2026 12:34:27 PM,202,Warning,WT8-GUI,83106414,HM,Overscaled Channel detected at Tag AI_TK_014
4/24/2026 12:34:27 PM,202,Warning,WT8-GUI,83106415,HM,Overscaled Channel detected at Tag AI_TK_015
4/24/2026 12:34:27 PM,202,Warning,WT8-GUI,83106416,HM,Overscaled Channel detected at Tag AI_TK_016
4/24/2026 12:34:27 PM,202,Warning,WT8-GUI,83106417,HM,Overscaled Channel detected at Tag AI_TK_017
4/24/2026 12:34:27 PM,202,Warning,WT8-GUI,83106418,HM,Overscaled Channel detected at Tag AI_TK_018
4/24/2026 12:34:27 PM,202,Warning,WT8-GUI,83106419,HM,Overscaled Channel detected at Tag AI_TK_001
4/24/2026 12:34:27 PM,202,Warning,WT8-GUI,83106420,HM,Overscaled Channel detected at Tag AI_TK_019
4/24/2026 12:34:27 PM,202,Warning,WT8-GUI,83106421,HM,Overscaled Channel detected at Tag AI_TK_020
4/24/2026 12:34:27 PM,202,Warning,WT8-GUI,83106422,HM,Overscaled Channel detected at Tag AI_TK_021
4/24/2026 12:34:27 PM,202,Warning,WT8-GUI,83106423,HM,Overscaled Channel detected at Tag AI_TK_022
4/24/2026 12:34:27 PM,202,Warning,WT8-GUI,83106424,HM,Overscaled Channel detected at Tag AI_TK_023
4/24/2026 12:34:27 PM,202,Warning,WT8-GUI,83106425,HM,Overscaled Channel detected at Tag AI_TK_024
4/24/2026 12:34:27 PM,202,Warning,WT8-GUI,83106426,HM,Overscaled Channel detected at Tag AI_TK_025
4/24/2026 12:34:27 PM,202,Warning,WT8-GUI,83106427,HM,Overscaled Channel detected at Tag AI_TK_002
4/24/2026 12:34:27 PM,202,Warning,WT8-GUI,83106428,HM,Overscaled Channel detected at Tag AI_TK_029
4/24/2026 12:34:27 PM,202,Warning,WT8-GUI,83106429,HM,Overscaled Channel detected at Tag AI_TK_030
4/24/2026 12:34:27 PM,202,Warning,WT8-GUI,83106430,HM,Overscaled Channel detected at Tag AI_TK_004
4/24/2026 12:34:27 PM,202,Warning,WT8-GUI,83106431,HM,Overscaled Channel detected at Tag AI_TK_005
4/24/2026 12:34:27 PM,202,Warning,WT8-GUI,83106432,HM,Overscaled Channel detected at Tag AI_TK_006
4/24/2026 12:34:27 PM,202,Warning,WT8-GUI,83106433,HM,Overscaled Channel detected at Tag AI_TK_007
4/24/2026 12:34:27 PM,202,Warning,WT8-GUI,83106434,HM,Overscaled Channel detected at Tag AI_TK_008
4/24/2026 12:34:27 PM,202,Warning,WT8-GUI,83106435,HM,Overscaled Channel detected at Tag AI_Volts_Shunt_010
4/24/2026 12:34:27 PM,202,Warning,WT8-GUI,83106436,HM,Overscaled Channel detected at Tag AI_Volts_Shunt_011
4/24/2026 12:34:27 PM,202,Warning,WT8-GUI,83106437,HM,Overscaled Channel detected at Tag AI_Volts_Shunt_012
4/24/2026 12:34:27 PM,202,Warning,WT8-GUI,83106438,HM,Overscaled Channel detected at Tag AI_Volts_Shunt_013
4/24/2026 12:34:27 PM,202,Warning,WT8-GUI,83106439,HM,Overscaled Channel detected at Tag AI_Volts_Shunt_014
4/24/2026 12:34:27 PM,202,Warning,WT8-GUI,83106440,HM,Overscaled Channel detected at Tag AI_Volts_Shunt_015
4/24/2026 12:34:27 PM,202,Warning,WT8-GUI,83106441,HM,Overscaled Channel detected at Tag AI_Strain_000
4/24/2026 12:34:27 PM,202,Warning,WT8-GUI,83106442,HM,Overscaled Channel detected at Tag AI_Strain_001
4/24/2026 12:34:27 PM,202,Warning,WT8-GUI,83106443,HM,Overscaled Channel detected at Tag AI_Strain_002
4/24/2026 12:34:27 PM,202,Warning,WT8-GUI,83106444,HM,Overscaled Channel detected at Tag AI_Strain_003
4/24/2026 12:34:27 PM,202,Warning,WT8-GUI,83106445,HM,Overscaled Channel detected at Tag AI_Strain_004
4/24/2026 12:34:27 PM,202,Warning,WT8-GUI,83106446,HM,Overscaled Channel detected at Tag AI_Strain_005
4/24/2026 12:34:27 PM,202,Warning,WT8-GUI,83106447,HM,Overscaled Channel detected at Tag AI_Strain_006
4/24/2026 12:34:27 PM,202,Warning,WT8-GUI,83106448,HM,Overscaled Channel detected at Tag AI_Strain_007
4/24/2026 12:34:27 PM,202,Warning,WT8-GUI,83106449,HM,Overscaled Channel detected at Tag AI_TT_000
4/24/2026 12:34:27 PM,202,Warning,WT8-GUI,83106450,HM,Overscaled Channel detected at Tag AI_TT_009
4/24/2026 12:34:27 PM,202,Warning,WT8-GUI,83106451,HM,Overscaled Channel detected at Tag AI_TT_010
4/24/2026 12:34:27 PM,202,Warning,WT8-GUI,83106452,HM,Overscaled Channel detected at Tag AI_TT_011
4/24/2026 12:34:27 PM,202,Warning,WT8-GUI,83106453,HM,Overscaled Channel detected at Tag AI_TT_012
4/24/2026 12:34:27 PM,202,Warning,WT8-GUI,83106454,HM,Overscaled Channel detected at Tag AI_TT_013
4/24/2026 12:34:27 PM,202,Warning,WT8-GUI,83106455,HM,Overscaled Channel detected at Tag AI_TT_014
4/24/2026 12:34:27 PM,202,Warning,WT8-GUI,83106456,HM,Overscaled Channel detected at Tag AI_TT_015
4/24/2026 12:34:27 PM,202,Warning,WT8-GUI,83106457,HM,Overscaled Channel detected at Tag AI_TT_016
4/24/2026 12:34:27 PM,202,Warning,WT8-GUI,83106458,HM,Overscaled Channel detected at Tag AI_TT_017
4/24/2026 12:34:27 PM,202,Warning,WT8-GUI,83106459,HM,Overscaled Channel detected at Tag AI_TT_018
4/24/2026 12:34:27 PM,202,Warning,WT8-GUI,83106460,HM,Overscaled Channel detected at Tag AI_TT_001
4/24/2026 12:34:27 PM,202,Warning,WT8-GUI,83106461,HM,Overscaled Channel detected at Tag AI_TT_019
4/24/2026 12:34:27 PM,202,Warning,WT8-GUI,83106462,HM,Overscaled Channel detected at Tag AI_TT_020
4/24/2026 12:34:27 PM,202,Warning,WT8-GUI,83106463,HM,Overscaled Channel detected at Tag AI_TT_021
4/24/2026 12:34:27 PM,202,Warning,WT8-GUI,83106464,HM,Overscaled Channel detected at Tag AI_TT_022
4/24/2026 12:34:27 PM,202,Warning,WT8-GUI,83106465,HM,Overscaled Channel detected at Tag AI_TT_023
4/24/2026 12:34:27 PM,202,Warning,WT8-GUI,83106466,HM,Overscaled Channel detected at Tag AI_TT_024
4/24/2026 12:34:27 PM,202,Warning,WT8-GUI,83106467,HM,Overscaled Channel detected at Tag AI_TT_025
4/24/2026 12:34:27 PM,202,Warning,WT8-GUI,83106468,HM,Overscaled Channel detected at Tag AI_TT_026
4/24/2026 12:34:27 PM,202,Warning,WT8-GUI,83106469,HM,Overscaled Channel detected at Tag AI_TT_027
4/24/2026 12:34:27 PM,202,Warning,WT8-GUI,83106470,HM,Overscaled Channel detected at Tag AI_TT_028
4/24/2026 12:34:27 PM,202,Warning,WT8-GUI,83106471,HM,Overscaled Channel detected at Tag AI_TT_004
4/24/2026 12:34:27 PM,202,Warning,WT8-GUI,83106472,HM,Overscaled Channel detected at Tag AI_TT_005
4/24/2026 12:34:27 PM,202,Warning,WT8-GUI,83106473,HM,Overscaled Channel detected at Tag AI_TT_006
4/24/2026 12:35:10 PM,301005,Warning,WT8-GUI,83106474,OPC,OPC Server Graybox.Simulator.1 on host localhost has not updated data in 192 minute(s).
4/24/2026 12:35:26 PM,202,Warning,WT8-GUI,83106475,HM,Overscaled Channel detected at Tag AI_Volts_Shunt_000
4/24/2026 12:35:26 PM,202,Warning,WT8-GUI,83106476,HM,Overscaled Channel detected at Tag AI_Volts_Shunt_001
4/24/2026 12:35:26 PM,202,Warning,WT8-GUI,83106477,HM,Overscaled Channel detected at Tag AI_Volts_Shunt_003
4/24/2026 12:35:26 PM,202,Warning,WT8-GUI,83106478,HM,Overscaled Channel detected at Tag AI_Volts_Shunt_004
4/24/2026 12:35:27 PM,202,Warning,WT8-GUI,83106479,HM,Overscaled Channel detected at Tag AI_TT_002
4/24/2026 12:35:27 PM,202,Warning,WT8-GUI,83106480,HM,Overscaled Channel detected at Tag AI_TT_029
4/24/2026 12:35:27 PM,202,Warning,WT8-GUI,83106481,HM,Overscaled Channel detected at Tag AI_TT_030
4/24/2026 12:35:27 PM,202,Warning,WT8-GUI,83106482,HM,Overscaled Channel detected at Tag AI_TK_026
4/24/2026 12:35:27 PM,202,Warning,WT8-GUI,83106483,HM,Overscaled Channel detected at Tag AI_TK_027
4/24/2026 12:35:27 PM,202,Warning,WT8-GUI,83106484,HM,Overscaled Channel detected at Tag AI_TK_028
4/24/2026 12:35:27 PM,202,Warning,WT8-GUI,83106485,HM,Overscaled Channel detected at Tag AI_TK_003
4/24/2026 12:35:27 PM,202,Warning,WT8-GUI,83106486,HM,Overscaled Channel detected at Tag AI_Volts_Shunt_006
4/24/2026 12:35:27 PM,202,Warning,WT8-GUI,83106487,HM,Overscaled Channel detected at Tag AI_Volts_Shunt_007
4/24/2026 12:35:27 PM,202,Warning,WT8-GUI,83106488,HM,Overscaled Channel detected at Tag AI_Volts_Shunt_008
4/24/2026 12:35:27 PM,202,Warning,WT8-GUI,83106489,HM,Overscaled Channel detected at Tag AI_Volts_Shunt_009
4/24/2026 12:35:27 PM,202,Warning,WT8-GUI,83106490,HM,Overscaled Channel detected at Tag AI_TT_003
4/24/2026 12:35:27 PM,202,Warning,WT8-GUI,83106491,HM,Overscaled Channel detected at Tag AI_TT_007
4/24/2026 12:35:27 PM,202,Warning,WT8-GUI,83106492,HM,Overscaled Channel detected at Tag AI_TT_008
4/24/2026 12:35:27 PM,202,Warning,WT8-GUI,83106493,HM,Overscaled Channel detected at Tag AI_TK_000
4/24/2026 12:35:27 PM,202,Warning,WT8-GUI,83106494,HM,Overscaled Channel detected at Tag AI_TK_009
4/24/2026 12:35:27 PM,202,Warning,WT8-GUI,83106495,HM,Overscaled Channel detected at Tag AI_TK_010
4/24/2026 12:35:27 PM,202,Warning,WT8-GUI,83106496,HM,Overscaled Channel detected at Tag AI_TK_011
4/24/2026 12:35:27 PM,202,Warning,WT8-GUI,83106497,HM,Overscaled Channel detected at Tag AI_TK_012
4/24/2026 12:35:27 PM,202,Warning,WT8-GUI,83106498,HM,Overscaled Channel detected at Tag AI_TK_013
4/24/2026 12:35:27 PM,202,Warning,WT8-GUI,83106499,HM,Overscaled Channel detected at Tag AI_TK_014
4/24/2026 12:35:27 PM,202,Warning,WT8-GUI,83106500,HM,Overscaled Channel detected at Tag AI_TK_015
4/24/2026 12:35:27 PM,202,Warning,WT8-GUI,83106501,HM,Overscaled Channel detected at Tag AI_TK_016
4/24/2026 12:35:27 PM,202,Warning,WT8-GUI,83106502,HM,Overscaled Channel detected at Tag AI_TK_017
4/24/2026 12:35:27 PM,202,Warning,WT8-GUI,83106503,HM,Overscaled Channel detected at Tag AI_TK_018
4/24/2026 12:35:27 PM,202,Warning,WT8-GUI,83106504,HM,Overscaled Channel detected at Tag AI_TK_001
4/24/2026 12:35:27 PM,202,Warning,WT8-GUI,83106505,HM,Overscaled Channel detected at Tag AI_TK_019
4/24/2026 12:35:27 PM,202,Warning,WT8-GUI,83106506,HM,Overscaled Channel detected at Tag AI_TK_020
4/24/2026 12:35:27 PM,202,Warning,WT8-GUI,83106507,HM,Overscaled Channel detected at Tag AI_TK_021
4/24/2026 12:35:27 PM,202,Warning,WT8-GUI,83106508,HM,Overscaled Channel detected at Tag AI_TK_022
4/24/2026 12:35:27 PM,202,Warning,WT8-GUI,83106509,HM,Overscaled Channel detected at Tag AI_TK_023
4/24/2026 12:35:27 PM,202,Warning,WT8-GUI,83106510,HM,Overscaled Channel detected at Tag AI_TK_024
4/24/2026 12:35:27 PM,202,Warning,WT8-GUI,83106511,HM,Overscaled Channel detected at Tag AI_TK_025
4/24/2026 12:35:27 PM,202,Warning,WT8-GUI,83106512,HM,Overscaled Channel detected at Tag AI_TK_002
4/24/2026 12:35:27 PM,202,Warning,WT8-GUI,83106513,HM,Overscaled Channel detected at Tag AI_TK_029
4/24/2026 12:35:27 PM,202,Warning,WT8-GUI,83106514,HM,Overscaled Channel detected at Tag AI_TK_030
4/24/2026 12:35:27 PM,202,Warning,WT8-GUI,83106515,HM,Overscaled Channel detected at Tag AI_TK_004
4/24/2026 12:35:27 PM,202,Warning,WT8-GUI,83106516,HM,Overscaled Channel detected at Tag AI_TK_005
4/24/2026 12:35:27 PM,202,Warning,WT8-GUI,83106517,HM,Overscaled Channel detected at Tag AI_TK_006
4/24/2026 12:35:27 PM,202,Warning,WT8-GUI,83106518,HM,Overscaled Channel detected at Tag AI_TK_007
4/24/2026 12:35:27 PM,202,Warning,WT8-GUI,83106519,HM,Overscaled Channel detected at Tag AI_TK_008
4/24/2026 12:35:27 PM,202,Warning,WT8-GUI,83106520,HM,Overscaled Channel detected at Tag AI_Volts_Shunt_010
4/24/2026 12:35:27 PM,202,Warning,WT8-GUI,83106521,HM,Overscaled Channel detected at Tag AI_Volts_Shunt_011
4/24/2026 12:35:27 PM,202,Warning,WT8-GUI,83106522,HM,Overscaled Channel detected at Tag AI_Volts_Shunt_012
4/24/2026 12:35:27 PM,202,Warning,WT8-GUI,83106523,HM,Overscaled Channel detected at Tag AI_Volts_Shunt_013
4/24/2026 12:35:27 PM,202,Warning,WT8-GUI,83106524,HM,Overscaled Channel detected at Tag AI_Volts_Shunt_014
4/24/2026 12:35:27 PM,202,Warning,WT8-GUI,83106525,HM,Overscaled Channel detected at Tag AI_Volts_Shunt_015
4/24/2026 12:35:27 PM,202,Warning,WT8-GUI,83106526,HM,Overscaled Channel detected at Tag AI_Strain_000
4/24/2026 12:35:27 PM,202,Warning,WT8-GUI,83106527,HM,Overscaled Channel detected at Tag AI_Strain_001
4/24/2026 12:35:27 PM,202,Warning,WT8-GUI,83106528,HM,Overscaled Channel detected at Tag AI_Strain_002
4/24/2026 12:35:27 PM,202,Warning,WT8-GUI,83106529,HM,Overscaled Channel detected at Tag AI_Strain_003
4/24/2026 12:35:27 PM,202,Warning,WT8-GUI,83106530,HM,Overscaled Channel detected at Tag AI_Strain_004
4/24/2026 12:35:27 PM,202,Warning,WT8-GUI,83106531,HM,Overscaled Channel detected at Tag AI_Strain_005
4/24/2026 12:35:27 PM,202,Warning,WT8-GUI,83106532,HM,Overscaled Channel detected at Tag AI_Strain_006
4/24/2026 12:35:27 PM,202,Warning,WT8-GUI,83106533,HM,Overscaled Channel detected at Tag AI_Strain_007
4/24/2026 12:35:27 PM,202,Warning,WT8-GUI,83106534,HM,Overscaled Channel detected at Tag AI_TT_000
4/24/2026 12:35:27 PM,202,Warning,WT8-GUI,83106535,HM,Overscaled Channel detected at Tag AI_TT_009
4/24/2026 12:35:27 PM,202,Warning,WT8-GUI,83106536,HM,Overscaled Channel detected at Tag AI_TT_010
4/24/2026 12:35:27 PM,202,Warning,WT8-GUI,83106537,HM,Overscaled Channel detected at Tag AI_TT_011
4/24/2026 12:35:27 PM,202,Warning,WT8-GUI,83106538,HM,Overscaled Channel detected at Tag AI_TT_012
4/24/2026 12:35:27 PM,202,Warning,WT8-GUI,83106539,HM,Overscaled Channel detected at Tag AI_TT_013
4/24/2026 12:35:27 PM,202,Warning,WT8-GUI,83106540,HM,Overscaled Channel detected at Tag AI_TT_014
4/24/2026 12:35:27 PM,202,Warning,WT8-GUI,83106541,HM,Overscaled Channel detected at Tag AI_TT_015
4/24/2026 12:35:27 PM,202,Warning,WT8-GUI,83106542,HM,Overscaled Channel detected at Tag AI_TT_016
4/24/2026 12:35:27 PM,202,Warning,WT8-GUI,83106543,HM,Overscaled Channel detected at Tag AI_TT_017
4/24/2026 12:35:27 PM,202,Warning,WT8-GUI,83106544,HM,Overscaled Channel detected at Tag AI_TT_018
4/24/2026 12:35:27 PM,202,Warning,WT8-GUI,83106545,HM,Overscaled Channel detected at Tag AI_TT_001
4/24/2026 12:35:27 PM,202,Warning,WT8-GUI,83106546,HM,Overscaled Channel detected at Tag AI_TT_019
4/24/2026 12:35:27 PM,202,Warning,WT8-GUI,83106547,HM,Overscaled Channel detected at Tag AI_TT_020
4/24/2026 12:35:27 PM,202,Warning,WT8-GUI,83106548,HM,Overscaled Channel detected at Tag AI_TT_021
4/24/2026 12:35:27 PM,202,Warning,WT8-GUI,83106549,HM,Overscaled Channel detected at Tag AI_TT_022
4/24/2026 12:35:27 PM,202,Warning,WT8-GUI,83106550,HM,Overscaled Channel detected at Tag AI_TT_023
4/24/2026 12:35:27 PM,202,Warning,WT8-GUI,83106551,HM,Overscaled Channel detected at Tag AI_TT_024
4/24/2026 12:35:27 PM,202,Warning,WT8-GUI,83106552,HM,Overscaled Channel detected at Tag AI_TT_025
4/24/2026 12:35:27 PM,202,Warning,WT8-GUI,83106553,HM,Overscaled Channel detected at Tag AI_TT_026
4/24/2026 12:35:27 PM,202,Warning,WT8-GUI,83106554,HM,Overscaled Channel detected at Tag AI_TT_027
4/24/2026 12:35:27 PM,202,Warning,WT8-GUI,83106555,HM,Overscaled Channel detected at Tag AI_TT_028
4/24/2026 12:35:27 PM,202,Warning,WT8-GUI,83106556,HM,Overscaled Channel detected at Tag AI_TT_004
4/24/2026 12:35:27 PM,202,Warning,WT8-GUI,83106557,HM,Overscaled Channel detected at Tag AI_TT_005
4/24/2026 12:35:27 PM,202,Warning,WT8-GUI,83106558,HM,Overscaled Channel detected at Tag AI_TT_006
4/24/2026 12:36:10 PM,301005,Warning,WT8-GUI,83106559,OPC,OPC Server Graybox.Simulator.1 on host localhost has not updated data in 193 minute(s).
4/24/2026 12:36:26 PM,202,Warning,WT8-GUI,83106560,HM,Overscaled Channel detected at Tag AI_Volts_Shunt_000
4/24/2026 12:36:26 PM,202,Warning,WT8-GUI,83106561,HM,Overscaled Channel detected at Tag AI_Volts_Shunt_001
4/24/2026 12:36:26 PM,202,Warning,WT8-GUI,83106562,HM,Overscaled Channel detected at Tag AI_Volts_Shunt_003
4/24/2026 12:36:26 PM,202,Warning,WT8-GUI,83106563,HM,Overscaled Channel detected at Tag AI_Volts_Shunt_004
4/24/2026 12:36:27 PM,202,Warning,WT8-GUI,83106564,HM,Overscaled Channel detected at Tag AI_TT_002
4/24/2026 12:36:27 PM,202,Warning,WT8-GUI,83106565,HM,Overscaled Channel detected at Tag AI_TT_029
4/24/2026 12:36:27 PM,202,Warning,WT8-GUI,83106566,HM,Overscaled Channel detected at Tag AI_TT_030
4/24/2026 12:36:27 PM,202,Warning,WT8-GUI,83106567,HM,Overscaled Channel detected at Tag AI_TK_026
4/24/2026 12:36:27 PM,202,Warning,WT8-GUI,83106568,HM,Overscaled Channel detected at Tag AI_TK_027
4/24/2026 12:36:27 PM,202,Warning,WT8-GUI,83106569,HM,Overscaled Channel detected at Tag AI_TK_028
4/24/2026 12:36:27 PM,202,Warning,WT8-GUI,83106570,HM,Overscaled Channel detected at Tag AI_TK_003
4/24/2026 12:36:27 PM,202,Warning,WT8-GUI,83106571,HM,Overscaled Channel detected at Tag AI_Volts_Shunt_006
4/24/2026 12:36:27 PM,202,Warning,WT8-GUI,83106572,HM,Overscaled Channel detected at Tag AI_Volts_Shunt_007
4/24/2026 12:36:27 PM,202,Warning,WT8-GUI,83106573,HM,Overscaled Channel detected at Tag AI_Volts_Shunt_008
4/24/2026 12:36:27 PM,202,Warning,WT8-GUI,83106574,HM,Overscaled Channel detected at Tag AI_Volts_Shunt_009
4/24/2026 12:36:27 PM,202,Warning,WT8-GUI,83106575,HM,Overscaled Channel detected at Tag AI_TT_003
4/24/2026 12:36:27 PM,202,Warning,WT8-GUI,83106576,HM,Overscaled Channel detected at Tag AI_TT_007
4/24/2026 12:36:27 PM,202,Warning,WT8-GUI,83106577,HM,Overscaled Channel detected at Tag AI_TT_008
4/24/2026 12:36:27 PM,202,Warning,WT8-GUI,83106578,HM,Overscaled Channel detected at Tag AI_TK_000
4/24/2026 12:36:27 PM,202,Warning,WT8-GUI,83106579,HM,Overscaled Channel detected at Tag AI_TK_009
4/24/2026 12:36:27 PM,202,Warning,WT8-GUI,83106580,HM,Overscaled Channel detected at Tag AI_TK_010
4/24/2026 12:36:27 PM,202,Warning,WT8-GUI,83106581,HM,Overscaled Channel detected at Tag AI_TK_011
4/24/2026 12:36:27 PM,202,Warning,WT8-GUI,83106582,HM,Overscaled Channel detected at Tag AI_TK_012
4/24/2026 12:36:27 PM,202,Warning,WT8-GUI,83106583,HM,Overscaled Channel detected at Tag AI_TK_013
4/24/2026 12:36:27 PM,202,Warning,WT8-GUI,83106584,HM,Overscaled Channel detected at Tag AI_TK_014
4/24/2026 12:36:27 PM,202,Warning,WT8-GUI,83106585,HM,Overscaled Channel detected at Tag AI_TK_015
4/24/2026 12:36:27 PM,202,Warning,WT8-GUI,83106586,HM,Overscaled Channel detected at Tag AI_TK_016
4/24/2026 12:36:27 PM,202,Warning,WT8-GUI,83106587,HM,Overscaled Channel detected at Tag AI_TK_017
4/24/2026 12:36:27 PM,202,Warning,WT8-GUI,83106588,HM,Overscaled Channel detected at Tag AI_TK_018
4/24/2026 12:36:27 PM,202,Warning,WT8-GUI,83106589,HM,Overscaled Channel detected at Tag AI_TK_001
4/24/2026 12:36:27 PM,202,Warning,WT8-GUI,83106590,HM,Overscaled Channel detected at Tag AI_TK_019
4/24/2026 12:36:27 PM,202,Warning,WT8-GUI,83106591,HM,Overscaled Channel detected at Tag AI_TK_020
4/24/2026 12:36:27 PM,202,Warning,WT8-GUI,83106592,HM,Overscaled Channel detected at Tag AI_TK_021
4/24/2026 12:36:27 PM,202,Warning,WT8-GUI,83106593,HM,Overscaled Channel detected at Tag AI_TK_022
4/24/2026 12:36:27 PM,202,Warning,WT8-GUI,83106594,HM,Overscaled Channel detected at Tag AI_TK_023
4/24/2026 12:36:27 PM,202,Warning,WT8-GUI,83106595,HM,Overscaled Channel detected at Tag AI_TK_024
4/24/2026 12:36:27 PM,202,Warning,WT8-GUI,83106596,HM,Overscaled Channel detected at Tag AI_TK_025
4/24/2026 12:36:27 PM,202,Warning,WT8-GUI,83106597,HM,Overscaled Channel detected at Tag AI_TK_002
4/24/2026 12:36:27 PM,202,Warning,WT8-GUI,83106598,HM,Overscaled Channel detected at Tag AI_TK_029
4/24/2026 12:36:27 PM,202,Warning,WT8-GUI,83106599,HM,Overscaled Channel detected at Tag AI_TK_030
4/24/2026 12:36:27 PM,202,Warning,WT8-GUI,83106600,HM,Overscaled Channel detected at Tag AI_TK_004
4/24/2026 12:36:27 PM,202,Warning,WT8-GUI,83106601,HM,Overscaled Channel detected at Tag AI_TK_005
4/24/2026 12:36:27 PM,202,Warning,WT8-GUI,83106602,HM,Overscaled Channel detected at Tag AI_TK_006
4/24/2026 12:36:27 PM,202,Warning,WT8-GUI,83106603,HM,Overscaled Channel detected at Tag AI_TK_007
4/24/2026 12:36:27 PM,202,Warning,WT8-GUI,83106604,HM,Overscaled Channel detected at Tag AI_TK_008
4/24/2026 12:36:27 PM,202,Warning,WT8-GUI,83106605,HM,Overscaled Channel detected at Tag AI_Volts_Shunt_010
4/24/2026 12:36:27 PM,202,Warning,WT8-GUI,83106606,HM,Overscaled Channel detected at Tag AI_Volts_Shunt_011
4/24/2026 12:36:27 PM,202,Warning,WT8-GUI,83106607,HM,Overscaled Channel detected at Tag AI_Volts_Shunt_012
4/24/2026 12:36:27 PM,202,Warning,WT8-GUI,83106608,HM,Overscaled Channel detected at Tag AI_Volts_Shunt_013
4/24/2026 12:36:27 PM,202,Warning,WT8-GUI,83106609,HM,Overscaled Channel detected at Tag AI_Volts_Shunt_014
4/24/2026 12:36:27 PM,202,Warning,WT8-GUI,83106610,HM,Overscaled Channel detected at Tag AI_Volts_Shunt_015
4/24/2026 12:36:27 PM,202,Warning,WT8-GUI,83106611,HM,Overscaled Channel detected at Tag AI_Strain_000
4/24/2026 12:36:27 PM,202,Warning,WT8-GUI,83106612,HM,Overscaled Channel detected at Tag AI_Strain_001
4/24/2026 12:36:27 PM,202,Warning,WT8-GUI,83106613,HM,Overscaled Channel detected at Tag AI_Strain_002
4/24/2026 12:36:27 PM,202,Warning,WT8-GUI,83106614,HM,Overscaled Channel detected at Tag AI_Strain_003
4/24/2026 12:36:27 PM,202,Warning,WT8-GUI,83106615,HM,Overscaled Channel detected at Tag AI_Strain_004
4/24/2026 12:36:27 PM,202,Warning,WT8-GUI,83106616,HM,Overscaled Channel detected at Tag AI_Strain_005
4/24/2026 12:36:27 PM,202,Warning,WT8-GUI,83106617,HM,Overscaled Channel detected at Tag AI_Strain_006
4/24/2026 12:36:27 PM,202,Warning,WT8-GUI,83106618,HM,Overscaled Channel detected at Tag AI_Strain_007
4/24/2026 12:36:27 PM,202,Warning,WT8-GUI,83106619,HM,Overscaled Channel detected at Tag AI_TT_000
4/24/2026 12:36:27 PM,202,Warning,WT8-GUI,83106620,HM,Overscaled Channel detected at Tag AI_TT_009
4/24/2026 12:36:27 PM,202,Warning,WT8-GUI,83106621,HM,Overscaled Channel detected at Tag AI_TT_010
4/24/2026 12:36:27 PM,202,Warning,WT8-GUI,83106622,HM,Overscaled Channel detected at Tag AI_TT_011
4/24/2026 12:36:27 PM,202,Warning,WT8-GUI,83106623,HM,Overscaled Channel detected at Tag AI_TT_012
4/24/2026 12:36:27 PM,202,Warning,WT8-GUI,83106624,HM,Overscaled Channel detected at Tag AI_TT_013
4/24/2026 12:36:27 PM,202,Warning,WT8-GUI,83106625,HM,Overscaled Channel detected at Tag AI_TT_014
4/24/2026 12:36:27 PM,202,Warning,WT8-GUI,83106626,HM,Overscaled Channel detected at Tag AI_TT_015
4/24/2026 12:36:27 PM,202,Warning,WT8-GUI,83106627,HM,Overscaled Channel detected at Tag AI_TT_016
4/24/2026 12:36:27 PM,202,Warning,WT8-GUI,83106628,HM,Overscaled Channel detected at Tag AI_TT_017
4/24/2026 12:36:27 PM,202,Warning,WT8-GUI,83106629,HM,Overscaled Channel detected at Tag AI_TT_018
4/24/2026 12:36:27 PM,202,Warning,WT8-GUI,83106630,HM,Overscaled Channel detected at Tag AI_TT_001
4/24/2026 12:36:27 PM,202,Warning,WT8-GUI,83106631,HM,Overscaled Channel detected at Tag AI_TT_019
4/24/2026 12:36:27 PM,202,Warning,WT8-GUI,83106632,HM,Overscaled Channel detected at Tag AI_TT_020
4/24/2026 12:36:27 PM,202,Warning,WT8-GUI,83106633,HM,Overscaled Channel detected at Tag AI_TT_021
4/24/2026 12:36:27 PM,202,Warning,WT8-GUI,83106634,HM,Overscaled Channel detected at Tag AI_TT_022
4/24/2026 12:36:27 PM,202,Warning,WT8-GUI,83106635,HM,Overscaled Channel detected at Tag AI_TT_023
4/24/2026 12:36:27 PM,202,Warning,WT8-GUI,83106636,HM,Overscaled Channel detected at Tag AI_TT_024
4/24/2026 12:36:27 PM,202,Warning,WT8-GUI,83106637,HM,Overscaled Channel detected at Tag AI_TT_025
4/24/2026 12:36:27 PM,202,Warning,WT8-GUI,83106638,HM,Overscaled Channel detected at Tag AI_TT_026
4/24/2026 12:36:27 PM,202,Warning,WT8-GUI,83106639,HM,Overscaled Channel detected at Tag AI_TT_027
4/24/2026 12:36:27 PM,202,Warning,WT8-GUI,83106640,HM,Overscaled Channel detected at Tag AI_TT_028
4/24/2026 12:36:27 PM,202,Warning,WT8-GUI,83106641,HM,Overscaled Channel detected at Tag AI_TT_004
4/24/2026 12:36:27 PM,202,Warning,WT8-GUI,83106642,HM,Overscaled Channel detected at Tag AI_TT_005
4/24/2026 12:36:27 PM,202,Warning,WT8-GUI,83106643,HM,Overscaled Channel detected at Tag AI_TT_006
4/24/2026 12:37:10 PM,301005,Warning,WT8-GUI,83106644,OPC,OPC Server Graybox.Simulator.1 on host localhost has not updated data in 194 minute(s).
4/24/2026 12:37:26 PM,202,Warning,WT8-GUI,83106645,HM,Overscaled Channel detected at Tag AI_Volts_Shunt_000
4/24/2026 12:37:26 PM,202,Warning,WT8-GUI,83106646,HM,Overscaled Channel detected at Tag AI_Volts_Shunt_001
4/24/2026 12:37:26 PM,202,Warning,WT8-GUI,83106647,HM,Overscaled Channel detected at Tag AI_Volts_Shunt_003
4/24/2026 12:37:26 PM,202,Warning,WT8-GUI,83106648,HM,Overscaled Channel detected at Tag AI_Volts_Shunt_004
4/24/2026 12:37:27 PM,202,Warning,WT8-GUI,83106649,HM,Overscaled Channel detected at Tag AI_TT_002
4/24/2026 12:37:27 PM,202,Warning,WT8-GUI,83106650,HM,Overscaled Channel detected at Tag AI_TT_029
4/24/2026 12:37:27 PM,202,Warning,WT8-GUI,83106651,HM,Overscaled Channel detected at Tag AI_TT_030
4/24/2026 12:37:27 PM,202,Warning,WT8-GUI,83106652,HM,Overscaled Channel detected at Tag AI_TK_026
4/24/2026 12:37:27 PM,202,Warning,WT8-GUI,83106653,HM,Overscaled Channel detected at Tag AI_TK_027
4/24/2026 12:37:27 PM,202,Warning,WT8-GUI,83106654,HM,Overscaled Channel detected at Tag AI_TK_028
4/24/2026 12:37:27 PM,202,Warning,WT8-GUI,83106655,HM,Overscaled Channel detected at Tag AI_TK_003
4/24/2026 12:37:27 PM,202,Warning,WT8-GUI,83106656,HM,Overscaled Channel detected at Tag AI_Volts_Shunt_006
4/24/2026 12:37:27 PM,202,Warning,WT8-GUI,83106657,HM,Overscaled Channel detected at Tag AI_Volts_Shunt_007
4/24/2026 12:37:27 PM,202,Warning,WT8-GUI,83106658,HM,Overscaled Channel detected at Tag AI_Volts_Shunt_008
4/24/2026 12:37:27 PM,202,Warning,WT8-GUI,83106659,HM,Overscaled Channel detected at Tag AI_Volts_Shunt_009
4/24/2026 12:37:27 PM,202,Warning,WT8-GUI,83106660,HM,Overscaled Channel detected at Tag AI_TT_003
4/24/2026 12:37:27 PM,202,Warning,WT8-GUI,83106661,HM,Overscaled Channel detected at Tag AI_TT_007
4/24/2026 12:37:27 PM,202,Warning,WT8-GUI,83106662,HM,Overscaled Channel detected at Tag AI_TT_008
4/24/2026 12:37:27 PM,202,Warning,WT8-GUI,83106663,HM,Overscaled Channel detected at Tag AI_TK_000
4/24/2026 12:37:27 PM,202,Warning,WT8-GUI,83106664,HM,Overscaled Channel detected at Tag AI_TK_009
4/24/2026 12:37:27 PM,202,Warning,WT8-GUI,83106665,HM,Overscaled Channel detected at Tag AI_TK_010
4/24/2026 12:37:27 PM,202,Warning,WT8-GUI,83106666,HM,Overscaled Channel detected at Tag AI_TK_011
4/24/2026 12:37:27 PM,202,Warning,WT8-GUI,83106667,HM,Overscaled Channel detected at Tag AI_TK_012
4/24/2026 12:37:27 PM,202,Warning,WT8-GUI,83106668,HM,Overscaled Channel detected at Tag AI_TK_013
4/24/2026 12:37:27 PM,202,Warning,WT8-GUI,83106669,HM,Overscaled Channel detected at Tag AI_TK_014
4/24/2026 12:37:27 PM,202,Warning,WT8-GUI,83106670,HM,Overscaled Channel detected at Tag AI_TK_015
4/24/2026 12:37:27 PM,202,Warning,WT8-GUI,83106671,HM,Overscaled Channel detected at Tag AI_TK_016
4/24/2026 12:37:27 PM,202,Warning,WT8-GUI,83106672,HM,Overscaled Channel detected at Tag AI_TK_017
4/24/2026 12:37:27 PM,202,Warning,WT8-GUI,83106673,HM,Overscaled Channel detected at Tag AI_TK_018
4/24/2026 12:37:27 PM,202,Warning,WT8-GUI,83106674,HM,Overscaled Channel detected at Tag AI_TK_001
4/24/2026 12:37:27 PM,202,Warning,WT8-GUI,83106675,HM,Overscaled Channel detected at Tag AI_TK_019
4/24/2026 12:37:27 PM,202,Warning,WT8-GUI,83106676,HM,Overscaled Channel detected at Tag AI_TK_020
4/24/2026 12:37:27 PM,202,Warning,WT8-GUI,83106677,HM,Overscaled Channel detected at Tag AI_TK_021
4/24/2026 12:37:27 PM,202,Warning,WT8-GUI,83106678,HM,Overscaled Channel detected at Tag AI_TK_022
4/24/2026 12:37:27 PM,202,Warning,WT8-GUI,83106679,HM,Overscaled Channel detected at Tag AI_TK_023
4/24/2026 12:37:27 PM,202,Warning,WT8-GUI,83106680,HM,Overscaled Channel detected at Tag AI_TK_024
4/24/2026 12:37:27 PM,202,Warning,WT8-GUI,83106681,HM,Overscaled Channel detected at Tag AI_TK_025
4/24/2026 12:37:27 PM,202,Warning,WT8-GUI,83106682,HM,Overscaled Channel detected at Tag AI_TK_002
4/24/2026 12:37:27 PM,202,Warning,WT8-GUI,83106683,HM,Overscaled Channel detected at Tag AI_TK_029
4/24/2026 12:37:27 PM,202,Warning,WT8-GUI,83106684,HM,Overscaled Channel detected at Tag AI_TK_030
4/24/2026 12:37:27 PM,202,Warning,WT8-GUI,83106685,HM,Overscaled Channel detected at Tag AI_TK_004
4/24/2026 12:37:27 PM,202,Warning,WT8-GUI,83106686,HM,Overscaled Channel detected at Tag AI_TK_005
4/24/2026 12:37:27 PM,202,Warning,WT8-GUI,83106687,HM,Overscaled Channel detected at Tag AI_TK_006
4/24/2026 12:37:27 PM,202,Warning,WT8-GUI,83106688,HM,Overscaled Channel detected at Tag AI_TK_007
4/24/2026 12:37:27 PM,202,Warning,WT8-GUI,83106689,HM,Overscaled Channel detected at Tag AI_TK_008
4/24/2026 12:37:27 PM,202,Warning,WT8-GUI,83106690,HM,Overscaled Channel detected at Tag AI_Volts_Shunt_010
4/24/2026 12:37:27 PM,202,Warning,WT8-GUI,83106691,HM,Overscaled Channel detected at Tag AI_Volts_Shunt_011
4/24/2026 12:37:27 PM,202,Warning,WT8-GUI,83106692,HM,Overscaled Channel detected at Tag AI_Volts_Shunt_012
4/24/2026 12:37:27 PM,202,Warning,WT8-GUI,83106693,HM,Overscaled Channel detected at Tag AI_Volts_Shunt_013
4/24/2026 12:37:27 PM,202,Warning,WT8-GUI,83106694,HM,Overscaled Channel detected at Tag AI_Volts_Shunt_014
4/24/2026 12:37:27 PM,202,Warning,WT8-GUI,83106695,HM,Overscaled Channel detected at Tag AI_Volts_Shunt_015
4/24/2026 12:37:27 PM,202,Warning,WT8-GUI,83106696,HM,Overscaled Channel detected at Tag AI_Strain_000
4/24/2026 12:37:27 PM,202,Warning,WT8-GUI,83106697,HM,Overscaled Channel detected at Tag AI_Strain_001
4/24/2026 12:37:27 PM,202,Warning,WT8-GUI,83106698,HM,Overscaled Channel detected at Tag AI_Strain_002
4/24/2026 12:37:27 PM,202,Warning,WT8-GUI,83106699,HM,Overscaled Channel detected at Tag AI_Strain_003
4/24/2026 12:37:27 PM,202,Warning,WT8-GUI,83106700,HM,Overscaled Channel detected at Tag AI_Strain_004
4/24/2026 12:37:27 PM,202,Warning,WT8-GUI,83106701,HM,Overscaled Channel detected at Tag AI_Strain_005
4/24/2026 12:37:27 PM,202,Warning,WT8-GUI,83106702,HM,Overscaled Channel detected at Tag AI_Strain_006
4/24/2026 12:37:27 PM,202,Warning,WT8-GUI,83106703,HM,Overscaled Channel detected at Tag AI_Strain_007
4/24/2026 12:37:27 PM,202,Warning,WT8-GUI,83106704,HM,Overscaled Channel detected at Tag AI_TT_000
4/24/2026 12:37:27 PM,202,Warning,WT8-GUI,83106705,HM,Overscaled Channel detected at Tag AI_TT_009
4/24/2026 12:37:27 PM,202,Warning,WT8-GUI,83106706,HM,Overscaled Channel detected at Tag AI_TT_010
4/24/2026 12:37:27 PM,202,Warning,WT8-GUI,83106707,HM,Overscaled Channel detected at Tag AI_TT_011
4/24/2026 12:37:27 PM,202,Warning,WT8-GUI,83106708,HM,Overscaled Channel detected at Tag AI_TT_012
4/24/2026 12:37:27 PM,202,Warning,WT8-GUI,83106709,HM,Overscaled Channel detected at Tag AI_TT_013
4/24/2026 12:37:27 PM,202,Warning,WT8-GUI,83106710,HM,Overscaled Channel detected at Tag AI_TT_014
4/24/2026 12:37:27 PM,202,Warning,WT8-GUI,83106711,HM,Overscaled Channel detected at Tag AI_TT_015
4/24/2026 12:37:27 PM,202,Warning,WT8-GUI,83106712,HM,Overscaled Channel detected at Tag AI_TT_016
4/24/2026 12:37:27 PM,202,Warning,WT8-GUI,83106713,HM,Overscaled Channel detected at Tag AI_TT_017
4/24/2026 12:37:27 PM,202,Warning,WT8-GUI,83106714,HM,Overscaled Channel detected at Tag AI_TT_018
4/24/2026 12:37:27 PM,202,Warning,WT8-GUI,83106715,HM,Overscaled Channel detected at Tag AI_TT_001
4/24/2026 12:37:27 PM,202,Warning,WT8-GUI,83106716,HM,Overscaled Channel detected at Tag AI_TT_019
4/24/2026 12:37:27 PM,202,Warning,WT8-GUI,83106717,HM,Overscaled Channel detected at Tag AI_TT_020
4/24/2026 12:37:27 PM,202,Warning,WT8-GUI,83106718,HM,Overscaled Channel detected at Tag AI_TT_021
4/24/2026 12:37:27 PM,202,Warning,WT8-GUI,83106719,HM,Overscaled Channel detected at Tag AI_TT_022
4/24/2026 12:37:27 PM,202,Warning,WT8-GUI,83106720,HM,Overscaled Channel detected at Tag AI_TT_023
4/24/2026 12:37:27 PM,202,Warning,WT8-GUI,83106721,HM,Overscaled Channel detected at Tag AI_TT_024
4/24/2026 12:37:27 PM,202,Warning,WT8-GUI,83106722,HM,Overscaled Channel detected at Tag AI_TT_025
4/24/2026 12:37:27 PM,202,Warning,WT8-GUI,83106723,HM,Overscaled Channel detected at Tag AI_TT_026
4/24/2026 12:37:27 PM,202,Warning,WT8-GUI,83106724,HM,Overscaled Channel detected at Tag AI_TT_027
4/24/2026 12:37:27 PM,202,Warning,WT8-GUI,83106725,HM,Overscaled Channel detected at Tag AI_TT_028
4/24/2026 12:37:27 PM,202,Warning,WT8-GUI,83106726,HM,Overscaled Channel detected at Tag AI_TT_004
4/24/2026 12:37:27 PM,202,Warning,WT8-GUI,83106727,HM,Overscaled Channel detected at Tag AI_TT_005
4/24/2026 12:37:27 PM,202,Warning,WT8-GUI,83106728,HM,Overscaled Channel detected at Tag AI_TT_006
4/24/2026 12:37:38 PM,0,Debug,WT8-GUI,83106729,BALANCE,"Sent balance command ""SetYaw#3.100000#2.000000""."
4/24/2026 12:38:10 PM,301005,Warning,WT8-GUI,83106730,OPC,OPC Server Graybox.Simulator.1 on host localhost has not updated data in 195 minute(s).
4/24/2026 12:38:26 PM,202,Warning,WT8-GUI,83106731,HM,Overscaled Channel detected at Tag AI_Volts_Shunt_000
4/24/2026 12:38:26 PM,202,Warning,WT8-GUI,83106732,HM,Overscaled Channel detected at Tag AI_Volts_Shunt_001
4/24/2026 12:38:26 PM,202,Warning,WT8-GUI,83106733,HM,Overscaled Channel detected at Tag AI_Volts_Shunt_003
4/24/2026 12:38:26 PM,202,Warning,WT8-GUI,83106734,HM,Overscaled Channel detected at Tag AI_Volts_Shunt_004
4/24/2026 12:38:27 PM,202,Warning,WT8-GUI,83106735,HM,Overscaled Channel detected at Tag AI_TT_002
4/24/2026 12:38:27 PM,202,Warning,WT8-GUI,83106736,HM,Overscaled Channel detected at Tag AI_TT_029
4/24/2026 12:38:27 PM,202,Warning,WT8-GUI,83106737,HM,Overscaled Channel detected at Tag AI_TT_030
4/24/2026 12:38:27 PM,202,Warning,WT8-GUI,83106738,HM,Overscaled Channel detected at Tag AI_TK_026
4/24/2026 12:38:27 PM,202,Warning,WT8-GUI,83106739,HM,Overscaled Channel detected at Tag AI_TK_027
4/24/2026 12:38:27 PM,202,Warning,WT8-GUI,83106740,HM,Overscaled Channel detected at Tag AI_TK_028
4/24/2026 12:38:27 PM,202,Warning,WT8-GUI,83106741,HM,Overscaled Channel detected at Tag AI_TK_003
4/24/2026 12:38:27 PM,202,Warning,WT8-GUI,83106742,HM,Overscaled Channel detected at Tag AI_Volts_Shunt_006
4/24/2026 12:38:27 PM,202,Warning,WT8-GUI,83106743,HM,Overscaled Channel detected at Tag AI_Volts_Shunt_007
4/24/2026 12:38:27 PM,202,Warning,WT8-GUI,83106744,HM,Overscaled Channel detected at Tag AI_Volts_Shunt_008
4/24/2026 12:38:27 PM,202,Warning,WT8-GUI,83106745,HM,Overscaled Channel detected at Tag AI_Volts_Shunt_009
4/24/2026 12:38:27 PM,202,Warning,WT8-GUI,83106746,HM,Overscaled Channel detected at Tag AI_TT_003
4/24/2026 12:38:27 PM,202,Warning,WT8-GUI,83106747,HM,Overscaled Channel detected at Tag AI_TT_007
4/24/2026 12:38:27 PM,202,Warning,WT8-GUI,83106748,HM,Overscaled Channel detected at Tag AI_TT_008
4/24/2026 12:38:27 PM,202,Warning,WT8-GUI,83106749,HM,Overscaled Channel detected at Tag AI_TK_000
4/24/2026 12:38:27 PM,202,Warning,WT8-GUI,83106750,HM,Overscaled Channel detected at Tag AI_TK_009
4/24/2026 12:38:27 PM,202,Warning,WT8-GUI,83106751,HM,Overscaled Channel detected at Tag AI_TK_010
4/24/2026 12:38:27 PM,202,Warning,WT8-GUI,83106752,HM,Overscaled Channel detected at Tag AI_TK_011
4/24/2026 12:38:27 PM,202,Warning,WT8-GUI,83106753,HM,Overscaled Channel detected at Tag AI_TK_012
4/24/2026 12:38:27 PM,202,Warning,WT8-GUI,83106754,HM,Overscaled Channel detected at Tag AI_TK_013
4/24/2026 12:38:27 PM,202,Warning,WT8-GUI,83106755,HM,Overscaled Channel detected at Tag AI_TK_014
4/24/2026 12:38:27 PM,202,Warning,WT8-GUI,83106756,HM,Overscaled Channel detected at Tag AI_TK_015
4/24/2026 12:38:27 PM,202,Warning,WT8-GUI,83106757,HM,Overscaled Channel detected at Tag AI_TK_016
4/24/2026 12:38:27 PM,202,Warning,WT8-GUI,83106758,HM,Overscaled Channel detected at Tag AI_TK_017
4/24/2026 12:38:27 PM,202,Warning,WT8-GUI,83106759,HM,Overscaled Channel detected at Tag AI_TK_018
4/24/2026 12:38:27 PM,202,Warning,WT8-GUI,83106760,HM,Overscaled Channel detected at Tag AI_TK_001
4/24/2026 12:38:27 PM,202,Warning,WT8-GUI,83106761,HM,Overscaled Channel detected at Tag AI_TK_019
4/24/2026 12:38:27 PM,202,Warning,WT8-GUI,83106762,HM,Overscaled Channel detected at Tag AI_TK_020
4/24/2026 12:38:27 PM,202,Warning,WT8-GUI,83106763,HM,Overscaled Channel detected at Tag AI_TK_021
4/24/2026 12:38:27 PM,202,Warning,WT8-GUI,83106764,HM,Overscaled Channel detected at Tag AI_TK_022
4/24/2026 12:38:27 PM,202,Warning,WT8-GUI,83106765,HM,Overscaled Channel detected at Tag AI_TK_023
4/24/2026 12:38:27 PM,202,Warning,WT8-GUI,83106766,HM,Overscaled Channel detected at Tag AI_TK_024
4/24/2026 12:38:27 PM,202,Warning,WT8-GUI,83106767,HM,Overscaled Channel detected at Tag AI_TK_025
4/24/2026 12:38:27 PM,202,Warning,WT8-GUI,83106768,HM,Overscaled Channel detected at Tag AI_TK_002
4/24/2026 12:38:27 PM,202,Warning,WT8-GUI,83106769,HM,Overscaled Channel detected at Tag AI_TK_029
4/24/2026 12:38:27 PM,202,Warning,WT8-GUI,83106770,HM,Overscaled Channel detected at Tag AI_TK_030
4/24/2026 12:38:27 PM,202,Warning,WT8-GUI,83106771,HM,Overscaled Channel detected at Tag AI_TK_004
4/24/2026 12:38:27 PM,202,Warning,WT8-GUI,83106772,HM,Overscaled Channel detected at Tag AI_TK_005
4/24/2026 12:38:27 PM,202,Warning,WT8-GUI,83106773,HM,Overscaled Channel detected at Tag AI_TK_006
4/24/2026 12:38:27 PM,202,Warning,WT8-GUI,83106774,HM,Overscaled Channel detected at Tag AI_TK_007
4/24/2026 12:38:27 PM,202,Warning,WT8-GUI,83106775,HM,Overscaled Channel detected at Tag AI_TK_008
4/24/2026 12:38:27 PM,202,Warning,WT8-GUI,83106776,HM,Overscaled Channel detected at Tag AI_Volts_Shunt_010
4/24/2026 12:38:27 PM,202,Warning,WT8-GUI,83106777,HM,Overscaled Channel detected at Tag AI_Volts_Shunt_011
4/24/2026 12:38:27 PM,202,Warning,WT8-GUI,83106778,HM,Overscaled Channel detected at Tag AI_Volts_Shunt_012
4/24/2026 12:38:27 PM,202,Warning,WT8-GUI,83106779,HM,Overscaled Channel detected at Tag AI_Volts_Shunt_013
4/24/2026 12:38:27 PM,202,Warning,WT8-GUI,83106780,HM,Overscaled Channel detected at Tag AI_Volts_Shunt_014
4/24/2026 12:38:27 PM,202,Warning,WT8-GUI,83106781,HM,Overscaled Channel detected at Tag AI_Volts_Shunt_015
4/24/2026 12:38:27 PM,202,Warning,WT8-GUI,83106782,HM,Overscaled Channel detected at Tag AI_Strain_000
4/24/2026 12:38:27 PM,202,Warning,WT8-GUI,83106783,HM,Overscaled Channel detected at Tag AI_Strain_001
4/24/2026 12:38:27 PM,202,Warning,WT8-GUI,83106784,HM,Overscaled Channel detected at Tag AI_Strain_002
4/24/2026 12:38:27 PM,202,Warning,WT8-GUI,83106785,HM,Overscaled Channel detected at Tag AI_Strain_003
4/24/2026 12:38:27 PM,202,Warning,WT8-GUI,83106786,HM,Overscaled Channel detected at Tag AI_Strain_004
4/24/2026 12:38:27 PM,202,Warning,WT8-GUI,83106787,HM,Overscaled Channel detected at Tag AI_Strain_005
4/24/2026 12:38:27 PM,202,Warning,WT8-GUI,83106788,HM,Overscaled Channel detected at Tag AI_Strain_006
4/24/2026 12:38:27 PM,202,Warning,WT8-GUI,83106789,HM,Overscaled Channel detected at Tag AI_Strain_007
4/24/2026 12:38:27 PM,202,Warning,WT8-GUI,83106790,HM,Overscaled Channel detected at Tag AI_TT_000
4/24/2026 12:38:27 PM,202,Warning,WT8-GUI,83106791,HM,Overscaled Channel detected at Tag AI_TT_009
4/24/2026 12:38:27 PM,202,Warning,WT8-GUI,83106792,HM,Overscaled Channel detected at Tag AI_TT_010
4/24/2026 12:38:27 PM,202,Warning,WT8-GUI,83106793,HM,Overscaled Channel detected at Tag AI_TT_011
4/24/2026 12:38:27 PM,202,Warning,WT8-GUI,83106794,HM,Overscaled Channel detected at Tag AI_TT_012
4/24/2026 12:38:27 PM,202,Warning,WT8-GUI,83106795,HM,Overscaled Channel detected at Tag AI_TT_013
4/24/2026 12:38:27 PM,202,Warning,WT8-GUI,83106796,HM,Overscaled Channel detected at Tag AI_TT_014
4/24/2026 12:38:27 PM,202,Warning,WT8-GUI,83106797,HM,Overscaled Channel detected at Tag AI_TT_015
4/24/2026 12:38:27 PM,202,Warning,WT8-GUI,83106798,HM,Overscaled Channel detected at Tag AI_TT_016
4/24/2026 12:38:27 PM,202,Warning,WT8-GUI,83106799,HM,Overscaled Channel detected at Tag AI_TT_017
4/24/2026 12:38:27 PM,202,Warning,WT8-GUI,83106800,HM,Overscaled Channel detected at Tag AI_TT_018
4/24/2026 12:38:27 PM,202,Warning,WT8-GUI,83106801,HM,Overscaled Channel detected at Tag AI_TT_001
4/24/2026 12:38:27 PM,202,Warning,WT8-GUI,83106802,HM,Overscaled Channel detected at Tag AI_TT_019
4/24/2026 12:38:27 PM,202,Warning,WT8-GUI,83106803,HM,Overscaled Channel detected at Tag AI_TT_020
4/24/2026 12:38:27 PM,202,Warning,WT8-GUI,83106804,HM,Overscaled Channel detected at Tag AI_TT_021
4/24/2026 12:38:27 PM,202,Warning,WT8-GUI,83106805,HM,Overscaled Channel detected at Tag AI_TT_022
4/24/2026 12:38:27 PM,202,Warning,WT8-GUI,83106806,HM,Overscaled Channel detected at Tag AI_TT_023
4/24/2026 12:38:27 PM,202,Warning,WT8-GUI,83106807,HM,Overscaled Channel detected at Tag AI_TT_024
4/24/2026 12:38:27 PM,202,Warning,WT8-GUI,83106808,HM,Overscaled Channel detected at Tag AI_TT_025
4/24/2026 12:38:27 PM,202,Warning,WT8-GUI,83106809,HM,Overscaled Channel detected at Tag AI_TT_026
4/24/2026 12:38:27 PM,202,Warning,WT8-GUI,83106810,HM,Overscaled Channel detected at Tag AI_TT_027
4/24/2026 12:38:27 PM,202,Warning,WT8-GUI,83106811,HM,Overscaled Channel detected at Tag AI_TT_028
4/24/2026 12:38:27 PM,202,Warning,WT8-GUI,83106812,HM,Overscaled Channel detected at Tag AI_TT_004
4/24/2026 12:38:27 PM,202,Warning,WT8-GUI,83106813,HM,Overscaled Channel detected at Tag AI_TT_005
4/24/2026 12:38:27 PM,202,Warning,WT8-GUI,83106814,HM,Overscaled Channel detected at Tag AI_TT_006
4/24/2026 12:39:10 PM,301005,Warning,WT8-GUI,83106815,OPC,OPC Server Graybox.Simulator.1 on host localhost has not updated data in 196 minute(s).
4/24/2026 12:39:26 PM,202,Warning,WT8-GUI,83106816,HM,Overscaled Channel detected at Tag AI_Volts_Shunt_000
4/24/2026 12:39:26 PM,202,Warning,WT8-GUI,83106817,HM,Overscaled Channel detected at Tag AI_Volts_Shunt_001
4/24/2026 12:39:26 PM,202,Warning,WT8-GUI,83106818,HM,Overscaled Channel detected at Tag AI_Volts_Shunt_003
4/24/2026 12:39:26 PM,202,Warning,WT8-GUI,83106819,HM,Overscaled Channel detected at Tag AI_Volts_Shunt_004
4/24/2026 12:39:27 PM,202,Warning,WT8-GUI,83106820,HM,Overscaled Channel detected at Tag AI_TT_002
4/24/2026 12:39:27 PM,202,Warning,WT8-GUI,83106821,HM,Overscaled Channel detected at Tag AI_TT_029
4/24/2026 12:39:27 PM,202,Warning,WT8-GUI,83106822,HM,Overscaled Channel detected at Tag AI_TT_030
4/24/2026 12:39:27 PM,202,Warning,WT8-GUI,83106823,HM,Overscaled Channel detected at Tag AI_TK_026
4/24/2026 12:39:27 PM,202,Warning,WT8-GUI,83106824,HM,Overscaled Channel detected at Tag AI_TK_027
4/24/2026 12:39:27 PM,202,Warning,WT8-GUI,83106825,HM,Overscaled Channel detected at Tag AI_TK_028
4/24/2026 12:39:27 PM,202,Warning,WT8-GUI,83106826,HM,Overscaled Channel detected at Tag AI_TK_003
4/24/2026 12:39:27 PM,202,Warning,WT8-GUI,83106827,HM,Overscaled Channel detected at Tag AI_Volts_Shunt_006
4/24/2026 12:39:27 PM,202,Warning,WT8-GUI,83106828,HM,Overscaled Channel detected at Tag AI_Volts_Shunt_007
4/24/2026 12:39:27 PM,202,Warning,WT8-GUI,83106829,HM,Overscaled Channel detected at Tag AI_Volts_Shunt_008
4/24/2026 12:39:27 PM,202,Warning,WT8-GUI,83106830,HM,Overscaled Channel detected at Tag AI_Volts_Shunt_009
4/24/2026 12:39:27 PM,202,Warning,WT8-GUI,83106831,HM,Overscaled Channel detected at Tag AI_TT_003
4/24/2026 12:39:27 PM,202,Warning,WT8-GUI,83106832,HM,Overscaled Channel detected at Tag AI_TT_007
4/24/2026 12:39:27 PM,202,Warning,WT8-GUI,83106833,HM,Overscaled Channel detected at Tag AI_TT_008
4/24/2026 12:39:27 PM,202,Warning,WT8-GUI,83106834,HM,Overscaled Channel detected at Tag AI_TK_000
4/24/2026 12:39:27 PM,202,Warning,WT8-GUI,83106835,HM,Overscaled Channel detected at Tag AI_TK_009
4/24/2026 12:39:27 PM,202,Warning,WT8-GUI,83106836,HM,Overscaled Channel detected at Tag AI_TK_010
4/24/2026 12:39:27 PM,202,Warning,WT8-GUI,83106837,HM,Overscaled Channel detected at Tag AI_TK_011
4/24/2026 12:39:27 PM,202,Warning,WT8-GUI,83106838,HM,Overscaled Channel detected at Tag AI_TK_012
4/24/2026 12:39:27 PM,202,Warning,WT8-GUI,83106839,HM,Overscaled Channel detected at Tag AI_TK_013
4/24/2026 12:39:27 PM,202,Warning,WT8-GUI,83106840,HM,Overscaled Channel detected at Tag AI_TK_014
4/24/2026 12:39:27 PM,202,Warning,WT8-GUI,83106841,HM,Overscaled Channel detected at Tag AI_TK_015
4/24/2026 12:39:27 PM,202,Warning,WT8-GUI,83106842,HM,Overscaled Channel detected at Tag AI_TK_016
4/24/2026 12:39:27 PM,202,Warning,WT8-GUI,83106843,HM,Overscaled Channel detected at Tag AI_TK_017
4/24/2026 12:39:27 PM,202,Warning,WT8-GUI,83106844,HM,Overscaled Channel detected at Tag AI_TK_018
4/24/2026 12:39:27 PM,202,Warning,WT8-GUI,83106845,HM,Overscaled Channel detected at Tag AI_TK_001
4/24/2026 12:39:27 PM,202,Warning,WT8-GUI,83106846,HM,Overscaled Channel detected at Tag AI_TK_019
4/24/2026 12:39:27 PM,202,Warning,WT8-GUI,83106847,HM,Overscaled Channel detected at Tag AI_TK_020
4/24/2026 12:39:27 PM,202,Warning,WT8-GUI,83106848,HM,Overscaled Channel detected at Tag AI_TK_021
4/24/2026 12:39:27 PM,202,Warning,WT8-GUI,83106849,HM,Overscaled Channel detected at Tag AI_TK_022
4/24/2026 12:39:27 PM,202,Warning,WT8-GUI,83106850,HM,Overscaled Channel detected at Tag AI_TK_023
4/24/2026 12:39:27 PM,202,Warning,WT8-GUI,83106851,HM,Overscaled Channel detected at Tag AI_TK_024
4/24/2026 12:39:27 PM,202,Warning,WT8-GUI,83106852,HM,Overscaled Channel detected at Tag AI_TK_025
4/24/2026 12:39:27 PM,202,Warning,WT8-GUI,83106853,HM,Overscaled Channel detected at Tag AI_TK_002
4/24/2026 12:39:27 PM,202,Warning,WT8-GUI,83106854,HM,Overscaled Channel detected at Tag AI_TK_029
4/24/2026 12:39:27 PM,202,Warning,WT8-GUI,83106855,HM,Overscaled Channel detected at Tag AI_TK_030
4/24/2026 12:39:27 PM,202,Warning,WT8-GUI,83106856,HM,Overscaled Channel detected at Tag AI_TK_004
4/24/2026 12:39:27 PM,202,Warning,WT8-GUI,83106857,HM,Overscaled Channel detected at Tag AI_TK_005
4/24/2026 12:39:27 PM,202,Warning,WT8-GUI,83106858,HM,Overscaled Channel detected at Tag AI_TK_006
4/24/2026 12:39:27 PM,202,Warning,WT8-GUI,83106859,HM,Overscaled Channel detected at Tag AI_TK_007
4/24/2026 12:39:27 PM,202,Warning,WT8-GUI,83106860,HM,Overscaled Channel detected at Tag AI_TK_008
4/24/2026 12:39:27 PM,202,Warning,WT8-GUI,83106861,HM,Overscaled Channel detected at Tag AI_Volts_Shunt_010
4/24/2026 12:39:27 PM,202,Warning,WT8-GUI,83106862,HM,Overscaled Channel detected at Tag AI_Volts_Shunt_011
4/24/2026 12:39:27 PM,202,Warning,WT8-GUI,83106863,HM,Overscaled Channel detected at Tag AI_Volts_Shunt_012
4/24/2026 12:39:27 PM,202,Warning,WT8-GUI,83106864,HM,Overscaled Channel detected at Tag AI_Volts_Shunt_013
4/24/2026 12:39:27 PM,202,Warning,WT8-GUI,83106865,HM,Overscaled Channel detected at Tag AI_Volts_Shunt_014
4/24/2026 12:39:27 PM,202,Warning,WT8-GUI,83106866,HM,Overscaled Channel detected at Tag AI_Volts_Shunt_015
4/24/2026 12:39:27 PM,202,Warning,WT8-GUI,83106867,HM,Overscaled Channel detected at Tag AI_Strain_000
4/24/2026 12:39:27 PM,202,Warning,WT8-GUI,83106868,HM,Overscaled Channel detected at Tag AI_Strain_001
4/24/2026 12:39:27 PM,202,Warning,WT8-GUI,83106869,HM,Overscaled Channel detected at Tag AI_Strain_002
4/24/2026 12:39:27 PM,202,Warning,WT8-GUI,83106870,HM,Overscaled Channel detected at Tag AI_Strain_003
4/24/2026 12:39:27 PM,202,Warning,WT8-GUI,83106871,HM,Overscaled Channel detected at Tag AI_Strain_004
4/24/2026 12:39:27 PM,202,Warning,WT8-GUI,83106872,HM,Overscaled Channel detected at Tag AI_Strain_005
4/24/2026 12:39:27 PM,202,Warning,WT8-GUI,83106873,HM,Overscaled Channel detected at Tag AI_Strain_006
4/24/2026 12:39:27 PM,202,Warning,WT8-GUI,83106874,HM,Overscaled Channel detected at Tag AI_Strain_007
4/24/2026 12:39:27 PM,202,Warning,WT8-GUI,83106875,HM,Overscaled Channel detected at Tag AI_TT_000
4/24/2026 12:39:27 PM,202,Warning,WT8-GUI,83106876,HM,Overscaled Channel detected at Tag AI_TT_009
4/24/2026 12:39:27 PM,202,Warning,WT8-GUI,83106877,HM,Overscaled Channel detected at Tag AI_TT_010
4/24/2026 12:39:27 PM,202,Warning,WT8-GUI,83106878,HM,Overscaled Channel detected at Tag AI_TT_011
4/24/2026 12:39:27 PM,202,Warning,WT8-GUI,83106879,HM,Overscaled Channel detected at Tag AI_TT_012
4/24/2026 12:39:27 PM,202,Warning,WT8-GUI,83106880,HM,Overscaled Channel detected at Tag AI_TT_013
4/24/2026 12:39:27 PM,202,Warning,WT8-GUI,83106881,HM,Overscaled Channel detected at Tag AI_TT_014
4/24/2026 12:39:27 PM,202,Warning,WT8-GUI,83106882,HM,Overscaled Channel detected at Tag AI_TT_015
4/24/2026 12:39:27 PM,202,Warning,WT8-GUI,83106883,HM,Overscaled Channel detected at Tag AI_TT_016
4/24/2026 12:39:27 PM,202,Warning,WT8-GUI,83106884,HM,Overscaled Channel detected at Tag AI_TT_017
4/24/2026 12:39:27 PM,202,Warning,WT8-GUI,83106885,HM,Overscaled Channel detected at Tag AI_TT_018
4/24/2026 12:39:27 PM,202,Warning,WT8-GUI,83106886,HM,Overscaled Channel detected at Tag AI_TT_001
4/24/2026 12:39:27 PM,202,Warning,WT8-GUI,83106887,HM,Overscaled Channel detected at Tag AI_TT_019
4/24/2026 12:39:27 PM,202,Warning,WT8-GUI,83106888,HM,Overscaled Channel detected at Tag AI_TT_020
4/24/2026 12:39:27 PM,202,Warning,WT8-GUI,83106889,HM,Overscaled Channel detected at Tag AI_TT_021
4/24/2026 12:39:27 PM,202,Warning,WT8-GUI,83106890,HM,Overscaled Channel detected at Tag AI_TT_022
4/24/2026 12:39:27 PM,202,Warning,WT8-GUI,83106891,HM,Overscaled Channel detected at Tag AI_TT_023
4/24/2026 12:39:27 PM,202,Warning,WT8-GUI,83106892,HM,Overscaled Channel detected at Tag AI_TT_024
4/24/2026 12:39:27 PM,202,Warning,WT8-GUI,83106893,HM,Overscaled Channel detected at Tag AI_TT_025
4/24/2026 12:39:27 PM,202,Warning,WT8-GUI,83106894,HM,Overscaled Channel detected at Tag AI_TT_026
4/24/2026 12:39:27 PM,202,Warning,WT8-GUI,83106895,HM,Overscaled Channel detected at Tag AI_TT_027
4/24/2026 12:39:27 PM,202,Warning,WT8-GUI,83106896,HM,Overscaled Channel detected at Tag AI_TT_028
4/24/2026 12:39:27 PM,202,Warning,WT8-GUI,83106897,HM,Overscaled Channel detected at Tag AI_TT_004
4/24/2026 12:39:27 PM,202,Warning,WT8-GUI,83106898,HM,Overscaled Channel detected at Tag AI_TT_005
4/24/2026 12:39:27 PM,202,Warning,WT8-GUI,83106899,HM,Overscaled Channel detected at Tag AI_TT_006
4/24/2026 12:39:37 PM,0,Debug,WT8-GUI,83106900,BALANCE,"Sent balance command ""SetYaw#5.100000#2.000000""."
4/24/2026 12:40:10 PM,301005,Warning,WT8-GUI,83106901,OPC,OPC Server Graybox.Simulator.1 on host localhost has not updated data in 197 minute(s).
4/24/2026 12:40:26 PM,202,Warning,WT8-GUI,83106902,HM,Overscaled Channel detected at Tag AI_Volts_Shunt_000
4/24/2026 12:40:26 PM,202,Warning,WT8-GUI,83106903,HM,Overscaled Channel detected at Tag AI_Volts_Shunt_001
4/24/2026 12:40:26 PM,202,Warning,WT8-GUI,83106904,HM,Overscaled Channel detected at Tag AI_Volts_Shunt_003
4/24/2026 12:40:26 PM,202,Warning,WT8-GUI,83106905,HM,Overscaled Channel detected at Tag AI_Volts_Shunt_004
4/24/2026 12:40:27 PM,202,Warning,WT8-GUI,83106906,HM,Overscaled Channel detected at Tag AI_TT_002
4/24/2026 12:40:27 PM,202,Warning,WT8-GUI,83106907,HM,Overscaled Channel detected at Tag AI_TT_029
4/24/2026 12:40:27 PM,202,Warning,WT8-GUI,83106908,HM,Overscaled Channel detected at Tag AI_TT_030
4/24/2026 12:40:27 PM,202,Warning,WT8-GUI,83106909,HM,Overscaled Channel detected at Tag AI_TK_026
4/24/2026 12:40:27 PM,202,Warning,WT8-GUI,83106910,HM,Overscaled Channel detected at Tag AI_TK_027
4/24/2026 12:40:27 PM,202,Warning,WT8-GUI,83106911,HM,Overscaled Channel detected at Tag AI_TK_028
4/24/2026 12:40:27 PM,202,Warning,WT8-GUI,83106912,HM,Overscaled Channel detected at Tag AI_TK_003
4/24/2026 12:40:27 PM,202,Warning,WT8-GUI,83106913,HM,Overscaled Channel detected at Tag AI_Volts_Shunt_006
4/24/2026 12:40:27 PM,202,Warning,WT8-GUI,83106914,HM,Overscaled Channel detected at Tag AI_Volts_Shunt_007
4/24/2026 12:40:27 PM,202,Warning,WT8-GUI,83106915,HM,Overscaled Channel detected at Tag AI_Volts_Shunt_008
4/24/2026 12:40:27 PM,202,Warning,WT8-GUI,83106916,HM,Overscaled Channel detected at Tag AI_Volts_Shunt_009
4/24/2026 12:40:27 PM,202,Warning,WT8-GUI,83106917,HM,Overscaled Channel detected at Tag AI_TT_003
4/24/2026 12:40:27 PM,202,Warning,WT8-GUI,83106918,HM,Overscaled Channel detected at Tag AI_TT_007
4/24/2026 12:40:27 PM,202,Warning,WT8-GUI,83106919,HM,Overscaled Channel detected at Tag AI_TT_008
4/24/2026 12:40:27 PM,202,Warning,WT8-GUI,83106920,HM,Overscaled Channel detected at Tag AI_TK_000
4/24/2026 12:40:27 PM,202,Warning,WT8-GUI,83106921,HM,Overscaled Channel detected at Tag AI_TK_009
4/24/2026 12:40:27 PM,202,Warning,WT8-GUI,83106922,HM,Overscaled Channel detected at Tag AI_TK_010
4/24/2026 12:40:27 PM,202,Warning,WT8-GUI,83106923,HM,Overscaled Channel detected at Tag AI_TK_011
4/24/2026 12:40:27 PM,202,Warning,WT8-GUI,83106924,HM,Overscaled Channel detected at Tag AI_TK_012
4/24/2026 12:40:27 PM,202,Warning,WT8-GUI,83106925,HM,Overscaled Channel detected at Tag AI_TK_013
4/24/2026 12:40:27 PM,202,Warning,WT8-GUI,83106926,HM,Overscaled Channel detected at Tag AI_TK_014
4/24/2026 12:40:27 PM,202,Warning,WT8-GUI,83106927,HM,Overscaled Channel detected at Tag AI_TK_015
4/24/2026 12:40:27 PM,202,Warning,WT8-GUI,83106928,HM,Overscaled Channel detected at Tag AI_TK_016
4/24/2026 12:40:27 PM,202,Warning,WT8-GUI,83106929,HM,Overscaled Channel detected at Tag AI_TK_017
4/24/2026 12:40:27 PM,202,Warning,WT8-GUI,83106930,HM,Overscaled Channel detected at Tag AI_TK_018
4/24/2026 12:40:27 PM,202,Warning,WT8-GUI,83106931,HM,Overscaled Channel detected at Tag AI_TK_001
4/24/2026 12:40:27 PM,202,Warning,WT8-GUI,83106932,HM,Overscaled Channel detected at Tag AI_TK_019
4/24/2026 12:40:27 PM,202,Warning,WT8-GUI,83106933,HM,Overscaled Channel detected at Tag AI_TK_020
4/24/2026 12:40:27 PM,202,Warning,WT8-GUI,83106934,HM,Overscaled Channel detected at Tag AI_TK_021
4/24/2026 12:40:27 PM,202,Warning,WT8-GUI,83106935,HM,Overscaled Channel detected at Tag AI_TK_022
4/24/2026 12:40:27 PM,202,Warning,WT8-GUI,83106936,HM,Overscaled Channel detected at Tag AI_TK_023
4/24/2026 12:40:27 PM,202,Warning,WT8-GUI,83106937,HM,Overscaled Channel detected at Tag AI_TK_024
4/24/2026 12:40:27 PM,202,Warning,WT8-GUI,83106938,HM,Overscaled Channel detected at Tag AI_TK_025
4/24/2026 12:40:27 PM,202,Warning,WT8-GUI,83106939,HM,Overscaled Channel detected at Tag AI_TK_002
4/24/2026 12:40:27 PM,202,Warning,WT8-GUI,83106940,HM,Overscaled Channel detected at Tag AI_TK_029
4/24/2026 12:40:27 PM,202,Warning,WT8-GUI,83106941,HM,Overscaled Channel detected at Tag AI_TK_030
4/24/2026 12:40:27 PM,202,Warning,WT8-GUI,83106942,HM,Overscaled Channel detected at Tag AI_TK_004
4/24/2026 12:40:27 PM,202,Warning,WT8-GUI,83106943,HM,Overscaled Channel detected at Tag AI_TK_005
4/24/2026 12:40:27 PM,202,Warning,WT8-GUI,83106944,HM,Overscaled Channel detected at Tag AI_TK_006
4/24/2026 12:40:27 PM,202,Warning,WT8-GUI,83106945,HM,Overscaled Channel detected at Tag AI_TK_007
4/24/2026 12:40:27 PM,202,Warning,WT8-GUI,83106946,HM,Overscaled Channel detected at Tag AI_TK_008
4/24/2026 12:40:27 PM,202,Warning,WT8-GUI,83106947,HM,Overscaled Channel detected at Tag AI_Volts_Shunt_010
4/24/2026 12:40:27 PM,202,Warning,WT8-GUI,83106948,HM,Overscaled Channel detected at Tag AI_Volts_Shunt_011
4/24/2026 12:40:27 PM,202,Warning,WT8-GUI,83106949,HM,Overscaled Channel detected at Tag AI_Volts_Shunt_012
4/24/2026 12:40:27 PM,202,Warning,WT8-GUI,83106950,HM,Overscaled Channel detected at Tag AI_Volts_Shunt_013
4/24/2026 12:40:27 PM,202,Warning,WT8-GUI,83106951,HM,Overscaled Channel detected at Tag AI_Volts_Shunt_014
4/24/2026 12:40:27 PM,202,Warning,WT8-GUI,83106952,HM,Overscaled Channel detected at Tag AI_Volts_Shunt_015
4/24/2026 12:40:27 PM,202,Warning,WT8-GUI,83106953,HM,Overscaled Channel detected at Tag AI_Strain_000
4/24/2026 12:40:27 PM,202,Warning,WT8-GUI,83106954,HM,Overscaled Channel detected at Tag AI_Strain_001
4/24/2026 12:40:27 PM,202,Warning,WT8-GUI,83106955,HM,Overscaled Channel detected at Tag AI_Strain_002
4/24/2026 12:40:27 PM,202,Warning,WT8-GUI,83106956,HM,Overscaled Channel detected at Tag AI_Strain_003
4/24/2026 12:40:27 PM,202,Warning,WT8-GUI,83106957,HM,Overscaled Channel detected at Tag AI_Strain_004
4/24/2026 12:40:27 PM,202,Warning,WT8-GUI,83106958,HM,Overscaled Channel detected at Tag AI_Strain_005
4/24/2026 12:40:27 PM,202,Warning,WT8-GUI,83106959,HM,Overscaled Channel detected at Tag AI_Strain_006
4/24/2026 12:40:27 PM,202,Warning,WT8-GUI,83106960,HM,Overscaled Channel detected at Tag AI_Strain_007
4/24/2026 12:40:27 PM,202,Warning,WT8-GUI,83106961,HM,Overscaled Channel detected at Tag AI_TT_000
4/24/2026 12:40:27 PM,202,Warning,WT8-GUI,83106962,HM,Overscaled Channel detected at Tag AI_TT_009
4/24/2026 12:40:27 PM,202,Warning,WT8-GUI,83106963,HM,Overscaled Channel detected at Tag AI_TT_010
4/24/2026 12:40:27 PM,202,Warning,WT8-GUI,83106964,HM,Overscaled Channel detected at Tag AI_TT_011
4/24/2026 12:40:27 PM,202,Warning,WT8-GUI,83106965,HM,Overscaled Channel detected at Tag AI_TT_012
4/24/2026 12:40:27 PM,202,Warning,WT8-GUI,83106966,HM,Overscaled Channel detected at Tag AI_TT_013
4/24/2026 12:40:27 PM,202,Warning,WT8-GUI,83106967,HM,Overscaled Channel detected at Tag AI_TT_014
4/24/2026 12:40:27 PM,202,Warning,WT8-GUI,83106968,HM,Overscaled Channel detected at Tag AI_TT_015
4/24/2026 12:40:27 PM,202,Warning,WT8-GUI,83106969,HM,Overscaled Channel detected at Tag AI_TT_016
4/24/2026 12:40:27 PM,202,Warning,WT8-GUI,83106970,HM,Overscaled Channel detected at Tag AI_TT_017
4/24/2026 12:40:27 PM,202,Warning,WT8-GUI,83106971,HM,Overscaled Channel detected at Tag AI_TT_018
4/24/2026 12:40:27 PM,202,Warning,WT8-GUI,83106972,HM,Overscaled Channel detected at Tag AI_TT_001
4/24/2026 12:40:27 PM,202,Warning,WT8-GUI,83106973,HM,Overscaled Channel detected at Tag AI_TT_019
4/24/2026 12:40:27 PM,202,Warning,WT8-GUI,83106974,HM,Overscaled Channel detected at Tag AI_TT_020
4/24/2026 12:40:27 PM,202,Warning,WT8-GUI,83106975,HM,Overscaled Channel detected at Tag AI_TT_021
4/24/2026 12:40:27 PM,202,Warning,WT8-GUI,83106976,HM,Overscaled Channel detected at Tag AI_TT_022
4/24/2026 12:40:27 PM,202,Warning,WT8-GUI,83106977,HM,Overscaled Channel detected at Tag AI_TT_023
4/24/2026 12:40:27 PM,202,Warning,WT8-GUI,83106978,HM,Overscaled Channel detected at Tag AI_TT_024
4/24/2026 12:40:27 PM,202,Warning,WT8-GUI,83106979,HM,Overscaled Channel detected at Tag AI_TT_025
4/24/2026 12:40:27 PM,202,Warning,WT8-GUI,83106980,HM,Overscaled Channel detected at Tag AI_TT_026
4/24/2026 12:40:27 PM,202,Warning,WT8-GUI,83106981,HM,Overscaled Channel detected at Tag AI_TT_027
4/24/2026 12:40:27 PM,202,Warning,WT8-GUI,83106982,HM,Overscaled Channel detected at Tag AI_TT_028
4/24/2026 12:40:27 PM,202,Warning,WT8-GUI,83106983,HM,Overscaled Channel detected at Tag AI_TT_004
4/24/2026 12:40:27 PM,202,Warning,WT8-GUI,83106984,HM,Overscaled Channel detected at Tag AI_TT_005
4/24/2026 12:40:27 PM,202,Warning,WT8-GUI,83106985,HM,Overscaled Channel detected at Tag AI_TT_006
4/24/2026 12:41:10 PM,301005,Warning,WT8-GUI,83106986,OPC,OPC Server Graybox.Simulator.1 on host localhost has not updated data in 198 minute(s).
4/24/2026 12:41:26 PM,202,Warning,WT8-GUI,83106987,HM,Overscaled Channel detected at Tag AI_Volts_Shunt_000
4/24/2026 12:41:26 PM,202,Warning,WT8-GUI,83106988,HM,Overscaled Channel detected at Tag AI_Volts_Shunt_001
4/24/2026 12:41:26 PM,202,Warning,WT8-GUI,83106989,HM,Overscaled Channel detected at Tag AI_Volts_Shunt_003
4/24/2026 12:41:27 PM,202,Warning,WT8-GUI,83106990,HM,Overscaled Channel detected at Tag AI_Volts_Shunt_004
4/24/2026 12:41:27 PM,202,Warning,WT8-GUI,83106991,HM,Overscaled Channel detected at Tag AI_TT_002
4/24/2026 12:41:27 PM,202,Warning,WT8-GUI,83106992,HM,Overscaled Channel detected at Tag AI_TT_029
4/24/2026 12:41:27 PM,202,Warning,WT8-GUI,83106993,HM,Overscaled Channel detected at Tag AI_TT_030
4/24/2026 12:41:27 PM,202,Warning,WT8-GUI,83106994,HM,Overscaled Channel detected at Tag AI_TK_026
4/24/2026 12:41:27 PM,202,Warning,WT8-GUI,83106995,HM,Overscaled Channel detected at Tag AI_TK_027
4/24/2026 12:41:27 PM,202,Warning,WT8-GUI,83106996,HM,Overscaled Channel detected at Tag AI_TK_028
4/24/2026 12:41:27 PM,202,Warning,WT8-GUI,83106997,HM,Overscaled Channel detected at Tag AI_TK_003
4/24/2026 12:41:27 PM,202,Warning,WT8-GUI,83106998,HM,Overscaled Channel detected at Tag AI_Volts_Shunt_006
4/24/2026 12:41:27 PM,202,Warning,WT8-GUI,83106999,HM,Overscaled Channel detected at Tag AI_Volts_Shunt_007
4/24/2026 12:41:27 PM,202,Warning,WT8-GUI,83107000,HM,Overscaled Channel detected at Tag AI_Volts_Shunt_008
4/24/2026 12:41:27 PM,202,Warning,WT8-GUI,83107001,HM,Overscaled Channel detected at Tag AI_Volts_Shunt_009
4/24/2026 12:41:27 PM,202,Warning,WT8-GUI,83107002,HM,Overscaled Channel detected at Tag AI_TT_003
4/24/2026 12:41:27 PM,202,Warning,WT8-GUI,83107003,HM,Overscaled Channel detected at Tag AI_TT_007
4/24/2026 12:41:27 PM,202,Warning,WT8-GUI,83107004,HM,Overscaled Channel detected at Tag AI_TT_008
4/24/2026 12:41:27 PM,202,Warning,WT8-GUI,83107005,HM,Overscaled Channel detected at Tag AI_TK_000
4/24/2026 12:41:27 PM,202,Warning,WT8-GUI,83107006,HM,Overscaled Channel detected at Tag AI_TK_009
4/24/2026 12:41:27 PM,202,Warning,WT8-GUI,83107007,HM,Overscaled Channel detected at Tag AI_TK_010
4/24/2026 12:41:27 PM,202,Warning,WT8-GUI,83107008,HM,Overscaled Channel detected at Tag AI_TK_011
4/24/2026 12:41:27 PM,202,Warning,WT8-GUI,83107009,HM,Overscaled Channel detected at Tag AI_TK_012
4/24/2026 12:41:27 PM,202,Warning,WT8-GUI,83107010,HM,Overscaled Channel detected at Tag AI_TK_013
4/24/2026 12:41:27 PM,202,Warning,WT8-GUI,83107011,HM,Overscaled Channel detected at Tag AI_TK_014
4/24/2026 12:41:27 PM,202,Warning,WT8-GUI,83107012,HM,Overscaled Channel detected at Tag AI_TK_015
4/24/2026 12:41:27 PM,202,Warning,WT8-GUI,83107013,HM,Overscaled Channel detected at Tag AI_TK_016
4/24/2026 12:41:27 PM,202,Warning,WT8-GUI,83107014,HM,Overscaled Channel detected at Tag AI_TK_017
4/24/2026 12:41:27 PM,202,Warning,WT8-GUI,83107015,HM,Overscaled Channel detected at Tag AI_TK_018
4/24/2026 12:41:27 PM,202,Warning,WT8-GUI,83107016,HM,Overscaled Channel detected at Tag AI_TK_001
4/24/2026 12:41:27 PM,202,Warning,WT8-GUI,83107017,HM,Overscaled Channel detected at Tag AI_TK_019
4/24/2026 12:41:27 PM,202,Warning,WT8-GUI,83107018,HM,Overscaled Channel detected at Tag AI_TK_020
4/24/2026 12:41:27 PM,202,Warning,WT8-GUI,83107019,HM,Overscaled Channel detected at Tag AI_TK_021
4/24/2026 12:41:27 PM,202,Warning,WT8-GUI,83107020,HM,Overscaled Channel detected at Tag AI_TK_022
4/24/2026 12:41:27 PM,202,Warning,WT8-GUI,83107021,HM,Overscaled Channel detected at Tag AI_TK_023
4/24/2026 12:41:27 PM,202,Warning,WT8-GUI,83107022,HM,Overscaled Channel detected at Tag AI_TK_024
4/24/2026 12:41:27 PM,202,Warning,WT8-GUI,83107023,HM,Overscaled Channel detected at Tag AI_TK_025
4/24/2026 12:41:27 PM,202,Warning,WT8-GUI,83107024,HM,Overscaled Channel detected at Tag AI_TK_002
4/24/2026 12:41:27 PM,202,Warning,WT8-GUI,83107025,HM,Overscaled Channel detected at Tag AI_TK_029
4/24/2026 12:41:27 PM,202,Warning,WT8-GUI,83107026,HM,Overscaled Channel detected at Tag AI_TK_030
4/24/2026 12:41:27 PM,202,Warning,WT8-GUI,83107027,HM,Overscaled Channel detected at Tag AI_TK_004
4/24/2026 12:41:27 PM,202,Warning,WT8-GUI,83107028,HM,Overscaled Channel detected at Tag AI_TK_005
4/24/2026 12:41:27 PM,202,Warning,WT8-GUI,83107029,HM,Overscaled Channel detected at Tag AI_TK_006
4/24/2026 12:41:27 PM,202,Warning,WT8-GUI,83107030,HM,Overscaled Channel detected at Tag AI_TK_007
4/24/2026 12:41:27 PM,202,Warning,WT8-GUI,83107031,HM,Overscaled Channel detected at Tag AI_TK_008
4/24/2026 12:41:27 PM,202,Warning,WT8-GUI,83107032,HM,Overscaled Channel detected at Tag AI_Volts_Shunt_010
4/24/2026 12:41:27 PM,202,Warning,WT8-GUI,83107033,HM,Overscaled Channel detected at Tag AI_Volts_Shunt_011
4/24/2026 12:41:27 PM,202,Warning,WT8-GUI,83107034,HM,Overscaled Channel detected at Tag AI_Volts_Shunt_012
4/24/2026 12:41:27 PM,202,Warning,WT8-GUI,83107035,HM,Overscaled Channel detected at Tag AI_Volts_Shunt_013
4/24/2026 12:41:27 PM,202,Warning,WT8-GUI,83107036,HM,Overscaled Channel detected at Tag AI_Volts_Shunt_014
4/24/2026 12:41:27 PM,202,Warning,WT8-GUI,83107037,HM,Overscaled Channel detected at Tag AI_Volts_Shunt_015
4/24/2026 12:41:27 PM,202,Warning,WT8-GUI,83107038,HM,Overscaled Channel detected at Tag AI_Strain_000
4/24/2026 12:41:27 PM,202,Warning,WT8-GUI,83107039,HM,Overscaled Channel detected at Tag AI_Strain_001
4/24/2026 12:41:27 PM,202,Warning,WT8-GUI,83107040,HM,Overscaled Channel detected at Tag AI_Strain_002
4/24/2026 12:41:27 PM,202,Warning,WT8-GUI,83107041,HM,Overscaled Channel detected at Tag AI_Strain_003
4/24/2026 12:41:27 PM,202,Warning,WT8-GUI,83107042,HM,Overscaled Channel detected at Tag AI_Strain_004
4/24/2026 12:41:27 PM,202,Warning,WT8-GUI,83107043,HM,Overscaled Channel detected at Tag AI_Strain_005
4/24/2026 12:41:27 PM,202,Warning,WT8-GUI,83107044,HM,Overscaled Channel detected at Tag AI_Strain_006
4/24/2026 12:41:27 PM,202,Warning,WT8-GUI,83107045,HM,Overscaled Channel detected at Tag AI_Strain_007
4/24/2026 12:41:27 PM,202,Warning,WT8-GUI,83107046,HM,Overscaled Channel detected at Tag AI_TT_000
4/24/2026 12:41:27 PM,202,Warning,WT8-GUI,83107047,HM,Overscaled Channel detected at Tag AI_TT_009
4/24/2026 12:41:27 PM,202,Warning,WT8-GUI,83107048,HM,Overscaled Channel detected at Tag AI_TT_010
4/24/2026 12:41:27 PM,202,Warning,WT8-GUI,83107049,HM,Overscaled Channel detected at Tag AI_TT_011
4/24/2026 12:41:27 PM,202,Warning,WT8-GUI,83107050,HM,Overscaled Channel detected at Tag AI_TT_012
4/24/2026 12:41:27 PM,202,Warning,WT8-GUI,83107051,HM,Overscaled Channel detected at Tag AI_TT_013
4/24/2026 12:41:27 PM,202,Warning,WT8-GUI,83107052,HM,Overscaled Channel detected at Tag AI_TT_014
4/24/2026 12:41:27 PM,202,Warning,WT8-GUI,83107053,HM,Overscaled Channel detected at Tag AI_TT_015
4/24/2026 12:41:27 PM,202,Warning,WT8-GUI,83107054,HM,Overscaled Channel detected at Tag AI_TT_016
4/24/2026 12:41:27 PM,202,Warning,WT8-GUI,83107055,HM,Overscaled Channel detected at Tag AI_TT_017
4/24/2026 12:41:27 PM,202,Warning,WT8-GUI,83107056,HM,Overscaled Channel detected at Tag AI_TT_018
4/24/2026 12:41:27 PM,202,Warning,WT8-GUI,83107057,HM,Overscaled Channel detected at Tag AI_TT_001
4/24/2026 12:41:27 PM,202,Warning,WT8-GUI,83107058,HM,Overscaled Channel detected at Tag AI_TT_019
4/24/2026 12:41:27 PM,202,Warning,WT8-GUI,83107059,HM,Overscaled Channel detected at Tag AI_TT_020
4/24/2026 12:41:27 PM,202,Warning,WT8-GUI,83107060,HM,Overscaled Channel detected at Tag AI_TT_021
4/24/2026 12:41:27 PM,202,Warning,WT8-GUI,83107061,HM,Overscaled Channel detected at Tag AI_TT_022
4/24/2026 12:41:27 PM,202,Warning,WT8-GUI,83107062,HM,Overscaled Channel detected at Tag AI_TT_023
4/24/2026 12:41:27 PM,202,Warning,WT8-GUI,83107063,HM,Overscaled Channel detected at Tag AI_TT_024
4/24/2026 12:41:27 PM,202,Warning,WT8-GUI,83107064,HM,Overscaled Channel detected at Tag AI_TT_025
4/24/2026 12:41:27 PM,202,Warning,WT8-GUI,83107065,HM,Overscaled Channel detected at Tag AI_TT_026
4/24/2026 12:41:27 PM,202,Warning,WT8-GUI,83107066,HM,Overscaled Channel detected at Tag AI_TT_027
4/24/2026 12:41:27 PM,202,Warning,WT8-GUI,83107067,HM,Overscaled Channel detected at Tag AI_TT_028
4/24/2026 12:41:27 PM,202,Warning,WT8-GUI,83107068,HM,Overscaled Channel detected at Tag AI_TT_004
4/24/2026 12:41:27 PM,202,Warning,WT8-GUI,83107069,HM,Overscaled Channel detected at Tag AI_TT_005
4/24/2026 12:41:27 PM,202,Warning,WT8-GUI,83107070,HM,Overscaled Channel detected at Tag AI_TT_006
4/24/2026 12:41:36 PM,0,Debug,WT8-GUI,83107071,BALANCE,"Sent balance command ""SetYaw#10.099999#2.000000""."
4/24/2026 12:42:10 PM,301005,Warning,WT8-GUI,83107072,OPC,OPC Server Graybox.Simulator.1 on host localhost has not updated data in 199 minute(s).
4/24/2026 12:42:27 PM,202,Warning,WT8-GUI,83107073,HM,Overscaled Channel detected at Tag AI_Volts_Shunt_000
4/24/2026 12:42:27 PM,202,Warning,WT8-GUI,83107074,HM,Overscaled Channel detected at Tag AI_Volts_Shunt_001
4/24/2026 12:42:27 PM,202,Warning,WT8-GUI,83107075,HM,Overscaled Channel detected at Tag AI_Volts_Shunt_003
4/24/2026 12:42:27 PM,202,Warning,WT8-GUI,83107076,HM,Overscaled Channel detected at Tag AI_Volts_Shunt_004
4/24/2026 12:42:27 PM,202,Warning,WT8-GUI,83107077,HM,Overscaled Channel detected at Tag AI_TT_002
4/24/2026 12:42:27 PM,202,Warning,WT8-GUI,83107078,HM,Overscaled Channel detected at Tag AI_TT_029
4/24/2026 12:42:27 PM,202,Warning,WT8-GUI,83107079,HM,Overscaled Channel detected at Tag AI_TT_030
4/24/2026 12:42:27 PM,202,Warning,WT8-GUI,83107080,HM,Overscaled Channel detected at Tag AI_TK_026
4/24/2026 12:42:27 PM,202,Warning,WT8-GUI,83107081,HM,Overscaled Channel detected at Tag AI_TK_027
4/24/2026 12:42:27 PM,202,Warning,WT8-GUI,83107082,HM,Overscaled Channel detected at Tag AI_TK_028
4/24/2026 12:42:27 PM,202,Warning,WT8-GUI,83107083,HM,Overscaled Channel detected at Tag AI_TK_003
4/24/2026 12:42:27 PM,202,Warning,WT8-GUI,83107084,HM,Overscaled Channel detected at Tag AI_Volts_Shunt_006
4/24/2026 12:42:27 PM,202,Warning,WT8-GUI,83107085,HM,Overscaled Channel detected at Tag AI_Volts_Shunt_007
4/24/2026 12:42:27 PM,202,Warning,WT8-GUI,83107086,HM,Overscaled Channel detected at Tag AI_Volts_Shunt_008
4/24/2026 12:42:27 PM,202,Warning,WT8-GUI,83107087,HM,Overscaled Channel detected at Tag AI_Volts_Shunt_009
4/24/2026 12:42:27 PM,202,Warning,WT8-GUI,83107088,HM,Overscaled Channel detected at Tag AI_TT_003
4/24/2026 12:42:27 PM,202,Warning,WT8-GUI,83107089,HM,Overscaled Channel detected at Tag AI_TT_007
4/24/2026 12:42:27 PM,202,Warning,WT8-GUI,83107090,HM,Overscaled Channel detected at Tag AI_TT_008
4/24/2026 12:42:27 PM,202,Warning,WT8-GUI,83107091,HM,Overscaled Channel detected at Tag AI_TK_000
4/24/2026 12:42:27 PM,202,Warning,WT8-GUI,83107092,HM,Overscaled Channel detected at Tag AI_TK_009
4/24/2026 12:42:27 PM,202,Warning,WT8-GUI,83107093,HM,Overscaled Channel detected at Tag AI_TK_010
4/24/2026 12:42:27 PM,202,Warning,WT8-GUI,83107094,HM,Overscaled Channel detected at Tag AI_TK_011
4/24/2026 12:42:27 PM,202,Warning,WT8-GUI,83107095,HM,Overscaled Channel detected at Tag AI_TK_012
4/24/2026 12:42:27 PM,202,Warning,WT8-GUI,83107096,HM,Overscaled Channel detected at Tag AI_TK_013
4/24/2026 12:42:27 PM,202,Warning,WT8-GUI,83107097,HM,Overscaled Channel detected at Tag AI_TK_014
4/24/2026 12:42:27 PM,202,Warning,WT8-GUI,83107098,HM,Overscaled Channel detected at Tag AI_TK_015
4/24/2026 12:42:27 PM,202,Warning,WT8-GUI,83107099,HM,Overscaled Channel detected at Tag AI_TK_016
4/24/2026 12:42:27 PM,202,Warning,WT8-GUI,83107100,HM,Overscaled Channel detected at Tag AI_TK_017
4/24/2026 12:42:27 PM,202,Warning,WT8-GUI,83107101,HM,Overscaled Channel detected at Tag AI_TK_018
4/24/2026 12:42:27 PM,202,Warning,WT8-GUI,83107102,HM,Overscaled Channel detected at Tag AI_TK_001
4/24/2026 12:42:27 PM,202,Warning,WT8-GUI,83107103,HM,Overscaled Channel detected at Tag AI_TK_019
4/24/2026 12:42:27 PM,202,Warning,WT8-GUI,83107104,HM,Overscaled Channel detected at Tag AI_TK_020
4/24/2026 12:42:27 PM,202,Warning,WT8-GUI,83107105,HM,Overscaled Channel detected at Tag AI_TK_021
4/24/2026 12:42:27 PM,202,Warning,WT8-GUI,83107106,HM,Overscaled Channel detected at Tag AI_TK_022
4/24/2026 12:42:27 PM,202,Warning,WT8-GUI,83107107,HM,Overscaled Channel detected at Tag AI_TK_023
4/24/2026 12:42:27 PM,202,Warning,WT8-GUI,83107108,HM,Overscaled Channel detected at Tag AI_TK_024
4/24/2026 12:42:27 PM,202,Warning,WT8-GUI,83107109,HM,Overscaled Channel detected at Tag AI_TK_025
4/24/2026 12:42:27 PM,202,Warning,WT8-GUI,83107110,HM,Overscaled Channel detected at Tag AI_TK_002
4/24/2026 12:42:27 PM,202,Warning,WT8-GUI,83107111,HM,Overscaled Channel detected at Tag AI_TK_029
4/24/2026 12:42:27 PM,202,Warning,WT8-GUI,83107112,HM,Overscaled Channel detected at Tag AI_TK_030
4/24/2026 12:42:27 PM,202,Warning,WT8-GUI,83107113,HM,Overscaled Channel detected at Tag AI_TK_004
4/24/2026 12:42:27 PM,202,Warning,WT8-GUI,83107114,HM,Overscaled Channel detected at Tag AI_TK_005
4/24/2026 12:42:27 PM,202,Warning,WT8-GUI,83107115,HM,Overscaled Channel detected at Tag AI_TK_006
4/24/2026 12:42:27 PM,202,Warning,WT8-GUI,83107116,HM,Overscaled Channel detected at Tag AI_TK_007
4/24/2026 12:42:27 PM,202,Warning,WT8-GUI,83107117,HM,Overscaled Channel detected at Tag AI_TK_008
4/24/2026 12:42:27 PM,202,Warning,WT8-GUI,83107118,HM,Overscaled Channel detected at Tag AI_Volts_Shunt_010
4/24/2026 12:42:27 PM,202,Warning,WT8-GUI,83107119,HM,Overscaled Channel detected at Tag AI_Volts_Shunt_011
4/24/2026 12:42:27 PM,202,Warning,WT8-GUI,83107120,HM,Overscaled Channel detected at Tag AI_Volts_Shunt_012
4/24/2026 12:42:27 PM,202,Warning,WT8-GUI,83107121,HM,Overscaled Channel detected at Tag AI_Volts_Shunt_013
4/24/2026 12:42:27 PM,202,Warning,WT8-GUI,83107122,HM,Overscaled Channel detected at Tag AI_Volts_Shunt_014
4/24/2026 12:42:27 PM,202,Warning,WT8-GUI,83107123,HM,Overscaled Channel detected at Tag AI_Volts_Shunt_015
4/24/2026 12:42:27 PM,202,Warning,WT8-GUI,83107124,HM,Overscaled Channel detected at Tag AI_Strain_000
4/24/2026 12:42:27 PM,202,Warning,WT8-GUI,83107125,HM,Overscaled Channel detected at Tag AI_Strain_001
4/24/2026 12:42:27 PM,202,Warning,WT8-GUI,83107126,HM,Overscaled Channel detected at Tag AI_Strain_002
4/24/2026 12:42:27 PM,202,Warning,WT8-GUI,83107127,HM,Overscaled Channel detected at Tag AI_Strain_003
4/24/2026 12:42:27 PM,202,Warning,WT8-GUI,83107128,HM,Overscaled Channel detected at Tag AI_Strain_004
4/24/2026 12:42:27 PM,202,Warning,WT8-GUI,83107129,HM,Overscaled Channel detected at Tag AI_Strain_005
4/24/2026 12:42:27 PM,202,Warning,WT8-GUI,83107130,HM,Overscaled Channel detected at Tag AI_Strain_006
4/24/2026 12:42:27 PM,202,Warning,WT8-GUI,83107131,HM,Overscaled Channel detected at Tag AI_Strain_007
4/24/2026 12:42:27 PM,202,Warning,WT8-GUI,83107132,HM,Overscaled Channel detected at Tag AI_TT_000
4/24/2026 12:42:27 PM,202,Warning,WT8-GUI,83107133,HM,Overscaled Channel detected at Tag AI_TT_009
4/24/2026 12:42:27 PM,202,Warning,WT8-GUI,83107134,HM,Overscaled Channel detected at Tag AI_TT_010
4/24/2026 12:42:27 PM,202,Warning,WT8-GUI,83107135,HM,Overscaled Channel detected at Tag AI_TT_011
4/24/2026 12:42:27 PM,202,Warning,WT8-GUI,83107136,HM,Overscaled Channel detected at Tag AI_TT_012
4/24/2026 12:42:27 PM,202,Warning,WT8-GUI,83107137,HM,Overscaled Channel detected at Tag AI_TT_013
4/24/2026 12:42:27 PM,202,Warning,WT8-GUI,83107138,HM,Overscaled Channel detected at Tag AI_TT_014
4/24/2026 12:42:27 PM,202,Warning,WT8-GUI,83107139,HM,Overscaled Channel detected at Tag AI_TT_015
4/24/2026 12:42:27 PM,202,Warning,WT8-GUI,83107140,HM,Overscaled Channel detected at Tag AI_TT_016
4/24/2026 12:42:27 PM,202,Warning,WT8-GUI,83107141,HM,Overscaled Channel detected at Tag AI_TT_017
4/24/2026 12:42:27 PM,202,Warning,WT8-GUI,83107142,HM,Overscaled Channel detected at Tag AI_TT_018
4/24/2026 12:42:27 PM,202,Warning,WT8-GUI,83107143,HM,Overscaled Channel detected at Tag AI_TT_001
4/24/2026 12:42:27 PM,202,Warning,WT8-GUI,83107144,HM,Overscaled Channel detected at Tag AI_TT_019
4/24/2026 12:42:27 PM,202,Warning,WT8-GUI,83107145,HM,Overscaled Channel detected at Tag AI_TT_020
4/24/2026 12:42:27 PM,202,Warning,WT8-GUI,83107146,HM,Overscaled Channel detected at Tag AI_TT_021
4/24/2026 12:42:27 PM,202,Warning,WT8-GUI,83107147,HM,Overscaled Channel detected at Tag AI_TT_022
4/24/2026 12:42:27 PM,202,Warning,WT8-GUI,83107148,HM,Overscaled Channel detected at Tag AI_TT_023
4/24/2026 12:42:27 PM,202,Warning,WT8-GUI,83107149,HM,Overscaled Channel detected at Tag AI_TT_024
4/24/2026 12:42:27 PM,202,Warning,WT8-GUI,83107150,HM,Overscaled Channel detected at Tag AI_TT_025
4/24/2026 12:42:27 PM,202,Warning,WT8-GUI,83107151,HM,Overscaled Channel detected at Tag AI_TT_026
4/24/2026 12:42:27 PM,202,Warning,WT8-GUI,83107152,HM,Overscaled Channel detected at Tag AI_TT_027
4/24/2026 12:42:27 PM,202,Warning,WT8-GUI,83107153,HM,Overscaled Channel detected at Tag AI_TT_028
4/24/2026 12:42:27 PM,202,Warning,WT8-GUI,83107154,HM,Overscaled Channel detected at Tag AI_TT_004
4/24/2026 12:42:27 PM,202,Warning,WT8-GUI,83107155,HM,Overscaled Channel detected at Tag AI_TT_005
4/24/2026 12:42:27 PM,202,Warning,WT8-GUI,83107156,HM,Overscaled Channel detected at Tag AI_TT_006
4/24/2026 12:43:10 PM,301005,Warning,WT8-GUI,83107157,OPC,OPC Server Graybox.Simulator.1 on host localhost has not updated data in 200 minute(s).
4/24/2026 12:43:27 PM,202,Warning,WT8-GUI,83107158,HM,Overscaled Channel detected at Tag AI_Volts_Shunt_000
4/24/2026 12:43:27 PM,202,Warning,WT8-GUI,83107159,HM,Overscaled Channel detected at Tag AI_Volts_Shunt_001
4/24/2026 12:43:27 PM,202,Warning,WT8-GUI,83107160,HM,Overscaled Channel detected at Tag AI_Volts_Shunt_003
4/24/2026 12:43:27 PM,202,Warning,WT8-GUI,83107161,HM,Overscaled Channel detected at Tag AI_Volts_Shunt_004
4/24/2026 12:43:27 PM,202,Warning,WT8-GUI,83107162,HM,Overscaled Channel detected at Tag AI_TT_029
4/24/2026 12:43:27 PM,202,Warning,WT8-GUI,83107163,HM,Overscaled Channel detected at Tag AI_TT_030
4/24/2026 12:43:27 PM,202,Warning,WT8-GUI,83107164,HM,Overscaled Channel detected at Tag AI_TT_002
4/24/2026 12:43:27 PM,202,Warning,WT8-GUI,83107165,HM,Overscaled Channel detected at Tag AI_TK_026
4/24/2026 12:43:27 PM,202,Warning,WT8-GUI,83107166,HM,Overscaled Channel detected at Tag AI_TK_027
4/24/2026 12:43:27 PM,202,Warning,WT8-GUI,83107167,HM,Overscaled Channel detected at Tag AI_TK_028
4/24/2026 12:43:27 PM,202,Warning,WT8-GUI,83107168,HM,Overscaled Channel detected at Tag AI_TK_003
4/24/2026 12:43:27 PM,202,Warning,WT8-GUI,83107169,HM,Overscaled Channel detected at Tag AI_Volts_Shunt_006
4/24/2026 12:43:27 PM,202,Warning,WT8-GUI,83107170,HM,Overscaled Channel detected at Tag AI_Volts_Shunt_007
4/24/2026 12:43:27 PM,202,Warning,WT8-GUI,83107171,HM,Overscaled Channel detected at Tag AI_Volts_Shunt_008
4/24/2026 12:43:27 PM,202,Warning,WT8-GUI,83107172,HM,Overscaled Channel detected at Tag AI_Volts_Shunt_009
4/24/2026 12:43:27 PM,202,Warning,WT8-GUI,83107173,HM,Overscaled Channel detected at Tag AI_TT_003
4/24/2026 12:43:27 PM,202,Warning,WT8-GUI,83107174,HM,Overscaled Channel detected at Tag AI_TT_007
4/24/2026 12:43:27 PM,202,Warning,WT8-GUI,83107175,HM,Overscaled Channel detected at Tag AI_TT_008
4/24/2026 12:43:27 PM,202,Warning,WT8-GUI,83107176,HM,Overscaled Channel detected at Tag AI_TK_000
4/24/2026 12:43:27 PM,202,Warning,WT8-GUI,83107177,HM,Overscaled Channel detected at Tag AI_TK_009
4/24/2026 12:43:27 PM,202,Warning,WT8-GUI,83107178,HM,Overscaled Channel detected at Tag AI_TK_010
4/24/2026 12:43:27 PM,202,Warning,WT8-GUI,83107179,HM,Overscaled Channel detected at Tag AI_TK_011
4/24/2026 12:43:27 PM,202,Warning,WT8-GUI,83107180,HM,Overscaled Channel detected at Tag AI_TK_012
4/24/2026 12:43:27 PM,202,Warning,WT8-GUI,83107181,HM,Overscaled Channel detected at Tag AI_TK_013
4/24/2026 12:43:27 PM,202,Warning,WT8-GUI,83107182,HM,Overscaled Channel detected at Tag AI_TK_014
4/24/2026 12:43:27 PM,202,Warning,WT8-GUI,83107183,HM,Overscaled Channel detected at Tag AI_TK_015
4/24/2026 12:43:27 PM,202,Warning,WT8-GUI,83107184,HM,Overscaled Channel detected at Tag AI_TK_016
4/24/2026 12:43:27 PM,202,Warning,WT8-GUI,83107185,HM,Overscaled Channel detected at Tag AI_TK_017
4/24/2026 12:43:27 PM,202,Warning,WT8-GUI,83107186,HM,Overscaled Channel detected at Tag AI_TK_018
4/24/2026 12:43:27 PM,202,Warning,WT8-GUI,83107187,HM,Overscaled Channel detected at Tag AI_TK_001
4/24/2026 12:43:27 PM,202,Warning,WT8-GUI,83107188,HM,Overscaled Channel detected at Tag AI_TK_019
4/24/2026 12:43:27 PM,202,Warning,WT8-GUI,83107189,HM,Overscaled Channel detected at Tag AI_TK_020
4/24/2026 12:43:27 PM,202,Warning,WT8-GUI,83107190,HM,Overscaled Channel detected at Tag AI_TK_021
4/24/2026 12:43:27 PM,202,Warning,WT8-GUI,83107191,HM,Overscaled Channel detected at Tag AI_TK_022
4/24/2026 12:43:27 PM,202,Warning,WT8-GUI,83107192,HM,Overscaled Channel detected at Tag AI_TK_023
4/24/2026 12:43:27 PM,202,Warning,WT8-GUI,83107193,HM,Overscaled Channel detected at Tag AI_TK_024
4/24/2026 12:43:27 PM,202,Warning,WT8-GUI,83107194,HM,Overscaled Channel detected at Tag AI_TK_025
4/24/2026 12:43:27 PM,202,Warning,WT8-GUI,83107195,HM,Overscaled Channel detected at Tag AI_TK_002
4/24/2026 12:43:27 PM,202,Warning,WT8-GUI,83107196,HM,Overscaled Channel detected at Tag AI_TK_029
4/24/2026 12:43:27 PM,202,Warning,WT8-GUI,83107197,HM,Overscaled Channel detected at Tag AI_TK_030
4/24/2026 12:43:27 PM,202,Warning,WT8-GUI,83107198,HM,Overscaled Channel detected at Tag AI_TK_004
4/24/2026 12:43:27 PM,202,Warning,WT8-GUI,83107199,HM,Overscaled Channel detected at Tag AI_TK_005
4/24/2026 12:43:27 PM,202,Warning,WT8-GUI,83107200,HM,Overscaled Channel detected at Tag AI_TK_006
4/24/2026 12:43:27 PM,202,Warning,WT8-GUI,83107201,HM,Overscaled Channel detected at Tag AI_TK_007
4/24/2026 12:43:27 PM,202,Warning,WT8-GUI,83107202,HM,Overscaled Channel detected at Tag AI_TK_008
4/24/2026 12:43:27 PM,202,Warning,WT8-GUI,83107203,HM,Overscaled Channel detected at Tag AI_Volts_Shunt_010
4/24/2026 12:43:27 PM,202,Warning,WT8-GUI,83107204,HM,Overscaled Channel detected at Tag AI_Volts_Shunt_011
4/24/2026 12:43:27 PM,202,Warning,WT8-GUI,83107205,HM,Overscaled Channel detected at Tag AI_Volts_Shunt_012
4/24/2026 12:43:27 PM,202,Warning,WT8-GUI,83107206,HM,Overscaled Channel detected at Tag AI_Volts_Shunt_013
4/24/2026 12:43:27 PM,202,Warning,WT8-GUI,83107207,HM,Overscaled Channel detected at Tag AI_Volts_Shunt_014
4/24/2026 12:43:27 PM,202,Warning,WT8-GUI,83107208,HM,Overscaled Channel detected at Tag AI_Volts_Shunt_015
4/24/2026 12:43:27 PM,202,Warning,WT8-GUI,83107209,HM,Overscaled Channel detected at Tag AI_Strain_000
4/24/2026 12:43:27 PM,202,Warning,WT8-GUI,83107210,HM,Overscaled Channel detected at Tag AI_Strain_001
4/24/2026 12:43:27 PM,202,Warning,WT8-GUI,83107211,HM,Overscaled Channel detected at Tag AI_Strain_002
4/24/2026 12:43:27 PM,202,Warning,WT8-GUI,83107212,HM,Overscaled Channel detected at Tag AI_Strain_003
4/24/2026 12:43:27 PM,202,Warning,WT8-GUI,83107213,HM,Overscaled Channel detected at Tag AI_Strain_004
4/24/2026 12:43:27 PM,202,Warning,WT8-GUI,83107214,HM,Overscaled Channel detected at Tag AI_Strain_005
4/24/2026 12:43:27 PM,202,Warning,WT8-GUI,83107215,HM,Overscaled Channel detected at Tag AI_Strain_006
4/24/2026 12:43:27 PM,202,Warning,WT8-GUI,83107216,HM,Overscaled Channel detected at Tag AI_Strain_007
4/24/2026 12:43:27 PM,202,Warning,WT8-GUI,83107217,HM,Overscaled Channel detected at Tag AI_TT_000
4/24/2026 12:43:27 PM,202,Warning,WT8-GUI,83107218,HM,Overscaled Channel detected at Tag AI_TT_009
4/24/2026 12:43:27 PM,202,Warning,WT8-GUI,83107219,HM,Overscaled Channel detected at Tag AI_TT_010
4/24/2026 12:43:27 PM,202,Warning,WT8-GUI,83107220,HM,Overscaled Channel detected at Tag AI_TT_011
4/24/2026 12:43:27 PM,202,Warning,WT8-GUI,83107221,HM,Overscaled Channel detected at Tag AI_TT_012
4/24/2026 12:43:27 PM,202,Warning,WT8-GUI,83107222,HM,Overscaled Channel detected at Tag AI_TT_013
4/24/2026 12:43:27 PM,202,Warning,WT8-GUI,83107223,HM,Overscaled Channel detected at Tag AI_TT_014
4/24/2026 12:43:27 PM,202,Warning,WT8-GUI,83107224,HM,Overscaled Channel detected at Tag AI_TT_015
4/24/2026 12:43:27 PM,202,Warning,WT8-GUI,83107225,HM,Overscaled Channel detected at Tag AI_TT_016
4/24/2026 12:43:27 PM,202,Warning,WT8-GUI,83107226,HM,Overscaled Channel detected at Tag AI_TT_017
4/24/2026 12:43:27 PM,202,Warning,WT8-GUI,83107227,HM,Overscaled Channel detected at Tag AI_TT_018
4/24/2026 12:43:27 PM,202,Warning,WT8-GUI,83107228,HM,Overscaled Channel detected at Tag AI_TT_001
4/24/2026 12:43:27 PM,202,Warning,WT8-GUI,83107229,HM,Overscaled Channel detected at Tag AI_TT_019
4/24/2026 12:43:27 PM,202,Warning,WT8-GUI,83107230,HM,Overscaled Channel detected at Tag AI_TT_020
4/24/2026 12:43:27 PM,202,Warning,WT8-GUI,83107231,HM,Overscaled Channel detected at Tag AI_TT_021
4/24/2026 12:43:27 PM,202,Warning,WT8-GUI,83107232,HM,Overscaled Channel detected at Tag AI_TT_022
4/24/2026 12:43:27 PM,202,Warning,WT8-GUI,83107233,HM,Overscaled Channel detected at Tag AI_TT_023
4/24/2026 12:43:27 PM,202,Warning,WT8-GUI,83107234,HM,Overscaled Channel detected at Tag AI_TT_024
4/24/2026 12:43:27 PM,202,Warning,WT8-GUI,83107235,HM,Overscaled Channel detected at Tag AI_TT_025
4/24/2026 12:43:27 PM,202,Warning,WT8-GUI,83107236,HM,Overscaled Channel detected at Tag AI_TT_026
4/24/2026 12:43:27 PM,202,Warning,WT8-GUI,83107237,HM,Overscaled Channel detected at Tag AI_TT_027
4/24/2026 12:43:27 PM,202,Warning,WT8-GUI,83107238,HM,Overscaled Channel detected at Tag AI_TT_028
4/24/2026 12:43:27 PM,202,Warning,WT8-GUI,83107239,HM,Overscaled Channel detected at Tag AI_TT_004
4/24/2026 12:43:27 PM,202,Warning,WT8-GUI,83107240,HM,Overscaled Channel detected at Tag AI_TT_005
4/24/2026 12:43:27 PM,202,Warning,WT8-GUI,83107241,HM,Overscaled Channel detected at Tag AI_TT_006
4/24/2026 12:43:40 PM,0,Debug,WT8-GUI,83107242,BALANCE,"Sent balance command ""SetYaw#15.099999#2.000000""."
4/24/2026 12:44:10 PM,301005,Warning,WT8-GUI,83107243,OPC,OPC Server Graybox.Simulator.1 on host localhost has not updated data in 201 minute(s).
4/24/2026 12:44:27 PM,202,Warning,WT8-GUI,83107244,HM,Overscaled Channel detected at Tag AI_Volts_Shunt_000
4/24/2026 12:44:27 PM,202,Warning,WT8-GUI,83107245,HM,Overscaled Channel detected at Tag AI_Volts_Shunt_001
4/24/2026 12:44:27 PM,202,Warning,WT8-GUI,83107246,HM,Overscaled Channel detected at Tag AI_Volts_Shunt_003
4/24/2026 12:44:27 PM,202,Warning,WT8-GUI,83107247,HM,Overscaled Channel detected at Tag AI_Volts_Shunt_004
4/24/2026 12:44:27 PM,202,Warning,WT8-GUI,83107248,HM,Overscaled Channel detected at Tag AI_TT_029
4/24/2026 12:44:27 PM,202,Warning,WT8-GUI,83107249,HM,Overscaled Channel detected at Tag AI_TT_030
4/24/2026 12:44:27 PM,202,Warning,WT8-GUI,83107250,HM,Overscaled Channel detected at Tag AI_TT_002
4/24/2026 12:44:27 PM,202,Warning,WT8-GUI,83107251,HM,Overscaled Channel detected at Tag AI_TK_026
4/24/2026 12:44:27 PM,202,Warning,WT8-GUI,83107252,HM,Overscaled Channel detected at Tag AI_TK_027
4/24/2026 12:44:27 PM,202,Warning,WT8-GUI,83107253,HM,Overscaled Channel detected at Tag AI_TK_028
4/24/2026 12:44:27 PM,202,Warning,WT8-GUI,83107254,HM,Overscaled Channel detected at Tag AI_TK_003
4/24/2026 12:44:27 PM,202,Warning,WT8-GUI,83107255,HM,Overscaled Channel detected at Tag AI_Volts_Shunt_006
4/24/2026 12:44:27 PM,202,Warning,WT8-GUI,83107256,HM,Overscaled Channel detected at Tag AI_Volts_Shunt_007
4/24/2026 12:44:27 PM,202,Warning,WT8-GUI,83107257,HM,Overscaled Channel detected at Tag AI_Volts_Shunt_008
4/24/2026 12:44:27 PM,202,Warning,WT8-GUI,83107258,HM,Overscaled Channel detected at Tag AI_Volts_Shunt_009
4/24/2026 12:44:27 PM,202,Warning,WT8-GUI,83107259,HM,Overscaled Channel detected at Tag AI_TT_003
4/24/2026 12:44:27 PM,202,Warning,WT8-GUI,83107260,HM,Overscaled Channel detected at Tag AI_TT_007
4/24/2026 12:44:27 PM,202,Warning,WT8-GUI,83107261,HM,Overscaled Channel detected at Tag AI_TT_008
4/24/2026 12:44:27 PM,202,Warning,WT8-GUI,83107262,HM,Overscaled Channel detected at Tag AI_TK_000
4/24/2026 12:44:27 PM,202,Warning,WT8-GUI,83107263,HM,Overscaled Channel detected at Tag AI_TK_009
4/24/2026 12:44:27 PM,202,Warning,WT8-GUI,83107264,HM,Overscaled Channel detected at Tag AI_TK_010
4/24/2026 12:44:27 PM,202,Warning,WT8-GUI,83107265,HM,Overscaled Channel detected at Tag AI_TK_011
4/24/2026 12:44:27 PM,202,Warning,WT8-GUI,83107266,HM,Overscaled Channel detected at Tag AI_TK_012
4/24/2026 12:44:27 PM,202,Warning,WT8-GUI,83107267,HM,Overscaled Channel detected at Tag AI_TK_013
4/24/2026 12:44:27 PM,202,Warning,WT8-GUI,83107268,HM,Overscaled Channel detected at Tag AI_TK_014
4/24/2026 12:44:27 PM,202,Warning,WT8-GUI,83107269,HM,Overscaled Channel detected at Tag AI_TK_015
4/24/2026 12:44:27 PM,202,Warning,WT8-GUI,83107270,HM,Overscaled Channel detected at Tag AI_TK_016
4/24/2026 12:44:27 PM,202,Warning,WT8-GUI,83107271,HM,Overscaled Channel detected at Tag AI_TK_017
4/24/2026 12:44:27 PM,202,Warning,WT8-GUI,83107272,HM,Overscaled Channel detected at Tag AI_TK_018
4/24/2026 12:44:27 PM,202,Warning,WT8-GUI,83107273,HM,Overscaled Channel detected at Tag AI_TK_001
4/24/2026 12:44:27 PM,202,Warning,WT8-GUI,83107274,HM,Overscaled Channel detected at Tag AI_TK_019
4/24/2026 12:44:27 PM,202,Warning,WT8-GUI,83107275,HM,Overscaled Channel detected at Tag AI_TK_020
4/24/2026 12:44:27 PM,202,Warning,WT8-GUI,83107276,HM,Overscaled Channel detected at Tag AI_TK_021
4/24/2026 12:44:27 PM,202,Warning,WT8-GUI,83107277,HM,Overscaled Channel detected at Tag AI_TK_022
4/24/2026 12:44:27 PM,202,Warning,WT8-GUI,83107278,HM,Overscaled Channel detected at Tag AI_TK_023
4/24/2026 12:44:27 PM,202,Warning,WT8-GUI,83107279,HM,Overscaled Channel detected at Tag AI_TK_024
4/24/2026 12:44:27 PM,202,Warning,WT8-GUI,83107280,HM,Overscaled Channel detected at Tag AI_TK_025
4/24/2026 12:44:27 PM,202,Warning,WT8-GUI,83107281,HM,Overscaled Channel detected at Tag AI_TK_002
4/24/2026 12:44:27 PM,202,Warning,WT8-GUI,83107282,HM,Overscaled Channel detected at Tag AI_TK_029
4/24/2026 12:44:27 PM,202,Warning,WT8-GUI,83107283,HM,Overscaled Channel detected at Tag AI_TK_030
4/24/2026 12:44:27 PM,202,Warning,WT8-GUI,83107284,HM,Overscaled Channel detected at Tag AI_TK_004
4/24/2026 12:44:27 PM,202,Warning,WT8-GUI,83107285,HM,Overscaled Channel detected at Tag AI_TK_005
4/24/2026 12:44:27 PM,202,Warning,WT8-GUI,83107286,HM,Overscaled Channel detected at Tag AI_TK_006
4/24/2026 12:44:27 PM,202,Warning,WT8-GUI,83107287,HM,Overscaled Channel detected at Tag AI_TK_007
4/24/2026 12:44:27 PM,202,Warning,WT8-GUI,83107288,HM,Overscaled Channel detected at Tag AI_TK_008
4/24/2026 12:44:27 PM,202,Warning,WT8-GUI,83107289,HM,Overscaled Channel detected at Tag AI_Volts_Shunt_010
4/24/2026 12:44:27 PM,202,Warning,WT8-GUI,83107290,HM,Overscaled Channel detected at Tag AI_Volts_Shunt_011
4/24/2026 12:44:27 PM,202,Warning,WT8-GUI,83107291,HM,Overscaled Channel detected at Tag AI_Volts_Shunt_012
4/24/2026 12:44:27 PM,202,Warning,WT8-GUI,83107292,HM,Overscaled Channel detected at Tag AI_Volts_Shunt_013
4/24/2026 12:44:27 PM,202,Warning,WT8-GUI,83107293,HM,Overscaled Channel detected at Tag AI_Volts_Shunt_014
4/24/2026 12:44:27 PM,202,Warning,WT8-GUI,83107294,HM,Overscaled Channel detected at Tag AI_Volts_Shunt_015
4/24/2026 12:44:27 PM,202,Warning,WT8-GUI,83107295,HM,Overscaled Channel detected at Tag AI_Strain_000
4/24/2026 12:44:27 PM,202,Warning,WT8-GUI,83107296,HM,Overscaled Channel detected at Tag AI_Strain_001
4/24/2026 12:44:27 PM,202,Warning,WT8-GUI,83107297,HM,Overscaled Channel detected at Tag AI_Strain_002
4/24/2026 12:44:27 PM,202,Warning,WT8-GUI,83107298,HM,Overscaled Channel detected at Tag AI_Strain_003
4/24/2026 12:44:27 PM,202,Warning,WT8-GUI,83107299,HM,Overscaled Channel detected at Tag AI_Strain_004
4/24/2026 12:44:27 PM,202,Warning,WT8-GUI,83107300,HM,Overscaled Channel detected at Tag AI_Strain_005
4/24/2026 12:44:27 PM,202,Warning,WT8-GUI,83107301,HM,Overscaled Channel detected at Tag AI_Strain_006
4/24/2026 12:44:27 PM,202,Warning,WT8-GUI,83107302,HM,Overscaled Channel detected at Tag AI_Strain_007
4/24/2026 12:44:27 PM,202,Warning,WT8-GUI,83107303,HM,Overscaled Channel detected at Tag AI_TT_000
4/24/2026 12:44:27 PM,202,Warning,WT8-GUI,83107304,HM,Overscaled Channel detected at Tag AI_TT_009
4/24/2026 12:44:27 PM,202,Warning,WT8-GUI,83107305,HM,Overscaled Channel detected at Tag AI_TT_010
4/24/2026 12:44:27 PM,202,Warning,WT8-GUI,83107306,HM,Overscaled Channel detected at Tag AI_TT_011
4/24/2026 12:44:27 PM,202,Warning,WT8-GUI,83107307,HM,Overscaled Channel detected at Tag AI_TT_012
4/24/2026 12:44:27 PM,202,Warning,WT8-GUI,83107308,HM,Overscaled Channel detected at Tag AI_TT_013
4/24/2026 12:44:27 PM,202,Warning,WT8-GUI,83107309,HM,Overscaled Channel detected at Tag AI_TT_014
4/24/2026 12:44:27 PM,202,Warning,WT8-GUI,83107310,HM,Overscaled Channel detected at Tag AI_TT_015
4/24/2026 12:44:27 PM,202,Warning,WT8-GUI,83107311,HM,Overscaled Channel detected at Tag AI_TT_016
4/24/2026 12:44:27 PM,202,Warning,WT8-GUI,83107312,HM,Overscaled Channel detected at Tag AI_TT_017
4/24/2026 12:44:27 PM,202,Warning,WT8-GUI,83107313,HM,Overscaled Channel detected at Tag AI_TT_018
4/24/2026 12:44:27 PM,202,Warning,WT8-GUI,83107314,HM,Overscaled Channel detected at Tag AI_TT_001
4/24/2026 12:44:27 PM,202,Warning,WT8-GUI,83107315,HM,Overscaled Channel detected at Tag AI_TT_019
4/24/2026 12:44:27 PM,202,Warning,WT8-GUI,83107316,HM,Overscaled Channel detected at Tag AI_TT_020
4/24/2026 12:44:27 PM,202,Warning,WT8-GUI,83107317,HM,Overscaled Channel detected at Tag AI_TT_021
4/24/2026 12:44:27 PM,202,Warning,WT8-GUI,83107318,HM,Overscaled Channel detected at Tag AI_TT_022
4/24/2026 12:44:27 PM,202,Warning,WT8-GUI,83107319,HM,Overscaled Channel detected at Tag AI_TT_023
4/24/2026 12:44:27 PM,202,Warning,WT8-GUI,83107320,HM,Overscaled Channel detected at Tag AI_TT_024
4/24/2026 12:44:27 PM,202,Warning,WT8-GUI,83107321,HM,Overscaled Channel detected at Tag AI_TT_025
4/24/2026 12:44:27 PM,202,Warning,WT8-GUI,83107322,HM,Overscaled Channel detected at Tag AI_TT_026
4/24/2026 12:44:27 PM,202,Warning,WT8-GUI,83107323,HM,Overscaled Channel detected at Tag AI_TT_027
4/24/2026 12:44:27 PM,202,Warning,WT8-GUI,83107324,HM,Overscaled Channel detected at Tag AI_TT_028
4/24/2026 12:44:27 PM,202,Warning,WT8-GUI,83107325,HM,Overscaled Channel detected at Tag AI_TT_004
4/24/2026 12:44:27 PM,202,Warning,WT8-GUI,83107326,HM,Overscaled Channel detected at Tag AI_TT_005
4/24/2026 12:44:27 PM,202,Warning,WT8-GUI,83107327,HM,Overscaled Channel detected at Tag AI_TT_006
4/24/2026 12:45:10 PM,301005,Warning,WT8-GUI,83107328,OPC,OPC Server Graybox.Simulator.1 on host localhost has not updated data in 202 minute(s).
4/24/2026 12:45:27 PM,202,Warning,WT8-GUI,83107329,HM,Overscaled Channel detected at Tag AI_Volts_Shunt_000
4/24/2026 12:45:27 PM,202,Warning,WT8-GUI,83107330,HM,Overscaled Channel detected at Tag AI_Volts_Shunt_001
4/24/2026 12:45:27 PM,202,Warning,WT8-GUI,83107331,HM,Overscaled Channel detected at Tag AI_Volts_Shunt_003
4/24/2026 12:45:27 PM,202,Warning,WT8-GUI,83107332,HM,Overscaled Channel detected at Tag AI_Volts_Shunt_004
4/24/2026 12:45:27 PM,202,Warning,WT8-GUI,83107333,HM,Overscaled Channel detected at Tag AI_TT_029
4/24/2026 12:45:27 PM,202,Warning,WT8-GUI,83107334,HM,Overscaled Channel detected at Tag AI_TT_030
4/24/2026 12:45:27 PM,202,Warning,WT8-GUI,83107335,HM,Overscaled Channel detected at Tag AI_TT_002
4/24/2026 12:45:27 PM,202,Warning,WT8-GUI,83107336,HM,Overscaled Channel detected at Tag AI_TK_026
4/24/2026 12:45:27 PM,202,Warning,WT8-GUI,83107337,HM,Overscaled Channel detected at Tag AI_TK_027
4/24/2026 12:45:27 PM,202,Warning,WT8-GUI,83107338,HM,Overscaled Channel detected at Tag AI_TK_028
4/24/2026 12:45:27 PM,202,Warning,WT8-GUI,83107339,HM,Overscaled Channel detected at Tag AI_TK_003
4/24/2026 12:45:27 PM,202,Warning,WT8-GUI,83107340,HM,Overscaled Channel detected at Tag AI_Volts_Shunt_006
4/24/2026 12:45:27 PM,202,Warning,WT8-GUI,83107341,HM,Overscaled Channel detected at Tag AI_Volts_Shunt_007
4/24/2026 12:45:27 PM,202,Warning,WT8-GUI,83107342,HM,Overscaled Channel detected at Tag AI_Volts_Shunt_008
4/24/2026 12:45:27 PM,202,Warning,WT8-GUI,83107343,HM,Overscaled Channel detected at Tag AI_Volts_Shunt_009
4/24/2026 12:45:27 PM,202,Warning,WT8-GUI,83107344,HM,Overscaled Channel detected at Tag AI_TT_003
4/24/2026 12:45:27 PM,202,Warning,WT8-GUI,83107345,HM,Overscaled Channel detected at Tag AI_TT_007
4/24/2026 12:45:27 PM,202,Warning,WT8-GUI,83107346,HM,Overscaled Channel detected at Tag AI_TT_008
4/24/2026 12:45:27 PM,202,Warning,WT8-GUI,83107347,HM,Overscaled Channel detected at Tag AI_TK_000
4/24/2026 12:45:27 PM,202,Warning,WT8-GUI,83107348,HM,Overscaled Channel detected at Tag AI_TK_009
4/24/2026 12:45:27 PM,202,Warning,WT8-GUI,83107349,HM,Overscaled Channel detected at Tag AI_TK_010
4/24/2026 12:45:27 PM,202,Warning,WT8-GUI,83107350,HM,Overscaled Channel detected at Tag AI_TK_011
4/24/2026 12:45:27 PM,202,Warning,WT8-GUI,83107351,HM,Overscaled Channel detected at Tag AI_TK_012
4/24/2026 12:45:27 PM,202,Warning,WT8-GUI,83107352,HM,Overscaled Channel detected at Tag AI_TK_013
4/24/2026 12:45:27 PM,202,Warning,WT8-GUI,83107353,HM,Overscaled Channel detected at Tag AI_TK_014
4/24/2026 12:45:27 PM,202,Warning,WT8-GUI,83107354,HM,Overscaled Channel detected at Tag AI_TK_015
4/24/2026 12:45:27 PM,202,Warning,WT8-GUI,83107355,HM,Overscaled Channel detected at Tag AI_TK_016
4/24/2026 12:45:27 PM,202,Warning,WT8-GUI,83107356,HM,Overscaled Channel detected at Tag AI_TK_017
4/24/2026 12:45:27 PM,202,Warning,WT8-GUI,83107357,HM,Overscaled Channel detected at Tag AI_TK_018
4/24/2026 12:45:27 PM,202,Warning,WT8-GUI,83107358,HM,Overscaled Channel detected at Tag AI_TK_001
4/24/2026 12:45:27 PM,202,Warning,WT8-GUI,83107359,HM,Overscaled Channel detected at Tag AI_TK_019
4/24/2026 12:45:27 PM,202,Warning,WT8-GUI,83107360,HM,Overscaled Channel detected at Tag AI_TK_020
4/24/2026 12:45:27 PM,202,Warning,WT8-GUI,83107361,HM,Overscaled Channel detected at Tag AI_TK_021
4/24/2026 12:45:27 PM,202,Warning,WT8-GUI,83107362,HM,Overscaled Channel detected at Tag AI_TK_022
4/24/2026 12:45:27 PM,202,Warning,WT8-GUI,83107363,HM,Overscaled Channel detected at Tag AI_TK_023
4/24/2026 12:45:27 PM,202,Warning,WT8-GUI,83107364,HM,Overscaled Channel detected at Tag AI_TK_024
4/24/2026 12:45:27 PM,202,Warning,WT8-GUI,83107365,HM,Overscaled Channel detected at Tag AI_TK_025
4/24/2026 12:45:27 PM,202,Warning,WT8-GUI,83107366,HM,Overscaled Channel detected at Tag AI_TK_002
4/24/2026 12:45:27 PM,202,Warning,WT8-GUI,83107367,HM,Overscaled Channel detected at Tag AI_TK_029
4/24/2026 12:45:27 PM,202,Warning,WT8-GUI,83107368,HM,Overscaled Channel detected at Tag AI_TK_030
4/24/2026 12:45:27 PM,202,Warning,WT8-GUI,83107369,HM,Overscaled Channel detected at Tag AI_TK_004
4/24/2026 12:45:27 PM,202,Warning,WT8-GUI,83107370,HM,Overscaled Channel detected at Tag AI_TK_005
4/24/2026 12:45:27 PM,202,Warning,WT8-GUI,83107371,HM,Overscaled Channel detected at Tag AI_TK_006
4/24/2026 12:45:27 PM,202,Warning,WT8-GUI,83107372,HM,Overscaled Channel detected at Tag AI_TK_007
4/24/2026 12:45:27 PM,202,Warning,WT8-GUI,83107373,HM,Overscaled Channel detected at Tag AI_TK_008
4/24/2026 12:45:27 PM,202,Warning,WT8-GUI,83107374,HM,Overscaled Channel detected at Tag AI_Volts_Shunt_010
4/24/2026 12:45:27 PM,202,Warning,WT8-GUI,83107375,HM,Overscaled Channel detected at Tag AI_Volts_Shunt_011
4/24/2026 12:45:27 PM,202,Warning,WT8-GUI,83107376,HM,Overscaled Channel detected at Tag AI_Volts_Shunt_012
4/24/2026 12:45:27 PM,202,Warning,WT8-GUI,83107377,HM,Overscaled Channel detected at Tag AI_Volts_Shunt_013
4/24/2026 12:45:27 PM,202,Warning,WT8-GUI,83107378,HM,Overscaled Channel detected at Tag AI_Volts_Shunt_014
4/24/2026 12:45:27 PM,202,Warning,WT8-GUI,83107379,HM,Overscaled Channel detected at Tag AI_Volts_Shunt_015
4/24/2026 12:45:27 PM,202,Warning,WT8-GUI,83107380,HM,Overscaled Channel detected at Tag AI_Strain_000
4/24/2026 12:45:27 PM,202,Warning,WT8-GUI,83107381,HM,Overscaled Channel detected at Tag AI_Strain_001
4/24/2026 12:45:27 PM,202,Warning,WT8-GUI,83107382,HM,Overscaled Channel detected at Tag AI_Strain_002
4/24/2026 12:45:27 PM,202,Warning,WT8-GUI,83107383,HM,Overscaled Channel detected at Tag AI_Strain_003
4/24/2026 12:45:27 PM,202,Warning,WT8-GUI,83107384,HM,Overscaled Channel detected at Tag AI_Strain_004
4/24/2026 12:45:27 PM,202,Warning,WT8-GUI,83107385,HM,Overscaled Channel detected at Tag AI_Strain_005
4/24/2026 12:45:27 PM,202,Warning,WT8-GUI,83107386,HM,Overscaled Channel detected at Tag AI_Strain_006
4/24/2026 12:45:27 PM,202,Warning,WT8-GUI,83107387,HM,Overscaled Channel detected at Tag AI_Strain_007
4/24/2026 12:45:27 PM,202,Warning,WT8-GUI,83107388,HM,Overscaled Channel detected at Tag AI_TT_000
4/24/2026 12:45:27 PM,202,Warning,WT8-GUI,83107389,HM,Overscaled Channel detected at Tag AI_TT_009
4/24/2026 12:45:27 PM,202,Warning,WT8-GUI,83107390,HM,Overscaled Channel detected at Tag AI_TT_010
4/24/2026 12:45:27 PM,202,Warning,WT8-GUI,83107391,HM,Overscaled Channel detected at Tag AI_TT_011
4/24/2026 12:45:27 PM,202,Warning,WT8-GUI,83107392,HM,Overscaled Channel detected at Tag AI_TT_012
4/24/2026 12:45:27 PM,202,Warning,WT8-GUI,83107393,HM,Overscaled Channel detected at Tag AI_TT_013
4/24/2026 12:45:27 PM,202,Warning,WT8-GUI,83107394,HM,Overscaled Channel detected at Tag AI_TT_014
4/24/2026 12:45:27 PM,202,Warning,WT8-GUI,83107395,HM,Overscaled Channel detected at Tag AI_TT_015
4/24/2026 12:45:27 PM,202,Warning,WT8-GUI,83107396,HM,Overscaled Channel detected at Tag AI_TT_016
4/24/2026 12:45:27 PM,202,Warning,WT8-GUI,83107397,HM,Overscaled Channel detected at Tag AI_TT_017
4/24/2026 12:45:27 PM,202,Warning,WT8-GUI,83107398,HM,Overscaled Channel detected at Tag AI_TT_018
4/24/2026 12:45:27 PM,202,Warning,WT8-GUI,83107399,HM,Overscaled Channel detected at Tag AI_TT_001
4/24/2026 12:45:27 PM,202,Warning,WT8-GUI,83107400,HM,Overscaled Channel detected at Tag AI_TT_019
4/24/2026 12:45:27 PM,202,Warning,WT8-GUI,83107401,HM,Overscaled Channel detected at Tag AI_TT_020
4/24/2026 12:45:27 PM,202,Warning,WT8-GUI,83107402,HM,Overscaled Channel detected at Tag AI_TT_021
4/24/2026 12:45:27 PM,202,Warning,WT8-GUI,83107403,HM,Overscaled Channel detected at Tag AI_TT_022
4/24/2026 12:45:27 PM,202,Warning,WT8-GUI,83107404,HM,Overscaled Channel detected at Tag AI_TT_023
4/24/2026 12:45:27 PM,202,Warning,WT8-GUI,83107405,HM,Overscaled Channel detected at Tag AI_TT_024
4/24/2026 12:45:27 PM,202,Warning,WT8-GUI,83107406,HM,Overscaled Channel detected at Tag AI_TT_025
4/24/2026 12:45:27 PM,202,Warning,WT8-GUI,83107407,HM,Overscaled Channel detected at Tag AI_TT_026
4/24/2026 12:45:27 PM,202,Warning,WT8-GUI,83107408,HM,Overscaled Channel detected at Tag AI_TT_027
4/24/2026 12:45:27 PM,202,Warning,WT8-GUI,83107409,HM,Overscaled Channel detected at Tag AI_TT_028
4/24/2026 12:45:27 PM,202,Warning,WT8-GUI,83107410,HM,Overscaled Channel detected at Tag AI_TT_004
4/24/2026 12:45:27 PM,202,Warning,WT8-GUI,83107411,HM,Overscaled Channel detected at Tag AI_TT_005
4/24/2026 12:45:27 PM,202,Warning,WT8-GUI,83107412,HM,Overscaled Channel detected at Tag AI_TT_006
4/24/2026 12:45:44 PM,0,Debug,WT8-GUI,83107413,BALANCE,"Sent balance command ""SetYaw#20.100000#2.000000""."
4/24/2026 12:46:10 PM,301005,Warning,WT8-GUI,83107414,OPC,OPC Server Graybox.Simulator.1 on host localhost has not updated data in 203 minute(s).
4/24/2026 12:46:27 PM,202,Warning,WT8-GUI,83107415,HM,Overscaled Channel detected at Tag AI_Volts_Shunt_000
4/24/2026 12:46:27 PM,202,Warning,WT8-GUI,83107416,HM,Overscaled Channel detected at Tag AI_Volts_Shunt_001
4/24/2026 12:46:27 PM,202,Warning,WT8-GUI,83107417,HM,Overscaled Channel detected at Tag AI_Volts_Shunt_003
4/24/2026 12:46:27 PM,202,Warning,WT8-GUI,83107418,HM,Overscaled Channel detected at Tag AI_Volts_Shunt_004
4/24/2026 12:46:27 PM,202,Warning,WT8-GUI,83107419,HM,Overscaled Channel detected at Tag AI_TT_029
4/24/2026 12:46:27 PM,202,Warning,WT8-GUI,83107420,HM,Overscaled Channel detected at Tag AI_TT_030
4/24/2026 12:46:27 PM,202,Warning,WT8-GUI,83107421,HM,Overscaled Channel detected at Tag AI_TT_002
4/24/2026 12:46:27 PM,202,Warning,WT8-GUI,83107422,HM,Overscaled Channel detected at Tag AI_TK_026
4/24/2026 12:46:27 PM,202,Warning,WT8-GUI,83107423,HM,Overscaled Channel detected at Tag AI_TK_027
4/24/2026 12:46:27 PM,202,Warning,WT8-GUI,83107424,HM,Overscaled Channel detected at Tag AI_TK_028
4/24/2026 12:46:27 PM,202,Warning,WT8-GUI,83107425,HM,Overscaled Channel detected at Tag AI_TK_003
4/24/2026 12:46:27 PM,202,Warning,WT8-GUI,83107426,HM,Overscaled Channel detected at Tag AI_Volts_Shunt_006
4/24/2026 12:46:27 PM,202,Warning,WT8-GUI,83107427,HM,Overscaled Channel detected at Tag AI_Volts_Shunt_007
4/24/2026 12:46:27 PM,202,Warning,WT8-GUI,83107428,HM,Overscaled Channel detected at Tag AI_Volts_Shunt_008
4/24/2026 12:46:27 PM,202,Warning,WT8-GUI,83107429,HM,Overscaled Channel detected at Tag AI_Volts_Shunt_009
4/24/2026 12:46:27 PM,202,Warning,WT8-GUI,83107430,HM,Overscaled Channel detected at Tag AI_TT_003
4/24/2026 12:46:27 PM,202,Warning,WT8-GUI,83107431,HM,Overscaled Channel detected at Tag AI_TT_007
4/24/2026 12:46:27 PM,202,Warning,WT8-GUI,83107432,HM,Overscaled Channel detected at Tag AI_TT_008
4/24/2026 12:46:27 PM,202,Warning,WT8-GUI,83107433,HM,Overscaled Channel detected at Tag AI_TK_000
4/24/2026 12:46:27 PM,202,Warning,WT8-GUI,83107434,HM,Overscaled Channel detected at Tag AI_TK_009
4/24/2026 12:46:27 PM,202,Warning,WT8-GUI,83107435,HM,Overscaled Channel detected at Tag AI_TK_010
4/24/2026 12:46:27 PM,202,Warning,WT8-GUI,83107436,HM,Overscaled Channel detected at Tag AI_TK_011
4/24/2026 12:46:27 PM,202,Warning,WT8-GUI,83107437,HM,Overscaled Channel detected at Tag AI_TK_012
4/24/2026 12:46:27 PM,202,Warning,WT8-GUI,83107438,HM,Overscaled Channel detected at Tag AI_TK_013
4/24/2026 12:46:27 PM,202,Warning,WT8-GUI,83107439,HM,Overscaled Channel detected at Tag AI_TK_014
4/24/2026 12:46:27 PM,202,Warning,WT8-GUI,83107440,HM,Overscaled Channel detected at Tag AI_TK_015
4/24/2026 12:46:27 PM,202,Warning,WT8-GUI,83107441,HM,Overscaled Channel detected at Tag AI_TK_016
4/24/2026 12:46:27 PM,202,Warning,WT8-GUI,83107442,HM,Overscaled Channel detected at Tag AI_TK_017
4/24/2026 12:46:27 PM,202,Warning,WT8-GUI,83107443,HM,Overscaled Channel detected at Tag AI_TK_018
4/24/2026 12:46:27 PM,202,Warning,WT8-GUI,83107444,HM,Overscaled Channel detected at Tag AI_TK_001
4/24/2026 12:46:27 PM,202,Warning,WT8-GUI,83107445,HM,Overscaled Channel detected at Tag AI_TK_019
4/24/2026 12:46:27 PM,202,Warning,WT8-GUI,83107446,HM,Overscaled Channel detected at Tag AI_TK_020
4/24/2026 12:46:27 PM,202,Warning,WT8-GUI,83107447,HM,Overscaled Channel detected at Tag AI_TK_021
4/24/2026 12:46:27 PM,202,Warning,WT8-GUI,83107448,HM,Overscaled Channel detected at Tag AI_TK_022
4/24/2026 12:46:27 PM,202,Warning,WT8-GUI,83107449,HM,Overscaled Channel detected at Tag AI_TK_023
4/24/2026 12:46:27 PM,202,Warning,WT8-GUI,83107450,HM,Overscaled Channel detected at Tag AI_TK_024
4/24/2026 12:46:27 PM,202,Warning,WT8-GUI,83107451,HM,Overscaled Channel detected at Tag AI_TK_025
4/24/2026 12:46:27 PM,202,Warning,WT8-GUI,83107452,HM,Overscaled Channel detected at Tag AI_TK_002
4/24/2026 12:46:27 PM,202,Warning,WT8-GUI,83107453,HM,Overscaled Channel detected at Tag AI_TK_029
4/24/2026 12:46:27 PM,202,Warning,WT8-GUI,83107454,HM,Overscaled Channel detected at Tag AI_TK_030
4/24/2026 12:46:27 PM,202,Warning,WT8-GUI,83107455,HM,Overscaled Channel detected at Tag AI_TK_004
4/24/2026 12:46:27 PM,202,Warning,WT8-GUI,83107456,HM,Overscaled Channel detected at Tag AI_TK_005
4/24/2026 12:46:27 PM,202,Warning,WT8-GUI,83107457,HM,Overscaled Channel detected at Tag AI_TK_006
4/24/2026 12:46:27 PM,202,Warning,WT8-GUI,83107458,HM,Overscaled Channel detected at Tag AI_TK_007
4/24/2026 12:46:27 PM,202,Warning,WT8-GUI,83107459,HM,Overscaled Channel detected at Tag AI_TK_008
4/24/2026 12:46:27 PM,202,Warning,WT8-GUI,83107460,HM,Overscaled Channel detected at Tag AI_Volts_Shunt_010
4/24/2026 12:46:27 PM,202,Warning,WT8-GUI,83107461,HM,Overscaled Channel detected at Tag AI_Volts_Shunt_011
4/24/2026 12:46:27 PM,202,Warning,WT8-GUI,83107462,HM,Overscaled Channel detected at Tag AI_Volts_Shunt_012
4/24/2026 12:46:27 PM,202,Warning,WT8-GUI,83107463,HM,Overscaled Channel detected at Tag AI_Volts_Shunt_013
4/24/2026 12:46:27 PM,202,Warning,WT8-GUI,83107464,HM,Overscaled Channel detected at Tag AI_Volts_Shunt_014
4/24/2026 12:46:27 PM,202,Warning,WT8-GUI,83107465,HM,Overscaled Channel detected at Tag AI_Volts_Shunt_015
4/24/2026 12:46:27 PM,202,Warning,WT8-GUI,83107466,HM,Overscaled Channel detected at Tag AI_Strain_000
4/24/2026 12:46:27 PM,202,Warning,WT8-GUI,83107467,HM,Overscaled Channel detected at Tag AI_Strain_001
4/24/2026 12:46:27 PM,202,Warning,WT8-GUI,83107468,HM,Overscaled Channel detected at Tag AI_Strain_002
4/24/2026 12:46:27 PM,202,Warning,WT8-GUI,83107469,HM,Overscaled Channel detected at Tag AI_Strain_003
4/24/2026 12:46:27 PM,202,Warning,WT8-GUI,83107470,HM,Overscaled Channel detected at Tag AI_Strain_004
4/24/2026 12:46:27 PM,202,Warning,WT8-GUI,83107471,HM,Overscaled Channel detected at Tag AI_Strain_005
4/24/2026 12:46:27 PM,202,Warning,WT8-GUI,83107472,HM,Overscaled Channel detected at Tag AI_Strain_006
4/24/2026 12:46:27 PM,202,Warning,WT8-GUI,83107473,HM,Overscaled Channel detected at Tag AI_Strain_007
4/24/2026 12:46:27 PM,202,Warning,WT8-GUI,83107474,HM,Overscaled Channel detected at Tag AI_TT_000
4/24/2026 12:46:27 PM,202,Warning,WT8-GUI,83107475,HM,Overscaled Channel detected at Tag AI_TT_009
4/24/2026 12:46:27 PM,202,Warning,WT8-GUI,83107476,HM,Overscaled Channel detected at Tag AI_TT_010
4/24/2026 12:46:27 PM,202,Warning,WT8-GUI,83107477,HM,Overscaled Channel detected at Tag AI_TT_011
4/24/2026 12:46:27 PM,202,Warning,WT8-GUI,83107478,HM,Overscaled Channel detected at Tag AI_TT_012
4/24/2026 12:46:27 PM,202,Warning,WT8-GUI,83107479,HM,Overscaled Channel detected at Tag AI_TT_013
4/24/2026 12:46:27 PM,202,Warning,WT8-GUI,83107480,HM,Overscaled Channel detected at Tag AI_TT_014
4/24/2026 12:46:27 PM,202,Warning,WT8-GUI,83107481,HM,Overscaled Channel detected at Tag AI_TT_015
4/24/2026 12:46:27 PM,202,Warning,WT8-GUI,83107482,HM,Overscaled Channel detected at Tag AI_TT_016
4/24/2026 12:46:27 PM,202,Warning,WT8-GUI,83107483,HM,Overscaled Channel detected at Tag AI_TT_017
4/24/2026 12:46:27 PM,202,Warning,WT8-GUI,83107484,HM,Overscaled Channel detected at Tag AI_TT_018
4/24/2026 12:46:27 PM,202,Warning,WT8-GUI,83107485,HM,Overscaled Channel detected at Tag AI_TT_001
4/24/2026 12:46:27 PM,202,Warning,WT8-GUI,83107486,HM,Overscaled Channel detected at Tag AI_TT_019
4/24/2026 12:46:27 PM,202,Warning,WT8-GUI,83107487,HM,Overscaled Channel detected at Tag AI_TT_020
4/24/2026 12:46:27 PM,202,Warning,WT8-GUI,83107488,HM,Overscaled Channel detected at Tag AI_TT_021
4/24/2026 12:46:27 PM,202,Warning,WT8-GUI,83107489,HM,Overscaled Channel detected at Tag AI_TT_022
4/24/2026 12:46:27 PM,202,Warning,WT8-GUI,83107490,HM,Overscaled Channel detected at Tag AI_TT_023
4/24/2026 12:46:27 PM,202,Warning,WT8-GUI,83107491,HM,Overscaled Channel detected at Tag AI_TT_024
4/24/2026 12:46:27 PM,202,Warning,WT8-GUI,83107492,HM,Overscaled Channel detected at Tag AI_TT_025
4/24/2026 12:46:27 PM,202,Warning,WT8-GUI,83107493,HM,Overscaled Channel detected at Tag AI_TT_026
4/24/2026 12:46:27 PM,202,Warning,WT8-GUI,83107494,HM,Overscaled Channel detected at Tag AI_TT_027
4/24/2026 12:46:27 PM,202,Warning,WT8-GUI,83107495,HM,Overscaled Channel detected at Tag AI_TT_028
4/24/2026 12:46:27 PM,202,Warning,WT8-GUI,83107496,HM,Overscaled Channel detected at Tag AI_TT_004
4/24/2026 12:46:27 PM,202,Warning,WT8-GUI,83107497,HM,Overscaled Channel detected at Tag AI_TT_005
4/24/2026 12:46:27 PM,202,Warning,WT8-GUI,83107498,HM,Overscaled Channel detected at Tag AI_TT_006
4/24/2026 12:47:10 PM,301005,Warning,WT8-GUI,83107499,OPC,OPC Server Graybox.Simulator.1 on host localhost has not updated data in 204 minute(s).
4/24/2026 12:47:27 PM,202,Warning,WT8-GUI,83107500,HM,Overscaled Channel detected at Tag AI_Volts_Shunt_000
4/24/2026 12:47:27 PM,202,Warning,WT8-GUI,83107501,HM,Overscaled Channel detected at Tag AI_Volts_Shunt_001
4/24/2026 12:47:27 PM,202,Warning,WT8-GUI,83107502,HM,Overscaled Channel detected at Tag AI_Volts_Shunt_003
4/24/2026 12:47:27 PM,202,Warning,WT8-GUI,83107503,HM,Overscaled Channel detected at Tag AI_Volts_Shunt_004
4/24/2026 12:47:27 PM,202,Warning,WT8-GUI,83107504,HM,Overscaled Channel detected at Tag AI_TT_002
4/24/2026 12:47:27 PM,202,Warning,WT8-GUI,83107505,HM,Overscaled Channel detected at Tag AI_TT_029
4/24/2026 12:47:27 PM,202,Warning,WT8-GUI,83107506,HM,Overscaled Channel detected at Tag AI_TT_030
4/24/2026 12:47:27 PM,202,Warning,WT8-GUI,83107507,HM,Overscaled Channel detected at Tag AI_TK_026
4/24/2026 12:47:27 PM,202,Warning,WT8-GUI,83107508,HM,Overscaled Channel detected at Tag AI_TK_027
4/24/2026 12:47:27 PM,202,Warning,WT8-GUI,83107509,HM,Overscaled Channel detected at Tag AI_TK_028
4/24/2026 12:47:27 PM,202,Warning,WT8-GUI,83107510,HM,Overscaled Channel detected at Tag AI_TK_003
4/24/2026 12:47:27 PM,202,Warning,WT8-GUI,83107511,HM,Overscaled Channel detected at Tag AI_Volts_Shunt_006
4/24/2026 12:47:27 PM,202,Warning,WT8-GUI,83107512,HM,Overscaled Channel detected at Tag AI_Volts_Shunt_007
4/24/2026 12:47:27 PM,202,Warning,WT8-GUI,83107513,HM,Overscaled Channel detected at Tag AI_Volts_Shunt_008
4/24/2026 12:47:27 PM,202,Warning,WT8-GUI,83107514,HM,Overscaled Channel detected at Tag AI_Volts_Shunt_009
4/24/2026 12:47:27 PM,202,Warning,WT8-GUI,83107515,HM,Overscaled Channel detected at Tag AI_TT_003
4/24/2026 12:47:27 PM,202,Warning,WT8-GUI,83107516,HM,Overscaled Channel detected at Tag AI_TT_007
4/24/2026 12:47:27 PM,202,Warning,WT8-GUI,83107517,HM,Overscaled Channel detected at Tag AI_TT_008
4/24/2026 12:47:27 PM,202,Warning,WT8-GUI,83107518,HM,Overscaled Channel detected at Tag AI_TK_000
4/24/2026 12:47:27 PM,202,Warning,WT8-GUI,83107519,HM,Overscaled Channel detected at Tag AI_TK_009
4/24/2026 12:47:27 PM,202,Warning,WT8-GUI,83107520,HM,Overscaled Channel detected at Tag AI_TK_010
4/24/2026 12:47:27 PM,202,Warning,WT8-GUI,83107521,HM,Overscaled Channel detected at Tag AI_TK_011
4/24/2026 12:47:27 PM,202,Warning,WT8-GUI,83107522,HM,Overscaled Channel detected at Tag AI_TK_012
4/24/2026 12:47:27 PM,202,Warning,WT8-GUI,83107523,HM,Overscaled Channel detected at Tag AI_TK_013
4/24/2026 12:47:27 PM,202,Warning,WT8-GUI,83107524,HM,Overscaled Channel detected at Tag AI_TK_014
4/24/2026 12:47:27 PM,202,Warning,WT8-GUI,83107525,HM,Overscaled Channel detected at Tag AI_TK_015
4/24/2026 12:47:27 PM,202,Warning,WT8-GUI,83107526,HM,Overscaled Channel detected at Tag AI_TK_016
4/24/2026 12:47:27 PM,202,Warning,WT8-GUI,83107527,HM,Overscaled Channel detected at Tag AI_TK_017
4/24/2026 12:47:27 PM,202,Warning,WT8-GUI,83107528,HM,Overscaled Channel detected at Tag AI_TK_018
4/24/2026 12:47:27 PM,202,Warning,WT8-GUI,83107529,HM,Overscaled Channel detected at Tag AI_TK_001
4/24/2026 12:47:27 PM,202,Warning,WT8-GUI,83107530,HM,Overscaled Channel detected at Tag AI_TK_019
4/24/2026 12:47:27 PM,202,Warning,WT8-GUI,83107531,HM,Overscaled Channel detected at Tag AI_TK_020
4/24/2026 12:47:27 PM,202,Warning,WT8-GUI,83107532,HM,Overscaled Channel detected at Tag AI_TK_021
4/24/2026 12:47:27 PM,202,Warning,WT8-GUI,83107533,HM,Overscaled Channel detected at Tag AI_TK_022
4/24/2026 12:47:27 PM,202,Warning,WT8-GUI,83107534,HM,Overscaled Channel detected at Tag AI_TK_023
4/24/2026 12:47:27 PM,202,Warning,WT8-GUI,83107535,HM,Overscaled Channel detected at Tag AI_TK_024
4/24/2026 12:47:27 PM,202,Warning,WT8-GUI,83107536,HM,Overscaled Channel detected at Tag AI_TK_025
4/24/2026 12:47:27 PM,202,Warning,WT8-GUI,83107537,HM,Overscaled Channel detected at Tag AI_TK_002
4/24/2026 12:47:27 PM,202,Warning,WT8-GUI,83107538,HM,Overscaled Channel detected at Tag AI_TK_029
4/24/2026 12:47:27 PM,202,Warning,WT8-GUI,83107539,HM,Overscaled Channel detected at Tag AI_TK_030
4/24/2026 12:47:27 PM,202,Warning,WT8-GUI,83107540,HM,Overscaled Channel detected at Tag AI_TK_004
4/24/2026 12:47:27 PM,202,Warning,WT8-GUI,83107541,HM,Overscaled Channel detected at Tag AI_TK_005
4/24/2026 12:47:27 PM,202,Warning,WT8-GUI,83107542,HM,Overscaled Channel detected at Tag AI_TK_006
4/24/2026 12:47:27 PM,202,Warning,WT8-GUI,83107543,HM,Overscaled Channel detected at Tag AI_TK_007
4/24/2026 12:47:27 PM,202,Warning,WT8-GUI,83107544,HM,Overscaled Channel detected at Tag AI_TK_008
4/24/2026 12:47:27 PM,202,Warning,WT8-GUI,83107545,HM,Overscaled Channel detected at Tag AI_Volts_Shunt_010
4/24/2026 12:47:27 PM,202,Warning,WT8-GUI,83107546,HM,Overscaled Channel detected at Tag AI_Volts_Shunt_011
4/24/2026 12:47:27 PM,202,Warning,WT8-GUI,83107547,HM,Overscaled Channel detected at Tag AI_Volts_Shunt_012
4/24/2026 12:47:27 PM,202,Warning,WT8-GUI,83107548,HM,Overscaled Channel detected at Tag AI_Volts_Shunt_013
4/24/2026 12:47:27 PM,202,Warning,WT8-GUI,83107549,HM,Overscaled Channel detected at Tag AI_Volts_Shunt_014
4/24/2026 12:47:27 PM,202,Warning,WT8-GUI,83107550,HM,Overscaled Channel detected at Tag AI_Volts_Shunt_015
4/24/2026 12:47:27 PM,202,Warning,WT8-GUI,83107551,HM,Overscaled Channel detected at Tag AI_Strain_000
4/24/2026 12:47:27 PM,202,Warning,WT8-GUI,83107552,HM,Overscaled Channel detected at Tag AI_Strain_001
4/24/2026 12:47:27 PM,202,Warning,WT8-GUI,83107553,HM,Overscaled Channel detected at Tag AI_Strain_002
4/24/2026 12:47:27 PM,202,Warning,WT8-GUI,83107554,HM,Overscaled Channel detected at Tag AI_Strain_003
4/24/2026 12:47:27 PM,202,Warning,WT8-GUI,83107555,HM,Overscaled Channel detected at Tag AI_Strain_004
4/24/2026 12:47:27 PM,202,Warning,WT8-GUI,83107556,HM,Overscaled Channel detected at Tag AI_Strain_005
4/24/2026 12:47:27 PM,202,Warning,WT8-GUI,83107557,HM,Overscaled Channel detected at Tag AI_Strain_006
4/24/2026 12:47:27 PM,202,Warning,WT8-GUI,83107558,HM,Overscaled Channel detected at Tag AI_Strain_007
4/24/2026 12:47:27 PM,202,Warning,WT8-GUI,83107559,HM,Overscaled Channel detected at Tag AI_TT_000
4/24/2026 12:47:27 PM,202,Warning,WT8-GUI,83107560,HM,Overscaled Channel detected at Tag AI_TT_009
4/24/2026 12:47:27 PM,202,Warning,WT8-GUI,83107561,HM,Overscaled Channel detected at Tag AI_TT_010
4/24/2026 12:47:27 PM,202,Warning,WT8-GUI,83107562,HM,Overscaled Channel detected at Tag AI_TT_011
4/24/2026 12:47:27 PM,202,Warning,WT8-GUI,83107563,HM,Overscaled Channel detected at Tag AI_TT_012
4/24/2026 12:47:27 PM,202,Warning,WT8-GUI,83107564,HM,Overscaled Channel detected at Tag AI_TT_013
4/24/2026 12:47:27 PM,202,Warning,WT8-GUI,83107565,HM,Overscaled Channel detected at Tag AI_TT_014
4/24/2026 12:47:27 PM,202,Warning,WT8-GUI,83107566,HM,Overscaled Channel detected at Tag AI_TT_015
4/24/2026 12:47:27 PM,202,Warning,WT8-GUI,83107567,HM,Overscaled Channel detected at Tag AI_TT_016
4/24/2026 12:47:27 PM,202,Warning,WT8-GUI,83107568,HM,Overscaled Channel detected at Tag AI_TT_017
4/24/2026 12:47:27 PM,202,Warning,WT8-GUI,83107569,HM,Overscaled Channel detected at Tag AI_TT_018
4/24/2026 12:47:27 PM,202,Warning,WT8-GUI,83107570,HM,Overscaled Channel detected at Tag AI_TT_001
4/24/2026 12:47:27 PM,202,Warning,WT8-GUI,83107571,HM,Overscaled Channel detected at Tag AI_TT_019
4/24/2026 12:47:27 PM,202,Warning,WT8-GUI,83107572,HM,Overscaled Channel detected at Tag AI_TT_020
4/24/2026 12:47:27 PM,202,Warning,WT8-GUI,83107573,HM,Overscaled Channel detected at Tag AI_TT_021
4/24/2026 12:47:27 PM,202,Warning,WT8-GUI,83107574,HM,Overscaled Channel detected at Tag AI_TT_022
4/24/2026 12:47:27 PM,202,Warning,WT8-GUI,83107575,HM,Overscaled Channel detected at Tag AI_TT_023
4/24/2026 12:47:27 PM,202,Warning,WT8-GUI,83107576,HM,Overscaled Channel detected at Tag AI_TT_024
4/24/2026 12:47:27 PM,202,Warning,WT8-GUI,83107577,HM,Overscaled Channel detected at Tag AI_TT_025
4/24/2026 12:47:27 PM,202,Warning,WT8-GUI,83107578,HM,Overscaled Channel detected at Tag AI_TT_026
4/24/2026 12:47:27 PM,202,Warning,WT8-GUI,83107579,HM,Overscaled Channel detected at Tag AI_TT_027
4/24/2026 12:47:27 PM,202,Warning,WT8-GUI,83107580,HM,Overscaled Channel detected at Tag AI_TT_028
4/24/2026 12:47:27 PM,202,Warning,WT8-GUI,83107581,HM,Overscaled Channel detected at Tag AI_TT_004
4/24/2026 12:47:27 PM,202,Warning,WT8-GUI,83107582,HM,Overscaled Channel detected at Tag AI_TT_005
4/24/2026 12:47:27 PM,202,Warning,WT8-GUI,83107583,HM,Overscaled Channel detected at Tag AI_TT_006
4/24/2026 12:47:32 PM,0,Debug,WT8-GUI,83107584,BALANCE,"Sent balance command ""SetYaw#0.100000#2.000000""."
4/24/2026 12:47:37 PM,4,Info,WT8-GUI,83107585,DATASTORE,Group 1 Storage Request  Complete
4/24/2026 12:47:39 PM,4,Info,WT8-GUI,83107586,DATASTORE,Group 2 ready to store data. Initialization  Complete
4/24/2026 12:47:39 PM,0,Debug,WT8-GUI,83107587,Custom Init,"NEW DATA FOLDER: C:\Data\_Facility\DE9956_Ohio State University FSAE_aero_3_240426_092310
Use Custom Init: 0
Custom Init: C:\Data\CustomInit\Custom_Init_Template.xls"
4/24/2026 12:47:39 PM,4,Info,WT8-GUI,83107588,DATASTORE,Group 1 ready to store data. Initialization  Complete
4/24/2026 12:47:39 PM,0,Debug,WT8-GUI,83107589,Custom Init,"NEW DATA FOLDER: C:\Data\_Facility\DE9956_Ohio State University FSAE_aero_3_240426_092310
Use Custom Init: 0
Custom Init: C:\Data\CustomInit\Custom_Init_Template.xls"
4/24/2026 12:47:40 PM,6,Info,WT8-GUI,83107590,DATASTORE,DATASTORE Inactive
4/24/2026 12:47:41 PM,2,Info,WT8-GUI,83107591,ADTMGR,ADTMGR entering Idle mode
4/24/2026 12:47:41 PM,0,Debug,WT8-GUI,83107592,"Spawn VI.vi/Ford.TestSLATE.ADTMgr.lvlib:STOPPED FUNCTION.vi/Ford.TestSLATE.ADTMgr.lvlib:Performance Functions.vi
",C:\Program Files\Jacobs\Test SLATE\Ford.TestSLATE.ConvSelectCriteria.llb\Select Convergence Criteria.vi
4/24/2026 12:47:44 PM,4,Info,WT8-GUI,83107593,,Autoconvert of C:\Data\_Facility\DE9956_Ohio State University FSAE_aero_3_240426_092310\D1.dat complete.
4/24/2026 12:47:47 PM,106,Debug,WT8-GUI,83107594,Reflective Memory,ms specified at Reflective Memory Current Value Table Write is not performing within tolerance. Actual Rate 38 ms could indicate that data has been lost and other performance issues.
4/24/2026 12:47:49 PM,4,Info,WT8-GUI,83107595,,Autoconvert of C:\Data\_Facility\DE9956_Ohio State University FSAE_aero_3_240426_092310\P1.dat complete.
4/24/2026 12:47:54 PM,4,Info,WT8-GUI,83107596,,Autoconvert of C:\Data\_Facility\DE9956_Ohio State University FSAE_aero_3_240426_092310\C1.dat complete.
4/24/2026 12:48:10 PM,301005,Warning,WT8-GUI,83107597,OPC,OPC Server Graybox.Simulator.1 on host localhost has not updated data in 205 minute(s).
4/24/2026 12:48:27 PM,202,Warning,WT8-GUI,83107598,HM,Overscaled Channel detected at Tag AI_Volts_Shunt_000
4/24/2026 12:48:27 PM,202,Warning,WT8-GUI,83107599,HM,Overscaled Channel detected at Tag AI_Volts_Shunt_001
4/24/2026 12:48:27 PM,202,Warning,WT8-GUI,83107600,HM,Overscaled Channel detected at Tag AI_Volts_Shunt_003
4/24/2026 12:48:27 PM,202,Warning,WT8-GUI,83107601,HM,Overscaled Channel detected at Tag AI_Volts_Shunt_004
4/24/2026 12:48:27 PM,202,Warning,WT8-GUI,83107602,HM,Overscaled Channel detected at Tag AI_TT_002
4/24/2026 12:48:27 PM,202,Warning,WT8-GUI,83107603,HM,Overscaled Channel detected at Tag AI_TT_029
4/24/2026 12:48:27 PM,202,Warning,WT8-GUI,83107604,HM,Overscaled Channel detected at Tag AI_TT_030
4/24/2026 12:48:27 PM,202,Warning,WT8-GUI,83107605,HM,Overscaled Channel detected at Tag AI_TK_026
4/24/2026 12:48:27 PM,202,Warning,WT8-GUI,83107606,HM,Overscaled Channel detected at Tag AI_TK_027
4/24/2026 12:48:27 PM,202,Warning,WT8-GUI,83107607,HM,Overscaled Channel detected at Tag AI_TK_028
4/24/2026 12:48:27 PM,202,Warning,WT8-GUI,83107608,HM,Overscaled Channel detected at Tag AI_TK_003
4/24/2026 12:48:27 PM,202,Warning,WT8-GUI,83107609,HM,Overscaled Channel detected at Tag AI_Volts_Shunt_006
4/24/2026 12:48:27 PM,202,Warning,WT8-GUI,83107610,HM,Overscaled Channel detected at Tag AI_Volts_Shunt_007
4/24/2026 12:48:27 PM,202,Warning,WT8-GUI,83107611,HM,Overscaled Channel detected at Tag AI_Volts_Shunt_008
4/24/2026 12:48:27 PM,202,Warning,WT8-GUI,83107612,HM,Overscaled Channel detected at Tag AI_Volts_Shunt_009
4/24/2026 12:48:27 PM,202,Warning,WT8-GUI,83107613,HM,Overscaled Channel detected at Tag AI_TT_003
4/24/2026 12:48:27 PM,202,Warning,WT8-GUI,83107614,HM,Overscaled Channel detected at Tag AI_TT_007
4/24/2026 12:48:27 PM,202,Warning,WT8-GUI,83107615,HM,Overscaled Channel detected at Tag AI_TT_008
4/24/2026 12:48:27 PM,202,Warning,WT8-GUI,83107616,HM,Overscaled Channel detected at Tag AI_TK_000
4/24/2026 12:48:27 PM,202,Warning,WT8-GUI,83107617,HM,Overscaled Channel detected at Tag AI_TK_009
4/24/2026 12:48:27 PM,202,Warning,WT8-GUI,83107618,HM,Overscaled Channel detected at Tag AI_TK_010
4/24/2026 12:48:27 PM,202,Warning,WT8-GUI,83107619,HM,Overscaled Channel detected at Tag AI_TK_011
4/24/2026 12:48:27 PM,202,Warning,WT8-GUI,83107620,HM,Overscaled Channel detected at Tag AI_TK_012
4/24/2026 12:48:27 PM,202,Warning,WT8-GUI,83107621,HM,Overscaled Channel detected at Tag AI_TK_013
4/24/2026 12:48:27 PM,202,Warning,WT8-GUI,83107622,HM,Overscaled Channel detected at Tag AI_TK_014
4/24/2026 12:48:27 PM,202,Warning,WT8-GUI,83107623,HM,Overscaled Channel detected at Tag AI_TK_015
4/24/2026 12:48:27 PM,202,Warning,WT8-GUI,83107624,HM,Overscaled Channel detected at Tag AI_TK_016
4/24/2026 12:48:27 PM,202,Warning,WT8-GUI,83107625,HM,Overscaled Channel detected at Tag AI_TK_017
4/24/2026 12:48:27 PM,202,Warning,WT8-GUI,83107626,HM,Overscaled Channel detected at Tag AI_TK_018
4/24/2026 12:48:27 PM,202,Warning,WT8-GUI,83107627,HM,Overscaled Channel detected at Tag AI_TK_001
4/24/2026 12:48:27 PM,202,Warning,WT8-GUI,83107628,HM,Overscaled Channel detected at Tag AI_TK_019
4/24/2026 12:48:27 PM,202,Warning,WT8-GUI,83107629,HM,Overscaled Channel detected at Tag AI_TK_020
4/24/2026 12:48:27 PM,202,Warning,WT8-GUI,83107630,HM,Overscaled Channel detected at Tag AI_TK_021
4/24/2026 12:48:27 PM,202,Warning,WT8-GUI,83107631,HM,Overscaled Channel detected at Tag AI_TK_022
4/24/2026 12:48:27 PM,202,Warning,WT8-GUI,83107632,HM,Overscaled Channel detected at Tag AI_TK_023
4/24/2026 12:48:27 PM,202,Warning,WT8-GUI,83107633,HM,Overscaled Channel detected at Tag AI_TK_024
4/24/2026 12:48:27 PM,202,Warning,WT8-GUI,83107634,HM,Overscaled Channel detected at Tag AI_TK_025
4/24/2026 12:48:27 PM,202,Warning,WT8-GUI,83107635,HM,Overscaled Channel detected at Tag AI_TK_002
4/24/2026 12:48:27 PM,202,Warning,WT8-GUI,83107636,HM,Overscaled Channel detected at Tag AI_TK_029
4/24/2026 12:48:27 PM,202,Warning,WT8-GUI,83107637,HM,Overscaled Channel detected at Tag AI_TK_030
4/24/2026 12:48:27 PM,202,Warning,WT8-GUI,83107638,HM,Overscaled Channel detected at Tag AI_TK_004
4/24/2026 12:48:27 PM,202,Warning,WT8-GUI,83107639,HM,Overscaled Channel detected at Tag AI_TK_005
4/24/2026 12:48:27 PM,202,Warning,WT8-GUI,83107640,HM,Overscaled Channel detected at Tag AI_TK_006
4/24/2026 12:48:27 PM,202,Warning,WT8-GUI,83107641,HM,Overscaled Channel detected at Tag AI_TK_007
4/24/2026 12:48:27 PM,202,Warning,WT8-GUI,83107642,HM,Overscaled Channel detected at Tag AI_TK_008
4/24/2026 12:48:27 PM,202,Warning,WT8-GUI,83107643,HM,Overscaled Channel detected at Tag AI_Volts_Shunt_010
4/24/2026 12:48:27 PM,202,Warning,WT8-GUI,83107644,HM,Overscaled Channel detected at Tag AI_Volts_Shunt_011
4/24/2026 12:48:27 PM,202,Warning,WT8-GUI,83107645,HM,Overscaled Channel detected at Tag AI_Volts_Shunt_012
4/24/2026 12:48:27 PM,202,Warning,WT8-GUI,83107646,HM,Overscaled Channel detected at Tag AI_Volts_Shunt_013
4/24/2026 12:48:27 PM,202,Warning,WT8-GUI,83107647,HM,Overscaled Channel detected at Tag AI_Volts_Shunt_014
4/24/2026 12:48:27 PM,202,Warning,WT8-GUI,83107648,HM,Overscaled Channel detected at Tag AI_Volts_Shunt_015
4/24/2026 12:48:27 PM,202,Warning,WT8-GUI,83107649,HM,Overscaled Channel detected at Tag AI_Strain_000
4/24/2026 12:48:27 PM,202,Warning,WT8-GUI,83107650,HM,Overscaled Channel detected at Tag AI_Strain_001
4/24/2026 12:48:27 PM,202,Warning,WT8-GUI,83107651,HM,Overscaled Channel detected at Tag AI_Strain_002
4/24/2026 12:48:27 PM,202,Warning,WT8-GUI,83107652,HM,Overscaled Channel detected at Tag AI_Strain_003
4/24/2026 12:48:27 PM,202,Warning,WT8-GUI,83107653,HM,Overscaled Channel detected at Tag AI_Strain_004
4/24/2026 12:48:27 PM,202,Warning,WT8-GUI,83107654,HM,Overscaled Channel detected at Tag AI_Strain_005
4/24/2026 12:48:27 PM,202,Warning,WT8-GUI,83107655,HM,Overscaled Channel detected at Tag AI_Strain_006
4/24/2026 12:48:27 PM,202,Warning,WT8-GUI,83107656,HM,Overscaled Channel detected at Tag AI_Strain_007
4/24/2026 12:48:27 PM,202,Warning,WT8-GUI,83107657,HM,Overscaled Channel detected at Tag AI_TT_000
4/24/2026 12:48:27 PM,202,Warning,WT8-GUI,83107658,HM,Overscaled Channel detected at Tag AI_TT_009
4/24/2026 12:48:27 PM,202,Warning,WT8-GUI,83107659,HM,Overscaled Channel detected at Tag AI_TT_010
4/24/2026 12:48:27 PM,202,Warning,WT8-GUI,83107660,HM,Overscaled Channel detected at Tag AI_TT_011
4/24/2026 12:48:27 PM,202,Warning,WT8-GUI,83107661,HM,Overscaled Channel detected at Tag AI_TT_012
4/24/2026 12:48:27 PM,202,Warning,WT8-GUI,83107662,HM,Overscaled Channel detected at Tag AI_TT_013
4/24/2026 12:48:27 PM,202,Warning,WT8-GUI,83107663,HM,Overscaled Channel detected at Tag AI_TT_014
4/24/2026 12:48:27 PM,202,Warning,WT8-GUI,83107664,HM,Overscaled Channel detected at Tag AI_TT_015
4/24/2026 12:48:27 PM,202,Warning,WT8-GUI,83107665,HM,Overscaled Channel detected at Tag AI_TT_016
4/24/2026 12:48:27 PM,202,Warning,WT8-GUI,83107666,HM,Overscaled Channel detected at Tag AI_TT_017
4/24/2026 12:48:27 PM,202,Warning,WT8-GUI,83107667,HM,Overscaled Channel detected at Tag AI_TT_018
4/24/2026 12:48:27 PM,202,Warning,WT8-GUI,83107668,HM,Overscaled Channel detected at Tag AI_TT_001
4/24/2026 12:48:27 PM,202,Warning,WT8-GUI,83107669,HM,Overscaled Channel detected at Tag AI_TT_019
4/24/2026 12:48:27 PM,202,Warning,WT8-GUI,83107670,HM,Overscaled Channel detected at Tag AI_TT_020
4/24/2026 12:48:27 PM,202,Warning,WT8-GUI,83107671,HM,Overscaled Channel detected at Tag AI_TT_021
4/24/2026 12:48:27 PM,202,Warning,WT8-GUI,83107672,HM,Overscaled Channel detected at Tag AI_TT_022
4/24/2026 12:48:27 PM,202,Warning,WT8-GUI,83107673,HM,Overscaled Channel detected at Tag AI_TT_023
4/24/2026 12:48:27 PM,202,Warning,WT8-GUI,83107674,HM,Overscaled Channel detected at Tag AI_TT_024
4/24/2026 12:48:27 PM,202,Warning,WT8-GUI,83107675,HM,Overscaled Channel detected at Tag AI_TT_025
4/24/2026 12:48:27 PM,202,Warning,WT8-GUI,83107676,HM,Overscaled Channel detected at Tag AI_TT_026
4/24/2026 12:48:27 PM,202,Warning,WT8-GUI,83107677,HM,Overscaled Channel detected at Tag AI_TT_027
4/24/2026 12:48:27 PM,202,Warning,WT8-GUI,83107678,HM,Overscaled Channel detected at Tag AI_TT_028
4/24/2026 12:48:27 PM,202,Warning,WT8-GUI,83107679,HM,Overscaled Channel detected at Tag AI_TT_004
4/24/2026 12:48:27 PM,202,Warning,WT8-GUI,83107680,HM,Overscaled Channel detected at Tag AI_TT_005
4/24/2026 12:48:27 PM,202,Warning,WT8-GUI,83107681,HM,Overscaled Channel detected at Tag AI_TT_006
4/24/2026 12:49:10 PM,301005,Warning,WT8-GUI,83107682,OPC,OPC Server Graybox.Simulator.1 on host localhost has not updated data in 206 minute(s).
4/24/2026 12:49:27 PM,202,Warning,WT8-GUI,83107683,HM,Overscaled Channel detected at Tag AI_Volts_Shunt_000
4/24/2026 12:49:27 PM,202,Warning,WT8-GUI,83107684,HM,Overscaled Channel detected at Tag AI_Volts_Shunt_001
4/24/2026 12:49:27 PM,202,Warning,WT8-GUI,83107685,HM,Overscaled Channel detected at Tag AI_Volts_Shunt_003
4/24/2026 12:49:27 PM,202,Warning,WT8-GUI,83107686,HM,Overscaled Channel detected at Tag AI_Volts_Shunt_004
4/24/2026 12:49:27 PM,202,Warning,WT8-GUI,83107687,HM,Overscaled Channel detected at Tag AI_TT_002
4/24/2026 12:49:27 PM,202,Warning,WT8-GUI,83107688,HM,Overscaled Channel detected at Tag AI_TT_029
4/24/2026 12:49:27 PM,202,Warning,WT8-GUI,83107689,HM,Overscaled Channel detected at Tag AI_TT_030
4/24/2026 12:49:27 PM,202,Warning,WT8-GUI,83107690,HM,Overscaled Channel detected at Tag AI_TK_026
4/24/2026 12:49:27 PM,202,Warning,WT8-GUI,83107691,HM,Overscaled Channel detected at Tag AI_TK_027
4/24/2026 12:49:27 PM,202,Warning,WT8-GUI,83107692,HM,Overscaled Channel detected at Tag AI_TK_028
4/24/2026 12:49:27 PM,202,Warning,WT8-GUI,83107693,HM,Overscaled Channel detected at Tag AI_TK_003
4/24/2026 12:49:27 PM,202,Warning,WT8-GUI,83107694,HM,Overscaled Channel detected at Tag AI_Volts_Shunt_006
4/24/2026 12:49:27 PM,202,Warning,WT8-GUI,83107695,HM,Overscaled Channel detected at Tag AI_Volts_Shunt_007
4/24/2026 12:49:27 PM,202,Warning,WT8-GUI,83107696,HM,Overscaled Channel detected at Tag AI_Volts_Shunt_008
4/24/2026 12:49:27 PM,202,Warning,WT8-GUI,83107697,HM,Overscaled Channel detected at Tag AI_Volts_Shunt_009
4/24/2026 12:49:27 PM,202,Warning,WT8-GUI,83107698,HM,Overscaled Channel detected at Tag AI_TT_003
4/24/2026 12:49:27 PM,202,Warning,WT8-GUI,83107699,HM,Overscaled Channel detected at Tag AI_TT_007
4/24/2026 12:49:27 PM,202,Warning,WT8-GUI,83107700,HM,Overscaled Channel detected at Tag AI_TT_008
4/24/2026 12:49:27 PM,202,Warning,WT8-GUI,83107701,HM,Overscaled Channel detected at Tag AI_TK_000
4/24/2026 12:49:27 PM,202,Warning,WT8-GUI,83107702,HM,Overscaled Channel detected at Tag AI_TK_009
4/24/2026 12:49:27 PM,202,Warning,WT8-GUI,83107703,HM,Overscaled Channel detected at Tag AI_TK_010
4/24/2026 12:49:27 PM,202,Warning,WT8-GUI,83107704,HM,Overscaled Channel detected at Tag AI_TK_011
4/24/2026 12:49:27 PM,202,Warning,WT8-GUI,83107705,HM,Overscaled Channel detected at Tag AI_TK_012
4/24/2026 12:49:27 PM,202,Warning,WT8-GUI,83107706,HM,Overscaled Channel detected at Tag AI_TK_013
4/24/2026 12:49:27 PM,202,Warning,WT8-GUI,83107707,HM,Overscaled Channel detected at Tag AI_TK_014
4/24/2026 12:49:27 PM,202,Warning,WT8-GUI,83107708,HM,Overscaled Channel detected at Tag AI_TK_015
4/24/2026 12:49:27 PM,202,Warning,WT8-GUI,83107709,HM,Overscaled Channel detected at Tag AI_TK_016
4/24/2026 12:49:27 PM,202,Warning,WT8-GUI,83107710,HM,Overscaled Channel detected at Tag AI_TK_017
4/24/2026 12:49:27 PM,202,Warning,WT8-GUI,83107711,HM,Overscaled Channel detected at Tag AI_TK_018
4/24/2026 12:49:27 PM,202,Warning,WT8-GUI,83107712,HM,Overscaled Channel detected at Tag AI_TK_001
4/24/2026 12:49:27 PM,202,Warning,WT8-GUI,83107713,HM,Overscaled Channel detected at Tag AI_TK_019
4/24/2026 12:49:27 PM,202,Warning,WT8-GUI,83107714,HM,Overscaled Channel detected at Tag AI_TK_020
4/24/2026 12:49:27 PM,202,Warning,WT8-GUI,83107715,HM,Overscaled Channel detected at Tag AI_TK_021
4/24/2026 12:49:27 PM,202,Warning,WT8-GUI,83107716,HM,Overscaled Channel detected at Tag AI_TK_022
4/24/2026 12:49:27 PM,202,Warning,WT8-GUI,83107717,HM,Overscaled Channel detected at Tag AI_TK_023
4/24/2026 12:49:27 PM,202,Warning,WT8-GUI,83107718,HM,Overscaled Channel detected at Tag AI_TK_024
4/24/2026 12:49:27 PM,202,Warning,WT8-GUI,83107719,HM,Overscaled Channel detected at Tag AI_TK_025
4/24/2026 12:49:27 PM,202,Warning,WT8-GUI,83107720,HM,Overscaled Channel detected at Tag AI_TK_002
4/24/2026 12:49:27 PM,202,Warning,WT8-GUI,83107721,HM,Overscaled Channel detected at Tag AI_TK_029
4/24/2026 12:49:27 PM,202,Warning,WT8-GUI,83107722,HM,Overscaled Channel detected at Tag AI_TK_030
4/24/2026 12:49:27 PM,202,Warning,WT8-GUI,83107723,HM,Overscaled Channel detected at Tag AI_TK_004
4/24/2026 12:49:27 PM,202,Warning,WT8-GUI,83107724,HM,Overscaled Channel detected at Tag AI_TK_005
4/24/2026 12:49:27 PM,202,Warning,WT8-GUI,83107725,HM,Overscaled Channel detected at Tag AI_TK_006
4/24/2026 12:49:27 PM,202,Warning,WT8-GUI,83107726,HM,Overscaled Channel detected at Tag AI_TK_007
4/24/2026 12:49:27 PM,202,Warning,WT8-GUI,83107727,HM,Overscaled Channel detected at Tag AI_TK_008
4/24/2026 12:49:27 PM,202,Warning,WT8-GUI,83107728,HM,Overscaled Channel detected at Tag AI_Volts_Shunt_010
4/24/2026 12:49:27 PM,202,Warning,WT8-GUI,83107729,HM,Overscaled Channel detected at Tag AI_Volts_Shunt_011
4/24/2026 12:49:27 PM,202,Warning,WT8-GUI,83107730,HM,Overscaled Channel detected at Tag AI_Volts_Shunt_012
4/24/2026 12:49:27 PM,202,Warning,WT8-GUI,83107731,HM,Overscaled Channel detected at Tag AI_Volts_Shunt_013
4/24/2026 12:49:27 PM,202,Warning,WT8-GUI,83107732,HM,Overscaled Channel detected at Tag AI_Volts_Shunt_014
4/24/2026 12:49:27 PM,202,Warning,WT8-GUI,83107733,HM,Overscaled Channel detected at Tag AI_Volts_Shunt_015
4/24/2026 12:49:27 PM,202,Warning,WT8-GUI,83107734,HM,Overscaled Channel detected at Tag AI_Strain_000
4/24/2026 12:49:27 PM,202,Warning,WT8-GUI,83107735,HM,Overscaled Channel detected at Tag AI_Strain_001
4/24/2026 12:49:27 PM,202,Warning,WT8-GUI,83107736,HM,Overscaled Channel detected at Tag AI_Strain_002
4/24/2026 12:49:27 PM,202,Warning,WT8-GUI,83107737,HM,Overscaled Channel detected at Tag AI_Strain_003
4/24/2026 12:49:27 PM,202,Warning,WT8-GUI,83107738,HM,Overscaled Channel detected at Tag AI_Strain_004
4/24/2026 12:49:27 PM,202,Warning,WT8-GUI,83107739,HM,Overscaled Channel detected at Tag AI_Strain_005
4/24/2026 12:49:27 PM,202,Warning,WT8-GUI,83107740,HM,Overscaled Channel detected at Tag AI_Strain_006
4/24/2026 12:49:27 PM,202,Warning,WT8-GUI,83107741,HM,Overscaled Channel detected at Tag AI_Strain_007
4/24/2026 12:49:27 PM,202,Warning,WT8-GUI,83107742,HM,Overscaled Channel detected at Tag AI_TT_000
4/24/2026 12:49:27 PM,202,Warning,WT8-GUI,83107743,HM,Overscaled Channel detected at Tag AI_TT_009
4/24/2026 12:49:27 PM,202,Warning,WT8-GUI,83107744,HM,Overscaled Channel detected at Tag AI_TT_010
4/24/2026 12:49:27 PM,202,Warning,WT8-GUI,83107745,HM,Overscaled Channel detected at Tag AI_TT_011
4/24/2026 12:49:27 PM,202,Warning,WT8-GUI,83107746,HM,Overscaled Channel detected at Tag AI_TT_012
4/24/2026 12:49:27 PM,202,Warning,WT8-GUI,83107747,HM,Overscaled Channel detected at Tag AI_TT_013
4/24/2026 12:49:27 PM,202,Warning,WT8-GUI,83107748,HM,Overscaled Channel detected at Tag AI_TT_014
4/24/2026 12:49:27 PM,202,Warning,WT8-GUI,83107749,HM,Overscaled Channel detected at Tag AI_TT_015
4/24/2026 12:49:27 PM,202,Warning,WT8-GUI,83107750,HM,Overscaled Channel detected at Tag AI_TT_016
4/24/2026 12:49:27 PM,202,Warning,WT8-GUI,83107751,HM,Overscaled Channel detected at Tag AI_TT_017
4/24/2026 12:49:27 PM,202,Warning,WT8-GUI,83107752,HM,Overscaled Channel detected at Tag AI_TT_018
4/24/2026 12:49:27 PM,202,Warning,WT8-GUI,83107753,HM,Overscaled Channel detected at Tag AI_TT_001
4/24/2026 12:49:27 PM,202,Warning,WT8-GUI,83107754,HM,Overscaled Channel detected at Tag AI_TT_019
4/24/2026 12:49:27 PM,202,Warning,WT8-GUI,83107755,HM,Overscaled Channel detected at Tag AI_TT_020
4/24/2026 12:49:27 PM,202,Warning,WT8-GUI,83107756,HM,Overscaled Channel detected at Tag AI_TT_021
4/24/2026 12:49:27 PM,202,Warning,WT8-GUI,83107757,HM,Overscaled Channel detected at Tag AI_TT_022
4/24/2026 12:49:27 PM,202,Warning,WT8-GUI,83107758,HM,Overscaled Channel detected at Tag AI_TT_023
4/24/2026 12:49:27 PM,202,Warning,WT8-GUI,83107759,HM,Overscaled Channel detected at Tag AI_TT_024
4/24/2026 12:49:27 PM,202,Warning,WT8-GUI,83107760,HM,Overscaled Channel detected at Tag AI_TT_025
4/24/2026 12:49:27 PM,202,Warning,WT8-GUI,83107761,HM,Overscaled Channel detected at Tag AI_TT_026
4/24/2026 12:49:27 PM,202,Warning,WT8-GUI,83107762,HM,Overscaled Channel detected at Tag AI_TT_027
4/24/2026 12:49:27 PM,202,Warning,WT8-GUI,83107763,HM,Overscaled Channel detected at Tag AI_TT_028
4/24/2026 12:49:27 PM,202,Warning,WT8-GUI,83107764,HM,Overscaled Channel detected at Tag AI_TT_004
4/24/2026 12:49:27 PM,202,Warning,WT8-GUI,83107765,HM,Overscaled Channel detected at Tag AI_TT_005
4/24/2026 12:49:27 PM,202,Warning,WT8-GUI,83107766,HM,Overscaled Channel detected at Tag AI_TT_006
4/24/2026 12:50:10 PM,301005,Warning,WT8-GUI,83107767,OPC,OPC Server Graybox.Simulator.1 on host localhost has not updated data in 207 minute(s).
4/24/2026 12:50:27 PM,202,Warning,WT8-GUI,83107768,HM,Overscaled Channel detected at Tag AI_Volts_Shunt_000
4/24/2026 12:50:27 PM,202,Warning,WT8-GUI,83107769,HM,Overscaled Channel detected at Tag AI_Volts_Shunt_001
4/24/2026 12:50:27 PM,202,Warning,WT8-GUI,83107770,HM,Overscaled Channel detected at Tag AI_Volts_Shunt_003
4/24/2026 12:50:27 PM,202,Warning,WT8-GUI,83107771,HM,Overscaled Channel detected at Tag AI_Volts_Shunt_004
4/24/2026 12:50:27 PM,202,Warning,WT8-GUI,83107772,HM,Overscaled Channel detected at Tag AI_TT_002
4/24/2026 12:50:27 PM,202,Warning,WT8-GUI,83107773,HM,Overscaled Channel detected at Tag AI_TT_029
4/24/2026 12:50:27 PM,202,Warning,WT8-GUI,83107774,HM,Overscaled Channel detected at Tag AI_TT_030
4/24/2026 12:50:27 PM,202,Warning,WT8-GUI,83107775,HM,Overscaled Channel detected at Tag AI_TK_026
4/24/2026 12:50:27 PM,202,Warning,WT8-GUI,83107776,HM,Overscaled Channel detected at Tag AI_TK_027
4/24/2026 12:50:27 PM,202,Warning,WT8-GUI,83107777,HM,Overscaled Channel detected at Tag AI_TK_028
4/24/2026 12:50:27 PM,202,Warning,WT8-GUI,83107778,HM,Overscaled Channel detected at Tag AI_TK_003
4/24/2026 12:50:27 PM,202,Warning,WT8-GUI,83107779,HM,Overscaled Channel detected at Tag AI_Volts_Shunt_006
4/24/2026 12:50:27 PM,202,Warning,WT8-GUI,83107780,HM,Overscaled Channel detected at Tag AI_Volts_Shunt_007
4/24/2026 12:50:27 PM,202,Warning,WT8-GUI,83107781,HM,Overscaled Channel detected at Tag AI_Volts_Shunt_008
4/24/2026 12:50:27 PM,202,Warning,WT8-GUI,83107782,HM,Overscaled Channel detected at Tag AI_Volts_Shunt_009
4/24/2026 12:50:27 PM,202,Warning,WT8-GUI,83107783,HM,Overscaled Channel detected at Tag AI_TT_003
4/24/2026 12:50:27 PM,202,Warning,WT8-GUI,83107784,HM,Overscaled Channel detected at Tag AI_TT_007
4/24/2026 12:50:27 PM,202,Warning,WT8-GUI,83107785,HM,Overscaled Channel detected at Tag AI_TT_008
4/24/2026 12:50:27 PM,202,Warning,WT8-GUI,83107786,HM,Overscaled Channel detected at Tag AI_TK_000
4/24/2026 12:50:27 PM,202,Warning,WT8-GUI,83107787,HM,Overscaled Channel detected at Tag AI_TK_009
4/24/2026 12:50:27 PM,202,Warning,WT8-GUI,83107788,HM,Overscaled Channel detected at Tag AI_TK_010
4/24/2026 12:50:27 PM,202,Warning,WT8-GUI,83107789,HM,Overscaled Channel detected at Tag AI_TK_011
4/24/2026 12:50:27 PM,202,Warning,WT8-GUI,83107790,HM,Overscaled Channel detected at Tag AI_TK_012
4/24/2026 12:50:27 PM,202,Warning,WT8-GUI,83107791,HM,Overscaled Channel detected at Tag AI_TK_013
4/24/2026 12:50:27 PM,202,Warning,WT8-GUI,83107792,HM,Overscaled Channel detected at Tag AI_TK_014
4/24/2026 12:50:27 PM,202,Warning,WT8-GUI,83107793,HM,Overscaled Channel detected at Tag AI_TK_015
4/24/2026 12:50:27 PM,202,Warning,WT8-GUI,83107794,HM,Overscaled Channel detected at Tag AI_TK_016
4/24/2026 12:50:27 PM,202,Warning,WT8-GUI,83107795,HM,Overscaled Channel detected at Tag AI_TK_017
4/24/2026 12:50:27 PM,202,Warning,WT8-GUI,83107796,HM,Overscaled Channel detected at Tag AI_TK_018
4/24/2026 12:50:27 PM,202,Warning,WT8-GUI,83107797,HM,Overscaled Channel detected at Tag AI_TK_001
4/24/2026 12:50:27 PM,202,Warning,WT8-GUI,83107798,HM,Overscaled Channel detected at Tag AI_TK_019
4/24/2026 12:50:27 PM,202,Warning,WT8-GUI,83107799,HM,Overscaled Channel detected at Tag AI_TK_020
4/24/2026 12:50:27 PM,202,Warning,WT8-GUI,83107800,HM,Overscaled Channel detected at Tag AI_TK_021
4/24/2026 12:50:27 PM,202,Warning,WT8-GUI,83107801,HM,Overscaled Channel detected at Tag AI_TK_022
4/24/2026 12:50:27 PM,202,Warning,WT8-GUI,83107802,HM,Overscaled Channel detected at Tag AI_TK_023
4/24/2026 12:50:27 PM,202,Warning,WT8-GUI,83107803,HM,Overscaled Channel detected at Tag AI_TK_024
4/24/2026 12:50:27 PM,202,Warning,WT8-GUI,83107804,HM,Overscaled Channel detected at Tag AI_TK_025
4/24/2026 12:50:27 PM,202,Warning,WT8-GUI,83107805,HM,Overscaled Channel detected at Tag AI_TK_002
4/24/2026 12:50:27 PM,202,Warning,WT8-GUI,83107806,HM,Overscaled Channel detected at Tag AI_TK_029
4/24/2026 12:50:27 PM,202,Warning,WT8-GUI,83107807,HM,Overscaled Channel detected at Tag AI_TK_030
4/24/2026 12:50:27 PM,202,Warning,WT8-GUI,83107808,HM,Overscaled Channel detected at Tag AI_TK_004
4/24/2026 12:50:27 PM,202,Warning,WT8-GUI,83107809,HM,Overscaled Channel detected at Tag AI_TK_005
4/24/2026 12:50:27 PM,202,Warning,WT8-GUI,83107810,HM,Overscaled Channel detected at Tag AI_TK_006
4/24/2026 12:50:27 PM,202,Warning,WT8-GUI,83107811,HM,Overscaled Channel detected at Tag AI_TK_007
4/24/2026 12:50:27 PM,202,Warning,WT8-GUI,83107812,HM,Overscaled Channel detected at Tag AI_TK_008
4/24/2026 12:50:27 PM,202,Warning,WT8-GUI,83107813,HM,Overscaled Channel detected at Tag AI_Volts_Shunt_010
4/24/2026 12:50:27 PM,202,Warning,WT8-GUI,83107814,HM,Overscaled Channel detected at Tag AI_Volts_Shunt_011
4/24/2026 12:50:27 PM,202,Warning,WT8-GUI,83107815,HM,Overscaled Channel detected at Tag AI_Volts_Shunt_012
4/24/2026 12:50:27 PM,202,Warning,WT8-GUI,83107816,HM,Overscaled Channel detected at Tag AI_Volts_Shunt_013
4/24/2026 12:50:27 PM,202,Warning,WT8-GUI,83107817,HM,Overscaled Channel detected at Tag AI_Volts_Shunt_014
4/24/2026 12:50:27 PM,202,Warning,WT8-GUI,83107818,HM,Overscaled Channel detected at Tag AI_Volts_Shunt_015
4/24/2026 12:50:27 PM,202,Warning,WT8-GUI,83107819,HM,Overscaled Channel detected at Tag AI_Strain_000
4/24/2026 12:50:27 PM,202,Warning,WT8-GUI,83107820,HM,Overscaled Channel detected at Tag AI_Strain_001
4/24/2026 12:50:27 PM,202,Warning,WT8-GUI,83107821,HM,Overscaled Channel detected at Tag AI_Strain_002
4/24/2026 12:50:27 PM,202,Warning,WT8-GUI,83107822,HM,Overscaled Channel detected at Tag AI_Strain_003
4/24/2026 12:50:27 PM,202,Warning,WT8-GUI,83107823,HM,Overscaled Channel detected at Tag AI_Strain_004
4/24/2026 12:50:27 PM,202,Warning,WT8-GUI,83107824,HM,Overscaled Channel detected at Tag AI_Strain_005
4/24/2026 12:50:27 PM,202,Warning,WT8-GUI,83107825,HM,Overscaled Channel detected at Tag AI_Strain_006
4/24/2026 12:50:27 PM,202,Warning,WT8-GUI,83107826,HM,Overscaled Channel detected at Tag AI_Strain_007
4/24/2026 12:50:27 PM,202,Warning,WT8-GUI,83107827,HM,Overscaled Channel detected at Tag AI_TT_000
4/24/2026 12:50:27 PM,202,Warning,WT8-GUI,83107828,HM,Overscaled Channel detected at Tag AI_TT_009
4/24/2026 12:50:27 PM,202,Warning,WT8-GUI,83107829,HM,Overscaled Channel detected at Tag AI_TT_010
4/24/2026 12:50:27 PM,202,Warning,WT8-GUI,83107830,HM,Overscaled Channel detected at Tag AI_TT_011
4/24/2026 12:50:27 PM,202,Warning,WT8-GUI,83107831,HM,Overscaled Channel detected at Tag AI_TT_012
4/24/2026 12:50:27 PM,202,Warning,WT8-GUI,83107832,HM,Overscaled Channel detected at Tag AI_TT_013
4/24/2026 12:50:27 PM,202,Warning,WT8-GUI,83107833,HM,Overscaled Channel detected at Tag AI_TT_014
4/24/2026 12:50:27 PM,202,Warning,WT8-GUI,83107834,HM,Overscaled Channel detected at Tag AI_TT_015
4/24/2026 12:50:27 PM,202,Warning,WT8-GUI,83107835,HM,Overscaled Channel detected at Tag AI_TT_016
4/24/2026 12:50:27 PM,202,Warning,WT8-GUI,83107836,HM,Overscaled Channel detected at Tag AI_TT_017
4/24/2026 12:50:27 PM,202,Warning,WT8-GUI,83107837,HM,Overscaled Channel detected at Tag AI_TT_018
4/24/2026 12:50:27 PM,202,Warning,WT8-GUI,83107838,HM,Overscaled Channel detected at Tag AI_TT_001
4/24/2026 12:50:27 PM,202,Warning,WT8-GUI,83107839,HM,Overscaled Channel detected at Tag AI_TT_019
4/24/2026 12:50:27 PM,202,Warning,WT8-GUI,83107840,HM,Overscaled Channel detected at Tag AI_TT_020
4/24/2026 12:50:27 PM,202,Warning,WT8-GUI,83107841,HM,Overscaled Channel detected at Tag AI_TT_021
4/24/2026 12:50:27 PM,202,Warning,WT8-GUI,83107842,HM,Overscaled Channel detected at Tag AI_TT_022
4/24/2026 12:50:27 PM,202,Warning,WT8-GUI,83107843,HM,Overscaled Channel detected at Tag AI_TT_023
4/24/2026 12:50:27 PM,202,Warning,WT8-GUI,83107844,HM,Overscaled Channel detected at Tag AI_TT_024
4/24/2026 12:50:27 PM,202,Warning,WT8-GUI,83107845,HM,Overscaled Channel detected at Tag AI_TT_025
4/24/2026 12:50:27 PM,202,Warning,WT8-GUI,83107846,HM,Overscaled Channel detected at Tag AI_TT_026
4/24/2026 12:50:27 PM,202,Warning,WT8-GUI,83107847,HM,Overscaled Channel detected at Tag AI_TT_027
4/24/2026 12:50:27 PM,202,Warning,WT8-GUI,83107848,HM,Overscaled Channel detected at Tag AI_TT_028
4/24/2026 12:50:27 PM,202,Warning,WT8-GUI,83107849,HM,Overscaled Channel detected at Tag AI_TT_004
4/24/2026 12:50:27 PM,202,Warning,WT8-GUI,83107850,HM,Overscaled Channel detected at Tag AI_TT_005
4/24/2026 12:50:27 PM,202,Warning,WT8-GUI,83107851,HM,Overscaled Channel detected at Tag AI_TT_006
4/24/2026 12:51:10 PM,301005,Warning,WT8-GUI,83107852,OPC,OPC Server Graybox.Simulator.1 on host localhost has not updated data in 208 minute(s).
4/24/2026 12:51:27 PM,202,Warning,WT8-GUI,83107853,HM,Overscaled Channel detected at Tag AI_Volts_Shunt_000
4/24/2026 12:51:27 PM,202,Warning,WT8-GUI,83107854,HM,Overscaled Channel detected at Tag AI_Volts_Shunt_001
4/24/2026 12:51:27 PM,202,Warning,WT8-GUI,83107855,HM,Overscaled Channel detected at Tag AI_Volts_Shunt_003
4/24/2026 12:51:27 PM,202,Warning,WT8-GUI,83107856,HM,Overscaled Channel detected at Tag AI_Volts_Shunt_004
4/24/2026 12:51:27 PM,202,Warning,WT8-GUI,83107857,HM,Overscaled Channel detected at Tag AI_TT_002
4/24/2026 12:51:27 PM,202,Warning,WT8-GUI,83107858,HM,Overscaled Channel detected at Tag AI_TT_029
4/24/2026 12:51:27 PM,202,Warning,WT8-GUI,83107859,HM,Overscaled Channel detected at Tag AI_TT_030
4/24/2026 12:51:27 PM,202,Warning,WT8-GUI,83107860,HM,Overscaled Channel detected at Tag AI_TK_026
4/24/2026 12:51:27 PM,202,Warning,WT8-GUI,83107861,HM,Overscaled Channel detected at Tag AI_TK_027
4/24/2026 12:51:27 PM,202,Warning,WT8-GUI,83107862,HM,Overscaled Channel detected at Tag AI_TK_028
4/24/2026 12:51:27 PM,202,Warning,WT8-GUI,83107863,HM,Overscaled Channel detected at Tag AI_TK_003
4/24/2026 12:51:27 PM,202,Warning,WT8-GUI,83107864,HM,Overscaled Channel detected at Tag AI_Volts_Shunt_006
4/24/2026 12:51:27 PM,202,Warning,WT8-GUI,83107865,HM,Overscaled Channel detected at Tag AI_Volts_Shunt_007
4/24/2026 12:51:27 PM,202,Warning,WT8-GUI,83107866,HM,Overscaled Channel detected at Tag AI_Volts_Shunt_008
4/24/2026 12:51:27 PM,202,Warning,WT8-GUI,83107867,HM,Overscaled Channel detected at Tag AI_Volts_Shunt_009
4/24/2026 12:51:27 PM,202,Warning,WT8-GUI,83107868,HM,Overscaled Channel detected at Tag AI_TT_003
4/24/2026 12:51:27 PM,202,Warning,WT8-GUI,83107869,HM,Overscaled Channel detected at Tag AI_TT_007
4/24/2026 12:51:27 PM,202,Warning,WT8-GUI,83107870,HM,Overscaled Channel detected at Tag AI_TT_008
4/24/2026 12:51:27 PM,202,Warning,WT8-GUI,83107871,HM,Overscaled Channel detected at Tag AI_TK_000
4/24/2026 12:51:27 PM,202,Warning,WT8-GUI,83107872,HM,Overscaled Channel detected at Tag AI_TK_009
4/24/2026 12:51:27 PM,202,Warning,WT8-GUI,83107873,HM,Overscaled Channel detected at Tag AI_TK_010
4/24/2026 12:51:27 PM,202,Warning,WT8-GUI,83107874,HM,Overscaled Channel detected at Tag AI_TK_011
4/24/2026 12:51:27 PM,202,Warning,WT8-GUI,83107875,HM,Overscaled Channel detected at Tag AI_TK_012
4/24/2026 12:51:27 PM,202,Warning,WT8-GUI,83107876,HM,Overscaled Channel detected at Tag AI_TK_013
4/24/2026 12:51:27 PM,202,Warning,WT8-GUI,83107877,HM,Overscaled Channel detected at Tag AI_TK_014
4/24/2026 12:51:27 PM,202,Warning,WT8-GUI,83107878,HM,Overscaled Channel detected at Tag AI_TK_015
4/24/2026 12:51:27 PM,202,Warning,WT8-GUI,83107879,HM,Overscaled Channel detected at Tag AI_TK_016
4/24/2026 12:51:27 PM,202,Warning,WT8-GUI,83107880,HM,Overscaled Channel detected at Tag AI_TK_017
4/24/2026 12:51:27 PM,202,Warning,WT8-GUI,83107881,HM,Overscaled Channel detected at Tag AI_TK_018
4/24/2026 12:51:27 PM,202,Warning,WT8-GUI,83107882,HM,Overscaled Channel detected at Tag AI_TK_001
4/24/2026 12:51:27 PM,202,Warning,WT8-GUI,83107883,HM,Overscaled Channel detected at Tag AI_TK_019
4/24/2026 12:51:27 PM,202,Warning,WT8-GUI,83107884,HM,Overscaled Channel detected at Tag AI_TK_020
4/24/2026 12:51:27 PM,202,Warning,WT8-GUI,83107885,HM,Overscaled Channel detected at Tag AI_TK_021
4/24/2026 12:51:27 PM,202,Warning,WT8-GUI,83107886,HM,Overscaled Channel detected at Tag AI_TK_022
4/24/2026 12:51:27 PM,202,Warning,WT8-GUI,83107887,HM,Overscaled Channel detected at Tag AI_TK_023
4/24/2026 12:51:27 PM,202,Warning,WT8-GUI,83107888,HM,Overscaled Channel detected at Tag AI_TK_024
4/24/2026 12:51:27 PM,202,Warning,WT8-GUI,83107889,HM,Overscaled Channel detected at Tag AI_TK_025
4/24/2026 12:51:27 PM,202,Warning,WT8-GUI,83107890,HM,Overscaled Channel detected at Tag AI_TK_002
4/24/2026 12:51:27 PM,202,Warning,WT8-GUI,83107891,HM,Overscaled Channel detected at Tag AI_TK_029
4/24/2026 12:51:27 PM,202,Warning,WT8-GUI,83107892,HM,Overscaled Channel detected at Tag AI_TK_030
4/24/2026 12:51:27 PM,202,Warning,WT8-GUI,83107893,HM,Overscaled Channel detected at Tag AI_TK_004
4/24/2026 12:51:27 PM,202,Warning,WT8-GUI,83107894,HM,Overscaled Channel detected at Tag AI_TK_005
4/24/2026 12:51:27 PM,202,Warning,WT8-GUI,83107895,HM,Overscaled Channel detected at Tag AI_TK_006
4/24/2026 12:51:27 PM,202,Warning,WT8-GUI,83107896,HM,Overscaled Channel detected at Tag AI_TK_007
4/24/2026 12:51:27 PM,202,Warning,WT8-GUI,83107897,HM,Overscaled Channel detected at Tag AI_TK_008
4/24/2026 12:51:27 PM,202,Warning,WT8-GUI,83107898,HM,Overscaled Channel detected at Tag AI_Volts_Shunt_010
4/24/2026 12:51:27 PM,202,Warning,WT8-GUI,83107899,HM,Overscaled Channel detected at Tag AI_Volts_Shunt_011
4/24/2026 12:51:27 PM,202,Warning,WT8-GUI,83107900,HM,Overscaled Channel detected at Tag AI_Volts_Shunt_012
4/24/2026 12:51:27 PM,202,Warning,WT8-GUI,83107901,HM,Overscaled Channel detected at Tag AI_Volts_Shunt_013
4/24/2026 12:51:27 PM,202,Warning,WT8-GUI,83107902,HM,Overscaled Channel detected at Tag AI_Volts_Shunt_014
4/24/2026 12:51:27 PM,202,Warning,WT8-GUI,83107903,HM,Overscaled Channel detected at Tag AI_Volts_Shunt_015
4/24/2026 12:51:27 PM,202,Warning,WT8-GUI,83107904,HM,Overscaled Channel detected at Tag AI_Strain_000
4/24/2026 12:51:27 PM,202,Warning,WT8-GUI,83107905,HM,Overscaled Channel detected at Tag AI_Strain_001
4/24/2026 12:51:27 PM,202,Warning,WT8-GUI,83107906,HM,Overscaled Channel detected at Tag AI_Strain_002
4/24/2026 12:51:27 PM,202,Warning,WT8-GUI,83107907,HM,Overscaled Channel detected at Tag AI_Strain_003
4/24/2026 12:51:27 PM,202,Warning,WT8-GUI,83107908,HM,Overscaled Channel detected at Tag AI_Strain_004
4/24/2026 12:51:27 PM,202,Warning,WT8-GUI,83107909,HM,Overscaled Channel detected at Tag AI_Strain_005
4/24/2026 12:51:27 PM,202,Warning,WT8-GUI,83107910,HM,Overscaled Channel detected at Tag AI_Strain_006
4/24/2026 12:51:27 PM,202,Warning,WT8-GUI,83107911,HM,Overscaled Channel detected at Tag AI_Strain_007
4/24/2026 12:51:27 PM,202,Warning,WT8-GUI,83107912,HM,Overscaled Channel detected at Tag AI_TT_000
4/24/2026 12:51:27 PM,202,Warning,WT8-GUI,83107913,HM,Overscaled Channel detected at Tag AI_TT_009
4/24/2026 12:51:27 PM,202,Warning,WT8-GUI,83107914,HM,Overscaled Channel detected at Tag AI_TT_010
4/24/2026 12:51:27 PM,202,Warning,WT8-GUI,83107915,HM,Overscaled Channel detected at Tag AI_TT_011
4/24/2026 12:51:27 PM,202,Warning,WT8-GUI,83107916,HM,Overscaled Channel detected at Tag AI_TT_012
4/24/2026 12:51:27 PM,202,Warning,WT8-GUI,83107917,HM,Overscaled Channel detected at Tag AI_TT_013
4/24/2026 12:51:27 PM,202,Warning,WT8-GUI,83107918,HM,Overscaled Channel detected at Tag AI_TT_014
4/24/2026 12:51:27 PM,202,Warning,WT8-GUI,83107919,HM,Overscaled Channel detected at Tag AI_TT_015
4/24/2026 12:51:27 PM,202,Warning,WT8-GUI,83107920,HM,Overscaled Channel detected at Tag AI_TT_016
4/24/2026 12:51:27 PM,202,Warning,WT8-GUI,83107921,HM,Overscaled Channel detected at Tag AI_TT_017
4/24/2026 12:51:27 PM,202,Warning,WT8-GUI,83107922,HM,Overscaled Channel detected at Tag AI_TT_018
4/24/2026 12:51:27 PM,202,Warning,WT8-GUI,83107923,HM,Overscaled Channel detected at Tag AI_TT_001
4/24/2026 12:51:27 PM,202,Warning,WT8-GUI,83107924,HM,Overscaled Channel detected at Tag AI_TT_019
4/24/2026 12:51:27 PM,202,Warning,WT8-GUI,83107925,HM,Overscaled Channel detected at Tag AI_TT_020
4/24/2026 12:51:27 PM,202,Warning,WT8-GUI,83107926,HM,Overscaled Channel detected at Tag AI_TT_021
4/24/2026 12:51:27 PM,202,Warning,WT8-GUI,83107927,HM,Overscaled Channel detected at Tag AI_TT_022
4/24/2026 12:51:27 PM,202,Warning,WT8-GUI,83107928,HM,Overscaled Channel detected at Tag AI_TT_023
4/24/2026 12:51:27 PM,202,Warning,WT8-GUI,83107929,HM,Overscaled Channel detected at Tag AI_TT_024
4/24/2026 12:51:27 PM,202,Warning,WT8-GUI,83107930,HM,Overscaled Channel detected at Tag AI_TT_025
4/24/2026 12:51:27 PM,202,Warning,WT8-GUI,83107931,HM,Overscaled Channel detected at Tag AI_TT_026
4/24/2026 12:51:27 PM,202,Warning,WT8-GUI,83107932,HM,Overscaled Channel detected at Tag AI_TT_027
4/24/2026 12:51:27 PM,202,Warning,WT8-GUI,83107933,HM,Overscaled Channel detected at Tag AI_TT_028
4/24/2026 12:51:27 PM,202,Warning,WT8-GUI,83107934,HM,Overscaled Channel detected at Tag AI_TT_004
4/24/2026 12:51:27 PM,202,Warning,WT8-GUI,83107935,HM,Overscaled Channel detected at Tag AI_TT_005
4/24/2026 12:51:27 PM,202,Warning,WT8-GUI,83107936,HM,Overscaled Channel detected at Tag AI_TT_006
4/24/2026 12:52:10 PM,301005,Warning,WT8-GUI,83107937,OPC,OPC Server Graybox.Simulator.1 on host localhost has not updated data in 209 minute(s).
4/24/2026 12:52:27 PM,202,Warning,WT8-GUI,83107938,HM,Overscaled Channel detected at Tag AI_Volts_Shunt_000
4/24/2026 12:52:27 PM,202,Warning,WT8-GUI,83107939,HM,Overscaled Channel detected at Tag AI_Volts_Shunt_001
4/24/2026 12:52:27 PM,202,Warning,WT8-GUI,83107940,HM,Overscaled Channel detected at Tag AI_Volts_Shunt_003
4/24/2026 12:52:27 PM,202,Warning,WT8-GUI,83107941,HM,Overscaled Channel detected at Tag AI_Volts_Shunt_004
4/24/2026 12:52:27 PM,202,Warning,WT8-GUI,83107942,HM,Overscaled Channel detected at Tag AI_TT_002
4/24/2026 12:52:27 PM,202,Warning,WT8-GUI,83107943,HM,Overscaled Channel detected at Tag AI_TT_029
4/24/2026 12:52:27 PM,202,Warning,WT8-GUI,83107944,HM,Overscaled Channel detected at Tag AI_TT_030
4/24/2026 12:52:27 PM,202,Warning,WT8-GUI,83107945,HM,Overscaled Channel detected at Tag AI_TK_026
4/24/2026 12:52:27 PM,202,Warning,WT8-GUI,83107946,HM,Overscaled Channel detected at Tag AI_TK_027
4/24/2026 12:52:27 PM,202,Warning,WT8-GUI,83107947,HM,Overscaled Channel detected at Tag AI_TK_028
4/24/2026 12:52:27 PM,202,Warning,WT8-GUI,83107948,HM,Overscaled Channel detected at Tag AI_TK_003
4/24/2026 12:52:27 PM,202,Warning,WT8-GUI,83107949,HM,Overscaled Channel detected at Tag AI_Volts_Shunt_006
4/24/2026 12:52:27 PM,202,Warning,WT8-GUI,83107950,HM,Overscaled Channel detected at Tag AI_Volts_Shunt_007
4/24/2026 12:52:27 PM,202,Warning,WT8-GUI,83107951,HM,Overscaled Channel detected at Tag AI_Volts_Shunt_008
4/24/2026 12:52:27 PM,202,Warning,WT8-GUI,83107952,HM,Overscaled Channel detected at Tag AI_Volts_Shunt_009
4/24/2026 12:52:27 PM,202,Warning,WT8-GUI,83107953,HM,Overscaled Channel detected at Tag AI_TT_003
4/24/2026 12:52:27 PM,202,Warning,WT8-GUI,83107954,HM,Overscaled Channel detected at Tag AI_TT_007
4/24/2026 12:52:27 PM,202,Warning,WT8-GUI,83107955,HM,Overscaled Channel detected at Tag AI_TT_008
4/24/2026 12:52:27 PM,202,Warning,WT8-GUI,83107956,HM,Overscaled Channel detected at Tag AI_TK_000
4/24/2026 12:52:27 PM,202,Warning,WT8-GUI,83107957,HM,Overscaled Channel detected at Tag AI_TK_009
4/24/2026 12:52:27 PM,202,Warning,WT8-GUI,83107958,HM,Overscaled Channel detected at Tag AI_TK_010
4/24/2026 12:52:27 PM,202,Warning,WT8-GUI,83107959,HM,Overscaled Channel detected at Tag AI_TK_011
4/24/2026 12:52:27 PM,202,Warning,WT8-GUI,83107960,HM,Overscaled Channel detected at Tag AI_TK_012
4/24/2026 12:52:27 PM,202,Warning,WT8-GUI,83107961,HM,Overscaled Channel detected at Tag AI_TK_013
4/24/2026 12:52:27 PM,202,Warning,WT8-GUI,83107962,HM,Overscaled Channel detected at Tag AI_TK_014
4/24/2026 12:52:27 PM,202,Warning,WT8-GUI,83107963,HM,Overscaled Channel detected at Tag AI_TK_015
4/24/2026 12:52:27 PM,202,Warning,WT8-GUI,83107964,HM,Overscaled Channel detected at Tag AI_TK_016
4/24/2026 12:52:27 PM,202,Warning,WT8-GUI,83107965,HM,Overscaled Channel detected at Tag AI_TK_017
4/24/2026 12:52:27 PM,202,Warning,WT8-GUI,83107966,HM,Overscaled Channel detected at Tag AI_TK_018
4/24/2026 12:52:27 PM,202,Warning,WT8-GUI,83107967,HM,Overscaled Channel detected at Tag AI_TK_001
4/24/2026 12:52:27 PM,202,Warning,WT8-GUI,83107968,HM,Overscaled Channel detected at Tag AI_TK_019
4/24/2026 12:52:27 PM,202,Warning,WT8-GUI,83107969,HM,Overscaled Channel detected at Tag AI_TK_020
4/24/2026 12:52:27 PM,202,Warning,WT8-GUI,83107970,HM,Overscaled Channel detected at Tag AI_TK_021
4/24/2026 12:52:27 PM,202,Warning,WT8-GUI,83107971,HM,Overscaled Channel detected at Tag AI_TK_022
4/24/2026 12:52:27 PM,202,Warning,WT8-GUI,83107972,HM,Overscaled Channel detected at Tag AI_TK_023
4/24/2026 12:52:27 PM,202,Warning,WT8-GUI,83107973,HM,Overscaled Channel detected at Tag AI_TK_024
4/24/2026 12:52:27 PM,202,Warning,WT8-GUI,83107974,HM,Overscaled Channel detected at Tag AI_TK_025
4/24/2026 12:52:27 PM,202,Warning,WT8-GUI,83107975,HM,Overscaled Channel detected at Tag AI_TK_002
4/24/2026 12:52:27 PM,202,Warning,WT8-GUI,83107976,HM,Overscaled Channel detected at Tag AI_TK_029
4/24/2026 12:52:27 PM,202,Warning,WT8-GUI,83107977,HM,Overscaled Channel detected at Tag AI_TK_030
4/24/2026 12:52:27 PM,202,Warning,WT8-GUI,83107978,HM,Overscaled Channel detected at Tag AI_TK_004
4/24/2026 12:52:27 PM,202,Warning,WT8-GUI,83107979,HM,Overscaled Channel detected at Tag AI_TK_005
4/24/2026 12:52:27 PM,202,Warning,WT8-GUI,83107980,HM,Overscaled Channel detected at Tag AI_TK_006
4/24/2026 12:52:27 PM,202,Warning,WT8-GUI,83107981,HM,Overscaled Channel detected at Tag AI_TK_007
4/24/2026 12:52:27 PM,202,Warning,WT8-GUI,83107982,HM,Overscaled Channel detected at Tag AI_TK_008
4/24/2026 12:52:27 PM,202,Warning,WT8-GUI,83107983,HM,Overscaled Channel detected at Tag AI_Volts_Shunt_010
4/24/2026 12:52:27 PM,202,Warning,WT8-GUI,83107984,HM,Overscaled Channel detected at Tag AI_Volts_Shunt_011
4/24/2026 12:52:27 PM,202,Warning,WT8-GUI,83107985,HM,Overscaled Channel detected at Tag AI_Volts_Shunt_012
4/24/2026 12:52:27 PM,202,Warning,WT8-GUI,83107986,HM,Overscaled Channel detected at Tag AI_Volts_Shunt_013
4/24/2026 12:52:27 PM,202,Warning,WT8-GUI,83107987,HM,Overscaled Channel detected at Tag AI_Volts_Shunt_014
4/24/2026 12:52:27 PM,202,Warning,WT8-GUI,83107988,HM,Overscaled Channel detected at Tag AI_Volts_Shunt_015
4/24/2026 12:52:27 PM,202,Warning,WT8-GUI,83107989,HM,Overscaled Channel detected at Tag AI_Strain_000
4/24/2026 12:52:27 PM,202,Warning,WT8-GUI,83107990,HM,Overscaled Channel detected at Tag AI_Strain_001
4/24/2026 12:52:27 PM,202,Warning,WT8-GUI,83107991,HM,Overscaled Channel detected at Tag AI_Strain_002
4/24/2026 12:52:27 PM,202,Warning,WT8-GUI,83107992,HM,Overscaled Channel detected at Tag AI_Strain_003
4/24/2026 12:52:27 PM,202,Warning,WT8-GUI,83107993,HM,Overscaled Channel detected at Tag AI_Strain_004
4/24/2026 12:52:27 PM,202,Warning,WT8-GUI,83107994,HM,Overscaled Channel detected at Tag AI_Strain_005
4/24/2026 12:52:27 PM,202,Warning,WT8-GUI,83107995,HM,Overscaled Channel detected at Tag AI_Strain_006
4/24/2026 12:52:27 PM,202,Warning,WT8-GUI,83107996,HM,Overscaled Channel detected at Tag AI_Strain_007
4/24/2026 12:52:27 PM,202,Warning,WT8-GUI,83107997,HM,Overscaled Channel detected at Tag AI_TT_000
4/24/2026 12:52:27 PM,202,Warning,WT8-GUI,83107998,HM,Overscaled Channel detected at Tag AI_TT_009
4/24/2026 12:52:27 PM,202,Warning,WT8-GUI,83107999,HM,Overscaled Channel detected at Tag AI_TT_010
4/24/2026 12:52:27 PM,202,Warning,WT8-GUI,83108000,HM,Overscaled Channel detected at Tag AI_TT_011
4/24/2026 12:52:27 PM,202,Warning,WT8-GUI,83108001,HM,Overscaled Channel detected at Tag AI_TT_012
4/24/2026 12:52:27 PM,202,Warning,WT8-GUI,83108002,HM,Overscaled Channel detected at Tag AI_TT_013
4/24/2026 12:52:27 PM,202,Warning,WT8-GUI,83108003,HM,Overscaled Channel detected at Tag AI_TT_014
4/24/2026 12:52:27 PM,202,Warning,WT8-GUI,83108004,HM,Overscaled Channel detected at Tag AI_TT_015
4/24/2026 12:52:27 PM,202,Warning,WT8-GUI,83108005,HM,Overscaled Channel detected at Tag AI_TT_016
4/24/2026 12:52:27 PM,202,Warning,WT8-GUI,83108006,HM,Overscaled Channel detected at Tag AI_TT_017
4/24/2026 12:52:27 PM,202,Warning,WT8-GUI,83108007,HM,Overscaled Channel detected at Tag AI_TT_018
4/24/2026 12:52:27 PM,202,Warning,WT8-GUI,83108008,HM,Overscaled Channel detected at Tag AI_TT_001
4/24/2026 12:52:27 PM,202,Warning,WT8-GUI,83108009,HM,Overscaled Channel detected at Tag AI_TT_019
4/24/2026 12:52:27 PM,202,Warning,WT8-GUI,83108010,HM,Overscaled Channel detected at Tag AI_TT_020
4/24/2026 12:52:27 PM,202,Warning,WT8-GUI,83108011,HM,Overscaled Channel detected at Tag AI_TT_021
4/24/2026 12:52:27 PM,202,Warning,WT8-GUI,83108012,HM,Overscaled Channel detected at Tag AI_TT_022
4/24/2026 12:52:27 PM,202,Warning,WT8-GUI,83108013,HM,Overscaled Channel detected at Tag AI_TT_023
4/24/2026 12:52:27 PM,202,Warning,WT8-GUI,83108014,HM,Overscaled Channel detected at Tag AI_TT_024
4/24/2026 12:52:27 PM,202,Warning,WT8-GUI,83108015,HM,Overscaled Channel detected at Tag AI_TT_025
4/24/2026 12:52:27 PM,202,Warning,WT8-GUI,83108016,HM,Overscaled Channel detected at Tag AI_TT_026
4/24/2026 12:52:27 PM,202,Warning,WT8-GUI,83108017,HM,Overscaled Channel detected at Tag AI_TT_027
4/24/2026 12:52:27 PM,202,Warning,WT8-GUI,83108018,HM,Overscaled Channel detected at Tag AI_TT_028
4/24/2026 12:52:27 PM,202,Warning,WT8-GUI,83108019,HM,Overscaled Channel detected at Tag AI_TT_004
4/24/2026 12:52:27 PM,202,Warning,WT8-GUI,83108020,HM,Overscaled Channel detected at Tag AI_TT_005
4/24/2026 12:52:27 PM,202,Warning,WT8-GUI,83108021,HM,Overscaled Channel detected at Tag AI_TT_006
4/24/2026 12:53:10 PM,301005,Warning,WT8-GUI,83108022,OPC,OPC Server Graybox.Simulator.1 on host localhost has not updated data in 210 minute(s).
4/24/2026 12:53:27 PM,202,Warning,WT8-GUI,83108023,HM,Overscaled Channel detected at Tag AI_Volts_Shunt_000
4/24/2026 12:53:27 PM,202,Warning,WT8-GUI,83108024,HM,Overscaled Channel detected at Tag AI_Volts_Shunt_001
4/24/2026 12:53:27 PM,202,Warning,WT8-GUI,83108025,HM,Overscaled Channel detected at Tag AI_Volts_Shunt_003
4/24/2026 12:53:27 PM,202,Warning,WT8-GUI,83108026,HM,Overscaled Channel detected at Tag AI_Volts_Shunt_004
4/24/2026 12:53:27 PM,202,Warning,WT8-GUI,83108027,HM,Overscaled Channel detected at Tag AI_TT_002
4/24/2026 12:53:27 PM,202,Warning,WT8-GUI,83108028,HM,Overscaled Channel detected at Tag AI_TT_029
4/24/2026 12:53:27 PM,202,Warning,WT8-GUI,83108029,HM,Overscaled Channel detected at Tag AI_TT_030
4/24/2026 12:53:27 PM,202,Warning,WT8-GUI,83108030,HM,Overscaled Channel detected at Tag AI_TK_026
4/24/2026 12:53:27 PM,202,Warning,WT8-GUI,83108031,HM,Overscaled Channel detected at Tag AI_TK_027
4/24/2026 12:53:27 PM,202,Warning,WT8-GUI,83108032,HM,Overscaled Channel detected at Tag AI_TK_028
4/24/2026 12:53:27 PM,202,Warning,WT8-GUI,83108033,HM,Overscaled Channel detected at Tag AI_TK_003
4/24/2026 12:53:27 PM,202,Warning,WT8-GUI,83108034,HM,Overscaled Channel detected at Tag AI_Volts_Shunt_006
4/24/2026 12:53:27 PM,202,Warning,WT8-GUI,83108035,HM,Overscaled Channel detected at Tag AI_Volts_Shunt_007
4/24/2026 12:53:27 PM,202,Warning,WT8-GUI,83108036,HM,Overscaled Channel detected at Tag AI_Volts_Shunt_008
4/24/2026 12:53:27 PM,202,Warning,WT8-GUI,83108037,HM,Overscaled Channel detected at Tag AI_Volts_Shunt_009
4/24/2026 12:53:27 PM,202,Warning,WT8-GUI,83108038,HM,Overscaled Channel detected at Tag AI_TT_003
4/24/2026 12:53:27 PM,202,Warning,WT8-GUI,83108039,HM,Overscaled Channel detected at Tag AI_TT_007
4/24/2026 12:53:27 PM,202,Warning,WT8-GUI,83108040,HM,Overscaled Channel detected at Tag AI_TT_008
4/24/2026 12:53:27 PM,202,Warning,WT8-GUI,83108041,HM,Overscaled Channel detected at Tag AI_TK_000
4/24/2026 12:53:27 PM,202,Warning,WT8-GUI,83108042,HM,Overscaled Channel detected at Tag AI_TK_009
4/24/2026 12:53:27 PM,202,Warning,WT8-GUI,83108043,HM,Overscaled Channel detected at Tag AI_TK_010
4/24/2026 12:53:27 PM,202,Warning,WT8-GUI,83108044,HM,Overscaled Channel detected at Tag AI_TK_011
4/24/2026 12:53:27 PM,202,Warning,WT8-GUI,83108045,HM,Overscaled Channel detected at Tag AI_TK_012
4/24/2026 12:53:27 PM,202,Warning,WT8-GUI,83108046,HM,Overscaled Channel detected at Tag AI_TK_013
4/24/2026 12:53:27 PM,202,Warning,WT8-GUI,83108047,HM,Overscaled Channel detected at Tag AI_TK_014
4/24/2026 12:53:27 PM,202,Warning,WT8-GUI,83108048,HM,Overscaled Channel detected at Tag AI_TK_015
4/24/2026 12:53:27 PM,202,Warning,WT8-GUI,83108049,HM,Overscaled Channel detected at Tag AI_TK_016
4/24/2026 12:53:27 PM,202,Warning,WT8-GUI,83108050,HM,Overscaled Channel detected at Tag AI_TK_017
4/24/2026 12:53:27 PM,202,Warning,WT8-GUI,83108051,HM,Overscaled Channel detected at Tag AI_TK_018
4/24/2026 12:53:27 PM,202,Warning,WT8-GUI,83108052,HM,Overscaled Channel detected at Tag AI_TK_001
4/24/2026 12:53:27 PM,202,Warning,WT8-GUI,83108053,HM,Overscaled Channel detected at Tag AI_TK_019
4/24/2026 12:53:27 PM,202,Warning,WT8-GUI,83108054,HM,Overscaled Channel detected at Tag AI_TK_020
4/24/2026 12:53:27 PM,202,Warning,WT8-GUI,83108055,HM,Overscaled Channel detected at Tag AI_TK_021
4/24/2026 12:53:27 PM,202,Warning,WT8-GUI,83108056,HM,Overscaled Channel detected at Tag AI_TK_022
4/24/2026 12:53:27 PM,202,Warning,WT8-GUI,83108057,HM,Overscaled Channel detected at Tag AI_TK_023
4/24/2026 12:53:27 PM,202,Warning,WT8-GUI,83108058,HM,Overscaled Channel detected at Tag AI_TK_024
4/24/2026 12:53:27 PM,202,Warning,WT8-GUI,83108059,HM,Overscaled Channel detected at Tag AI_TK_025
4/24/2026 12:53:27 PM,202,Warning,WT8-GUI,83108060,HM,Overscaled Channel detected at Tag AI_TK_002
4/24/2026 12:53:27 PM,202,Warning,WT8-GUI,83108061,HM,Overscaled Channel detected at Tag AI_TK_029
4/24/2026 12:53:27 PM,202,Warning,WT8-GUI,83108062,HM,Overscaled Channel detected at Tag AI_TK_030
4/24/2026 12:53:27 PM,202,Warning,WT8-GUI,83108063,HM,Overscaled Channel detected at Tag AI_TK_004
4/24/2026 12:53:27 PM,202,Warning,WT8-GUI,83108064,HM,Overscaled Channel detected at Tag AI_TK_005
4/24/2026 12:53:27 PM,202,Warning,WT8-GUI,83108065,HM,Overscaled Channel detected at Tag AI_TK_006
4/24/2026 12:53:27 PM,202,Warning,WT8-GUI,83108066,HM,Overscaled Channel detected at Tag AI_TK_007
4/24/2026 12:53:27 PM,202,Warning,WT8-GUI,83108067,HM,Overscaled Channel detected at Tag AI_TK_008
4/24/2026 12:53:27 PM,202,Warning,WT8-GUI,83108068,HM,Overscaled Channel detected at Tag AI_Volts_Shunt_010
4/24/2026 12:53:27 PM,202,Warning,WT8-GUI,83108069,HM,Overscaled Channel detected at Tag AI_Volts_Shunt_011
4/24/2026 12:53:27 PM,202,Warning,WT8-GUI,83108070,HM,Overscaled Channel detected at Tag AI_Volts_Shunt_012
4/24/2026 12:53:27 PM,202,Warning,WT8-GUI,83108071,HM,Overscaled Channel detected at Tag AI_Volts_Shunt_013
4/24/2026 12:53:27 PM,202,Warning,WT8-GUI,83108072,HM,Overscaled Channel detected at Tag AI_Volts_Shunt_014
4/24/2026 12:53:27 PM,202,Warning,WT8-GUI,83108073,HM,Overscaled Channel detected at Tag AI_Volts_Shunt_015
4/24/2026 12:53:27 PM,202,Warning,WT8-GUI,83108074,HM,Overscaled Channel detected at Tag AI_Strain_000
4/24/2026 12:53:27 PM,202,Warning,WT8-GUI,83108075,HM,Overscaled Channel detected at Tag AI_Strain_001
4/24/2026 12:53:27 PM,202,Warning,WT8-GUI,83108076,HM,Overscaled Channel detected at Tag AI_Strain_002
4/24/2026 12:53:27 PM,202,Warning,WT8-GUI,83108077,HM,Overscaled Channel detected at Tag AI_Strain_003
4/24/2026 12:53:27 PM,202,Warning,WT8-GUI,83108078,HM,Overscaled Channel detected at Tag AI_Strain_004
4/24/2026 12:53:27 PM,202,Warning,WT8-GUI,83108079,HM,Overscaled Channel detected at Tag AI_Strain_005
4/24/2026 12:53:27 PM,202,Warning,WT8-GUI,83108080,HM,Overscaled Channel detected at Tag AI_Strain_006
4/24/2026 12:53:27 PM,202,Warning,WT8-GUI,83108081,HM,Overscaled Channel detected at Tag AI_Strain_007
4/24/2026 12:53:27 PM,202,Warning,WT8-GUI,83108082,HM,Overscaled Channel detected at Tag AI_TT_000
4/24/2026 12:53:27 PM,202,Warning,WT8-GUI,83108083,HM,Overscaled Channel detected at Tag AI_TT_009
4/24/2026 12:53:27 PM,202,Warning,WT8-GUI,83108084,HM,Overscaled Channel detected at Tag AI_TT_010
4/24/2026 12:53:27 PM,202,Warning,WT8-GUI,83108085,HM,Overscaled Channel detected at Tag AI_TT_011
4/24/2026 12:53:27 PM,202,Warning,WT8-GUI,83108086,HM,Overscaled Channel detected at Tag AI_TT_012
4/24/2026 12:53:27 PM,202,Warning,WT8-GUI,83108087,HM,Overscaled Channel detected at Tag AI_TT_013
4/24/2026 12:53:27 PM,202,Warning,WT8-GUI,83108088,HM,Overscaled Channel detected at Tag AI_TT_014
4/24/2026 12:53:27 PM,202,Warning,WT8-GUI,83108089,HM,Overscaled Channel detected at Tag AI_TT_015
4/24/2026 12:53:27 PM,202,Warning,WT8-GUI,83108090,HM,Overscaled Channel detected at Tag AI_TT_016
4/24/2026 12:53:27 PM,202,Warning,WT8-GUI,83108091,HM,Overscaled Channel detected at Tag AI_TT_017
4/24/2026 12:53:27 PM,202,Warning,WT8-GUI,83108092,HM,Overscaled Channel detected at Tag AI_TT_018
4/24/2026 12:53:27 PM,202,Warning,WT8-GUI,83108093,HM,Overscaled Channel detected at Tag AI_TT_001
4/24/2026 12:53:27 PM,202,Warning,WT8-GUI,83108094,HM,Overscaled Channel detected at Tag AI_TT_019
4/24/2026 12:53:27 PM,202,Warning,WT8-GUI,83108095,HM,Overscaled Channel detected at Tag AI_TT_020
4/24/2026 12:53:27 PM,202,Warning,WT8-GUI,83108096,HM,Overscaled Channel detected at Tag AI_TT_021
4/24/2026 12:53:27 PM,202,Warning,WT8-GUI,83108097,HM,Overscaled Channel detected at Tag AI_TT_022
4/24/2026 12:53:27 PM,202,Warning,WT8-GUI,83108098,HM,Overscaled Channel detected at Tag AI_TT_023
4/24/2026 12:53:27 PM,202,Warning,WT8-GUI,83108099,HM,Overscaled Channel detected at Tag AI_TT_024
4/24/2026 12:53:27 PM,202,Warning,WT8-GUI,83108100,HM,Overscaled Channel detected at Tag AI_TT_025
4/24/2026 12:53:27 PM,202,Warning,WT8-GUI,83108101,HM,Overscaled Channel detected at Tag AI_TT_026
4/24/2026 12:53:27 PM,202,Warning,WT8-GUI,83108102,HM,Overscaled Channel detected at Tag AI_TT_027
4/24/2026 12:53:27 PM,202,Warning,WT8-GUI,83108103,HM,Overscaled Channel detected at Tag AI_TT_028
4/24/2026 12:53:27 PM,202,Warning,WT8-GUI,83108104,HM,Overscaled Channel detected at Tag AI_TT_004
4/24/2026 12:53:27 PM,202,Warning,WT8-GUI,83108105,HM,Overscaled Channel detected at Tag AI_TT_005
4/24/2026 12:53:27 PM,202,Warning,WT8-GUI,83108106,HM,Overscaled Channel detected at Tag AI_TT_006
4/24/2026 12:54:10 PM,301005,Warning,WT8-GUI,83108107,OPC,OPC Server Graybox.Simulator.1 on host localhost has not updated data in 211 minute(s).
4/24/2026 12:54:27 PM,202,Warning,WT8-GUI,83108108,HM,Overscaled Channel detected at Tag AI_Volts_Shunt_000
4/24/2026 12:54:27 PM,202,Warning,WT8-GUI,83108109,HM,Overscaled Channel detected at Tag AI_Volts_Shunt_001
4/24/2026 12:54:27 PM,202,Warning,WT8-GUI,83108110,HM,Overscaled Channel detected at Tag AI_Volts_Shunt_003
4/24/2026 12:54:27 PM,202,Warning,WT8-GUI,83108111,HM,Overscaled Channel detected at Tag AI_Volts_Shunt_004
4/24/2026 12:54:27 PM,202,Warning,WT8-GUI,83108112,HM,Overscaled Channel detected at Tag AI_TT_002
4/24/2026 12:54:27 PM,202,Warning,WT8-GUI,83108113,HM,Overscaled Channel detected at Tag AI_TT_029
4/24/2026 12:54:27 PM,202,Warning,WT8-GUI,83108114,HM,Overscaled Channel detected at Tag AI_TT_030
4/24/2026 12:54:27 PM,202,Warning,WT8-GUI,83108115,HM,Overscaled Channel detected at Tag AI_TK_026
4/24/2026 12:54:27 PM,202,Warning,WT8-GUI,83108116,HM,Overscaled Channel detected at Tag AI_TK_027
4/24/2026 12:54:27 PM,202,Warning,WT8-GUI,83108117,HM,Overscaled Channel detected at Tag AI_TK_028
4/24/2026 12:54:27 PM,202,Warning,WT8-GUI,83108118,HM,Overscaled Channel detected at Tag AI_TK_003
4/24/2026 12:54:27 PM,202,Warning,WT8-GUI,83108119,HM,Overscaled Channel detected at Tag AI_Volts_Shunt_006
4/24/2026 12:54:27 PM,202,Warning,WT8-GUI,83108120,HM,Overscaled Channel detected at Tag AI_Volts_Shunt_007
4/24/2026 12:54:27 PM,202,Warning,WT8-GUI,83108121,HM,Overscaled Channel detected at Tag AI_Volts_Shunt_008
4/24/2026 12:54:27 PM,202,Warning,WT8-GUI,83108122,HM,Overscaled Channel detected at Tag AI_Volts_Shunt_009
4/24/2026 12:54:27 PM,202,Warning,WT8-GUI,83108123,HM,Overscaled Channel detected at Tag AI_TT_003
4/24/2026 12:54:27 PM,202,Warning,WT8-GUI,83108124,HM,Overscaled Channel detected at Tag AI_TT_007
4/24/2026 12:54:27 PM,202,Warning,WT8-GUI,83108125,HM,Overscaled Channel detected at Tag AI_TT_008
4/24/2026 12:54:27 PM,202,Warning,WT8-GUI,83108126,HM,Overscaled Channel detected at Tag AI_TK_000
4/24/2026 12:54:27 PM,202,Warning,WT8-GUI,83108127,HM,Overscaled Channel detected at Tag AI_TK_009
4/24/2026 12:54:27 PM,202,Warning,WT8-GUI,83108128,HM,Overscaled Channel detected at Tag AI_TK_010
4/24/2026 12:54:27 PM,202,Warning,WT8-GUI,83108129,HM,Overscaled Channel detected at Tag AI_TK_011
4/24/2026 12:54:27 PM,202,Warning,WT8-GUI,83108130,HM,Overscaled Channel detected at Tag AI_TK_012
4/24/2026 12:54:27 PM,202,Warning,WT8-GUI,83108131,HM,Overscaled Channel detected at Tag AI_TK_013
4/24/2026 12:54:27 PM,202,Warning,WT8-GUI,83108132,HM,Overscaled Channel detected at Tag AI_TK_014
4/24/2026 12:54:27 PM,202,Warning,WT8-GUI,83108133,HM,Overscaled Channel detected at Tag AI_TK_015
4/24/2026 12:54:27 PM,202,Warning,WT8-GUI,83108134,HM,Overscaled Channel detected at Tag AI_TK_016
4/24/2026 12:54:27 PM,202,Warning,WT8-GUI,83108135,HM,Overscaled Channel detected at Tag AI_TK_017
4/24/2026 12:54:27 PM,202,Warning,WT8-GUI,83108136,HM,Overscaled Channel detected at Tag AI_TK_018
4/24/2026 12:54:27 PM,202,Warning,WT8-GUI,83108137,HM,Overscaled Channel detected at Tag AI_TK_001
4/24/2026 12:54:27 PM,202,Warning,WT8-GUI,83108138,HM,Overscaled Channel detected at Tag AI_TK_019
4/24/2026 12:54:27 PM,202,Warning,WT8-GUI,83108139,HM,Overscaled Channel detected at Tag AI_TK_020
4/24/2026 12:54:27 PM,202,Warning,WT8-GUI,83108140,HM,Overscaled Channel detected at Tag AI_TK_021
4/24/2026 12:54:27 PM,202,Warning,WT8-GUI,83108141,HM,Overscaled Channel detected at Tag AI_TK_022
4/24/2026 12:54:27 PM,202,Warning,WT8-GUI,83108142,HM,Overscaled Channel detected at Tag AI_TK_023
4/24/2026 12:54:27 PM,202,Warning,WT8-GUI,83108143,HM,Overscaled Channel detected at Tag AI_TK_024
4/24/2026 12:54:27 PM,202,Warning,WT8-GUI,83108144,HM,Overscaled Channel detected at Tag AI_TK_025
4/24/2026 12:54:27 PM,202,Warning,WT8-GUI,83108145,HM,Overscaled Channel detected at Tag AI_TK_002
4/24/2026 12:54:27 PM,202,Warning,WT8-GUI,83108146,HM,Overscaled Channel detected at Tag AI_TK_029
4/24/2026 12:54:27 PM,202,Warning,WT8-GUI,83108147,HM,Overscaled Channel detected at Tag AI_TK_030
4/24/2026 12:54:27 PM,202,Warning,WT8-GUI,83108148,HM,Overscaled Channel detected at Tag AI_TK_004
4/24/2026 12:54:27 PM,202,Warning,WT8-GUI,83108149,HM,Overscaled Channel detected at Tag AI_TK_005
4/24/2026 12:54:27 PM,202,Warning,WT8-GUI,83108150,HM,Overscaled Channel detected at Tag AI_TK_006
4/24/2026 12:54:27 PM,202,Warning,WT8-GUI,83108151,HM,Overscaled Channel detected at Tag AI_TK_007
4/24/2026 12:54:27 PM,202,Warning,WT8-GUI,83108152,HM,Overscaled Channel detected at Tag AI_TK_008
4/24/2026 12:54:27 PM,202,Warning,WT8-GUI,83108153,HM,Overscaled Channel detected at Tag AI_Volts_Shunt_010
4/24/2026 12:54:27 PM,202,Warning,WT8-GUI,83108154,HM,Overscaled Channel detected at Tag AI_Volts_Shunt_011
4/24/2026 12:54:27 PM,202,Warning,WT8-GUI,83108155,HM,Overscaled Channel detected at Tag AI_Volts_Shunt_012
4/24/2026 12:54:27 PM,202,Warning,WT8-GUI,83108156,HM,Overscaled Channel detected at Tag AI_Volts_Shunt_013
4/24/2026 12:54:27 PM,202,Warning,WT8-GUI,83108157,HM,Overscaled Channel detected at Tag AI_Volts_Shunt_014
4/24/2026 12:54:27 PM,202,Warning,WT8-GUI,83108158,HM,Overscaled Channel detected at Tag AI_Volts_Shunt_015
4/24/2026 12:54:27 PM,202,Warning,WT8-GUI,83108159,HM,Overscaled Channel detected at Tag AI_Strain_000
4/24/2026 12:54:27 PM,202,Warning,WT8-GUI,83108160,HM,Overscaled Channel detected at Tag AI_Strain_001
4/24/2026 12:54:27 PM,202,Warning,WT8-GUI,83108161,HM,Overscaled Channel detected at Tag AI_Strain_002
4/24/2026 12:54:27 PM,202,Warning,WT8-GUI,83108162,HM,Overscaled Channel detected at Tag AI_Strain_003
4/24/2026 12:54:27 PM,202,Warning,WT8-GUI,83108163,HM,Overscaled Channel detected at Tag AI_Strain_004
4/24/2026 12:54:27 PM,202,Warning,WT8-GUI,83108164,HM,Overscaled Channel detected at Tag AI_Strain_005
4/24/2026 12:54:27 PM,202,Warning,WT8-GUI,83108165,HM,Overscaled Channel detected at Tag AI_Strain_006
4/24/2026 12:54:27 PM,202,Warning,WT8-GUI,83108166,HM,Overscaled Channel detected at Tag AI_Strain_007
4/24/2026 12:54:27 PM,202,Warning,WT8-GUI,83108167,HM,Overscaled Channel detected at Tag AI_TT_000
4/24/2026 12:54:27 PM,202,Warning,WT8-GUI,83108168,HM,Overscaled Channel detected at Tag AI_TT_009
4/24/2026 12:54:27 PM,202,Warning,WT8-GUI,83108169,HM,Overscaled Channel detected at Tag AI_TT_010
4/24/2026 12:54:27 PM,202,Warning,WT8-GUI,83108170,HM,Overscaled Channel detected at Tag AI_TT_011
4/24/2026 12:54:27 PM,202,Warning,WT8-GUI,83108171,HM,Overscaled Channel detected at Tag AI_TT_012
4/24/2026 12:54:27 PM,202,Warning,WT8-GUI,83108172,HM,Overscaled Channel detected at Tag AI_TT_013
4/24/2026 12:54:27 PM,202,Warning,WT8-GUI,83108173,HM,Overscaled Channel detected at Tag AI_TT_014
4/24/2026 12:54:27 PM,202,Warning,WT8-GUI,83108174,HM,Overscaled Channel detected at Tag AI_TT_015
4/24/2026 12:54:27 PM,202,Warning,WT8-GUI,83108175,HM,Overscaled Channel detected at Tag AI_TT_016
4/24/2026 12:54:27 PM,202,Warning,WT8-GUI,83108176,HM,Overscaled Channel detected at Tag AI_TT_017
4/24/2026 12:54:27 PM,202,Warning,WT8-GUI,83108177,HM,Overscaled Channel detected at Tag AI_TT_018
4/24/2026 12:54:27 PM,202,Warning,WT8-GUI,83108178,HM,Overscaled Channel detected at Tag AI_TT_001
4/24/2026 12:54:27 PM,202,Warning,WT8-GUI,83108179,HM,Overscaled Channel detected at Tag AI_TT_019
4/24/2026 12:54:27 PM,202,Warning,WT8-GUI,83108180,HM,Overscaled Channel detected at Tag AI_TT_020
4/24/2026 12:54:27 PM,202,Warning,WT8-GUI,83108181,HM,Overscaled Channel detected at Tag AI_TT_021
4/24/2026 12:54:27 PM,202,Warning,WT8-GUI,83108182,HM,Overscaled Channel detected at Tag AI_TT_022
4/24/2026 12:54:27 PM,202,Warning,WT8-GUI,83108183,HM,Overscaled Channel detected at Tag AI_TT_023
4/24/2026 12:54:27 PM,202,Warning,WT8-GUI,83108184,HM,Overscaled Channel detected at Tag AI_TT_024
4/24/2026 12:54:27 PM,202,Warning,WT8-GUI,83108185,HM,Overscaled Channel detected at Tag AI_TT_025
4/24/2026 12:54:27 PM,202,Warning,WT8-GUI,83108186,HM,Overscaled Channel detected at Tag AI_TT_026
4/24/2026 12:54:27 PM,202,Warning,WT8-GUI,83108187,HM,Overscaled Channel detected at Tag AI_TT_027
4/24/2026 12:54:27 PM,202,Warning,WT8-GUI,83108188,HM,Overscaled Channel detected at Tag AI_TT_028
4/24/2026 12:54:27 PM,202,Warning,WT8-GUI,83108189,HM,Overscaled Channel detected at Tag AI_TT_004
4/24/2026 12:54:27 PM,202,Warning,WT8-GUI,83108190,HM,Overscaled Channel detected at Tag AI_TT_005
4/24/2026 12:54:27 PM,202,Warning,WT8-GUI,83108191,HM,Overscaled Channel detected at Tag AI_TT_006
4/24/2026 12:55:10 PM,301005,Warning,WT8-GUI,83108192,OPC,OPC Server Graybox.Simulator.1 on host localhost has not updated data in 212 minute(s).
4/24/2026 12:55:27 PM,202,Warning,WT8-GUI,83108193,HM,Overscaled Channel detected at Tag AI_Volts_Shunt_000
4/24/2026 12:55:27 PM,202,Warning,WT8-GUI,83108194,HM,Overscaled Channel detected at Tag AI_Volts_Shunt_001
4/24/2026 12:55:27 PM,202,Warning,WT8-GUI,83108195,HM,Overscaled Channel detected at Tag AI_Volts_Shunt_003
4/24/2026 12:55:27 PM,202,Warning,WT8-GUI,83108196,HM,Overscaled Channel detected at Tag AI_Volts_Shunt_004
4/24/2026 12:55:27 PM,202,Warning,WT8-GUI,83108197,HM,Overscaled Channel detected at Tag AI_TT_002
4/24/2026 12:55:27 PM,202,Warning,WT8-GUI,83108198,HM,Overscaled Channel detected at Tag AI_TT_029
4/24/2026 12:55:27 PM,202,Warning,WT8-GUI,83108199,HM,Overscaled Channel detected at Tag AI_TT_030
4/24/2026 12:55:27 PM,202,Warning,WT8-GUI,83108200,HM,Overscaled Channel detected at Tag AI_TK_026
4/24/2026 12:55:27 PM,202,Warning,WT8-GUI,83108201,HM,Overscaled Channel detected at Tag AI_TK_027
4/24/2026 12:55:27 PM,202,Warning,WT8-GUI,83108202,HM,Overscaled Channel detected at Tag AI_TK_028
4/24/2026 12:55:27 PM,202,Warning,WT8-GUI,83108203,HM,Overscaled Channel detected at Tag AI_TK_003
4/24/2026 12:55:27 PM,202,Warning,WT8-GUI,83108204,HM,Overscaled Channel detected at Tag AI_Volts_Shunt_006
4/24/2026 12:55:27 PM,202,Warning,WT8-GUI,83108205,HM,Overscaled Channel detected at Tag AI_Volts_Shunt_007
4/24/2026 12:55:27 PM,202,Warning,WT8-GUI,83108206,HM,Overscaled Channel detected at Tag AI_Volts_Shunt_008
4/24/2026 12:55:27 PM,202,Warning,WT8-GUI,83108207,HM,Overscaled Channel detected at Tag AI_Volts_Shunt_009
4/24/2026 12:55:27 PM,202,Warning,WT8-GUI,83108208,HM,Overscaled Channel detected at Tag AI_TT_003
4/24/2026 12:55:27 PM,202,Warning,WT8-GUI,83108209,HM,Overscaled Channel detected at Tag AI_TT_007
4/24/2026 12:55:27 PM,202,Warning,WT8-GUI,83108210,HM,Overscaled Channel detected at Tag AI_TT_008
4/24/2026 12:55:27 PM,202,Warning,WT8-GUI,83108211,HM,Overscaled Channel detected at Tag AI_TK_000
4/24/2026 12:55:27 PM,202,Warning,WT8-GUI,83108212,HM,Overscaled Channel detected at Tag AI_TK_009
4/24/2026 12:55:27 PM,202,Warning,WT8-GUI,83108213,HM,Overscaled Channel detected at Tag AI_TK_010
4/24/2026 12:55:27 PM,202,Warning,WT8-GUI,83108214,HM,Overscaled Channel detected at Tag AI_TK_011
4/24/2026 12:55:27 PM,202,Warning,WT8-GUI,83108215,HM,Overscaled Channel detected at Tag AI_TK_012
4/24/2026 12:55:27 PM,202,Warning,WT8-GUI,83108216,HM,Overscaled Channel detected at Tag AI_TK_013
4/24/2026 12:55:27 PM,202,Warning,WT8-GUI,83108217,HM,Overscaled Channel detected at Tag AI_TK_014
4/24/2026 12:55:27 PM,202,Warning,WT8-GUI,83108218,HM,Overscaled Channel detected at Tag AI_TK_015
4/24/2026 12:55:27 PM,202,Warning,WT8-GUI,83108219,HM,Overscaled Channel detected at Tag AI_TK_016
4/24/2026 12:55:27 PM,202,Warning,WT8-GUI,83108220,HM,Overscaled Channel detected at Tag AI_TK_017
4/24/2026 12:55:27 PM,202,Warning,WT8-GUI,83108221,HM,Overscaled Channel detected at Tag AI_TK_018
4/24/2026 12:55:27 PM,202,Warning,WT8-GUI,83108222,HM,Overscaled Channel detected at Tag AI_TK_001
4/24/2026 12:55:27 PM,202,Warning,WT8-GUI,83108223,HM,Overscaled Channel detected at Tag AI_TK_019
4/24/2026 12:55:27 PM,202,Warning,WT8-GUI,83108224,HM,Overscaled Channel detected at Tag AI_TK_020
4/24/2026 12:55:27 PM,202,Warning,WT8-GUI,83108225,HM,Overscaled Channel detected at Tag AI_TK_021
4/24/2026 12:55:27 PM,202,Warning,WT8-GUI,83108226,HM,Overscaled Channel detected at Tag AI_TK_022
4/24/2026 12:55:27 PM,202,Warning,WT8-GUI,83108227,HM,Overscaled Channel detected at Tag AI_TK_023
4/24/2026 12:55:27 PM,202,Warning,WT8-GUI,83108228,HM,Overscaled Channel detected at Tag AI_TK_024
4/24/2026 12:55:27 PM,202,Warning,WT8-GUI,83108229,HM,Overscaled Channel detected at Tag AI_TK_025
4/24/2026 12:55:27 PM,202,Warning,WT8-GUI,83108230,HM,Overscaled Channel detected at Tag AI_TK_002
4/24/2026 12:55:27 PM,202,Warning,WT8-GUI,83108231,HM,Overscaled Channel detected at Tag AI_TK_029
4/24/2026 12:55:27 PM,202,Warning,WT8-GUI,83108232,HM,Overscaled Channel detected at Tag AI_TK_030
4/24/2026 12:55:27 PM,202,Warning,WT8-GUI,83108233,HM,Overscaled Channel detected at Tag AI_TK_004
4/24/2026 12:55:27 PM,202,Warning,WT8-GUI,83108234,HM,Overscaled Channel detected at Tag AI_TK_005
4/24/2026 12:55:27 PM,202,Warning,WT8-GUI,83108235,HM,Overscaled Channel detected at Tag AI_TK_006
4/24/2026 12:55:27 PM,202,Warning,WT8-GUI,83108236,HM,Overscaled Channel detected at Tag AI_TK_007
4/24/2026 12:55:27 PM,202,Warning,WT8-GUI,83108237,HM,Overscaled Channel detected at Tag AI_TK_008
4/24/2026 12:55:27 PM,202,Warning,WT8-GUI,83108238,HM,Overscaled Channel detected at Tag AI_Volts_Shunt_010
4/24/2026 12:55:27 PM,202,Warning,WT8-GUI,83108239,HM,Overscaled Channel detected at Tag AI_Volts_Shunt_011
4/24/2026 12:55:27 PM,202,Warning,WT8-GUI,83108240,HM,Overscaled Channel detected at Tag AI_Volts_Shunt_012
4/24/2026 12:55:27 PM,202,Warning,WT8-GUI,83108241,HM,Overscaled Channel detected at Tag AI_Volts_Shunt_013
4/24/2026 12:55:27 PM,202,Warning,WT8-GUI,83108242,HM,Overscaled Channel detected at Tag AI_Volts_Shunt_014
4/24/2026 12:55:27 PM,202,Warning,WT8-GUI,83108243,HM,Overscaled Channel detected at Tag AI_Volts_Shunt_015
4/24/2026 12:55:27 PM,202,Warning,WT8-GUI,83108244,HM,Overscaled Channel detected at Tag AI_Strain_000
4/24/2026 12:55:27 PM,202,Warning,WT8-GUI,83108245,HM,Overscaled Channel detected at Tag AI_Strain_001
4/24/2026 12:55:27 PM,202,Warning,WT8-GUI,83108246,HM,Overscaled Channel detected at Tag AI_Strain_002
4/24/2026 12:55:27 PM,202,Warning,WT8-GUI,83108247,HM,Overscaled Channel detected at Tag AI_Strain_003
4/24/2026 12:55:27 PM,202,Warning,WT8-GUI,83108248,HM,Overscaled Channel detected at Tag AI_Strain_004
4/24/2026 12:55:27 PM,202,Warning,WT8-GUI,83108249,HM,Overscaled Channel detected at Tag AI_Strain_005
4/24/2026 12:55:27 PM,202,Warning,WT8-GUI,83108250,HM,Overscaled Channel detected at Tag AI_Strain_006
4/24/2026 12:55:27 PM,202,Warning,WT8-GUI,83108251,HM,Overscaled Channel detected at Tag AI_Strain_007
4/24/2026 12:55:27 PM,202,Warning,WT8-GUI,83108252,HM,Overscaled Channel detected at Tag AI_TT_000
4/24/2026 12:55:27 PM,202,Warning,WT8-GUI,83108253,HM,Overscaled Channel detected at Tag AI_TT_009
4/24/2026 12:55:27 PM,202,Warning,WT8-GUI,83108254,HM,Overscaled Channel detected at Tag AI_TT_010
4/24/2026 12:55:27 PM,202,Warning,WT8-GUI,83108255,HM,Overscaled Channel detected at Tag AI_TT_011
4/24/2026 12:55:27 PM,202,Warning,WT8-GUI,83108256,HM,Overscaled Channel detected at Tag AI_TT_012
4/24/2026 12:55:27 PM,202,Warning,WT8-GUI,83108257,HM,Overscaled Channel detected at Tag AI_TT_013
4/24/2026 12:55:27 PM,202,Warning,WT8-GUI,83108258,HM,Overscaled Channel detected at Tag AI_TT_014
4/24/2026 12:55:27 PM,202,Warning,WT8-GUI,83108259,HM,Overscaled Channel detected at Tag AI_TT_015
4/24/2026 12:55:27 PM,202,Warning,WT8-GUI,83108260,HM,Overscaled Channel detected at Tag AI_TT_016
4/24/2026 12:55:27 PM,202,Warning,WT8-GUI,83108261,HM,Overscaled Channel detected at Tag AI_TT_017
4/24/2026 12:55:27 PM,202,Warning,WT8-GUI,83108262,HM,Overscaled Channel detected at Tag AI_TT_018
4/24/2026 12:55:27 PM,202,Warning,WT8-GUI,83108263,HM,Overscaled Channel detected at Tag AI_TT_001
4/24/2026 12:55:27 PM,202,Warning,WT8-GUI,83108264,HM,Overscaled Channel detected at Tag AI_TT_019
4/24/2026 12:55:27 PM,202,Warning,WT8-GUI,83108265,HM,Overscaled Channel detected at Tag AI_TT_020
4/24/2026 12:55:27 PM,202,Warning,WT8-GUI,83108266,HM,Overscaled Channel detected at Tag AI_TT_021
4/24/2026 12:55:27 PM,202,Warning,WT8-GUI,83108267,HM,Overscaled Channel detected at Tag AI_TT_022
4/24/2026 12:55:27 PM,202,Warning,WT8-GUI,83108268,HM,Overscaled Channel detected at Tag AI_TT_023
4/24/2026 12:55:27 PM,202,Warning,WT8-GUI,83108269,HM,Overscaled Channel detected at Tag AI_TT_024
4/24/2026 12:55:27 PM,202,Warning,WT8-GUI,83108270,HM,Overscaled Channel detected at Tag AI_TT_025
4/24/2026 12:55:27 PM,202,Warning,WT8-GUI,83108271,HM,Overscaled Channel detected at Tag AI_TT_026
4/24/2026 12:55:27 PM,202,Warning,WT8-GUI,83108272,HM,Overscaled Channel detected at Tag AI_TT_027
4/24/2026 12:55:27 PM,202,Warning,WT8-GUI,83108273,HM,Overscaled Channel detected at Tag AI_TT_028
4/24/2026 12:55:27 PM,202,Warning,WT8-GUI,83108274,HM,Overscaled Channel detected at Tag AI_TT_004
4/24/2026 12:55:27 PM,202,Warning,WT8-GUI,83108275,HM,Overscaled Channel detected at Tag AI_TT_005
4/24/2026 12:55:27 PM,202,Warning,WT8-GUI,83108276,HM,Overscaled Channel detected at Tag AI_TT_006
4/24/2026 12:56:10 PM,301005,Warning,WT8-GUI,83108277,OPC,OPC Server Graybox.Simulator.1 on host localhost has not updated data in 213 minute(s).
4/24/2026 12:56:27 PM,202,Warning,WT8-GUI,83108278,HM,Overscaled Channel detected at Tag AI_Volts_Shunt_000
4/24/2026 12:56:27 PM,202,Warning,WT8-GUI,83108279,HM,Overscaled Channel detected at Tag AI_Volts_Shunt_001
4/24/2026 12:56:27 PM,202,Warning,WT8-GUI,83108280,HM,Overscaled Channel detected at Tag AI_Volts_Shunt_003
4/24/2026 12:56:27 PM,202,Warning,WT8-GUI,83108281,HM,Overscaled Channel detected at Tag AI_Volts_Shunt_004
4/24/2026 12:56:27 PM,202,Warning,WT8-GUI,83108282,HM,Overscaled Channel detected at Tag AI_TT_002
4/24/2026 12:56:27 PM,202,Warning,WT8-GUI,83108283,HM,Overscaled Channel detected at Tag AI_TT_029
4/24/2026 12:56:27 PM,202,Warning,WT8-GUI,83108284,HM,Overscaled Channel detected at Tag AI_TT_030
4/24/2026 12:56:27 PM,202,Warning,WT8-GUI,83108285,HM,Overscaled Channel detected at Tag AI_TK_026
4/24/2026 12:56:27 PM,202,Warning,WT8-GUI,83108286,HM,Overscaled Channel detected at Tag AI_TK_027
4/24/2026 12:56:27 PM,202,Warning,WT8-GUI,83108287,HM,Overscaled Channel detected at Tag AI_TK_028
4/24/2026 12:56:27 PM,202,Warning,WT8-GUI,83108288,HM,Overscaled Channel detected at Tag AI_TK_003
4/24/2026 12:56:27 PM,202,Warning,WT8-GUI,83108289,HM,Overscaled Channel detected at Tag AI_TT_003
4/24/2026 12:56:27 PM,202,Warning,WT8-GUI,83108290,HM,Overscaled Channel detected at Tag AI_Volts_Shunt_006
4/24/2026 12:56:27 PM,202,Warning,WT8-GUI,83108291,HM,Overscaled Channel detected at Tag AI_Volts_Shunt_007
4/24/2026 12:56:27 PM,202,Warning,WT8-GUI,83108292,HM,Overscaled Channel detected at Tag AI_Volts_Shunt_008
4/24/2026 12:56:27 PM,202,Warning,WT8-GUI,83108293,HM,Overscaled Channel detected at Tag AI_Volts_Shunt_009
4/24/2026 12:56:27 PM,202,Warning,WT8-GUI,83108294,HM,Overscaled Channel detected at Tag AI_TT_007
4/24/2026 12:56:27 PM,202,Warning,WT8-GUI,83108295,HM,Overscaled Channel detected at Tag AI_TT_008
4/24/2026 12:56:27 PM,202,Warning,WT8-GUI,83108296,HM,Overscaled Channel detected at Tag AI_TK_000
4/24/2026 12:56:27 PM,202,Warning,WT8-GUI,83108297,HM,Overscaled Channel detected at Tag AI_TK_009
4/24/2026 12:56:27 PM,202,Warning,WT8-GUI,83108298,HM,Overscaled Channel detected at Tag AI_TK_010
4/24/2026 12:56:27 PM,202,Warning,WT8-GUI,83108299,HM,Overscaled Channel detected at Tag AI_TK_011
4/24/2026 12:56:27 PM,202,Warning,WT8-GUI,83108300,HM,Overscaled Channel detected at Tag AI_TK_012
4/24/2026 12:56:27 PM,202,Warning,WT8-GUI,83108301,HM,Overscaled Channel detected at Tag AI_TK_013
4/24/2026 12:56:27 PM,202,Warning,WT8-GUI,83108302,HM,Overscaled Channel detected at Tag AI_TK_014
4/24/2026 12:56:27 PM,202,Warning,WT8-GUI,83108303,HM,Overscaled Channel detected at Tag AI_TK_015
4/24/2026 12:56:27 PM,202,Warning,WT8-GUI,83108304,HM,Overscaled Channel detected at Tag AI_TK_016
4/24/2026 12:56:27 PM,202,Warning,WT8-GUI,83108305,HM,Overscaled Channel detected at Tag AI_TK_017
4/24/2026 12:56:27 PM,202,Warning,WT8-GUI,83108306,HM,Overscaled Channel detected at Tag AI_TK_018
4/24/2026 12:56:27 PM,202,Warning,WT8-GUI,83108307,HM,Overscaled Channel detected at Tag AI_TK_001
4/24/2026 12:56:27 PM,202,Warning,WT8-GUI,83108308,HM,Overscaled Channel detected at Tag AI_TK_019
4/24/2026 12:56:27 PM,202,Warning,WT8-GUI,83108309,HM,Overscaled Channel detected at Tag AI_TK_020
4/24/2026 12:56:27 PM,202,Warning,WT8-GUI,83108310,HM,Overscaled Channel detected at Tag AI_TK_021
4/24/2026 12:56:27 PM,202,Warning,WT8-GUI,83108311,HM,Overscaled Channel detected at Tag AI_TK_022
4/24/2026 12:56:27 PM,202,Warning,WT8-GUI,83108312,HM,Overscaled Channel detected at Tag AI_TK_023
4/24/2026 12:56:27 PM,202,Warning,WT8-GUI,83108313,HM,Overscaled Channel detected at Tag AI_TK_024
4/24/2026 12:56:27 PM,202,Warning,WT8-GUI,83108314,HM,Overscaled Channel detected at Tag AI_TK_025
4/24/2026 12:56:27 PM,202,Warning,WT8-GUI,83108315,HM,Overscaled Channel detected at Tag AI_TK_002
4/24/2026 12:56:27 PM,202,Warning,WT8-GUI,83108316,HM,Overscaled Channel detected at Tag AI_TK_029
4/24/2026 12:56:27 PM,202,Warning,WT8-GUI,83108317,HM,Overscaled Channel detected at Tag AI_TK_030
4/24/2026 12:56:27 PM,202,Warning,WT8-GUI,83108318,HM,Overscaled Channel detected at Tag AI_TK_004
4/24/2026 12:56:27 PM,202,Warning,WT8-GUI,83108319,HM,Overscaled Channel detected at Tag AI_TK_005
4/24/2026 12:56:27 PM,202,Warning,WT8-GUI,83108320,HM,Overscaled Channel detected at Tag AI_TK_006
4/24/2026 12:56:27 PM,202,Warning,WT8-GUI,83108321,HM,Overscaled Channel detected at Tag AI_TK_007
4/24/2026 12:56:27 PM,202,Warning,WT8-GUI,83108322,HM,Overscaled Channel detected at Tag AI_TK_008
4/24/2026 12:56:27 PM,202,Warning,WT8-GUI,83108323,HM,Overscaled Channel detected at Tag AI_Volts_Shunt_010
4/24/2026 12:56:27 PM,202,Warning,WT8-GUI,83108324,HM,Overscaled Channel detected at Tag AI_Volts_Shunt_011
4/24/2026 12:56:27 PM,202,Warning,WT8-GUI,83108325,HM,Overscaled Channel detected at Tag AI_Volts_Shunt_012
4/24/2026 12:56:27 PM,202,Warning,WT8-GUI,83108326,HM,Overscaled Channel detected at Tag AI_Volts_Shunt_013
4/24/2026 12:56:27 PM,202,Warning,WT8-GUI,83108327,HM,Overscaled Channel detected at Tag AI_Volts_Shunt_014
4/24/2026 12:56:27 PM,202,Warning,WT8-GUI,83108328,HM,Overscaled Channel detected at Tag AI_Volts_Shunt_015
4/24/2026 12:56:27 PM,202,Warning,WT8-GUI,83108329,HM,Overscaled Channel detected at Tag AI_Strain_000
4/24/2026 12:56:27 PM,202,Warning,WT8-GUI,83108330,HM,Overscaled Channel detected at Tag AI_Strain_001
4/24/2026 12:56:27 PM,202,Warning,WT8-GUI,83108331,HM,Overscaled Channel detected at Tag AI_Strain_002
4/24/2026 12:56:27 PM,202,Warning,WT8-GUI,83108332,HM,Overscaled Channel detected at Tag AI_Strain_003
4/24/2026 12:56:27 PM,202,Warning,WT8-GUI,83108333,HM,Overscaled Channel detected at Tag AI_Strain_004
4/24/2026 12:56:27 PM,202,Warning,WT8-GUI,83108334,HM,Overscaled Channel detected at Tag AI_Strain_005
4/24/2026 12:56:27 PM,202,Warning,WT8-GUI,83108335,HM,Overscaled Channel detected at Tag AI_Strain_006
4/24/2026 12:56:27 PM,202,Warning,WT8-GUI,83108336,HM,Overscaled Channel detected at Tag AI_Strain_007
4/24/2026 12:56:27 PM,202,Warning,WT8-GUI,83108337,HM,Overscaled Channel detected at Tag AI_TT_000
4/24/2026 12:56:27 PM,202,Warning,WT8-GUI,83108338,HM,Overscaled Channel detected at Tag AI_TT_009
4/24/2026 12:56:27 PM,202,Warning,WT8-GUI,83108339,HM,Overscaled Channel detected at Tag AI_TT_010
4/24/2026 12:56:27 PM,202,Warning,WT8-GUI,83108340,HM,Overscaled Channel detected at Tag AI_TT_011
4/24/2026 12:56:27 PM,202,Warning,WT8-GUI,83108341,HM,Overscaled Channel detected at Tag AI_TT_012
4/24/2026 12:56:27 PM,202,Warning,WT8-GUI,83108342,HM,Overscaled Channel detected at Tag AI_TT_013
4/24/2026 12:56:27 PM,202,Warning,WT8-GUI,83108343,HM,Overscaled Channel detected at Tag AI_TT_014
4/24/2026 12:56:27 PM,202,Warning,WT8-GUI,83108344,HM,Overscaled Channel detected at Tag AI_TT_015
4/24/2026 12:56:27 PM,202,Warning,WT8-GUI,83108345,HM,Overscaled Channel detected at Tag AI_TT_016
4/24/2026 12:56:27 PM,202,Warning,WT8-GUI,83108346,HM,Overscaled Channel detected at Tag AI_TT_017
4/24/2026 12:56:27 PM,202,Warning,WT8-GUI,83108347,HM,Overscaled Channel detected at Tag AI_TT_018
4/24/2026 12:56:27 PM,202,Warning,WT8-GUI,83108348,HM,Overscaled Channel detected at Tag AI_TT_001
4/24/2026 12:56:27 PM,202,Warning,WT8-GUI,83108349,HM,Overscaled Channel detected at Tag AI_TT_019
4/24/2026 12:56:27 PM,202,Warning,WT8-GUI,83108350,HM,Overscaled Channel detected at Tag AI_TT_020
4/24/2026 12:56:27 PM,202,Warning,WT8-GUI,83108351,HM,Overscaled Channel detected at Tag AI_TT_021
4/24/2026 12:56:27 PM,202,Warning,WT8-GUI,83108352,HM,Overscaled Channel detected at Tag AI_TT_022
4/24/2026 12:56:27 PM,202,Warning,WT8-GUI,83108353,HM,Overscaled Channel detected at Tag AI_TT_023
4/24/2026 12:56:27 PM,202,Warning,WT8-GUI,83108354,HM,Overscaled Channel detected at Tag AI_TT_024
4/24/2026 12:56:27 PM,202,Warning,WT8-GUI,83108355,HM,Overscaled Channel detected at Tag AI_TT_025
4/24/2026 12:56:27 PM,202,Warning,WT8-GUI,83108356,HM,Overscaled Channel detected at Tag AI_TT_026
4/24/2026 12:56:27 PM,202,Warning,WT8-GUI,83108357,HM,Overscaled Channel detected at Tag AI_TT_027
4/24/2026 12:56:27 PM,202,Warning,WT8-GUI,83108358,HM,Overscaled Channel detected at Tag AI_TT_028
4/24/2026 12:56:27 PM,202,Warning,WT8-GUI,83108359,HM,Overscaled Channel detected at Tag AI_TT_004
4/24/2026 12:56:27 PM,202,Warning,WT8-GUI,83108360,HM,Overscaled Channel detected at Tag AI_TT_005
4/24/2026 12:56:27 PM,202,Warning,WT8-GUI,83108361,HM,Overscaled Channel detected at Tag AI_TT_006
4/24/2026 12:57:10 PM,301005,Warning,WT8-GUI,83108362,OPC,OPC Server Graybox.Simulator.1 on host localhost has not updated data in 214 minute(s).
4/24/2026 12:57:27 PM,202,Warning,WT8-GUI,83108363,HM,Overscaled Channel detected at Tag AI_Volts_Shunt_000
4/24/2026 12:57:27 PM,202,Warning,WT8-GUI,83108364,HM,Overscaled Channel detected at Tag AI_Volts_Shunt_001
4/24/2026 12:57:27 PM,202,Warning,WT8-GUI,83108365,HM,Overscaled Channel detected at Tag AI_Volts_Shunt_003
4/24/2026 12:57:27 PM,202,Warning,WT8-GUI,83108366,HM,Overscaled Channel detected at Tag AI_Volts_Shunt_004
4/24/2026 12:57:27 PM,202,Warning,WT8-GUI,83108367,HM,Overscaled Channel detected at Tag AI_TK_026
4/24/2026 12:57:27 PM,202,Warning,WT8-GUI,83108368,HM,Overscaled Channel detected at Tag AI_TK_027
4/24/2026 12:57:27 PM,202,Warning,WT8-GUI,83108369,HM,Overscaled Channel detected at Tag AI_TK_028
4/24/2026 12:57:27 PM,202,Warning,WT8-GUI,83108370,HM,Overscaled Channel detected at Tag AI_TK_003
4/24/2026 12:57:27 PM,202,Warning,WT8-GUI,83108371,HM,Overscaled Channel detected at Tag AI_TT_002
4/24/2026 12:57:27 PM,202,Warning,WT8-GUI,83108372,HM,Overscaled Channel detected at Tag AI_TT_029
4/24/2026 12:57:27 PM,202,Warning,WT8-GUI,83108373,HM,Overscaled Channel detected at Tag AI_TT_030
4/24/2026 12:57:27 PM,202,Warning,WT8-GUI,83108374,HM,Overscaled Channel detected at Tag AI_TT_003
4/24/2026 12:57:27 PM,202,Warning,WT8-GUI,83108375,HM,Overscaled Channel detected at Tag AI_Volts_Shunt_006
4/24/2026 12:57:27 PM,202,Warning,WT8-GUI,83108376,HM,Overscaled Channel detected at Tag AI_Volts_Shunt_007
4/24/2026 12:57:27 PM,202,Warning,WT8-GUI,83108377,HM,Overscaled Channel detected at Tag AI_Volts_Shunt_008
4/24/2026 12:57:27 PM,202,Warning,WT8-GUI,83108378,HM,Overscaled Channel detected at Tag AI_Volts_Shunt_009
4/24/2026 12:57:27 PM,202,Warning,WT8-GUI,83108379,HM,Overscaled Channel detected at Tag AI_TT_007
4/24/2026 12:57:27 PM,202,Warning,WT8-GUI,83108380,HM,Overscaled Channel detected at Tag AI_TT_008
4/24/2026 12:57:27 PM,202,Warning,WT8-GUI,83108381,HM,Overscaled Channel detected at Tag AI_TK_000
4/24/2026 12:57:27 PM,202,Warning,WT8-GUI,83108382,HM,Overscaled Channel detected at Tag AI_TK_009
4/24/2026 12:57:27 PM,202,Warning,WT8-GUI,83108383,HM,Overscaled Channel detected at Tag AI_TK_010
4/24/2026 12:57:27 PM,202,Warning,WT8-GUI,83108384,HM,Overscaled Channel detected at Tag AI_TK_011
4/24/2026 12:57:27 PM,202,Warning,WT8-GUI,83108385,HM,Overscaled Channel detected at Tag AI_TK_012
4/24/2026 12:57:27 PM,202,Warning,WT8-GUI,83108386,HM,Overscaled Channel detected at Tag AI_TK_013
4/24/2026 12:57:27 PM,202,Warning,WT8-GUI,83108387,HM,Overscaled Channel detected at Tag AI_TK_014
4/24/2026 12:57:27 PM,202,Warning,WT8-GUI,83108388,HM,Overscaled Channel detected at Tag AI_TK_015
4/24/2026 12:57:27 PM,202,Warning,WT8-GUI,83108389,HM,Overscaled Channel detected at Tag AI_TK_016
4/24/2026 12:57:27 PM,202,Warning,WT8-GUI,83108390,HM,Overscaled Channel detected at Tag AI_TK_017
4/24/2026 12:57:27 PM,202,Warning,WT8-GUI,83108391,HM,Overscaled Channel detected at Tag AI_TK_018
4/24/2026 12:57:27 PM,202,Warning,WT8-GUI,83108392,HM,Overscaled Channel detected at Tag AI_TK_001
4/24/2026 12:57:27 PM,202,Warning,WT8-GUI,83108393,HM,Overscaled Channel detected at Tag AI_TK_019
4/24/2026 12:57:27 PM,202,Warning,WT8-GUI,83108394,HM,Overscaled Channel detected at Tag AI_TK_020
4/24/2026 12:57:27 PM,202,Warning,WT8-GUI,83108395,HM,Overscaled Channel detected at Tag AI_TK_021
4/24/2026 12:57:27 PM,202,Warning,WT8-GUI,83108396,HM,Overscaled Channel detected at Tag AI_TK_022
4/24/2026 12:57:27 PM,202,Warning,WT8-GUI,83108397,HM,Overscaled Channel detected at Tag AI_TK_023
4/24/2026 12:57:27 PM,202,Warning,WT8-GUI,83108398,HM,Overscaled Channel detected at Tag AI_TK_024
4/24/2026 12:57:27 PM,202,Warning,WT8-GUI,83108399,HM,Overscaled Channel detected at Tag AI_TK_025
4/24/2026 12:57:27 PM,202,Warning,WT8-GUI,83108400,HM,Overscaled Channel detected at Tag AI_TK_002
4/24/2026 12:57:27 PM,202,Warning,WT8-GUI,83108401,HM,Overscaled Channel detected at Tag AI_TK_029
4/24/2026 12:57:27 PM,202,Warning,WT8-GUI,83108402,HM,Overscaled Channel detected at Tag AI_TK_030
4/24/2026 12:57:27 PM,202,Warning,WT8-GUI,83108403,HM,Overscaled Channel detected at Tag AI_TK_004
4/24/2026 12:57:27 PM,202,Warning,WT8-GUI,83108404,HM,Overscaled Channel detected at Tag AI_TK_005
4/24/2026 12:57:27 PM,202,Warning,WT8-GUI,83108405,HM,Overscaled Channel detected at Tag AI_TK_006
4/24/2026 12:57:27 PM,202,Warning,WT8-GUI,83108406,HM,Overscaled Channel detected at Tag AI_TK_007
4/24/2026 12:57:27 PM,202,Warning,WT8-GUI,83108407,HM,Overscaled Channel detected at Tag AI_TK_008
4/24/2026 12:57:27 PM,202,Warning,WT8-GUI,83108408,HM,Overscaled Channel detected at Tag AI_Volts_Shunt_010
4/24/2026 12:57:27 PM,202,Warning,WT8-GUI,83108409,HM,Overscaled Channel detected at Tag AI_Volts_Shunt_011
4/24/2026 12:57:27 PM,202,Warning,WT8-GUI,83108410,HM,Overscaled Channel detected at Tag AI_Volts_Shunt_012
4/24/2026 12:57:27 PM,202,Warning,WT8-GUI,83108411,HM,Overscaled Channel detected at Tag AI_Volts_Shunt_013
4/24/2026 12:57:27 PM,202,Warning,WT8-GUI,83108412,HM,Overscaled Channel detected at Tag AI_Volts_Shunt_014
4/24/2026 12:57:27 PM,202,Warning,WT8-GUI,83108413,HM,Overscaled Channel detected at Tag AI_Volts_Shunt_015
4/24/2026 12:57:27 PM,202,Warning,WT8-GUI,83108414,HM,Overscaled Channel detected at Tag AI_Strain_000
4/24/2026 12:57:27 PM,202,Warning,WT8-GUI,83108415,HM,Overscaled Channel detected at Tag AI_Strain_001
4/24/2026 12:57:27 PM,202,Warning,WT8-GUI,83108416,HM,Overscaled Channel detected at Tag AI_Strain_002
4/24/2026 12:57:27 PM,202,Warning,WT8-GUI,83108417,HM,Overscaled Channel detected at Tag AI_Strain_003
4/24/2026 12:57:27 PM,202,Warning,WT8-GUI,83108418,HM,Overscaled Channel detected at Tag AI_Strain_004
4/24/2026 12:57:27 PM,202,Warning,WT8-GUI,83108419,HM,Overscaled Channel detected at Tag AI_Strain_005
4/24/2026 12:57:27 PM,202,Warning,WT8-GUI,83108420,HM,Overscaled Channel detected at Tag AI_Strain_006
4/24/2026 12:57:27 PM,202,Warning,WT8-GUI,83108421,HM,Overscaled Channel detected at Tag AI_Strain_007
4/24/2026 12:57:27 PM,202,Warning,WT8-GUI,83108422,HM,Overscaled Channel detected at Tag AI_TT_000
4/24/2026 12:57:27 PM,202,Warning,WT8-GUI,83108423,HM,Overscaled Channel detected at Tag AI_TT_009
4/24/2026 12:57:27 PM,202,Warning,WT8-GUI,83108424,HM,Overscaled Channel detected at Tag AI_TT_010
4/24/2026 12:57:27 PM,202,Warning,WT8-GUI,83108425,HM,Overscaled Channel detected at Tag AI_TT_011
4/24/2026 12:57:27 PM,202,Warning,WT8-GUI,83108426,HM,Overscaled Channel detected at Tag AI_TT_012
4/24/2026 12:57:27 PM,202,Warning,WT8-GUI,83108427,HM,Overscaled Channel detected at Tag AI_TT_013
4/24/2026 12:57:27 PM,202,Warning,WT8-GUI,83108428,HM,Overscaled Channel detected at Tag AI_TT_014
4/24/2026 12:57:27 PM,202,Warning,WT8-GUI,83108429,HM,Overscaled Channel detected at Tag AI_TT_015
4/24/2026 12:57:27 PM,202,Warning,WT8-GUI,83108430,HM,Overscaled Channel detected at Tag AI_TT_016
4/24/2026 12:57:27 PM,202,Warning,WT8-GUI,83108431,HM,Overscaled Channel detected at Tag AI_TT_017
4/24/2026 12:57:27 PM,202,Warning,WT8-GUI,83108432,HM,Overscaled Channel detected at Tag AI_TT_018
4/24/2026 12:57:27 PM,202,Warning,WT8-GUI,83108433,HM,Overscaled Channel detected at Tag AI_TT_001
4/24/2026 12:57:27 PM,202,Warning,WT8-GUI,83108434,HM,Overscaled Channel detected at Tag AI_TT_019
4/24/2026 12:57:27 PM,202,Warning,WT8-GUI,83108435,HM,Overscaled Channel detected at Tag AI_TT_020
4/24/2026 12:57:27 PM,202,Warning,WT8-GUI,83108436,HM,Overscaled Channel detected at Tag AI_TT_021
4/24/2026 12:57:27 PM,202,Warning,WT8-GUI,83108437,HM,Overscaled Channel detected at Tag AI_TT_022
4/24/2026 12:57:27 PM,202,Warning,WT8-GUI,83108438,HM,Overscaled Channel detected at Tag AI_TT_023
4/24/2026 12:57:27 PM,202,Warning,WT8-GUI,83108439,HM,Overscaled Channel detected at Tag AI_TT_024
4/24/2026 12:57:27 PM,202,Warning,WT8-GUI,83108440,HM,Overscaled Channel detected at Tag AI_TT_025
4/24/2026 12:57:27 PM,202,Warning,WT8-GUI,83108441,HM,Overscaled Channel detected at Tag AI_TT_026
4/24/2026 12:57:27 PM,202,Warning,WT8-GUI,83108442,HM,Overscaled Channel detected at Tag AI_TT_027
4/24/2026 12:57:27 PM,202,Warning,WT8-GUI,83108443,HM,Overscaled Channel detected at Tag AI_TT_028
4/24/2026 12:57:27 PM,202,Warning,WT8-GUI,83108444,HM,Overscaled Channel detected at Tag AI_TT_004
4/24/2026 12:57:27 PM,202,Warning,WT8-GUI,83108445,HM,Overscaled Channel detected at Tag AI_TT_005
4/24/2026 12:57:27 PM,202,Warning,WT8-GUI,83108446,HM,Overscaled Channel detected at Tag AI_TT_006
4/24/2026 12:58:10 PM,301005,Warning,WT8-GUI,83108447,OPC,OPC Server Graybox.Simulator.1 on host localhost has not updated data in 215 minute(s).
4/24/2026 12:58:27 PM,202,Warning,WT8-GUI,83108448,HM,Overscaled Channel detected at Tag AI_Volts_Shunt_000
4/24/2026 12:58:27 PM,202,Warning,WT8-GUI,83108449,HM,Overscaled Channel detected at Tag AI_Volts_Shunt_001
4/24/2026 12:58:27 PM,202,Warning,WT8-GUI,83108450,HM,Overscaled Channel detected at Tag AI_Volts_Shunt_003
4/24/2026 12:58:27 PM,202,Warning,WT8-GUI,83108451,HM,Overscaled Channel detected at Tag AI_Volts_Shunt_004
4/24/2026 12:58:27 PM,202,Warning,WT8-GUI,83108452,HM,Overscaled Channel detected at Tag AI_TK_026
4/24/2026 12:58:27 PM,202,Warning,WT8-GUI,83108453,HM,Overscaled Channel detected at Tag AI_TK_027
4/24/2026 12:58:27 PM,202,Warning,WT8-GUI,83108454,HM,Overscaled Channel detected at Tag AI_TK_028
4/24/2026 12:58:27 PM,202,Warning,WT8-GUI,83108455,HM,Overscaled Channel detected at Tag AI_TK_003
4/24/2026 12:58:27 PM,202,Warning,WT8-GUI,83108456,HM,Overscaled Channel detected at Tag AI_TT_002
4/24/2026 12:58:27 PM,202,Warning,WT8-GUI,83108457,HM,Overscaled Channel detected at Tag AI_TT_029
4/24/2026 12:58:27 PM,202,Warning,WT8-GUI,83108458,HM,Overscaled Channel detected at Tag AI_TT_030
4/24/2026 12:58:27 PM,202,Warning,WT8-GUI,83108459,HM,Overscaled Channel detected at Tag AI_TT_003
4/24/2026 12:58:27 PM,202,Warning,WT8-GUI,83108460,HM,Overscaled Channel detected at Tag AI_TT_007
4/24/2026 12:58:27 PM,202,Warning,WT8-GUI,83108461,HM,Overscaled Channel detected at Tag AI_TT_008
4/24/2026 12:58:27 PM,202,Warning,WT8-GUI,83108462,HM,Overscaled Channel detected at Tag AI_Volts_Shunt_006
4/24/2026 12:58:27 PM,202,Warning,WT8-GUI,83108463,HM,Overscaled Channel detected at Tag AI_Volts_Shunt_007
4/24/2026 12:58:27 PM,202,Warning,WT8-GUI,83108464,HM,Overscaled Channel detected at Tag AI_Volts_Shunt_008
4/24/2026 12:58:27 PM,202,Warning,WT8-GUI,83108465,HM,Overscaled Channel detected at Tag AI_Volts_Shunt_009
4/24/2026 12:58:27 PM,202,Warning,WT8-GUI,83108466,HM,Overscaled Channel detected at Tag AI_TK_000
4/24/2026 12:58:27 PM,202,Warning,WT8-GUI,83108467,HM,Overscaled Channel detected at Tag AI_TK_009
4/24/2026 12:58:27 PM,202,Warning,WT8-GUI,83108468,HM,Overscaled Channel detected at Tag AI_TK_010
4/24/2026 12:58:27 PM,202,Warning,WT8-GUI,83108469,HM,Overscaled Channel detected at Tag AI_TK_011
4/24/2026 12:58:27 PM,202,Warning,WT8-GUI,83108470,HM,Overscaled Channel detected at Tag AI_TK_012
4/24/2026 12:58:27 PM,202,Warning,WT8-GUI,83108471,HM,Overscaled Channel detected at Tag AI_TK_013
4/24/2026 12:58:27 PM,202,Warning,WT8-GUI,83108472,HM,Overscaled Channel detected at Tag AI_TK_014
4/24/2026 12:58:27 PM,202,Warning,WT8-GUI,83108473,HM,Overscaled Channel detected at Tag AI_TK_015
4/24/2026 12:58:27 PM,202,Warning,WT8-GUI,83108474,HM,Overscaled Channel detected at Tag AI_TK_016
4/24/2026 12:58:27 PM,202,Warning,WT8-GUI,83108475,HM,Overscaled Channel detected at Tag AI_TK_017
4/24/2026 12:58:27 PM,202,Warning,WT8-GUI,83108476,HM,Overscaled Channel detected at Tag AI_TK_018
4/24/2026 12:58:27 PM,202,Warning,WT8-GUI,83108477,HM,Overscaled Channel detected at Tag AI_TK_001
4/24/2026 12:58:27 PM,202,Warning,WT8-GUI,83108478,HM,Overscaled Channel detected at Tag AI_TK_019
4/24/2026 12:58:27 PM,202,Warning,WT8-GUI,83108479,HM,Overscaled Channel detected at Tag AI_TK_020
4/24/2026 12:58:27 PM,202,Warning,WT8-GUI,83108480,HM,Overscaled Channel detected at Tag AI_TK_021
4/24/2026 12:58:27 PM,202,Warning,WT8-GUI,83108481,HM,Overscaled Channel detected at Tag AI_TK_022
4/24/2026 12:58:27 PM,202,Warning,WT8-GUI,83108482,HM,Overscaled Channel detected at Tag AI_TK_023
4/24/2026 12:58:27 PM,202,Warning,WT8-GUI,83108483,HM,Overscaled Channel detected at Tag AI_TK_024
4/24/2026 12:58:27 PM,202,Warning,WT8-GUI,83108484,HM,Overscaled Channel detected at Tag AI_TK_025
4/24/2026 12:58:27 PM,202,Warning,WT8-GUI,83108485,HM,Overscaled Channel detected at Tag AI_TK_002
4/24/2026 12:58:27 PM,202,Warning,WT8-GUI,83108486,HM,Overscaled Channel detected at Tag AI_TK_029
4/24/2026 12:58:27 PM,202,Warning,WT8-GUI,83108487,HM,Overscaled Channel detected at Tag AI_TK_030
4/24/2026 12:58:27 PM,202,Warning,WT8-GUI,83108488,HM,Overscaled Channel detected at Tag AI_TK_004
4/24/2026 12:58:27 PM,202,Warning,WT8-GUI,83108489,HM,Overscaled Channel detected at Tag AI_TK_005
4/24/2026 12:58:27 PM,202,Warning,WT8-GUI,83108490,HM,Overscaled Channel detected at Tag AI_TK_006
4/24/2026 12:58:27 PM,202,Warning,WT8-GUI,83108491,HM,Overscaled Channel detected at Tag AI_TK_007
4/24/2026 12:58:27 PM,202,Warning,WT8-GUI,83108492,HM,Overscaled Channel detected at Tag AI_TK_008
4/24/2026 12:58:27 PM,202,Warning,WT8-GUI,83108493,HM,Overscaled Channel detected at Tag AI_Volts_Shunt_010
4/24/2026 12:58:27 PM,202,Warning,WT8-GUI,83108494,HM,Overscaled Channel detected at Tag AI_Volts_Shunt_011
4/24/2026 12:58:27 PM,202,Warning,WT8-GUI,83108495,HM,Overscaled Channel detected at Tag AI_Volts_Shunt_012
4/24/2026 12:58:27 PM,202,Warning,WT8-GUI,83108496,HM,Overscaled Channel detected at Tag AI_Volts_Shunt_013
4/24/2026 12:58:27 PM,202,Warning,WT8-GUI,83108497,HM,Overscaled Channel detected at Tag AI_Volts_Shunt_014
4/24/2026 12:58:27 PM,202,Warning,WT8-GUI,83108498,HM,Overscaled Channel detected at Tag AI_Volts_Shunt_015
4/24/2026 12:58:27 PM,202,Warning,WT8-GUI,83108499,HM,Overscaled Channel detected at Tag AI_Strain_000
4/24/2026 12:58:27 PM,202,Warning,WT8-GUI,83108500,HM,Overscaled Channel detected at Tag AI_Strain_001
4/24/2026 12:58:27 PM,202,Warning,WT8-GUI,83108501,HM,Overscaled Channel detected at Tag AI_Strain_002
4/24/2026 12:58:27 PM,202,Warning,WT8-GUI,83108502,HM,Overscaled Channel detected at Tag AI_Strain_003
4/24/2026 12:58:27 PM,202,Warning,WT8-GUI,83108503,HM,Overscaled Channel detected at Tag AI_Strain_004
4/24/2026 12:58:27 PM,202,Warning,WT8-GUI,83108504,HM,Overscaled Channel detected at Tag AI_Strain_005
4/24/2026 12:58:27 PM,202,Warning,WT8-GUI,83108505,HM,Overscaled Channel detected at Tag AI_Strain_006
4/24/2026 12:58:27 PM,202,Warning,WT8-GUI,83108506,HM,Overscaled Channel detected at Tag AI_Strain_007
4/24/2026 12:58:27 PM,202,Warning,WT8-GUI,83108507,HM,Overscaled Channel detected at Tag AI_TT_000
4/24/2026 12:58:27 PM,202,Warning,WT8-GUI,83108508,HM,Overscaled Channel detected at Tag AI_TT_009
4/24/2026 12:58:27 PM,202,Warning,WT8-GUI,83108509,HM,Overscaled Channel detected at Tag AI_TT_010
4/24/2026 12:58:27 PM,202,Warning,WT8-GUI,83108510,HM,Overscaled Channel detected at Tag AI_TT_011
4/24/2026 12:58:27 PM,202,Warning,WT8-GUI,83108511,HM,Overscaled Channel detected at Tag AI_TT_012
4/24/2026 12:58:27 PM,202,Warning,WT8-GUI,83108512,HM,Overscaled Channel detected at Tag AI_TT_013
4/24/2026 12:58:27 PM,202,Warning,WT8-GUI,83108513,HM,Overscaled Channel detected at Tag AI_TT_014
4/24/2026 12:58:27 PM,202,Warning,WT8-GUI,83108514,HM,Overscaled Channel detected at Tag AI_TT_015
4/24/2026 12:58:27 PM,202,Warning,WT8-GUI,83108515,HM,Overscaled Channel detected at Tag AI_TT_016
4/24/2026 12:58:27 PM,202,Warning,WT8-GUI,83108516,HM,Overscaled Channel detected at Tag AI_TT_017
4/24/2026 12:58:27 PM,202,Warning,WT8-GUI,83108517,HM,Overscaled Channel detected at Tag AI_TT_018
4/24/2026 12:58:27 PM,202,Warning,WT8-GUI,83108518,HM,Overscaled Channel detected at Tag AI_TT_001
4/24/2026 12:58:27 PM,202,Warning,WT8-GUI,83108519,HM,Overscaled Channel detected at Tag AI_TT_019
4/24/2026 12:58:27 PM,202,Warning,WT8-GUI,83108520,HM,Overscaled Channel detected at Tag AI_TT_020
4/24/2026 12:58:27 PM,202,Warning,WT8-GUI,83108521,HM,Overscaled Channel detected at Tag AI_TT_021
4/24/2026 12:58:27 PM,202,Warning,WT8-GUI,83108522,HM,Overscaled Channel detected at Tag AI_TT_022
4/24/2026 12:58:27 PM,202,Warning,WT8-GUI,83108523,HM,Overscaled Channel detected at Tag AI_TT_023
4/24/2026 12:58:27 PM,202,Warning,WT8-GUI,83108524,HM,Overscaled Channel detected at Tag AI_TT_024
4/24/2026 12:58:27 PM,202,Warning,WT8-GUI,83108525,HM,Overscaled Channel detected at Tag AI_TT_025
4/24/2026 12:58:27 PM,202,Warning,WT8-GUI,83108526,HM,Overscaled Channel detected at Tag AI_TT_026
4/24/2026 12:58:27 PM,202,Warning,WT8-GUI,83108527,HM,Overscaled Channel detected at Tag AI_TT_027
4/24/2026 12:58:27 PM,202,Warning,WT8-GUI,83108528,HM,Overscaled Channel detected at Tag AI_TT_028
4/24/2026 12:58:27 PM,202,Warning,WT8-GUI,83108529,HM,Overscaled Channel detected at Tag AI_TT_004
4/24/2026 12:58:27 PM,202,Warning,WT8-GUI,83108530,HM,Overscaled Channel detected at Tag AI_TT_005
4/24/2026 12:58:27 PM,202,Warning,WT8-GUI,83108531,HM,Overscaled Channel detected at Tag AI_TT_006
4/24/2026 12:59:10 PM,301005,Warning,WT8-GUI,83108532,OPC,OPC Server Graybox.Simulator.1 on host localhost has not updated data in 216 minute(s).
4/24/2026 12:59:27 PM,202,Warning,WT8-GUI,83108533,HM,Overscaled Channel detected at Tag AI_Volts_Shunt_000
4/24/2026 12:59:27 PM,202,Warning,WT8-GUI,83108534,HM,Overscaled Channel detected at Tag AI_Volts_Shunt_001
4/24/2026 12:59:27 PM,202,Warning,WT8-GUI,83108535,HM,Overscaled Channel detected at Tag AI_Volts_Shunt_003
4/24/2026 12:59:27 PM,202,Warning,WT8-GUI,83108536,HM,Overscaled Channel detected at Tag AI_Volts_Shunt_004
4/24/2026 12:59:27 PM,202,Warning,WT8-GUI,83108537,HM,Overscaled Channel detected at Tag AI_TK_026
4/24/2026 12:59:27 PM,202,Warning,WT8-GUI,83108538,HM,Overscaled Channel detected at Tag AI_TK_027
4/24/2026 12:59:27 PM,202,Warning,WT8-GUI,83108539,HM,Overscaled Channel detected at Tag AI_TK_028
4/24/2026 12:59:27 PM,202,Warning,WT8-GUI,83108540,HM,Overscaled Channel detected at Tag AI_TK_003
4/24/2026 12:59:27 PM,202,Warning,WT8-GUI,83108541,HM,Overscaled Channel detected at Tag AI_TT_002
4/24/2026 12:59:27 PM,202,Warning,WT8-GUI,83108542,HM,Overscaled Channel detected at Tag AI_TT_029
4/24/2026 12:59:27 PM,202,Warning,WT8-GUI,83108543,HM,Overscaled Channel detected at Tag AI_TT_030
4/24/2026 12:59:27 PM,202,Warning,WT8-GUI,83108544,HM,Overscaled Channel detected at Tag AI_TT_003
4/24/2026 12:59:27 PM,202,Warning,WT8-GUI,83108545,HM,Overscaled Channel detected at Tag AI_TT_007
4/24/2026 12:59:27 PM,202,Warning,WT8-GUI,83108546,HM,Overscaled Channel detected at Tag AI_TT_008
4/24/2026 12:59:27 PM,202,Warning,WT8-GUI,83108547,HM,Overscaled Channel detected at Tag AI_Volts_Shunt_006
4/24/2026 12:59:27 PM,202,Warning,WT8-GUI,83108548,HM,Overscaled Channel detected at Tag AI_Volts_Shunt_007
4/24/2026 12:59:27 PM,202,Warning,WT8-GUI,83108549,HM,Overscaled Channel detected at Tag AI_Volts_Shunt_008
4/24/2026 12:59:27 PM,202,Warning,WT8-GUI,83108550,HM,Overscaled Channel detected at Tag AI_Volts_Shunt_009
4/24/2026 12:59:27 PM,202,Warning,WT8-GUI,83108551,HM,Overscaled Channel detected at Tag AI_TK_000
4/24/2026 12:59:27 PM,202,Warning,WT8-GUI,83108552,HM,Overscaled Channel detected at Tag AI_TK_009
4/24/2026 12:59:27 PM,202,Warning,WT8-GUI,83108553,HM,Overscaled Channel detected at Tag AI_TK_010
4/24/2026 12:59:27 PM,202,Warning,WT8-GUI,83108554,HM,Overscaled Channel detected at Tag AI_TK_011
4/24/2026 12:59:27 PM,202,Warning,WT8-GUI,83108555,HM,Overscaled Channel detected at Tag AI_TK_012
4/24/2026 12:59:27 PM,202,Warning,WT8-GUI,83108556,HM,Overscaled Channel detected at Tag AI_TK_013
4/24/2026 12:59:27 PM,202,Warning,WT8-GUI,83108557,HM,Overscaled Channel detected at Tag AI_TK_014
4/24/2026 12:59:27 PM,202,Warning,WT8-GUI,83108558,HM,Overscaled Channel detected at Tag AI_TK_015
4/24/2026 12:59:27 PM,202,Warning,WT8-GUI,83108559,HM,Overscaled Channel detected at Tag AI_TK_016
4/24/2026 12:59:27 PM,202,Warning,WT8-GUI,83108560,HM,Overscaled Channel detected at Tag AI_TK_017
4/24/2026 12:59:27 PM,202,Warning,WT8-GUI,83108561,HM,Overscaled Channel detected at Tag AI_TK_018
4/24/2026 12:59:27 PM,202,Warning,WT8-GUI,83108562,HM,Overscaled Channel detected at Tag AI_TK_001
4/24/2026 12:59:27 PM,202,Warning,WT8-GUI,83108563,HM,Overscaled Channel detected at Tag AI_TK_019
4/24/2026 12:59:27 PM,202,Warning,WT8-GUI,83108564,HM,Overscaled Channel detected at Tag AI_TK_020
4/24/2026 12:59:27 PM,202,Warning,WT8-GUI,83108565,HM,Overscaled Channel detected at Tag AI_TK_021
4/24/2026 12:59:27 PM,202,Warning,WT8-GUI,83108566,HM,Overscaled Channel detected at Tag AI_TK_022
4/24/2026 12:59:27 PM,202,Warning,WT8-GUI,83108567,HM,Overscaled Channel detected at Tag AI_TK_023
4/24/2026 12:59:27 PM,202,Warning,WT8-GUI,83108568,HM,Overscaled Channel detected at Tag AI_TK_024
4/24/2026 12:59:27 PM,202,Warning,WT8-GUI,83108569,HM,Overscaled Channel detected at Tag AI_TK_025
4/24/2026 12:59:27 PM,202,Warning,WT8-GUI,83108570,HM,Overscaled Channel detected at Tag AI_TK_002
4/24/2026 12:59:27 PM,202,Warning,WT8-GUI,83108571,HM,Overscaled Channel detected at Tag AI_TK_029
4/24/2026 12:59:27 PM,202,Warning,WT8-GUI,83108572,HM,Overscaled Channel detected at Tag AI_TK_030
4/24/2026 12:59:27 PM,202,Warning,WT8-GUI,83108573,HM,Overscaled Channel detected at Tag AI_TK_004
4/24/2026 12:59:27 PM,202,Warning,WT8-GUI,83108574,HM,Overscaled Channel detected at Tag AI_TK_005
4/24/2026 12:59:27 PM,202,Warning,WT8-GUI,83108575,HM,Overscaled Channel detected at Tag AI_TK_006
4/24/2026 12:59:27 PM,202,Warning,WT8-GUI,83108576,HM,Overscaled Channel detected at Tag AI_TK_007
4/24/2026 12:59:27 PM,202,Warning,WT8-GUI,83108577,HM,Overscaled Channel detected at Tag AI_TK_008
4/24/2026 12:59:27 PM,202,Warning,WT8-GUI,83108578,HM,Overscaled Channel detected at Tag AI_Volts_Shunt_010
4/24/2026 12:59:27 PM,202,Warning,WT8-GUI,83108579,HM,Overscaled Channel detected at Tag AI_Volts_Shunt_011
4/24/2026 12:59:27 PM,202,Warning,WT8-GUI,83108580,HM,Overscaled Channel detected at Tag AI_Volts_Shunt_012
4/24/2026 12:59:27 PM,202,Warning,WT8-GUI,83108581,HM,Overscaled Channel detected at Tag AI_Volts_Shunt_013
4/24/2026 12:59:27 PM,202,Warning,WT8-GUI,83108582,HM,Overscaled Channel detected at Tag AI_Volts_Shunt_014
4/24/2026 12:59:27 PM,202,Warning,WT8-GUI,83108583,HM,Overscaled Channel detected at Tag AI_Volts_Shunt_015
4/24/2026 12:59:27 PM,202,Warning,WT8-GUI,83108584,HM,Overscaled Channel detected at Tag AI_Strain_000
4/24/2026 12:59:27 PM,202,Warning,WT8-GUI,83108585,HM,Overscaled Channel detected at Tag AI_Strain_001
4/24/2026 12:59:27 PM,202,Warning,WT8-GUI,83108586,HM,Overscaled Channel detected at Tag AI_Strain_002
4/24/2026 12:59:27 PM,202,Warning,WT8-GUI,83108587,HM,Overscaled Channel detected at Tag AI_Strain_003
4/24/2026 12:59:27 PM,202,Warning,WT8-GUI,83108588,HM,Overscaled Channel detected at Tag AI_Strain_004
4/24/2026 12:59:27 PM,202,Warning,WT8-GUI,83108589,HM,Overscaled Channel detected at Tag AI_Strain_005
4/24/2026 12:59:27 PM,202,Warning,WT8-GUI,83108590,HM,Overscaled Channel detected at Tag AI_Strain_006
4/24/2026 12:59:27 PM,202,Warning,WT8-GUI,83108591,HM,Overscaled Channel detected at Tag AI_Strain_007
4/24/2026 12:59:27 PM,202,Warning,WT8-GUI,83108592,HM,Overscaled Channel detected at Tag AI_TT_000
4/24/2026 12:59:27 PM,202,Warning,WT8-GUI,83108593,HM,Overscaled Channel detected at Tag AI_TT_009
4/24/2026 12:59:27 PM,202,Warning,WT8-GUI,83108594,HM,Overscaled Channel detected at Tag AI_TT_010
4/24/2026 12:59:27 PM,202,Warning,WT8-GUI,83108595,HM,Overscaled Channel detected at Tag AI_TT_011
4/24/2026 12:59:27 PM,202,Warning,WT8-GUI,83108596,HM,Overscaled Channel detected at Tag AI_TT_012
4/24/2026 12:59:27 PM,202,Warning,WT8-GUI,83108597,HM,Overscaled Channel detected at Tag AI_TT_013
4/24/2026 12:59:27 PM,202,Warning,WT8-GUI,83108598,HM,Overscaled Channel detected at Tag AI_TT_014
4/24/2026 12:59:27 PM,202,Warning,WT8-GUI,83108599,HM,Overscaled Channel detected at Tag AI_TT_015
4/24/2026 12:59:27 PM,202,Warning,WT8-GUI,83108600,HM,Overscaled Channel detected at Tag AI_TT_016
4/24/2026 12:59:27 PM,202,Warning,WT8-GUI,83108601,HM,Overscaled Channel detected at Tag AI_TT_017
4/24/2026 12:59:27 PM,202,Warning,WT8-GUI,83108602,HM,Overscaled Channel detected at Tag AI_TT_018
4/24/2026 12:59:27 PM,202,Warning,WT8-GUI,83108603,HM,Overscaled Channel detected at Tag AI_TT_001
4/24/2026 12:59:27 PM,202,Warning,WT8-GUI,83108604,HM,Overscaled Channel detected at Tag AI_TT_019
4/24/2026 12:59:27 PM,202,Warning,WT8-GUI,83108605,HM,Overscaled Channel detected at Tag AI_TT_020
4/24/2026 12:59:27 PM,202,Warning,WT8-GUI,83108606,HM,Overscaled Channel detected at Tag AI_TT_021
4/24/2026 12:59:27 PM,202,Warning,WT8-GUI,83108607,HM,Overscaled Channel detected at Tag AI_TT_022
4/24/2026 12:59:27 PM,202,Warning,WT8-GUI,83108608,HM,Overscaled Channel detected at Tag AI_TT_023
4/24/2026 12:59:27 PM,202,Warning,WT8-GUI,83108609,HM,Overscaled Channel detected at Tag AI_TT_024
4/24/2026 12:59:27 PM,202,Warning,WT8-GUI,83108610,HM,Overscaled Channel detected at Tag AI_TT_025
4/24/2026 12:59:27 PM,202,Warning,WT8-GUI,83108611,HM,Overscaled Channel detected at Tag AI_TT_026
4/24/2026 12:59:27 PM,202,Warning,WT8-GUI,83108612,HM,Overscaled Channel detected at Tag AI_TT_027
4/24/2026 12:59:27 PM,202,Warning,WT8-GUI,83108613,HM,Overscaled Channel detected at Tag AI_TT_028
4/24/2026 12:59:27 PM,202,Warning,WT8-GUI,83108614,HM,Overscaled Channel detected at Tag AI_TT_004
4/24/2026 12:59:27 PM,202,Warning,WT8-GUI,83108615,HM,Overscaled Channel detected at Tag AI_TT_005
4/24/2026 12:59:27 PM,202,Warning,WT8-GUI,83108616,HM,Overscaled Channel detected at Tag AI_TT_006
4/24/2026 1:00:10 PM,301005,Warning,WT8-GUI,83108617,OPC,OPC Server Graybox.Simulator.1 on host localhost has not updated data in 217 minute(s).
4/24/2026 1:00:27 PM,202,Warning,WT8-GUI,83108618,HM,Overscaled Channel detected at Tag AI_Volts_Shunt_000
4/24/2026 1:00:27 PM,202,Warning,WT8-GUI,83108619,HM,Overscaled Channel detected at Tag AI_Volts_Shunt_001
4/24/2026 1:00:27 PM,202,Warning,WT8-GUI,83108620,HM,Overscaled Channel detected at Tag AI_Volts_Shunt_003
4/24/2026 1:00:27 PM,202,Warning,WT8-GUI,83108621,HM,Overscaled Channel detected at Tag AI_Volts_Shunt_004
4/24/2026 1:00:27 PM,202,Warning,WT8-GUI,83108622,HM,Overscaled Channel detected at Tag AI_TK_026
4/24/2026 1:00:27 PM,202,Warning,WT8-GUI,83108623,HM,Overscaled Channel detected at Tag AI_TK_027
4/24/2026 1:00:27 PM,202,Warning,WT8-GUI,83108624,HM,Overscaled Channel detected at Tag AI_TK_028
4/24/2026 1:00:27 PM,202,Warning,WT8-GUI,83108625,HM,Overscaled Channel detected at Tag AI_TK_003
4/24/2026 1:00:27 PM,202,Warning,WT8-GUI,83108626,HM,Overscaled Channel detected at Tag AI_TT_002
4/24/2026 1:00:27 PM,202,Warning,WT8-GUI,83108627,HM,Overscaled Channel detected at Tag AI_TT_029
4/24/2026 1:00:27 PM,202,Warning,WT8-GUI,83108628,HM,Overscaled Channel detected at Tag AI_TT_030
4/24/2026 1:00:27 PM,202,Warning,WT8-GUI,83108629,HM,Overscaled Channel detected at Tag AI_TT_003
4/24/2026 1:00:27 PM,202,Warning,WT8-GUI,83108630,HM,Overscaled Channel detected at Tag AI_TT_007
4/24/2026 1:00:27 PM,202,Warning,WT8-GUI,83108631,HM,Overscaled Channel detected at Tag AI_TT_008
4/24/2026 1:00:27 PM,202,Warning,WT8-GUI,83108632,HM,Overscaled Channel detected at Tag AI_Volts_Shunt_006
4/24/2026 1:00:27 PM,202,Warning,WT8-GUI,83108633,HM,Overscaled Channel detected at Tag AI_Volts_Shunt_007
4/24/2026 1:00:27 PM,202,Warning,WT8-GUI,83108634,HM,Overscaled Channel detected at Tag AI_Volts_Shunt_008
4/24/2026 1:00:27 PM,202,Warning,WT8-GUI,83108635,HM,Overscaled Channel detected at Tag AI_Volts_Shunt_009
4/24/2026 1:00:27 PM,202,Warning,WT8-GUI,83108636,HM,Overscaled Channel detected at Tag AI_TK_000
4/24/2026 1:00:27 PM,202,Warning,WT8-GUI,83108637,HM,Overscaled Channel detected at Tag AI_TK_009
4/24/2026 1:00:27 PM,202,Warning,WT8-GUI,83108638,HM,Overscaled Channel detected at Tag AI_TK_010
4/24/2026 1:00:27 PM,202,Warning,WT8-GUI,83108639,HM,Overscaled Channel detected at Tag AI_TK_011
4/24/2026 1:00:27 PM,202,Warning,WT8-GUI,83108640,HM,Overscaled Channel detected at Tag AI_TK_012
4/24/2026 1:00:27 PM,202,Warning,WT8-GUI,83108641,HM,Overscaled Channel detected at Tag AI_TK_013
4/24/2026 1:00:27 PM,202,Warning,WT8-GUI,83108642,HM,Overscaled Channel detected at Tag AI_TK_014
4/24/2026 1:00:27 PM,202,Warning,WT8-GUI,83108643,HM,Overscaled Channel detected at Tag AI_TK_015
4/24/2026 1:00:27 PM,202,Warning,WT8-GUI,83108644,HM,Overscaled Channel detected at Tag AI_TK_016
4/24/2026 1:00:27 PM,202,Warning,WT8-GUI,83108645,HM,Overscaled Channel detected at Tag AI_TK_017
4/24/2026 1:00:27 PM,202,Warning,WT8-GUI,83108646,HM,Overscaled Channel detected at Tag AI_TK_018
4/24/2026 1:00:27 PM,202,Warning,WT8-GUI,83108647,HM,Overscaled Channel detected at Tag AI_TK_001
4/24/2026 1:00:27 PM,202,Warning,WT8-GUI,83108648,HM,Overscaled Channel detected at Tag AI_TK_019
4/24/2026 1:00:27 PM,202,Warning,WT8-GUI,83108649,HM,Overscaled Channel detected at Tag AI_TK_020
4/24/2026 1:00:27 PM,202,Warning,WT8-GUI,83108650,HM,Overscaled Channel detected at Tag AI_TK_021
4/24/2026 1:00:27 PM,202,Warning,WT8-GUI,83108651,HM,Overscaled Channel detected at Tag AI_TK_022
4/24/2026 1:00:27 PM,202,Warning,WT8-GUI,83108652,HM,Overscaled Channel detected at Tag AI_TK_023
4/24/2026 1:00:27 PM,202,Warning,WT8-GUI,83108653,HM,Overscaled Channel detected at Tag AI_TK_024
4/24/2026 1:00:27 PM,202,Warning,WT8-GUI,83108654,HM,Overscaled Channel detected at Tag AI_TK_025
4/24/2026 1:00:27 PM,202,Warning,WT8-GUI,83108655,HM,Overscaled Channel detected at Tag AI_TK_002
4/24/2026 1:00:27 PM,202,Warning,WT8-GUI,83108656,HM,Overscaled Channel detected at Tag AI_TK_029
4/24/2026 1:00:27 PM,202,Warning,WT8-GUI,83108657,HM,Overscaled Channel detected at Tag AI_TK_030
4/24/2026 1:00:27 PM,202,Warning,WT8-GUI,83108658,HM,Overscaled Channel detected at Tag AI_TK_004
4/24/2026 1:00:27 PM,202,Warning,WT8-GUI,83108659,HM,Overscaled Channel detected at Tag AI_TK_005
4/24/2026 1:00:27 PM,202,Warning,WT8-GUI,83108660,HM,Overscaled Channel detected at Tag AI_TK_006
4/24/2026 1:00:27 PM,202,Warning,WT8-GUI,83108661,HM,Overscaled Channel detected at Tag AI_TK_007
4/24/2026 1:00:27 PM,202,Warning,WT8-GUI,83108662,HM,Overscaled Channel detected at Tag AI_TK_008
4/24/2026 1:00:27 PM,202,Warning,WT8-GUI,83108663,HM,Overscaled Channel detected at Tag AI_Volts_Shunt_010
4/24/2026 1:00:27 PM,202,Warning,WT8-GUI,83108664,HM,Overscaled Channel detected at Tag AI_Volts_Shunt_011
4/24/2026 1:00:27 PM,202,Warning,WT8-GUI,83108665,HM,Overscaled Channel detected at Tag AI_Volts_Shunt_012
4/24/2026 1:00:27 PM,202,Warning,WT8-GUI,83108666,HM,Overscaled Channel detected at Tag AI_Volts_Shunt_013
4/24/2026 1:00:27 PM,202,Warning,WT8-GUI,83108667,HM,Overscaled Channel detected at Tag AI_Volts_Shunt_014
4/24/2026 1:00:27 PM,202,Warning,WT8-GUI,83108668,HM,Overscaled Channel detected at Tag AI_Volts_Shunt_015
4/24/2026 1:00:27 PM,202,Warning,WT8-GUI,83108669,HM,Overscaled Channel detected at Tag AI_Strain_000
4/24/2026 1:00:27 PM,202,Warning,WT8-GUI,83108670,HM,Overscaled Channel detected at Tag AI_Strain_001
4/24/2026 1:00:27 PM,202,Warning,WT8-GUI,83108671,HM,Overscaled Channel detected at Tag AI_Strain_002
4/24/2026 1:00:27 PM,202,Warning,WT8-GUI,83108672,HM,Overscaled Channel detected at Tag AI_Strain_003
4/24/2026 1:00:27 PM,202,Warning,WT8-GUI,83108673,HM,Overscaled Channel detected at Tag AI_Strain_004
4/24/2026 1:00:27 PM,202,Warning,WT8-GUI,83108674,HM,Overscaled Channel detected at Tag AI_Strain_005
4/24/2026 1:00:27 PM,202,Warning,WT8-GUI,83108675,HM,Overscaled Channel detected at Tag AI_Strain_006
4/24/2026 1:00:27 PM,202,Warning,WT8-GUI,83108676,HM,Overscaled Channel detected at Tag AI_Strain_007
4/24/2026 1:00:27 PM,202,Warning,WT8-GUI,83108677,HM,Overscaled Channel detected at Tag AI_TT_000
4/24/2026 1:00:27 PM,202,Warning,WT8-GUI,83108678,HM,Overscaled Channel detected at Tag AI_TT_009
4/24/2026 1:00:27 PM,202,Warning,WT8-GUI,83108679,HM,Overscaled Channel detected at Tag AI_TT_010
4/24/2026 1:00:27 PM,202,Warning,WT8-GUI,83108680,HM,Overscaled Channel detected at Tag AI_TT_011
4/24/2026 1:00:27 PM,202,Warning,WT8-GUI,83108681,HM,Overscaled Channel detected at Tag AI_TT_012
4/24/2026 1:00:27 PM,202,Warning,WT8-GUI,83108682,HM,Overscaled Channel detected at Tag AI_TT_013
4/24/2026 1:00:27 PM,202,Warning,WT8-GUI,83108683,HM,Overscaled Channel detected at Tag AI_TT_014
4/24/2026 1:00:27 PM,202,Warning,WT8-GUI,83108684,HM,Overscaled Channel detected at Tag AI_TT_015
4/24/2026 1:00:27 PM,202,Warning,WT8-GUI,83108685,HM,Overscaled Channel detected at Tag AI_TT_016
4/24/2026 1:00:27 PM,202,Warning,WT8-GUI,83108686,HM,Overscaled Channel detected at Tag AI_TT_017
4/24/2026 1:00:27 PM,202,Warning,WT8-GUI,83108687,HM,Overscaled Channel detected at Tag AI_TT_018
4/24/2026 1:00:27 PM,202,Warning,WT8-GUI,83108688,HM,Overscaled Channel detected at Tag AI_TT_001
4/24/2026 1:00:27 PM,202,Warning,WT8-GUI,83108689,HM,Overscaled Channel detected at Tag AI_TT_019
4/24/2026 1:00:27 PM,202,Warning,WT8-GUI,83108690,HM,Overscaled Channel detected at Tag AI_TT_020
4/24/2026 1:00:27 PM,202,Warning,WT8-GUI,83108691,HM,Overscaled Channel detected at Tag AI_TT_021
4/24/2026 1:00:27 PM,202,Warning,WT8-GUI,83108692,HM,Overscaled Channel detected at Tag AI_TT_022
4/24/2026 1:00:27 PM,202,Warning,WT8-GUI,83108693,HM,Overscaled Channel detected at Tag AI_TT_023
4/24/2026 1:00:27 PM,202,Warning,WT8-GUI,83108694,HM,Overscaled Channel detected at Tag AI_TT_024
4/24/2026 1:00:27 PM,202,Warning,WT8-GUI,83108695,HM,Overscaled Channel detected at Tag AI_TT_025
4/24/2026 1:00:27 PM,202,Warning,WT8-GUI,83108696,HM,Overscaled Channel detected at Tag AI_TT_026
4/24/2026 1:00:27 PM,202,Warning,WT8-GUI,83108697,HM,Overscaled Channel detected at Tag AI_TT_027
4/24/2026 1:00:27 PM,202,Warning,WT8-GUI,83108698,HM,Overscaled Channel detected at Tag AI_TT_028
4/24/2026 1:00:27 PM,202,Warning,WT8-GUI,83108699,HM,Overscaled Channel detected at Tag AI_TT_004
4/24/2026 1:00:27 PM,202,Warning,WT8-GUI,83108700,HM,Overscaled Channel detected at Tag AI_TT_005
4/24/2026 1:00:27 PM,202,Warning,WT8-GUI,83108701,HM,Overscaled Channel detected at Tag AI_TT_006
4/24/2026 1:01:10 PM,301005,Warning,WT8-GUI,83108702,OPC,OPC Server Graybox.Simulator.1 on host localhost has not updated data in 218 minute(s).
4/24/2026 1:01:27 PM,202,Warning,WT8-GUI,83108703,HM,Overscaled Channel detected at Tag AI_Volts_Shunt_000
4/24/2026 1:01:27 PM,202,Warning,WT8-GUI,83108704,HM,Overscaled Channel detected at Tag AI_Volts_Shunt_001
4/24/2026 1:01:27 PM,202,Warning,WT8-GUI,83108705,HM,Overscaled Channel detected at Tag AI_Volts_Shunt_003
4/24/2026 1:01:27 PM,202,Warning,WT8-GUI,83108706,HM,Overscaled Channel detected at Tag AI_Volts_Shunt_004
4/24/2026 1:01:27 PM,202,Warning,WT8-GUI,83108707,HM,Overscaled Channel detected at Tag AI_TT_029
4/24/2026 1:01:27 PM,202,Warning,WT8-GUI,83108708,HM,Overscaled Channel detected at Tag AI_TT_030
4/24/2026 1:01:27 PM,202,Warning,WT8-GUI,83108709,HM,Overscaled Channel detected at Tag AI_TK_026
4/24/2026 1:01:27 PM,202,Warning,WT8-GUI,83108710,HM,Overscaled Channel detected at Tag AI_TK_027
4/24/2026 1:01:27 PM,202,Warning,WT8-GUI,83108711,HM,Overscaled Channel detected at Tag AI_TK_028
4/24/2026 1:01:27 PM,202,Warning,WT8-GUI,83108712,HM,Overscaled Channel detected at Tag AI_TK_003
4/24/2026 1:01:27 PM,202,Warning,WT8-GUI,83108713,HM,Overscaled Channel detected at Tag AI_TT_002
4/24/2026 1:01:27 PM,202,Warning,WT8-GUI,83108714,HM,Overscaled Channel detected at Tag AI_TT_003
4/24/2026 1:01:27 PM,202,Warning,WT8-GUI,83108715,HM,Overscaled Channel detected at Tag AI_TT_007
4/24/2026 1:01:27 PM,202,Warning,WT8-GUI,83108716,HM,Overscaled Channel detected at Tag AI_TT_008
4/24/2026 1:01:27 PM,202,Warning,WT8-GUI,83108717,HM,Overscaled Channel detected at Tag AI_Volts_Shunt_006
4/24/2026 1:01:27 PM,202,Warning,WT8-GUI,83108718,HM,Overscaled Channel detected at Tag AI_Volts_Shunt_007
4/24/2026 1:01:27 PM,202,Warning,WT8-GUI,83108719,HM,Overscaled Channel detected at Tag AI_Volts_Shunt_008
4/24/2026 1:01:27 PM,202,Warning,WT8-GUI,83108720,HM,Overscaled Channel detected at Tag AI_Volts_Shunt_009
4/24/2026 1:01:27 PM,202,Warning,WT8-GUI,83108721,HM,Overscaled Channel detected at Tag AI_TK_000
4/24/2026 1:01:27 PM,202,Warning,WT8-GUI,83108722,HM,Overscaled Channel detected at Tag AI_TK_009
4/24/2026 1:01:27 PM,202,Warning,WT8-GUI,83108723,HM,Overscaled Channel detected at Tag AI_TK_010
4/24/2026 1:01:27 PM,202,Warning,WT8-GUI,83108724,HM,Overscaled Channel detected at Tag AI_TK_011
4/24/2026 1:01:27 PM,202,Warning,WT8-GUI,83108725,HM,Overscaled Channel detected at Tag AI_TK_012
4/24/2026 1:01:27 PM,202,Warning,WT8-GUI,83108726,HM,Overscaled Channel detected at Tag AI_TK_013
4/24/2026 1:01:27 PM,202,Warning,WT8-GUI,83108727,HM,Overscaled Channel detected at Tag AI_TK_014
4/24/2026 1:01:27 PM,202,Warning,WT8-GUI,83108728,HM,Overscaled Channel detected at Tag AI_TK_015
4/24/2026 1:01:27 PM,202,Warning,WT8-GUI,83108729,HM,Overscaled Channel detected at Tag AI_TK_016
4/24/2026 1:01:27 PM,202,Warning,WT8-GUI,83108730,HM,Overscaled Channel detected at Tag AI_TK_017
4/24/2026 1:01:27 PM,202,Warning,WT8-GUI,83108731,HM,Overscaled Channel detected at Tag AI_TK_018
4/24/2026 1:01:27 PM,202,Warning,WT8-GUI,83108732,HM,Overscaled Channel detected at Tag AI_TK_001
4/24/2026 1:01:27 PM,202,Warning,WT8-GUI,83108733,HM,Overscaled Channel detected at Tag AI_TK_019
4/24/2026 1:01:27 PM,202,Warning,WT8-GUI,83108734,HM,Overscaled Channel detected at Tag AI_TK_020
4/24/2026 1:01:27 PM,202,Warning,WT8-GUI,83108735,HM,Overscaled Channel detected at Tag AI_TK_021
4/24/2026 1:01:27 PM,202,Warning,WT8-GUI,83108736,HM,Overscaled Channel detected at Tag AI_TK_022
4/24/2026 1:01:27 PM,202,Warning,WT8-GUI,83108737,HM,Overscaled Channel detected at Tag AI_TK_023
4/24/2026 1:01:27 PM,202,Warning,WT8-GUI,83108738,HM,Overscaled Channel detected at Tag AI_TK_024
4/24/2026 1:01:27 PM,202,Warning,WT8-GUI,83108739,HM,Overscaled Channel detected at Tag AI_TK_025
4/24/2026 1:01:27 PM,202,Warning,WT8-GUI,83108740,HM,Overscaled Channel detected at Tag AI_TK_002
4/24/2026 1:01:27 PM,202,Warning,WT8-GUI,83108741,HM,Overscaled Channel detected at Tag AI_TK_029
4/24/2026 1:01:27 PM,202,Warning,WT8-GUI,83108742,HM,Overscaled Channel detected at Tag AI_TK_030
4/24/2026 1:01:27 PM,202,Warning,WT8-GUI,83108743,HM,Overscaled Channel detected at Tag AI_TK_004
4/24/2026 1:01:27 PM,202,Warning,WT8-GUI,83108744,HM,Overscaled Channel detected at Tag AI_TK_005
4/24/2026 1:01:27 PM,202,Warning,WT8-GUI,83108745,HM,Overscaled Channel detected at Tag AI_TK_006
4/24/2026 1:01:27 PM,202,Warning,WT8-GUI,83108746,HM,Overscaled Channel detected at Tag AI_TK_007
4/24/2026 1:01:27 PM,202,Warning,WT8-GUI,83108747,HM,Overscaled Channel detected at Tag AI_TK_008
4/24/2026 1:01:27 PM,202,Warning,WT8-GUI,83108748,HM,Overscaled Channel detected at Tag AI_Volts_Shunt_010
4/24/2026 1:01:27 PM,202,Warning,WT8-GUI,83108749,HM,Overscaled Channel detected at Tag AI_Volts_Shunt_011
4/24/2026 1:01:27 PM,202,Warning,WT8-GUI,83108750,HM,Overscaled Channel detected at Tag AI_Volts_Shunt_012
4/24/2026 1:01:27 PM,202,Warning,WT8-GUI,83108751,HM,Overscaled Channel detected at Tag AI_Volts_Shunt_013
4/24/2026 1:01:27 PM,202,Warning,WT8-GUI,83108752,HM,Overscaled Channel detected at Tag AI_Volts_Shunt_014
4/24/2026 1:01:27 PM,202,Warning,WT8-GUI,83108753,HM,Overscaled Channel detected at Tag AI_Volts_Shunt_015
4/24/2026 1:01:27 PM,202,Warning,WT8-GUI,83108754,HM,Overscaled Channel detected at Tag AI_Strain_000
4/24/2026 1:01:27 PM,202,Warning,WT8-GUI,83108755,HM,Overscaled Channel detected at Tag AI_Strain_001
4/24/2026 1:01:27 PM,202,Warning,WT8-GUI,83108756,HM,Overscaled Channel detected at Tag AI_Strain_002
4/24/2026 1:01:27 PM,202,Warning,WT8-GUI,83108757,HM,Overscaled Channel detected at Tag AI_Strain_003
4/24/2026 1:01:27 PM,202,Warning,WT8-GUI,83108758,HM,Overscaled Channel detected at Tag AI_Strain_004
4/24/2026 1:01:27 PM,202,Warning,WT8-GUI,83108759,HM,Overscaled Channel detected at Tag AI_Strain_005
4/24/2026 1:01:27 PM,202,Warning,WT8-GUI,83108760,HM,Overscaled Channel detected at Tag AI_Strain_006
4/24/2026 1:01:27 PM,202,Warning,WT8-GUI,83108761,HM,Overscaled Channel detected at Tag AI_Strain_007
4/24/2026 1:01:27 PM,202,Warning,WT8-GUI,83108762,HM,Overscaled Channel detected at Tag AI_TT_000
4/24/2026 1:01:27 PM,202,Warning,WT8-GUI,83108763,HM,Overscaled Channel detected at Tag AI_TT_009
4/24/2026 1:01:27 PM,202,Warning,WT8-GUI,83108764,HM,Overscaled Channel detected at Tag AI_TT_010
4/24/2026 1:01:27 PM,202,Warning,WT8-GUI,83108765,HM,Overscaled Channel detected at Tag AI_TT_011
4/24/2026 1:01:27 PM,202,Warning,WT8-GUI,83108766,HM,Overscaled Channel detected at Tag AI_TT_012
4/24/2026 1:01:27 PM,202,Warning,WT8-GUI,83108767,HM,Overscaled Channel detected at Tag AI_TT_013
4/24/2026 1:01:27 PM,202,Warning,WT8-GUI,83108768,HM,Overscaled Channel detected at Tag AI_TT_014
4/24/2026 1:01:27 PM,202,Warning,WT8-GUI,83108769,HM,Overscaled Channel detected at Tag AI_TT_015
4/24/2026 1:01:27 PM,202,Warning,WT8-GUI,83108770,HM,Overscaled Channel detected at Tag AI_TT_016
4/24/2026 1:01:27 PM,202,Warning,WT8-GUI,83108771,HM,Overscaled Channel detected at Tag AI_TT_017
4/24/2026 1:01:27 PM,202,Warning,WT8-GUI,83108772,HM,Overscaled Channel detected at Tag AI_TT_018
4/24/2026 1:01:27 PM,202,Warning,WT8-GUI,83108773,HM,Overscaled Channel detected at Tag AI_TT_001
4/24/2026 1:01:27 PM,202,Warning,WT8-GUI,83108774,HM,Overscaled Channel detected at Tag AI_TT_019
4/24/2026 1:01:27 PM,202,Warning,WT8-GUI,83108775,HM,Overscaled Channel detected at Tag AI_TT_020
4/24/2026 1:01:27 PM,202,Warning,WT8-GUI,83108776,HM,Overscaled Channel detected at Tag AI_TT_021
4/24/2026 1:01:27 PM,202,Warning,WT8-GUI,83108777,HM,Overscaled Channel detected at Tag AI_TT_022
4/24/2026 1:01:27 PM,202,Warning,WT8-GUI,83108778,HM,Overscaled Channel detected at Tag AI_TT_023
4/24/2026 1:01:27 PM,202,Warning,WT8-GUI,83108779,HM,Overscaled Channel detected at Tag AI_TT_024
4/24/2026 1:01:27 PM,202,Warning,WT8-GUI,83108780,HM,Overscaled Channel detected at Tag AI_TT_025
4/24/2026 1:01:27 PM,202,Warning,WT8-GUI,83108781,HM,Overscaled Channel detected at Tag AI_TT_026
4/24/2026 1:01:27 PM,202,Warning,WT8-GUI,83108782,HM,Overscaled Channel detected at Tag AI_TT_027
4/24/2026 1:01:27 PM,202,Warning,WT8-GUI,83108783,HM,Overscaled Channel detected at Tag AI_TT_028
4/24/2026 1:01:27 PM,202,Warning,WT8-GUI,83108784,HM,Overscaled Channel detected at Tag AI_TT_004
4/24/2026 1:01:27 PM,202,Warning,WT8-GUI,83108785,HM,Overscaled Channel detected at Tag AI_TT_005
4/24/2026 1:01:27 PM,202,Warning,WT8-GUI,83108786,HM,Overscaled Channel detected at Tag AI_TT_006
4/24/2026 1:02:10 PM,301005,Warning,WT8-GUI,83108787,OPC,OPC Server Graybox.Simulator.1 on host localhost has not updated data in 219 minute(s).
4/24/2026 1:02:27 PM,202,Warning,WT8-GUI,83108788,HM,Overscaled Channel detected at Tag AI_Volts_Shunt_000
4/24/2026 1:02:27 PM,202,Warning,WT8-GUI,83108789,HM,Overscaled Channel detected at Tag AI_Volts_Shunt_001
4/24/2026 1:02:27 PM,202,Warning,WT8-GUI,83108790,HM,Overscaled Channel detected at Tag AI_Volts_Shunt_003
4/24/2026 1:02:27 PM,202,Warning,WT8-GUI,83108791,HM,Overscaled Channel detected at Tag AI_Volts_Shunt_004
4/24/2026 1:02:27 PM,202,Warning,WT8-GUI,83108792,HM,Overscaled Channel detected at Tag AI_TT_029
4/24/2026 1:02:27 PM,202,Warning,WT8-GUI,83108793,HM,Overscaled Channel detected at Tag AI_TT_030
4/24/2026 1:02:27 PM,202,Warning,WT8-GUI,83108794,HM,Overscaled Channel detected at Tag AI_TK_026
4/24/2026 1:02:27 PM,202,Warning,WT8-GUI,83108795,HM,Overscaled Channel detected at Tag AI_TK_027
4/24/2026 1:02:27 PM,202,Warning,WT8-GUI,83108796,HM,Overscaled Channel detected at Tag AI_TK_028
4/24/2026 1:02:27 PM,202,Warning,WT8-GUI,83108797,HM,Overscaled Channel detected at Tag AI_TK_003
4/24/2026 1:02:27 PM,202,Warning,WT8-GUI,83108798,HM,Overscaled Channel detected at Tag AI_TT_002
4/24/2026 1:02:27 PM,202,Warning,WT8-GUI,83108799,HM,Overscaled Channel detected at Tag AI_TT_003
4/24/2026 1:02:27 PM,202,Warning,WT8-GUI,83108800,HM,Overscaled Channel detected at Tag AI_TT_007
4/24/2026 1:02:27 PM,202,Warning,WT8-GUI,83108801,HM,Overscaled Channel detected at Tag AI_TT_008
4/24/2026 1:02:27 PM,202,Warning,WT8-GUI,83108802,HM,Overscaled Channel detected at Tag AI_Volts_Shunt_006
4/24/2026 1:02:27 PM,202,Warning,WT8-GUI,83108803,HM,Overscaled Channel detected at Tag AI_Volts_Shunt_007
4/24/2026 1:02:27 PM,202,Warning,WT8-GUI,83108804,HM,Overscaled Channel detected at Tag AI_Volts_Shunt_008
4/24/2026 1:02:27 PM,202,Warning,WT8-GUI,83108805,HM,Overscaled Channel detected at Tag AI_Volts_Shunt_009
4/24/2026 1:02:27 PM,202,Warning,WT8-GUI,83108806,HM,Overscaled Channel detected at Tag AI_Volts_Shunt_010
4/24/2026 1:02:27 PM,202,Warning,WT8-GUI,83108807,HM,Overscaled Channel detected at Tag AI_Volts_Shunt_011
4/24/2026 1:02:27 PM,202,Warning,WT8-GUI,83108808,HM,Overscaled Channel detected at Tag AI_Volts_Shunt_012
4/24/2026 1:02:27 PM,202,Warning,WT8-GUI,83108809,HM,Overscaled Channel detected at Tag AI_Volts_Shunt_013
4/24/2026 1:02:27 PM,202,Warning,WT8-GUI,83108810,HM,Overscaled Channel detected at Tag AI_Volts_Shunt_014
4/24/2026 1:02:27 PM,202,Warning,WT8-GUI,83108811,HM,Overscaled Channel detected at Tag AI_Volts_Shunt_015
4/24/2026 1:02:27 PM,202,Warning,WT8-GUI,83108812,HM,Overscaled Channel detected at Tag AI_Strain_000
4/24/2026 1:02:27 PM,202,Warning,WT8-GUI,83108813,HM,Overscaled Channel detected at Tag AI_Strain_001
4/24/2026 1:02:27 PM,202,Warning,WT8-GUI,83108814,HM,Overscaled Channel detected at Tag AI_Strain_002
4/24/2026 1:02:27 PM,202,Warning,WT8-GUI,83108815,HM,Overscaled Channel detected at Tag AI_Strain_003
4/24/2026 1:02:27 PM,202,Warning,WT8-GUI,83108816,HM,Overscaled Channel detected at Tag AI_Strain_004
4/24/2026 1:02:27 PM,202,Warning,WT8-GUI,83108817,HM,Overscaled Channel detected at Tag AI_Strain_005
4/24/2026 1:02:27 PM,202,Warning,WT8-GUI,83108818,HM,Overscaled Channel detected at Tag AI_Strain_006
4/24/2026 1:02:27 PM,202,Warning,WT8-GUI,83108819,HM,Overscaled Channel detected at Tag AI_Strain_007
4/24/2026 1:02:27 PM,202,Warning,WT8-GUI,83108820,HM,Overscaled Channel detected at Tag AI_TT_000
4/24/2026 1:02:27 PM,202,Warning,WT8-GUI,83108821,HM,Overscaled Channel detected at Tag AI_TT_009
4/24/2026 1:02:27 PM,202,Warning,WT8-GUI,83108822,HM,Overscaled Channel detected at Tag AI_TT_010
4/24/2026 1:02:27 PM,202,Warning,WT8-GUI,83108823,HM,Overscaled Channel detected at Tag AI_TT_011
4/24/2026 1:02:27 PM,202,Warning,WT8-GUI,83108824,HM,Overscaled Channel detected at Tag AI_TT_012
4/24/2026 1:02:27 PM,202,Warning,WT8-GUI,83108825,HM,Overscaled Channel detected at Tag AI_TT_013
4/24/2026 1:02:27 PM,202,Warning,WT8-GUI,83108826,HM,Overscaled Channel detected at Tag AI_TT_014
4/24/2026 1:02:27 PM,202,Warning,WT8-GUI,83108827,HM,Overscaled Channel detected at Tag AI_TT_015
4/24/2026 1:02:27 PM,202,Warning,WT8-GUI,83108828,HM,Overscaled Channel detected at Tag AI_TT_016
4/24/2026 1:02:27 PM,202,Warning,WT8-GUI,83108829,HM,Overscaled Channel detected at Tag AI_TT_017
4/24/2026 1:02:27 PM,202,Warning,WT8-GUI,83108830,HM,Overscaled Channel detected at Tag AI_TT_018
4/24/2026 1:02:27 PM,202,Warning,WT8-GUI,83108831,HM,Overscaled Channel detected at Tag AI_TT_001
4/24/2026 1:02:27 PM,202,Warning,WT8-GUI,83108832,HM,Overscaled Channel detected at Tag AI_TT_019
4/24/2026 1:02:27 PM,202,Warning,WT8-GUI,83108833,HM,Overscaled Channel detected at Tag AI_TT_020
4/24/2026 1:02:27 PM,202,Warning,WT8-GUI,83108834,HM,Overscaled Channel detected at Tag AI_TT_021
4/24/2026 1:02:27 PM,202,Warning,WT8-GUI,83108835,HM,Overscaled Channel detected at Tag AI_TT_022
4/24/2026 1:02:27 PM,202,Warning,WT8-GUI,83108836,HM,Overscaled Channel detected at Tag AI_TT_023
4/24/2026 1:02:27 PM,202,Warning,WT8-GUI,83108837,HM,Overscaled Channel detected at Tag AI_TT_024
4/24/2026 1:02:27 PM,202,Warning,WT8-GUI,83108838,HM,Overscaled Channel detected at Tag AI_TK_000
4/24/2026 1:02:27 PM,202,Warning,WT8-GUI,83108839,HM,Overscaled Channel detected at Tag AI_TK_009
4/24/2026 1:02:27 PM,202,Warning,WT8-GUI,83108840,HM,Overscaled Channel detected at Tag AI_TK_010
4/24/2026 1:02:27 PM,202,Warning,WT8-GUI,83108841,HM,Overscaled Channel detected at Tag AI_TK_011
4/24/2026 1:02:27 PM,202,Warning,WT8-GUI,83108842,HM,Overscaled Channel detected at Tag AI_TK_012
4/24/2026 1:02:27 PM,202,Warning,WT8-GUI,83108843,HM,Overscaled Channel detected at Tag AI_TK_013
4/24/2026 1:02:27 PM,202,Warning,WT8-GUI,83108844,HM,Overscaled Channel detected at Tag AI_TK_014
4/24/2026 1:02:27 PM,202,Warning,WT8-GUI,83108845,HM,Overscaled Channel detected at Tag AI_TK_015
4/24/2026 1:02:27 PM,202,Warning,WT8-GUI,83108846,HM,Overscaled Channel detected at Tag AI_TK_016
4/24/2026 1:02:27 PM,202,Warning,WT8-GUI,83108847,HM,Overscaled Channel detected at Tag AI_TK_017
4/24/2026 1:02:27 PM,202,Warning,WT8-GUI,83108848,HM,Overscaled Channel detected at Tag AI_TK_018
4/24/2026 1:02:27 PM,202,Warning,WT8-GUI,83108849,HM,Overscaled Channel detected at Tag AI_TK_001
4/24/2026 1:02:27 PM,202,Warning,WT8-GUI,83108850,HM,Overscaled Channel detected at Tag AI_TK_019
4/24/2026 1:02:27 PM,202,Warning,WT8-GUI,83108851,HM,Overscaled Channel detected at Tag AI_TK_020
4/24/2026 1:02:27 PM,202,Warning,WT8-GUI,83108852,HM,Overscaled Channel detected at Tag AI_TK_021
4/24/2026 1:02:27 PM,202,Warning,WT8-GUI,83108853,HM,Overscaled Channel detected at Tag AI_TK_022
4/24/2026 1:02:27 PM,202,Warning,WT8-GUI,83108854,HM,Overscaled Channel detected at Tag AI_TK_023
4/24/2026 1:02:27 PM,202,Warning,WT8-GUI,83108855,HM,Overscaled Channel detected at Tag AI_TK_024
4/24/2026 1:02:27 PM,202,Warning,WT8-GUI,83108856,HM,Overscaled Channel detected at Tag AI_TK_025
4/24/2026 1:02:27 PM,202,Warning,WT8-GUI,83108857,HM,Overscaled Channel detected at Tag AI_TK_002
4/24/2026 1:02:27 PM,202,Warning,WT8-GUI,83108858,HM,Overscaled Channel detected at Tag AI_TK_029
4/24/2026 1:02:27 PM,202,Warning,WT8-GUI,83108859,HM,Overscaled Channel detected at Tag AI_TK_030
4/24/2026 1:02:27 PM,202,Warning,WT8-GUI,83108860,HM,Overscaled Channel detected at Tag AI_TK_004
4/24/2026 1:02:27 PM,202,Warning,WT8-GUI,83108861,HM,Overscaled Channel detected at Tag AI_TK_005
4/24/2026 1:02:27 PM,202,Warning,WT8-GUI,83108862,HM,Overscaled Channel detected at Tag AI_TK_006
4/24/2026 1:02:27 PM,202,Warning,WT8-GUI,83108863,HM,Overscaled Channel detected at Tag AI_TK_007
4/24/2026 1:02:27 PM,202,Warning,WT8-GUI,83108864,HM,Overscaled Channel detected at Tag AI_TK_008
4/24/2026 1:02:27 PM,202,Warning,WT8-GUI,83108865,HM,Overscaled Channel detected at Tag AI_TT_025
4/24/2026 1:02:27 PM,202,Warning,WT8-GUI,83108866,HM,Overscaled Channel detected at Tag AI_TT_026
4/24/2026 1:02:27 PM,202,Warning,WT8-GUI,83108867,HM,Overscaled Channel detected at Tag AI_TT_027
4/24/2026 1:02:27 PM,202,Warning,WT8-GUI,83108868,HM,Overscaled Channel detected at Tag AI_TT_028
4/24/2026 1:02:27 PM,202,Warning,WT8-GUI,83108869,HM,Overscaled Channel detected at Tag AI_TT_004
4/24/2026 1:02:27 PM,202,Warning,WT8-GUI,83108870,HM,Overscaled Channel detected at Tag AI_TT_005
4/24/2026 1:02:27 PM,202,Warning,WT8-GUI,83108871,HM,Overscaled Channel detected at Tag AI_TT_006
4/24/2026 1:03:10 PM,301005,Warning,WT8-GUI,83108872,OPC,OPC Server Graybox.Simulator.1 on host localhost has not updated data in 220 minute(s).
4/24/2026 1:03:27 PM,202,Warning,WT8-GUI,83108873,HM,Overscaled Channel detected at Tag AI_Volts_Shunt_000
4/24/2026 1:03:27 PM,202,Warning,WT8-GUI,83108874,HM,Overscaled Channel detected at Tag AI_Volts_Shunt_001
4/24/2026 1:03:27 PM,202,Warning,WT8-GUI,83108875,HM,Overscaled Channel detected at Tag AI_Volts_Shunt_003
4/24/2026 1:03:27 PM,202,Warning,WT8-GUI,83108876,HM,Overscaled Channel detected at Tag AI_Volts_Shunt_004
4/24/2026 1:03:27 PM,202,Warning,WT8-GUI,83108877,HM,Overscaled Channel detected at Tag AI_TT_029
4/24/2026 1:03:27 PM,202,Warning,WT8-GUI,83108878,HM,Overscaled Channel detected at Tag AI_TT_030
4/24/2026 1:03:27 PM,202,Warning,WT8-GUI,83108879,HM,Overscaled Channel detected at Tag AI_TK_026
4/24/2026 1:03:27 PM,202,Warning,WT8-GUI,83108880,HM,Overscaled Channel detected at Tag AI_TK_027
4/24/2026 1:03:27 PM,202,Warning,WT8-GUI,83108881,HM,Overscaled Channel detected at Tag AI_TK_028
4/24/2026 1:03:27 PM,202,Warning,WT8-GUI,83108882,HM,Overscaled Channel detected at Tag AI_TK_003
4/24/2026 1:03:27 PM,202,Warning,WT8-GUI,83108883,HM,Overscaled Channel detected at Tag AI_TT_002
4/24/2026 1:03:27 PM,202,Warning,WT8-GUI,83108884,HM,Overscaled Channel detected at Tag AI_TT_003
4/24/2026 1:03:27 PM,202,Warning,WT8-GUI,83108885,HM,Overscaled Channel detected at Tag AI_TT_007
4/24/2026 1:03:27 PM,202,Warning,WT8-GUI,83108886,HM,Overscaled Channel detected at Tag AI_TT_008
4/24/2026 1:03:27 PM,202,Warning,WT8-GUI,83108887,HM,Overscaled Channel detected at Tag AI_Volts_Shunt_006
4/24/2026 1:03:27 PM,202,Warning,WT8-GUI,83108888,HM,Overscaled Channel detected at Tag AI_Volts_Shunt_007
4/24/2026 1:03:27 PM,202,Warning,WT8-GUI,83108889,HM,Overscaled Channel detected at Tag AI_Volts_Shunt_008
4/24/2026 1:03:27 PM,202,Warning,WT8-GUI,83108890,HM,Overscaled Channel detected at Tag AI_Volts_Shunt_009
4/24/2026 1:03:27 PM,202,Warning,WT8-GUI,83108891,HM,Overscaled Channel detected at Tag AI_TK_000
4/24/2026 1:03:27 PM,202,Warning,WT8-GUI,83108892,HM,Overscaled Channel detected at Tag AI_TK_009
4/24/2026 1:03:27 PM,202,Warning,WT8-GUI,83108893,HM,Overscaled Channel detected at Tag AI_TK_010
4/24/2026 1:03:27 PM,202,Warning,WT8-GUI,83108894,HM,Overscaled Channel detected at Tag AI_TK_011
4/24/2026 1:03:27 PM,202,Warning,WT8-GUI,83108895,HM,Overscaled Channel detected at Tag AI_TK_012
4/24/2026 1:03:27 PM,202,Warning,WT8-GUI,83108896,HM,Overscaled Channel detected at Tag AI_TK_013
4/24/2026 1:03:27 PM,202,Warning,WT8-GUI,83108897,HM,Overscaled Channel detected at Tag AI_TK_014
4/24/2026 1:03:27 PM,202,Warning,WT8-GUI,83108898,HM,Overscaled Channel detected at Tag AI_TK_015
4/24/2026 1:03:27 PM,202,Warning,WT8-GUI,83108899,HM,Overscaled Channel detected at Tag AI_TK_016
4/24/2026 1:03:27 PM,202,Warning,WT8-GUI,83108900,HM,Overscaled Channel detected at Tag AI_TK_017
4/24/2026 1:03:27 PM,202,Warning,WT8-GUI,83108901,HM,Overscaled Channel detected at Tag AI_TK_018
4/24/2026 1:03:27 PM,202,Warning,WT8-GUI,83108902,HM,Overscaled Channel detected at Tag AI_TK_001
4/24/2026 1:03:27 PM,202,Warning,WT8-GUI,83108903,HM,Overscaled Channel detected at Tag AI_TK_019
4/24/2026 1:03:27 PM,202,Warning,WT8-GUI,83108904,HM,Overscaled Channel detected at Tag AI_TK_020
4/24/2026 1:03:27 PM,202,Warning,WT8-GUI,83108905,HM,Overscaled Channel detected at Tag AI_TK_021
4/24/2026 1:03:27 PM,202,Warning,WT8-GUI,83108906,HM,Overscaled Channel detected at Tag AI_TK_022
4/24/2026 1:03:27 PM,202,Warning,WT8-GUI,83108907,HM,Overscaled Channel detected at Tag AI_TK_023
4/24/2026 1:03:27 PM,202,Warning,WT8-GUI,83108908,HM,Overscaled Channel detected at Tag AI_TK_024
4/24/2026 1:03:27 PM,202,Warning,WT8-GUI,83108909,HM,Overscaled Channel detected at Tag AI_TK_025
4/24/2026 1:03:27 PM,202,Warning,WT8-GUI,83108910,HM,Overscaled Channel detected at Tag AI_TK_002
4/24/2026 1:03:27 PM,202,Warning,WT8-GUI,83108911,HM,Overscaled Channel detected at Tag AI_TK_029
4/24/2026 1:03:27 PM,202,Warning,WT8-GUI,83108912,HM,Overscaled Channel detected at Tag AI_TK_030
4/24/2026 1:03:27 PM,202,Warning,WT8-GUI,83108913,HM,Overscaled Channel detected at Tag AI_TK_004
4/24/2026 1:03:27 PM,202,Warning,WT8-GUI,83108914,HM,Overscaled Channel detected at Tag AI_TK_005
4/24/2026 1:03:27 PM,202,Warning,WT8-GUI,83108915,HM,Overscaled Channel detected at Tag AI_TK_006
4/24/2026 1:03:27 PM,202,Warning,WT8-GUI,83108916,HM,Overscaled Channel detected at Tag AI_TK_007
4/24/2026 1:03:27 PM,202,Warning,WT8-GUI,83108917,HM,Overscaled Channel detected at Tag AI_TK_008
4/24/2026 1:03:27 PM,202,Warning,WT8-GUI,83108918,HM,Overscaled Channel detected at Tag AI_Volts_Shunt_010
4/24/2026 1:03:27 PM,202,Warning,WT8-GUI,83108919,HM,Overscaled Channel detected at Tag AI_Volts_Shunt_011
4/24/2026 1:03:27 PM,202,Warning,WT8-GUI,83108920,HM,Overscaled Channel detected at Tag AI_Volts_Shunt_012
4/24/2026 1:03:27 PM,202,Warning,WT8-GUI,83108921,HM,Overscaled Channel detected at Tag AI_Volts_Shunt_013
4/24/2026 1:03:27 PM,202,Warning,WT8-GUI,83108922,HM,Overscaled Channel detected at Tag AI_Volts_Shunt_014
4/24/2026 1:03:27 PM,202,Warning,WT8-GUI,83108923,HM,Overscaled Channel detected at Tag AI_Volts_Shunt_015
4/24/2026 1:03:27 PM,202,Warning,WT8-GUI,83108924,HM,Overscaled Channel detected at Tag AI_Strain_000
4/24/2026 1:03:27 PM,202,Warning,WT8-GUI,83108925,HM,Overscaled Channel detected at Tag AI_Strain_001
4/24/2026 1:03:27 PM,202,Warning,WT8-GUI,83108926,HM,Overscaled Channel detected at Tag AI_Strain_002
4/24/2026 1:03:27 PM,202,Warning,WT8-GUI,83108927,HM,Overscaled Channel detected at Tag AI_Strain_003
4/24/2026 1:03:27 PM,202,Warning,WT8-GUI,83108928,HM,Overscaled Channel detected at Tag AI_Strain_004
4/24/2026 1:03:27 PM,202,Warning,WT8-GUI,83108929,HM,Overscaled Channel detected at Tag AI_Strain_005
4/24/2026 1:03:27 PM,202,Warning,WT8-GUI,83108930,HM,Overscaled Channel detected at Tag AI_Strain_006
4/24/2026 1:03:27 PM,202,Warning,WT8-GUI,83108931,HM,Overscaled Channel detected at Tag AI_Strain_007
4/24/2026 1:03:27 PM,202,Warning,WT8-GUI,83108932,HM,Overscaled Channel detected at Tag AI_TT_000
4/24/2026 1:03:27 PM,202,Warning,WT8-GUI,83108933,HM,Overscaled Channel detected at Tag AI_TT_009
4/24/2026 1:03:27 PM,202,Warning,WT8-GUI,83108934,HM,Overscaled Channel detected at Tag AI_TT_010
4/24/2026 1:03:27 PM,202,Warning,WT8-GUI,83108935,HM,Overscaled Channel detected at Tag AI_TT_011
4/24/2026 1:03:27 PM,202,Warning,WT8-GUI,83108936,HM,Overscaled Channel detected at Tag AI_TT_012
4/24/2026 1:03:27 PM,202,Warning,WT8-GUI,83108937,HM,Overscaled Channel detected at Tag AI_TT_013
4/24/2026 1:03:27 PM,202,Warning,WT8-GUI,83108938,HM,Overscaled Channel detected at Tag AI_TT_014
4/24/2026 1:03:27 PM,202,Warning,WT8-GUI,83108939,HM,Overscaled Channel detected at Tag AI_TT_015
4/24/2026 1:03:27 PM,202,Warning,WT8-GUI,83108940,HM,Overscaled Channel detected at Tag AI_TT_016
4/24/2026 1:03:27 PM,202,Warning,WT8-GUI,83108941,HM,Overscaled Channel detected at Tag AI_TT_017
4/24/2026 1:03:27 PM,202,Warning,WT8-GUI,83108942,HM,Overscaled Channel detected at Tag AI_TT_018
4/24/2026 1:03:27 PM,202,Warning,WT8-GUI,83108943,HM,Overscaled Channel detected at Tag AI_TT_001
4/24/2026 1:03:27 PM,202,Warning,WT8-GUI,83108944,HM,Overscaled Channel detected at Tag AI_TT_019
4/24/2026 1:03:27 PM,202,Warning,WT8-GUI,83108945,HM,Overscaled Channel detected at Tag AI_TT_020
4/24/2026 1:03:27 PM,202,Warning,WT8-GUI,83108946,HM,Overscaled Channel detected at Tag AI_TT_021
4/24/2026 1:03:27 PM,202,Warning,WT8-GUI,83108947,HM,Overscaled Channel detected at Tag AI_TT_022
4/24/2026 1:03:27 PM,202,Warning,WT8-GUI,83108948,HM,Overscaled Channel detected at Tag AI_TT_023
4/24/2026 1:03:27 PM,202,Warning,WT8-GUI,83108949,HM,Overscaled Channel detected at Tag AI_TT_024
4/24/2026 1:03:27 PM,202,Warning,WT8-GUI,83108950,HM,Overscaled Channel detected at Tag AI_TT_025
4/24/2026 1:03:27 PM,202,Warning,WT8-GUI,83108951,HM,Overscaled Channel detected at Tag AI_TT_026
4/24/2026 1:03:27 PM,202,Warning,WT8-GUI,83108952,HM,Overscaled Channel detected at Tag AI_TT_027
4/24/2026 1:03:27 PM,202,Warning,WT8-GUI,83108953,HM,Overscaled Channel detected at Tag AI_TT_028
4/24/2026 1:03:27 PM,202,Warning,WT8-GUI,83108954,HM,Overscaled Channel detected at Tag AI_TT_004
4/24/2026 1:03:27 PM,202,Warning,WT8-GUI,83108955,HM,Overscaled Channel detected at Tag AI_TT_005
4/24/2026 1:03:27 PM,202,Warning,WT8-GUI,83108956,HM,Overscaled Channel detected at Tag AI_TT_006
4/24/2026 1:04:10 PM,301005,Warning,WT8-GUI,83108957,OPC,OPC Server Graybox.Simulator.1 on host localhost has not updated data in 221 minute(s).
4/24/2026 1:04:27 PM,202,Warning,WT8-GUI,83108958,HM,Overscaled Channel detected at Tag AI_Volts_Shunt_000
4/24/2026 1:04:27 PM,202,Warning,WT8-GUI,83108959,HM,Overscaled Channel detected at Tag AI_Volts_Shunt_001
4/24/2026 1:04:27 PM,202,Warning,WT8-GUI,83108960,HM,Overscaled Channel detected at Tag AI_Volts_Shunt_003
4/24/2026 1:04:27 PM,202,Warning,WT8-GUI,83108961,HM,Overscaled Channel detected at Tag AI_Volts_Shunt_004
4/24/2026 1:04:27 PM,202,Warning,WT8-GUI,83108962,HM,Overscaled Channel detected at Tag AI_TT_029
4/24/2026 1:04:27 PM,202,Warning,WT8-GUI,83108963,HM,Overscaled Channel detected at Tag AI_TT_030
4/24/2026 1:04:27 PM,202,Warning,WT8-GUI,83108964,HM,Overscaled Channel detected at Tag AI_TK_026
4/24/2026 1:04:27 PM,202,Warning,WT8-GUI,83108965,HM,Overscaled Channel detected at Tag AI_TK_027
4/24/2026 1:04:27 PM,202,Warning,WT8-GUI,83108966,HM,Overscaled Channel detected at Tag AI_TK_028
4/24/2026 1:04:27 PM,202,Warning,WT8-GUI,83108967,HM,Overscaled Channel detected at Tag AI_TK_003
4/24/2026 1:04:27 PM,202,Warning,WT8-GUI,83108968,HM,Overscaled Channel detected at Tag AI_TT_002
4/24/2026 1:04:27 PM,202,Warning,WT8-GUI,83108969,HM,Overscaled Channel detected at Tag AI_TT_003
4/24/2026 1:04:27 PM,202,Warning,WT8-GUI,83108970,HM,Overscaled Channel detected at Tag AI_TT_007
4/24/2026 1:04:27 PM,202,Warning,WT8-GUI,83108971,HM,Overscaled Channel detected at Tag AI_TT_008
4/24/2026 1:04:27 PM,202,Warning,WT8-GUI,83108972,HM,Overscaled Channel detected at Tag AI_Volts_Shunt_006
4/24/2026 1:04:27 PM,202,Warning,WT8-GUI,83108973,HM,Overscaled Channel detected at Tag AI_Volts_Shunt_007
4/24/2026 1:04:27 PM,202,Warning,WT8-GUI,83108974,HM,Overscaled Channel detected at Tag AI_Volts_Shunt_008
4/24/2026 1:04:27 PM,202,Warning,WT8-GUI,83108975,HM,Overscaled Channel detected at Tag AI_Volts_Shunt_009
4/24/2026 1:04:27 PM,202,Warning,WT8-GUI,83108976,HM,Overscaled Channel detected at Tag AI_TK_000
4/24/2026 1:04:27 PM,202,Warning,WT8-GUI,83108977,HM,Overscaled Channel detected at Tag AI_TK_009
4/24/2026 1:04:27 PM,202,Warning,WT8-GUI,83108978,HM,Overscaled Channel detected at Tag AI_TK_010
4/24/2026 1:04:27 PM,202,Warning,WT8-GUI,83108979,HM,Overscaled Channel detected at Tag AI_TK_011
4/24/2026 1:04:27 PM,202,Warning,WT8-GUI,83108980,HM,Overscaled Channel detected at Tag AI_TK_012
4/24/2026 1:04:27 PM,202,Warning,WT8-GUI,83108981,HM,Overscaled Channel detected at Tag AI_TK_013
4/24/2026 1:04:27 PM,202,Warning,WT8-GUI,83108982,HM,Overscaled Channel detected at Tag AI_TK_014
4/24/2026 1:04:27 PM,202,Warning,WT8-GUI,83108983,HM,Overscaled Channel detected at Tag AI_TK_015
4/24/2026 1:04:27 PM,202,Warning,WT8-GUI,83108984,HM,Overscaled Channel detected at Tag AI_TK_016
4/24/2026 1:04:27 PM,202,Warning,WT8-GUI,83108985,HM,Overscaled Channel detected at Tag AI_TK_017
4/24/2026 1:04:27 PM,202,Warning,WT8-GUI,83108986,HM,Overscaled Channel detected at Tag AI_TK_018
4/24/2026 1:04:27 PM,202,Warning,WT8-GUI,83108987,HM,Overscaled Channel detected at Tag AI_TK_001
4/24/2026 1:04:27 PM,202,Warning,WT8-GUI,83108988,HM,Overscaled Channel detected at Tag AI_TK_019
4/24/2026 1:04:27 PM,202,Warning,WT8-GUI,83108989,HM,Overscaled Channel detected at Tag AI_TK_020
4/24/2026 1:04:27 PM,202,Warning,WT8-GUI,83108990,HM,Overscaled Channel detected at Tag AI_TK_021
4/24/2026 1:04:27 PM,202,Warning,WT8-GUI,83108991,HM,Overscaled Channel detected at Tag AI_TK_022
4/24/2026 1:04:27 PM,202,Warning,WT8-GUI,83108992,HM,Overscaled Channel detected at Tag AI_TK_023
4/24/2026 1:04:27 PM,202,Warning,WT8-GUI,83108993,HM,Overscaled Channel detected at Tag AI_TK_024
4/24/2026 1:04:27 PM,202,Warning,WT8-GUI,83108994,HM,Overscaled Channel detected at Tag AI_TK_025
4/24/2026 1:04:27 PM,202,Warning,WT8-GUI,83108995,HM,Overscaled Channel detected at Tag AI_TK_002
4/24/2026 1:04:27 PM,202,Warning,WT8-GUI,83108996,HM,Overscaled Channel detected at Tag AI_TK_029
4/24/2026 1:04:27 PM,202,Warning,WT8-GUI,83108997,HM,Overscaled Channel detected at Tag AI_TK_030
4/24/2026 1:04:27 PM,202,Warning,WT8-GUI,83108998,HM,Overscaled Channel detected at Tag AI_TK_004
4/24/2026 1:04:27 PM,202,Warning,WT8-GUI,83108999,HM,Overscaled Channel detected at Tag AI_TK_005
4/24/2026 1:04:27 PM,202,Warning,WT8-GUI,83109000,HM,Overscaled Channel detected at Tag AI_TK_006
4/24/2026 1:04:27 PM,202,Warning,WT8-GUI,83109001,HM,Overscaled Channel detected at Tag AI_TK_007
4/24/2026 1:04:27 PM,202,Warning,WT8-GUI,83109002,HM,Overscaled Channel detected at Tag AI_TK_008
4/24/2026 1:04:27 PM,202,Warning,WT8-GUI,83109003,HM,Overscaled Channel detected at Tag AI_Volts_Shunt_010
4/24/2026 1:04:27 PM,202,Warning,WT8-GUI,83109004,HM,Overscaled Channel detected at Tag AI_Volts_Shunt_011
4/24/2026 1:04:27 PM,202,Warning,WT8-GUI,83109005,HM,Overscaled Channel detected at Tag AI_Volts_Shunt_012
4/24/2026 1:04:27 PM,202,Warning,WT8-GUI,83109006,HM,Overscaled Channel detected at Tag AI_Volts_Shunt_013
4/24/2026 1:04:27 PM,202,Warning,WT8-GUI,83109007,HM,Overscaled Channel detected at Tag AI_Volts_Shunt_014
4/24/2026 1:04:27 PM,202,Warning,WT8-GUI,83109008,HM,Overscaled Channel detected at Tag AI_Volts_Shunt_015
4/24/2026 1:04:27 PM,202,Warning,WT8-GUI,83109009,HM,Overscaled Channel detected at Tag AI_Strain_000
4/24/2026 1:04:27 PM,202,Warning,WT8-GUI,83109010,HM,Overscaled Channel detected at Tag AI_Strain_001
4/24/2026 1:04:27 PM,202,Warning,WT8-GUI,83109011,HM,Overscaled Channel detected at Tag AI_Strain_002
4/24/2026 1:04:27 PM,202,Warning,WT8-GUI,83109012,HM,Overscaled Channel detected at Tag AI_Strain_003
4/24/2026 1:04:27 PM,202,Warning,WT8-GUI,83109013,HM,Overscaled Channel detected at Tag AI_Strain_004
4/24/2026 1:04:27 PM,202,Warning,WT8-GUI,83109014,HM,Overscaled Channel detected at Tag AI_Strain_005
4/24/2026 1:04:27 PM,202,Warning,WT8-GUI,83109015,HM,Overscaled Channel detected at Tag AI_Strain_006
4/24/2026 1:04:27 PM,202,Warning,WT8-GUI,83109016,HM,Overscaled Channel detected at Tag AI_Strain_007
4/24/2026 1:04:27 PM,202,Warning,WT8-GUI,83109017,HM,Overscaled Channel detected at Tag AI_TT_000
4/24/2026 1:04:27 PM,202,Warning,WT8-GUI,83109018,HM,Overscaled Channel detected at Tag AI_TT_009
4/24/2026 1:04:27 PM,202,Warning,WT8-GUI,83109019,HM,Overscaled Channel detected at Tag AI_TT_010
4/24/2026 1:04:27 PM,202,Warning,WT8-GUI,83109020,HM,Overscaled Channel detected at Tag AI_TT_011
4/24/2026 1:04:27 PM,202,Warning,WT8-GUI,83109021,HM,Overscaled Channel detected at Tag AI_TT_012
4/24/2026 1:04:27 PM,202,Warning,WT8-GUI,83109022,HM,Overscaled Channel detected at Tag AI_TT_013
4/24/2026 1:04:27 PM,202,Warning,WT8-GUI,83109023,HM,Overscaled Channel detected at Tag AI_TT_014
4/24/2026 1:04:27 PM,202,Warning,WT8-GUI,83109024,HM,Overscaled Channel detected at Tag AI_TT_015
4/24/2026 1:04:27 PM,202,Warning,WT8-GUI,83109025,HM,Overscaled Channel detected at Tag AI_TT_016
4/24/2026 1:04:27 PM,202,Warning,WT8-GUI,83109026,HM,Overscaled Channel detected at Tag AI_TT_017
4/24/2026 1:04:27 PM,202,Warning,WT8-GUI,83109027,HM,Overscaled Channel detected at Tag AI_TT_018
4/24/2026 1:04:27 PM,202,Warning,WT8-GUI,83109028,HM,Overscaled Channel detected at Tag AI_TT_001
4/24/2026 1:04:27 PM,202,Warning,WT8-GUI,83109029,HM,Overscaled Channel detected at Tag AI_TT_019
4/24/2026 1:04:27 PM,202,Warning,WT8-GUI,83109030,HM,Overscaled Channel detected at Tag AI_TT_020
4/24/2026 1:04:27 PM,202,Warning,WT8-GUI,83109031,HM,Overscaled Channel detected at Tag AI_TT_021
4/24/2026 1:04:27 PM,202,Warning,WT8-GUI,83109032,HM,Overscaled Channel detected at Tag AI_TT_022
4/24/2026 1:04:27 PM,202,Warning,WT8-GUI,83109033,HM,Overscaled Channel detected at Tag AI_TT_023
4/24/2026 1:04:27 PM,202,Warning,WT8-GUI,83109034,HM,Overscaled Channel detected at Tag AI_TT_024
4/24/2026 1:04:27 PM,202,Warning,WT8-GUI,83109035,HM,Overscaled Channel detected at Tag AI_TT_025
4/24/2026 1:04:27 PM,202,Warning,WT8-GUI,83109036,HM,Overscaled Channel detected at Tag AI_TT_026
4/24/2026 1:04:27 PM,202,Warning,WT8-GUI,83109037,HM,Overscaled Channel detected at Tag AI_TT_027
4/24/2026 1:04:27 PM,202,Warning,WT8-GUI,83109038,HM,Overscaled Channel detected at Tag AI_TT_028
4/24/2026 1:04:27 PM,202,Warning,WT8-GUI,83109039,HM,Overscaled Channel detected at Tag AI_TT_004
4/24/2026 1:04:27 PM,202,Warning,WT8-GUI,83109040,HM,Overscaled Channel detected at Tag AI_TT_005
4/24/2026 1:04:27 PM,202,Warning,WT8-GUI,83109041,HM,Overscaled Channel detected at Tag AI_TT_006
4/24/2026 1:05:10 PM,301005,Warning,WT8-GUI,83109042,OPC,OPC Server Graybox.Simulator.1 on host localhost has not updated data in 222 minute(s).
4/24/2026 1:05:27 PM,202,Warning,WT8-GUI,83109043,HM,Overscaled Channel detected at Tag AI_Volts_Shunt_000
4/24/2026 1:05:27 PM,202,Warning,WT8-GUI,83109044,HM,Overscaled Channel detected at Tag AI_Volts_Shunt_001
4/24/2026 1:05:27 PM,202,Warning,WT8-GUI,83109045,HM,Overscaled Channel detected at Tag AI_Volts_Shunt_003
4/24/2026 1:05:27 PM,202,Warning,WT8-GUI,83109046,HM,Overscaled Channel detected at Tag AI_Volts_Shunt_004
4/24/2026 1:05:27 PM,202,Warning,WT8-GUI,83109047,HM,Overscaled Channel detected at Tag AI_TK_026
4/24/2026 1:05:27 PM,202,Warning,WT8-GUI,83109048,HM,Overscaled Channel detected at Tag AI_TK_027
4/24/2026 1:05:27 PM,202,Warning,WT8-GUI,83109049,HM,Overscaled Channel detected at Tag AI_TK_028
4/24/2026 1:05:27 PM,202,Warning,WT8-GUI,83109050,HM,Overscaled Channel detected at Tag AI_TK_003
4/24/2026 1:05:27 PM,202,Warning,WT8-GUI,83109051,HM,Overscaled Channel detected at Tag AI_TT_002
4/24/2026 1:05:27 PM,202,Warning,WT8-GUI,83109052,HM,Overscaled Channel detected at Tag AI_TT_029
4/24/2026 1:05:27 PM,202,Warning,WT8-GUI,83109053,HM,Overscaled Channel detected at Tag AI_TT_030
4/24/2026 1:05:27 PM,202,Warning,WT8-GUI,83109054,HM,Overscaled Channel detected at Tag AI_TT_003
4/24/2026 1:05:27 PM,202,Warning,WT8-GUI,83109055,HM,Overscaled Channel detected at Tag AI_TT_007
4/24/2026 1:05:27 PM,202,Warning,WT8-GUI,83109056,HM,Overscaled Channel detected at Tag AI_TT_008
4/24/2026 1:05:27 PM,202,Warning,WT8-GUI,83109057,HM,Overscaled Channel detected at Tag AI_Volts_Shunt_006
4/24/2026 1:05:27 PM,202,Warning,WT8-GUI,83109058,HM,Overscaled Channel detected at Tag AI_Volts_Shunt_007
4/24/2026 1:05:27 PM,202,Warning,WT8-GUI,83109059,HM,Overscaled Channel detected at Tag AI_Volts_Shunt_008
4/24/2026 1:05:27 PM,202,Warning,WT8-GUI,83109060,HM,Overscaled Channel detected at Tag AI_Volts_Shunt_009
4/24/2026 1:05:27 PM,202,Warning,WT8-GUI,83109061,HM,Overscaled Channel detected at Tag AI_TK_000
4/24/2026 1:05:27 PM,202,Warning,WT8-GUI,83109062,HM,Overscaled Channel detected at Tag AI_TK_009
4/24/2026 1:05:27 PM,202,Warning,WT8-GUI,83109063,HM,Overscaled Channel detected at Tag AI_TK_010
4/24/2026 1:05:27 PM,202,Warning,WT8-GUI,83109064,HM,Overscaled Channel detected at Tag AI_TK_011
4/24/2026 1:05:27 PM,202,Warning,WT8-GUI,83109065,HM,Overscaled Channel detected at Tag AI_TK_012
4/24/2026 1:05:27 PM,202,Warning,WT8-GUI,83109066,HM,Overscaled Channel detected at Tag AI_TK_013
4/24/2026 1:05:27 PM,202,Warning,WT8-GUI,83109067,HM,Overscaled Channel detected at Tag AI_TK_014
4/24/2026 1:05:27 PM,202,Warning,WT8-GUI,83109068,HM,Overscaled Channel detected at Tag AI_TK_015
4/24/2026 1:05:27 PM,202,Warning,WT8-GUI,83109069,HM,Overscaled Channel detected at Tag AI_TK_016
4/24/2026 1:05:27 PM,202,Warning,WT8-GUI,83109070,HM,Overscaled Channel detected at Tag AI_TK_017
4/24/2026 1:05:27 PM,202,Warning,WT8-GUI,83109071,HM,Overscaled Channel detected at Tag AI_TK_018
4/24/2026 1:05:27 PM,202,Warning,WT8-GUI,83109072,HM,Overscaled Channel detected at Tag AI_TK_001
4/24/2026 1:05:27 PM,202,Warning,WT8-GUI,83109073,HM,Overscaled Channel detected at Tag AI_TK_019
4/24/2026 1:05:27 PM,202,Warning,WT8-GUI,83109074,HM,Overscaled Channel detected at Tag AI_TK_020
4/24/2026 1:05:27 PM,202,Warning,WT8-GUI,83109075,HM,Overscaled Channel detected at Tag AI_TK_021
4/24/2026 1:05:27 PM,202,Warning,WT8-GUI,83109076,HM,Overscaled Channel detected at Tag AI_TK_022
4/24/2026 1:05:27 PM,202,Warning,WT8-GUI,83109077,HM,Overscaled Channel detected at Tag AI_TK_023
4/24/2026 1:05:27 PM,202,Warning,WT8-GUI,83109078,HM,Overscaled Channel detected at Tag AI_TK_024
4/24/2026 1:05:27 PM,202,Warning,WT8-GUI,83109079,HM,Overscaled Channel detected at Tag AI_TK_025
4/24/2026 1:05:27 PM,202,Warning,WT8-GUI,83109080,HM,Overscaled Channel detected at Tag AI_TK_002
4/24/2026 1:05:27 PM,202,Warning,WT8-GUI,83109081,HM,Overscaled Channel detected at Tag AI_TK_029
4/24/2026 1:05:27 PM,202,Warning,WT8-GUI,83109082,HM,Overscaled Channel detected at Tag AI_TK_030
4/24/2026 1:05:27 PM,202,Warning,WT8-GUI,83109083,HM,Overscaled Channel detected at Tag AI_TK_004
4/24/2026 1:05:27 PM,202,Warning,WT8-GUI,83109084,HM,Overscaled Channel detected at Tag AI_TK_005
4/24/2026 1:05:27 PM,202,Warning,WT8-GUI,83109085,HM,Overscaled Channel detected at Tag AI_TK_006
4/24/2026 1:05:27 PM,202,Warning,WT8-GUI,83109086,HM,Overscaled Channel detected at Tag AI_TK_007
4/24/2026 1:05:27 PM,202,Warning,WT8-GUI,83109087,HM,Overscaled Channel detected at Tag AI_TK_008
4/24/2026 1:05:27 PM,202,Warning,WT8-GUI,83109088,HM,Overscaled Channel detected at Tag AI_Volts_Shunt_010
4/24/2026 1:05:27 PM,202,Warning,WT8-GUI,83109089,HM,Overscaled Channel detected at Tag AI_Volts_Shunt_011
4/24/2026 1:05:27 PM,202,Warning,WT8-GUI,83109090,HM,Overscaled Channel detected at Tag AI_Volts_Shunt_012
4/24/2026 1:05:27 PM,202,Warning,WT8-GUI,83109091,HM,Overscaled Channel detected at Tag AI_Volts_Shunt_013
4/24/2026 1:05:27 PM,202,Warning,WT8-GUI,83109092,HM,Overscaled Channel detected at Tag AI_Volts_Shunt_014
4/24/2026 1:05:27 PM,202,Warning,WT8-GUI,83109093,HM,Overscaled Channel detected at Tag AI_Volts_Shunt_015
4/24/2026 1:05:27 PM,202,Warning,WT8-GUI,83109094,HM,Overscaled Channel detected at Tag AI_Strain_000
4/24/2026 1:05:27 PM,202,Warning,WT8-GUI,83109095,HM,Overscaled Channel detected at Tag AI_Strain_001
4/24/2026 1:05:27 PM,202,Warning,WT8-GUI,83109096,HM,Overscaled Channel detected at Tag AI_Strain_002
4/24/2026 1:05:27 PM,202,Warning,WT8-GUI,83109097,HM,Overscaled Channel detected at Tag AI_Strain_003
4/24/2026 1:05:27 PM,202,Warning,WT8-GUI,83109098,HM,Overscaled Channel detected at Tag AI_Strain_004
4/24/2026 1:05:27 PM,202,Warning,WT8-GUI,83109099,HM,Overscaled Channel detected at Tag AI_Strain_005
4/24/2026 1:05:27 PM,202,Warning,WT8-GUI,83109100,HM,Overscaled Channel detected at Tag AI_Strain_006
4/24/2026 1:05:27 PM,202,Warning,WT8-GUI,83109101,HM,Overscaled Channel detected at Tag AI_Strain_007
4/24/2026 1:05:27 PM,202,Warning,WT8-GUI,83109102,HM,Overscaled Channel detected at Tag AI_TT_000
4/24/2026 1:05:27 PM,202,Warning,WT8-GUI,83109103,HM,Overscaled Channel detected at Tag AI_TT_009
4/24/2026 1:05:27 PM,202,Warning,WT8-GUI,83109104,HM,Overscaled Channel detected at Tag AI_TT_010
4/24/2026 1:05:27 PM,202,Warning,WT8-GUI,83109105,HM,Overscaled Channel detected at Tag AI_TT_011
4/24/2026 1:05:27 PM,202,Warning,WT8-GUI,83109106,HM,Overscaled Channel detected at Tag AI_TT_012
4/24/2026 1:05:27 PM,202,Warning,WT8-GUI,83109107,HM,Overscaled Channel detected at Tag AI_TT_013
4/24/2026 1:05:27 PM,202,Warning,WT8-GUI,83109108,HM,Overscaled Channel detected at Tag AI_TT_014
4/24/2026 1:05:27 PM,202,Warning,WT8-GUI,83109109,HM,Overscaled Channel detected at Tag AI_TT_015
4/24/2026 1:05:27 PM,202,Warning,WT8-GUI,83109110,HM,Overscaled Channel detected at Tag AI_TT_016
4/24/2026 1:05:27 PM,202,Warning,WT8-GUI,83109111,HM,Overscaled Channel detected at Tag AI_TT_017
4/24/2026 1:05:27 PM,202,Warning,WT8-GUI,83109112,HM,Overscaled Channel detected at Tag AI_TT_018
4/24/2026 1:05:27 PM,202,Warning,WT8-GUI,83109113,HM,Overscaled Channel detected at Tag AI_TT_001
4/24/2026 1:05:27 PM,202,Warning,WT8-GUI,83109114,HM,Overscaled Channel detected at Tag AI_TT_019
4/24/2026 1:05:27 PM,202,Warning,WT8-GUI,83109115,HM,Overscaled Channel detected at Tag AI_TT_020
4/24/2026 1:05:27 PM,202,Warning,WT8-GUI,83109116,HM,Overscaled Channel detected at Tag AI_TT_021
4/24/2026 1:05:27 PM,202,Warning,WT8-GUI,83109117,HM,Overscaled Channel detected at Tag AI_TT_022
4/24/2026 1:05:27 PM,202,Warning,WT8-GUI,83109118,HM,Overscaled Channel detected at Tag AI_TT_023
4/24/2026 1:05:27 PM,202,Warning,WT8-GUI,83109119,HM,Overscaled Channel detected at Tag AI_TT_024
4/24/2026 1:05:27 PM,202,Warning,WT8-GUI,83109120,HM,Overscaled Channel detected at Tag AI_TT_025
4/24/2026 1:05:27 PM,202,Warning,WT8-GUI,83109121,HM,Overscaled Channel detected at Tag AI_TT_026
4/24/2026 1:05:27 PM,202,Warning,WT8-GUI,83109122,HM,Overscaled Channel detected at Tag AI_TT_027
4/24/2026 1:05:27 PM,202,Warning,WT8-GUI,83109123,HM,Overscaled Channel detected at Tag AI_TT_028
4/24/2026 1:05:27 PM,202,Warning,WT8-GUI,83109124,HM,Overscaled Channel detected at Tag AI_TT_004
4/24/2026 1:05:27 PM,202,Warning,WT8-GUI,83109125,HM,Overscaled Channel detected at Tag AI_TT_005
4/24/2026 1:05:27 PM,202,Warning,WT8-GUI,83109126,HM,Overscaled Channel detected at Tag AI_TT_006
4/24/2026 1:06:10 PM,301005,Warning,WT8-GUI,83109127,OPC,OPC Server Graybox.Simulator.1 on host localhost has not updated data in 223 minute(s).
4/24/2026 1:06:27 PM,202,Warning,WT8-GUI,83109128,HM,Overscaled Channel detected at Tag AI_Volts_Shunt_000
4/24/2026 1:06:27 PM,202,Warning,WT8-GUI,83109129,HM,Overscaled Channel detected at Tag AI_Volts_Shunt_001
4/24/2026 1:06:27 PM,202,Warning,WT8-GUI,83109130,HM,Overscaled Channel detected at Tag AI_Volts_Shunt_003
4/24/2026 1:06:27 PM,202,Warning,WT8-GUI,83109131,HM,Overscaled Channel detected at Tag AI_Volts_Shunt_004
4/24/2026 1:06:27 PM,202,Warning,WT8-GUI,83109132,HM,Overscaled Channel detected at Tag AI_TK_026
4/24/2026 1:06:27 PM,202,Warning,WT8-GUI,83109133,HM,Overscaled Channel detected at Tag AI_TK_027
4/24/2026 1:06:27 PM,202,Warning,WT8-GUI,83109134,HM,Overscaled Channel detected at Tag AI_TK_028
4/24/2026 1:06:27 PM,202,Warning,WT8-GUI,83109135,HM,Overscaled Channel detected at Tag AI_TK_003
4/24/2026 1:06:27 PM,202,Warning,WT8-GUI,83109136,HM,Overscaled Channel detected at Tag AI_TT_002
4/24/2026 1:06:27 PM,202,Warning,WT8-GUI,83109137,HM,Overscaled Channel detected at Tag AI_TT_029
4/24/2026 1:06:27 PM,202,Warning,WT8-GUI,83109138,HM,Overscaled Channel detected at Tag AI_TT_030
4/24/2026 1:06:27 PM,202,Warning,WT8-GUI,83109139,HM,Overscaled Channel detected at Tag AI_TT_003
4/24/2026 1:06:27 PM,202,Warning,WT8-GUI,83109140,HM,Overscaled Channel detected at Tag AI_TT_007
4/24/2026 1:06:27 PM,202,Warning,WT8-GUI,83109141,HM,Overscaled Channel detected at Tag AI_TT_008
4/24/2026 1:06:27 PM,202,Warning,WT8-GUI,83109142,HM,Overscaled Channel detected at Tag AI_Volts_Shunt_006
4/24/2026 1:06:27 PM,202,Warning,WT8-GUI,83109143,HM,Overscaled Channel detected at Tag AI_Volts_Shunt_007
4/24/2026 1:06:27 PM,202,Warning,WT8-GUI,83109144,HM,Overscaled Channel detected at Tag AI_Volts_Shunt_008
4/24/2026 1:06:27 PM,202,Warning,WT8-GUI,83109145,HM,Overscaled Channel detected at Tag AI_Volts_Shunt_009
4/24/2026 1:06:27 PM,202,Warning,WT8-GUI,83109146,HM,Overscaled Channel detected at Tag AI_TK_000
4/24/2026 1:06:27 PM,202,Warning,WT8-GUI,83109147,HM,Overscaled Channel detected at Tag AI_TK_009
4/24/2026 1:06:27 PM,202,Warning,WT8-GUI,83109148,HM,Overscaled Channel detected at Tag AI_TK_010
4/24/2026 1:06:27 PM,202,Warning,WT8-GUI,83109149,HM,Overscaled Channel detected at Tag AI_TK_011
4/24/2026 1:06:27 PM,202,Warning,WT8-GUI,83109150,HM,Overscaled Channel detected at Tag AI_TK_012
4/24/2026 1:06:27 PM,202,Warning,WT8-GUI,83109151,HM,Overscaled Channel detected at Tag AI_TK_013
4/24/2026 1:06:27 PM,202,Warning,WT8-GUI,83109152,HM,Overscaled Channel detected at Tag AI_TK_014
4/24/2026 1:06:27 PM,202,Warning,WT8-GUI,83109153,HM,Overscaled Channel detected at Tag AI_TK_015
4/24/2026 1:06:27 PM,202,Warning,WT8-GUI,83109154,HM,Overscaled Channel detected at Tag AI_TK_016
4/24/2026 1:06:27 PM,202,Warning,WT8-GUI,83109155,HM,Overscaled Channel detected at Tag AI_TK_017
4/24/2026 1:06:27 PM,202,Warning,WT8-GUI,83109156,HM,Overscaled Channel detected at Tag AI_TK_018
4/24/2026 1:06:27 PM,202,Warning,WT8-GUI,83109157,HM,Overscaled Channel detected at Tag AI_TK_001
4/24/2026 1:06:27 PM,202,Warning,WT8-GUI,83109158,HM,Overscaled Channel detected at Tag AI_TK_019
4/24/2026 1:06:27 PM,202,Warning,WT8-GUI,83109159,HM,Overscaled Channel detected at Tag AI_TK_020
4/24/2026 1:06:27 PM,202,Warning,WT8-GUI,83109160,HM,Overscaled Channel detected at Tag AI_TK_021
4/24/2026 1:06:27 PM,202,Warning,WT8-GUI,83109161,HM,Overscaled Channel detected at Tag AI_TK_022
4/24/2026 1:06:27 PM,202,Warning,WT8-GUI,83109162,HM,Overscaled Channel detected at Tag AI_TK_023
4/24/2026 1:06:27 PM,202,Warning,WT8-GUI,83109163,HM,Overscaled Channel detected at Tag AI_TK_024
4/24/2026 1:06:27 PM,202,Warning,WT8-GUI,83109164,HM,Overscaled Channel detected at Tag AI_TK_025
4/24/2026 1:06:27 PM,202,Warning,WT8-GUI,83109165,HM,Overscaled Channel detected at Tag AI_TK_002
4/24/2026 1:06:27 PM,202,Warning,WT8-GUI,83109166,HM,Overscaled Channel detected at Tag AI_TK_029
4/24/2026 1:06:27 PM,202,Warning,WT8-GUI,83109167,HM,Overscaled Channel detected at Tag AI_TK_030
4/24/2026 1:06:27 PM,202,Warning,WT8-GUI,83109168,HM,Overscaled Channel detected at Tag AI_TK_004
4/24/2026 1:06:27 PM,202,Warning,WT8-GUI,83109169,HM,Overscaled Channel detected at Tag AI_TK_005
4/24/2026 1:06:27 PM,202,Warning,WT8-GUI,83109170,HM,Overscaled Channel detected at Tag AI_TK_006
4/24/2026 1:06:27 PM,202,Warning,WT8-GUI,83109171,HM,Overscaled Channel detected at Tag AI_TK_007
4/24/2026 1:06:27 PM,202,Warning,WT8-GUI,83109172,HM,Overscaled Channel detected at Tag AI_TK_008
4/24/2026 1:06:27 PM,202,Warning,WT8-GUI,83109173,HM,Overscaled Channel detected at Tag AI_Volts_Shunt_010
4/24/2026 1:06:27 PM,202,Warning,WT8-GUI,83109174,HM,Overscaled Channel detected at Tag AI_Volts_Shunt_011
4/24/2026 1:06:27 PM,202,Warning,WT8-GUI,83109175,HM,Overscaled Channel detected at Tag AI_Volts_Shunt_012
4/24/2026 1:06:27 PM,202,Warning,WT8-GUI,83109176,HM,Overscaled Channel detected at Tag AI_Volts_Shunt_013
4/24/2026 1:06:27 PM,202,Warning,WT8-GUI,83109177,HM,Overscaled Channel detected at Tag AI_Volts_Shunt_014
4/24/2026 1:06:27 PM,202,Warning,WT8-GUI,83109178,HM,Overscaled Channel detected at Tag AI_Volts_Shunt_015
4/24/2026 1:06:27 PM,202,Warning,WT8-GUI,83109179,HM,Overscaled Channel detected at Tag AI_Strain_000
4/24/2026 1:06:27 PM,202,Warning,WT8-GUI,83109180,HM,Overscaled Channel detected at Tag AI_Strain_001
4/24/2026 1:06:27 PM,202,Warning,WT8-GUI,83109181,HM,Overscaled Channel detected at Tag AI_Strain_002
4/24/2026 1:06:27 PM,202,Warning,WT8-GUI,83109182,HM,Overscaled Channel detected at Tag AI_Strain_003
4/24/2026 1:06:27 PM,202,Warning,WT8-GUI,83109183,HM,Overscaled Channel detected at Tag AI_Strain_004
4/24/2026 1:06:27 PM,202,Warning,WT8-GUI,83109184,HM,Overscaled Channel detected at Tag AI_Strain_005
4/24/2026 1:06:27 PM,202,Warning,WT8-GUI,83109185,HM,Overscaled Channel detected at Tag AI_Strain_006
4/24/2026 1:06:27 PM,202,Warning,WT8-GUI,83109186,HM,Overscaled Channel detected at Tag AI_Strain_007
4/24/2026 1:06:27 PM,202,Warning,WT8-GUI,83109187,HM,Overscaled Channel detected at Tag AI_TT_000
4/24/2026 1:06:27 PM,202,Warning,WT8-GUI,83109188,HM,Overscaled Channel detected at Tag AI_TT_009
4/24/2026 1:06:27 PM,202,Warning,WT8-GUI,83109189,HM,Overscaled Channel detected at Tag AI_TT_010
4/24/2026 1:06:27 PM,202,Warning,WT8-GUI,83109190,HM,Overscaled Channel detected at Tag AI_TT_011
4/24/2026 1:06:27 PM,202,Warning,WT8-GUI,83109191,HM,Overscaled Channel detected at Tag AI_TT_012
4/24/2026 1:06:27 PM,202,Warning,WT8-GUI,83109192,HM,Overscaled Channel detected at Tag AI_TT_013
4/24/2026 1:06:27 PM,202,Warning,WT8-GUI,83109193,HM,Overscaled Channel detected at Tag AI_TT_014
4/24/2026 1:06:27 PM,202,Warning,WT8-GUI,83109194,HM,Overscaled Channel detected at Tag AI_TT_015
4/24/2026 1:06:27 PM,202,Warning,WT8-GUI,83109195,HM,Overscaled Channel detected at Tag AI_TT_016
4/24/2026 1:06:27 PM,202,Warning,WT8-GUI,83109196,HM,Overscaled Channel detected at Tag AI_TT_017
4/24/2026 1:06:27 PM,202,Warning,WT8-GUI,83109197,HM,Overscaled Channel detected at Tag AI_TT_018
4/24/2026 1:06:27 PM,202,Warning,WT8-GUI,83109198,HM,Overscaled Channel detected at Tag AI_TT_001
4/24/2026 1:06:27 PM,202,Warning,WT8-GUI,83109199,HM,Overscaled Channel detected at Tag AI_TT_019
4/24/2026 1:06:27 PM,202,Warning,WT8-GUI,83109200,HM,Overscaled Channel detected at Tag AI_TT_020
4/24/2026 1:06:27 PM,202,Warning,WT8-GUI,83109201,HM,Overscaled Channel detected at Tag AI_TT_021
4/24/2026 1:06:27 PM,202,Warning,WT8-GUI,83109202,HM,Overscaled Channel detected at Tag AI_TT_022
4/24/2026 1:06:27 PM,202,Warning,WT8-GUI,83109203,HM,Overscaled Channel detected at Tag AI_TT_023
4/24/2026 1:06:27 PM,202,Warning,WT8-GUI,83109204,HM,Overscaled Channel detected at Tag AI_TT_024
4/24/2026 1:06:27 PM,202,Warning,WT8-GUI,83109205,HM,Overscaled Channel detected at Tag AI_TT_025
4/24/2026 1:06:27 PM,202,Warning,WT8-GUI,83109206,HM,Overscaled Channel detected at Tag AI_TT_026
4/24/2026 1:06:27 PM,202,Warning,WT8-GUI,83109207,HM,Overscaled Channel detected at Tag AI_TT_027
4/24/2026 1:06:27 PM,202,Warning,WT8-GUI,83109208,HM,Overscaled Channel detected at Tag AI_TT_028
4/24/2026 1:06:27 PM,202,Warning,WT8-GUI,83109209,HM,Overscaled Channel detected at Tag AI_TT_004
4/24/2026 1:06:27 PM,202,Warning,WT8-GUI,83109210,HM,Overscaled Channel detected at Tag AI_TT_005
4/24/2026 1:06:27 PM,202,Warning,WT8-GUI,83109211,HM,Overscaled Channel detected at Tag AI_TT_006
4/24/2026 1:07:10 PM,301005,Warning,WT8-GUI,83109212,OPC,OPC Server Graybox.Simulator.1 on host localhost has not updated data in 224 minute(s).
4/24/2026 1:07:27 PM,202,Warning,WT8-GUI,83109213,HM,Overscaled Channel detected at Tag AI_Volts_Shunt_000
4/24/2026 1:07:27 PM,202,Warning,WT8-GUI,83109214,HM,Overscaled Channel detected at Tag AI_Volts_Shunt_001
4/24/2026 1:07:27 PM,202,Warning,WT8-GUI,83109215,HM,Overscaled Channel detected at Tag AI_Volts_Shunt_003
4/24/2026 1:07:27 PM,202,Warning,WT8-GUI,83109216,HM,Overscaled Channel detected at Tag AI_Volts_Shunt_004
4/24/2026 1:07:27 PM,202,Warning,WT8-GUI,83109217,HM,Overscaled Channel detected at Tag AI_TK_026
4/24/2026 1:07:27 PM,202,Warning,WT8-GUI,83109218,HM,Overscaled Channel detected at Tag AI_TK_027
4/24/2026 1:07:27 PM,202,Warning,WT8-GUI,83109219,HM,Overscaled Channel detected at Tag AI_TK_028
4/24/2026 1:07:27 PM,202,Warning,WT8-GUI,83109220,HM,Overscaled Channel detected at Tag AI_TK_003
4/24/2026 1:07:27 PM,202,Warning,WT8-GUI,83109221,HM,Overscaled Channel detected at Tag AI_TT_002
4/24/2026 1:07:27 PM,202,Warning,WT8-GUI,83109222,HM,Overscaled Channel detected at Tag AI_TT_029
4/24/2026 1:07:27 PM,202,Warning,WT8-GUI,83109223,HM,Overscaled Channel detected at Tag AI_TT_030
4/24/2026 1:07:27 PM,202,Warning,WT8-GUI,83109224,HM,Overscaled Channel detected at Tag AI_TT_003
4/24/2026 1:07:27 PM,202,Warning,WT8-GUI,83109225,HM,Overscaled Channel detected at Tag AI_TT_007
4/24/2026 1:07:27 PM,202,Warning,WT8-GUI,83109226,HM,Overscaled Channel detected at Tag AI_TT_008
4/24/2026 1:07:27 PM,202,Warning,WT8-GUI,83109227,HM,Overscaled Channel detected at Tag AI_Volts_Shunt_006
4/24/2026 1:07:27 PM,202,Warning,WT8-GUI,83109228,HM,Overscaled Channel detected at Tag AI_Volts_Shunt_007
4/24/2026 1:07:27 PM,202,Warning,WT8-GUI,83109229,HM,Overscaled Channel detected at Tag AI_Volts_Shunt_008
4/24/2026 1:07:27 PM,202,Warning,WT8-GUI,83109230,HM,Overscaled Channel detected at Tag AI_Volts_Shunt_009
4/24/2026 1:07:27 PM,202,Warning,WT8-GUI,83109231,HM,Overscaled Channel detected at Tag AI_TK_015
4/24/2026 1:07:27 PM,202,Warning,WT8-GUI,83109232,HM,Overscaled Channel detected at Tag AI_TK_016
4/24/2026 1:07:27 PM,202,Warning,WT8-GUI,83109233,HM,Overscaled Channel detected at Tag AI_TK_017
4/24/2026 1:07:27 PM,202,Warning,WT8-GUI,83109234,HM,Overscaled Channel detected at Tag AI_TK_018
4/24/2026 1:07:27 PM,202,Warning,WT8-GUI,83109235,HM,Overscaled Channel detected at Tag AI_TK_001
4/24/2026 1:07:27 PM,202,Warning,WT8-GUI,83109236,HM,Overscaled Channel detected at Tag AI_TK_019
4/24/2026 1:07:27 PM,202,Warning,WT8-GUI,83109237,HM,Overscaled Channel detected at Tag AI_TK_020
4/24/2026 1:07:27 PM,202,Warning,WT8-GUI,83109238,HM,Overscaled Channel detected at Tag AI_TK_021
4/24/2026 1:07:27 PM,202,Warning,WT8-GUI,83109239,HM,Overscaled Channel detected at Tag AI_TK_022
4/24/2026 1:07:27 PM,202,Warning,WT8-GUI,83109240,HM,Overscaled Channel detected at Tag AI_TT_019
4/24/2026 1:07:27 PM,202,Warning,WT8-GUI,83109241,HM,Overscaled Channel detected at Tag AI_TK_000
4/24/2026 1:07:27 PM,202,Warning,WT8-GUI,83109242,HM,Overscaled Channel detected at Tag AI_TK_009
4/24/2026 1:07:27 PM,202,Warning,WT8-GUI,83109243,HM,Overscaled Channel detected at Tag AI_TK_010
4/24/2026 1:07:27 PM,202,Warning,WT8-GUI,83109244,HM,Overscaled Channel detected at Tag AI_TK_011
4/24/2026 1:07:27 PM,202,Warning,WT8-GUI,83109245,HM,Overscaled Channel detected at Tag AI_TK_012
4/24/2026 1:07:27 PM,202,Warning,WT8-GUI,83109246,HM,Overscaled Channel detected at Tag AI_TK_013
4/24/2026 1:07:27 PM,202,Warning,WT8-GUI,83109247,HM,Overscaled Channel detected at Tag AI_TK_014
4/24/2026 1:07:27 PM,202,Warning,WT8-GUI,83109248,HM,Overscaled Channel detected at Tag AI_TK_023
4/24/2026 1:07:27 PM,202,Warning,WT8-GUI,83109249,HM,Overscaled Channel detected at Tag AI_TK_024
4/24/2026 1:07:27 PM,202,Warning,WT8-GUI,83109250,HM,Overscaled Channel detected at Tag AI_TK_025
4/24/2026 1:07:27 PM,202,Warning,WT8-GUI,83109251,HM,Overscaled Channel detected at Tag AI_TK_002
4/24/2026 1:07:27 PM,202,Warning,WT8-GUI,83109252,HM,Overscaled Channel detected at Tag AI_TK_029
4/24/2026 1:07:27 PM,202,Warning,WT8-GUI,83109253,HM,Overscaled Channel detected at Tag AI_TK_030
4/24/2026 1:07:27 PM,202,Warning,WT8-GUI,83109254,HM,Overscaled Channel detected at Tag AI_TK_004
4/24/2026 1:07:27 PM,202,Warning,WT8-GUI,83109255,HM,Overscaled Channel detected at Tag AI_TK_005
4/24/2026 1:07:27 PM,202,Warning,WT8-GUI,83109256,HM,Overscaled Channel detected at Tag AI_TK_006
4/24/2026 1:07:27 PM,202,Warning,WT8-GUI,83109257,HM,Overscaled Channel detected at Tag AI_TK_007
4/24/2026 1:07:27 PM,202,Warning,WT8-GUI,83109258,HM,Overscaled Channel detected at Tag AI_TK_008
4/24/2026 1:07:27 PM,202,Warning,WT8-GUI,83109259,HM,Overscaled Channel detected at Tag AI_Volts_Shunt_010
4/24/2026 1:07:27 PM,202,Warning,WT8-GUI,83109260,HM,Overscaled Channel detected at Tag AI_Volts_Shunt_011
4/24/2026 1:07:27 PM,202,Warning,WT8-GUI,83109261,HM,Overscaled Channel detected at Tag AI_Volts_Shunt_012
4/24/2026 1:07:27 PM,202,Warning,WT8-GUI,83109262,HM,Overscaled Channel detected at Tag AI_Volts_Shunt_013
4/24/2026 1:07:27 PM,202,Warning,WT8-GUI,83109263,HM,Overscaled Channel detected at Tag AI_Volts_Shunt_014
4/24/2026 1:07:27 PM,202,Warning,WT8-GUI,83109264,HM,Overscaled Channel detected at Tag AI_Volts_Shunt_015
4/24/2026 1:07:27 PM,202,Warning,WT8-GUI,83109265,HM,Overscaled Channel detected at Tag AI_Strain_000
4/24/2026 1:07:27 PM,202,Warning,WT8-GUI,83109266,HM,Overscaled Channel detected at Tag AI_Strain_001
4/24/2026 1:07:27 PM,202,Warning,WT8-GUI,83109267,HM,Overscaled Channel detected at Tag AI_Strain_002
4/24/2026 1:07:27 PM,202,Warning,WT8-GUI,83109268,HM,Overscaled Channel detected at Tag AI_Strain_003
4/24/2026 1:07:27 PM,202,Warning,WT8-GUI,83109269,HM,Overscaled Channel detected at Tag AI_Strain_004
4/24/2026 1:07:27 PM,202,Warning,WT8-GUI,83109270,HM,Overscaled Channel detected at Tag AI_Strain_005
4/24/2026 1:07:27 PM,202,Warning,WT8-GUI,83109271,HM,Overscaled Channel detected at Tag AI_Strain_006
4/24/2026 1:07:27 PM,202,Warning,WT8-GUI,83109272,HM,Overscaled Channel detected at Tag AI_Strain_007
4/24/2026 1:07:27 PM,202,Warning,WT8-GUI,83109273,HM,Overscaled Channel detected at Tag AI_TT_000
4/24/2026 1:07:27 PM,202,Warning,WT8-GUI,83109274,HM,Overscaled Channel detected at Tag AI_TT_009
4/24/2026 1:07:27 PM,202,Warning,WT8-GUI,83109275,HM,Overscaled Channel detected at Tag AI_TT_010
4/24/2026 1:07:27 PM,202,Warning,WT8-GUI,83109276,HM,Overscaled Channel detected at Tag AI_TT_011
4/24/2026 1:07:27 PM,202,Warning,WT8-GUI,83109277,HM,Overscaled Channel detected at Tag AI_TT_012
4/24/2026 1:07:27 PM,202,Warning,WT8-GUI,83109278,HM,Overscaled Channel detected at Tag AI_TT_013
4/24/2026 1:07:27 PM,202,Warning,WT8-GUI,83109279,HM,Overscaled Channel detected at Tag AI_TT_014
4/24/2026 1:07:27 PM,202,Warning,WT8-GUI,83109280,HM,Overscaled Channel detected at Tag AI_TT_015
4/24/2026 1:07:27 PM,202,Warning,WT8-GUI,83109281,HM,Overscaled Channel detected at Tag AI_TT_016
4/24/2026 1:07:27 PM,202,Warning,WT8-GUI,83109282,HM,Overscaled Channel detected at Tag AI_TT_017
4/24/2026 1:07:27 PM,202,Warning,WT8-GUI,83109283,HM,Overscaled Channel detected at Tag AI_TT_018
4/24/2026 1:07:27 PM,202,Warning,WT8-GUI,83109284,HM,Overscaled Channel detected at Tag AI_TT_001
4/24/2026 1:07:27 PM,202,Warning,WT8-GUI,83109285,HM,Overscaled Channel detected at Tag AI_TT_020
4/24/2026 1:07:27 PM,202,Warning,WT8-GUI,83109286,HM,Overscaled Channel detected at Tag AI_TT_021
4/24/2026 1:07:27 PM,202,Warning,WT8-GUI,83109287,HM,Overscaled Channel detected at Tag AI_TT_022
4/24/2026 1:07:27 PM,202,Warning,WT8-GUI,83109288,HM,Overscaled Channel detected at Tag AI_TT_023
4/24/2026 1:07:27 PM,202,Warning,WT8-GUI,83109289,HM,Overscaled Channel detected at Tag AI_TT_024
4/24/2026 1:07:27 PM,202,Warning,WT8-GUI,83109290,HM,Overscaled Channel detected at Tag AI_TT_025
4/24/2026 1:07:27 PM,202,Warning,WT8-GUI,83109291,HM,Overscaled Channel detected at Tag AI_TT_026
4/24/2026 1:07:27 PM,202,Warning,WT8-GUI,83109292,HM,Overscaled Channel detected at Tag AI_TT_027
4/24/2026 1:07:27 PM,202,Warning,WT8-GUI,83109293,HM,Overscaled Channel detected at Tag AI_TT_028
4/24/2026 1:07:27 PM,202,Warning,WT8-GUI,83109294,HM,Overscaled Channel detected at Tag AI_TT_004
4/24/2026 1:07:27 PM,202,Warning,WT8-GUI,83109295,HM,Overscaled Channel detected at Tag AI_TT_005
4/24/2026 1:07:27 PM,202,Warning,WT8-GUI,83109296,HM,Overscaled Channel detected at Tag AI_TT_006
4/24/2026 1:08:08 PM,3,Info,WT8-GUI,83109297,DATASTORE,DATASTORE Reload Database Settings Complete
4/24/2026 1:08:08 PM,1,Info,WT8-GUI,83109298,DATASTORE,DATASTORE Started/Initialized
4/24/2026 1:08:08 PM,0,Info,WT8-GUI,83109299,DATASTORE,Created data file C:\Data\_Facility\DE9956_Ohio State University FSAE_aero_4_240426_092310\LOG.dat
4/24/2026 1:08:08 PM,4,Info,WT8-GUI,83109300,DATASTORE,Log Storage ready to store data. Initialization  Complete
4/24/2026 1:08:08 PM,97,Info,WT8-GUI,83109301,DATASTORE,"Log (Record 1) data storage initiated:  Duration Continuous, Samples to Average 60, Rate 1 min 0.00 secs ."
4/24/2026 1:08:08 PM,0,Info,WT8-GUI,83109302,DATASTORE,Created data file C:\Data\_Facility\DE9956_Ohio State University FSAE_aero_4_240426_092310\D2.dat
4/24/2026 1:08:08 PM,4,Info,WT8-GUI,83109303,DATASTORE,Group 2 ready to store data. Initialization  Complete
4/24/2026 1:08:08 PM,0,Debug,WT8-GUI,83109304,Custom Init,"NEW DATA FOLDER: C:\Data\_Facility\DE9956_Ohio State University FSAE_aero_4_240426_092310
Use Custom Init: 0
Custom Init: C:\Data\CustomInit\Custom_Init_Template.xls"
4/24/2026 1:08:08 PM,0,Info,WT8-GUI,83109305,DATASTORE,Created data file C:\Data\_Facility\DE9956_Ohio State University FSAE_aero_4_240426_092310\D1.dat
4/24/2026 1:08:08 PM,4,Info,WT8-GUI,83109306,DATASTORE,Burst ready to store data. Initialization  Complete
4/24/2026 1:08:08 PM,4,Info,WT8-GUI,83109307,DATASTORE,Group 1 ready to store data. Initialization  Complete
4/24/2026 1:08:08 PM,0,Debug,WT8-GUI,83109308,Custom Init,"NEW DATA FOLDER: C:\Data\_Facility\DE9956_Ohio State University FSAE_aero_4_240426_092310
Use Custom Init: 0
Custom Init: C:\Data\CustomInit\Custom_Init_Template.xls"
4/24/2026 1:08:10 PM,301005,Warning,WT8-GUI,83109309,OPC,OPC Server Graybox.Simulator.1 on host localhost has not updated data in 225 minute(s).
4/24/2026 1:08:10 PM,2,Info,WT8-GUI,83109310,ADTMGR,ADTMGR entering Idle mode
4/24/2026 1:08:10 PM,0,Debug,WT8-GUI,83109311,"Spawn VI.vi/Ford.TestSLATE.ADTMgr.lvlib:STOPPED FUNCTION.vi/Ford.TestSLATE.ADTMgr.lvlib:Performance Functions.vi
",C:\Program Files\Jacobs\Test SLATE\Ford.TestSLATE.ConvSelectCriteria.llb\Select Convergence Criteria.vi
4/24/2026 1:08:12 PM,4,Info,WT8-GUI,83109312,,Autoconvert of C:\Data\_Facility\DE9956_Ohio State University FSAE_aero_3_240426_092310\Log.dat complete.
